"CodInt","ActaAnt","Inv","CodPat","DenBien","NroDocAdq","FechAdq","ValAdq","DepAcum","ValNeto","CtaCont","DenCta","Estado","Marca","Modelo","Tipo","Color","Serie","Dimension","Placa","NroMotor","NroChasis","Matricula","AñoFab","Nota","Obs","FechInv","Otros","Situacion","Inventariador","Equipo"
"1","1","5","602289320001","TEODOLITO ELECTRONICO","O/C N° 342-2013","12/06/2013","3435.0","","","1503.020905","EQUIPOS E INSTRUMENTOS DE MEDICION","M","CST/BERGER","DGT2","S/T","ROJO","122160","S/D","","","","","","","","24/09/2023 17:19:05","","U","DIEGO TORRES NINA","1"
"2","1","5","602289320010","TEODOLITO ELECTRONICO","O/C N° 310-2013","07/06/2013","3435.0","","","1503.020905","EQUIPOS E INSTRUMENTOS DE MEDICION","R","CST/BERGER","DGTS","TEODOLITO ELECO","AMARILLO PLOMO","127333","","","","","","","","","24/09/2023 17:19:05","","U","DIEGO TORRES NINA","1"
"3","1","5","602207850007","BALANZA ELECTRONICA","O/C Nº 00160","20/08/2020","175.0","","","1503.020905","EQUIPOS E INSTRUMENTOS DE MEDICION","M","OPALUX","S/M","S/T","BLANCO","S/S","S/D","","","","","","","","24/09/2023 17:19:05","","U","DIEGO TORRES NINA","1"
"4","1","5","536424060001","CAMILLA (OTRAS)","O/C N° 225-2020","20/08/2020","370.0","","","1503.020401","MOBILIARIO MEDICO","R","S/M","SIMPLE","S/T","ROJO","S/S","S/D","","","","","","","","24/09/2023 17:19:05","","D","DIEGO TORRES NINA","1"
"5","1","5","672227260002","COMPRESORA DE AIRE","O/C N° 167-2020","09/06/2020","450.0","","","1503.020906","EQUIPOS PARA VEHICULOS","N","RONCH","210V","1.5 HP","NEGRO","S/S","S/D","","","","","","","","24/09/2023 17:19:05","","U","DIEGO TORRES NINA","1"
"6","1","5","462261830001","GENERADOR (OTROS)","O/C N° 168-2019","20/12/2019","9600.0","","","1503.020904","ELECTRICIDAD Y ELECTRONICA","M","HONDA","EG5000CX","GASOLINA","ROJO","EU1JH182FGCAEH0040899","S/D","","","","","","","","24/09/2023 17:19:05","","U","DIEGO TORRES NINA","1"
"7","1","5","602207850006","BALANZA ELECTRONICA","O/C Nº 474-2013","16/07/2013","1750.0","","","1503.020905","EQUIPOS E INSTRUMENTOS DE MEDICION","R","OHAUS","EB-30","S/T","PLOMO/AZUL","8034131359","S/D","","","","","","","","24/09/2023 17:19:05","","U","DIEGO TORRES NINA","1"
"8","1","5","602207850010","BALANZA ELECTRONICA","O/C Nº 474-2013","16/07/2013","1750.0","","","1503.020905","EQUIPOS E INSTRUMENTOS DE MEDICION","R","OHAUS","EB-30","","PLOMO","8033447602","","","","","","","","","24/09/2023 17:19:05","","U","DIEGO TORRES NINA","1"
"9","3","5","673602800001","APISONADORA DE PLANCHA","O/C N° 060-2012","10/04/2012","5450.0","","","1503.020999","MAQUINARIAS, EQUIPOS Y MOBILIARIOS DE OTRAS INSTALACIONES","M","BENOTTO","GX160-163","MOTOR HONDA MOK","ROJO","GCAAH-2421050","S/D","","","","","","","","24/09/2023 17:19:05","","D","DIEGO TORRES NINA","1"
"10","3","5","673602800002","APISONADORA DE PLANCHA","O/C N° 060-2012","10/04/2012","5450.0","","","1503.020999","MAQUINARIAS, EQUIPOS Y MOBILIARIOS DE OTRAS INSTALACIONES","M","BENOTTO","GX160-163","MOTOR HONDA MOK","AMARILLO","GCAAH-2443671","S/D","","","","","","","","24/09/2023 17:19:05","","D","DIEGO TORRES NINA","1"
"11","3","5","673602800003","APISONADORA DE PLANCHA","O/C 123-2013","21/03/2013","5400.0","","","1503.020999","MAQUINARIAS, EQUIPOS Y MOBILIARIOS DE OTRAS INSTALACIONES","M","MASTER PACK","EH 122D ROBIN","PMR75R 4.0 HP","NEGRO/PLOMO","EH12D2314999","S/D","","","","","","","","24/09/2023 17:19:05","","U","DIEGO TORRES NINA","1"
"12","3","5","673602800004","APISONADORA DE PLANCHA","O/C 123-2013","21/03/2013","5400.0","","","1503.020999","MAQUINARIAS, EQUIPOS Y MOBILIARIOS DE OTRAS INSTALACIONES","M","MASTER PACK","EH 12 ROBIN","PMR75R 4.0 HP","AMARILLO","L102314917","S/D","","","","","","","","24/09/2023 17:19:05","","D","DIEGO TORRES NINA","1"
"13","3","5","673602800005","APISONADORA DE PLANCHA","O/C 123-2013","21/03/2013","5400.0","","","1503.020999","MAQUINARIAS, EQUIPOS Y MOBILIARIOS DE OTRAS INSTALACIONES","M","MASTER PACK","EH 122D ROBIN","PMR75R 4.0 HP","NEGRO/AMARILLO","H705R110233","S/D","","","","","","","","24/09/2023 17:19:05","","D","DIEGO TORRES NINA","1"
"14","3","5","746403890007","ARCHIVADOR DE METAL","O/C N° 163-1987","20/05/1987","4150.0","","","1503.020102","MOBILIARIO DE OFICINA","M","S/M","4 GAVETAS 1 DIV","S/T","PLOMO","S/S","0.45X0.63X1.35","","","","","","","","24/09/2023 17:19:05","","D","DIEGO TORRES NINA","1"
"15","3","3","602210680001","BOMBA DE SUCCION","SANEAR","31/12/2021","1.0","","","1503.020905","EQUIPOS E INSTRUMENTOS DE MEDICION","M","CHINA","2135-AN","S/T","VERDE","902723","S/D","","","","","","","OBS","09/09/2023 17:02:34","INCLUYE UN MOTOR MARCA HONDA Y UN CARGADOR, 04 GARUCHAS Y MUCHAS COSAS MAS","D","DIEGO TORRES NINA","1"
"16","3","3","602210680002","BOMBA DE SUCCION","O/C N° 177-1997","29/09/1997","375.0","","","1503.020905","EQUIPOS E INSTRUMENTOS DE MEDICION","M","CHINA","2135-AN","902724","VERDE","199044","S/D","","","","","","","","09/09/2023 17:02:35","","D","DIEGO TORRES NINA","1"
"17","3","3","602210680003","BOMBA DE SUCCION","SANEAR","31/12/2021","1.0","","","1503.020905","EQUIPOS E INSTRUMENTOS DE MEDICION","M","TIAM DONG","4130P1H","902724","AZUL","913098","S/D","","","","","","","","20/11/2023 10:01:23","","D","DIEGO TORRES NINA","1"
"18","3","3","602210680004","BOMBA DE SUCCION","O/C N° 177-1997","29/09/1997","375.0","","","1503.020905","EQUIPOS E INSTRUMENTOS DE MEDICION","M","CHINA","2155","902726","VERDE","902726","S/D","","","","","","","","20/11/2023 10:00:13","","D","DIEGO TORRES NINA","1"
"19","3","","602210680005","BOMBA DE SUCCION","O/C N° 177-1997","29/09/1997","375.0","","","1503.020905","EQUIPOS E INSTRUMENTOS DE MEDICION","M","CHINA","2135 AN","S/T","VERDE","902728","S/D","","","","","","esto es una prueba","","","","D","",""
"20","3","","602210680006","BOMBA DE SUCCION","O/C N° 177-1997","29/09/1997","375.0","","","1503.020905","EQUIPOS E INSTRUMENTOS DE MEDICION","M","CHINA","2135 AN","L-60","VERDE","901731","S/D","","","","","","","","","","D","",""
"21","3","","602210680007","BOMBA DE SUCCION","O/C N° 177-1997","29/09/1997","375.0","","","1503.020905","EQUIPOS E INSTRUMENTOS DE MEDICION","M","CHINA","4120S1T01","L-60","VERDE","89032977","S/D","","","","","","","","","","D","",""
"22","3","","602210680008","BOMBA DE SUCCION","O/C N° 177-1997","29/09/1997","375.0","","","1503.020905","EQUIPOS E INSTRUMENTOS DE MEDICION","M","CHINA","4120ST 101","L-60","VERDE","89032972","S/D","","","","","","","","","","D","",""
"23","3","","602210680009","BOMBA DE SUCCION","O/C N° 177-1997","29/09/1997","375.0","","","1503.020905","EQUIPOS E INSTRUMENTOS DE MEDICION","M","CHINA","4120ST 101","L-60","VERDE","8703585","S/D","","","","","","","","","","D","",""
"24","3","","602210680010","BOMBA DE SUCCION","O/C N° 177-1997","29/09/1997","375.0","","","1503.020905","EQUIPOS E INSTRUMENTOS DE MEDICION","M","CHINA","4120ST 101","L-60","VERDE","8703586","S/D","","","","","","","","","","D","",""
"25","3","","602210680011","BOMBA DE SUCCION","SANEAR","31/12/2021","1.0","","","1503.020905","EQUIPOS E INSTRUMENTOS DE MEDICION","M","12JD230X3 CHINA","4120ST 101","L-60","VERDE","8703587","S/D","","","","","","","","","","D","",""
"26","3","","602210680014","BOMBA DE SUCCION","SANEAR","31/12/2021","1.0","","","1503.020905","EQUIPOS E INSTRUMENTOS DE MEDICION","M","CHINA","4120ST","S/T","VERDE","88032239","S/D","","","","","","","","","","D","",""
"27","3","","602210680015","BOMBA DE SUCCION","SANEAR","31/12/2021","1.0","","","1503.020905","EQUIPOS E INSTRUMENTOS DE MEDICION","M","CHINA","4120ST","S/T","VERDE","88032240","S/D","","","","","","","","","","D","",""
"28","3","","602210680016","BOMBA DE SUCCION","SANEAR","31/12/2021","1.0","","","1503.020905","EQUIPOS E INSTRUMENTOS DE MEDICION","M","DONG FENG","4120ST","S/T","CELESTE","S 407264","S/D","","","","","","","","","","D","",""
"29","3","","602210680017","BOMBA DE SUCCION","SANEAR","31/12/2021","1.0","","","1503.020905","EQUIPOS E INSTRUMENTOS DE MEDICION","M","DONG FENG - 12A","4135 N","1250 KG.","CELESTE","S 407257","S/D","","","","","","","","","","D","",""
"30","3","","602210680018","BOMBA DE SUCCION","SANEAR","31/12/2021","1.0","","","1503.020905","EQUIPOS E INSTRUMENTOS DE MEDICION","M","DONG FENG - 12A","4135 N","1250 KG.","CELESTE","S 407268","S/D","","","","","","","","","","D","",""
"31","3","","602210680019","BOMBA DE SUCCION","SANEAR","31/12/2021","1.0","","","1503.020905","EQUIPOS E INSTRUMENTOS DE MEDICION","M","FEUING","2135","670 KG.","VERDE","892598","S/D","","","","","","","","","","D","",""
"32","3","","602210680020","BOMBA DE SUCCION","SANEAR","31/12/2021","1.0","","","1503.020905","EQUIPOS E INSTRUMENTOS DE MEDICION","M","8JD80X10 CHINA","2135 AN","S/T","VERDE","884449","S/D","","","","","","","","","","D","",""
"33","3","","602210680021","BOMBA DE SUCCION","SANEAR","31/12/2021","1.0","","","1503.020905","EQUIPOS E INSTRUMENTOS DE MEDICION","M","8JD 80X10 CHINA","2135-AN","S/T","VERDE","902733","S/D","","","","","","","","","","D","",""
"34","3","34","602210680022","BOMBA DE SUCCION","SANEAR","31/12/2021","1.0","","","1503.020905","EQUIPOS E INSTRUMENTOS DE MEDICION","M","CHINA","2135-AN","S/T","VERDE","902735","S/D","","","","","","","","26/09/2023 22:54:37","","D","",""
"35","3","","602210680023","BOMBA DE SUCCION","SANEAR","31/12/2021","1.0","","","1503.020905","EQUIPOS E INSTRUMENTOS DE MEDICION","M","8JD80X12 CHINA","2135-AN","S/T","VERDE","892602","S/D","","","","","","","","","","D","",""
"36","3","","602210680024","BOMBA DE SUCCION","SANEAR","31/12/2021","1.0","","","1503.020905","EQUIPOS E INSTRUMENTOS DE MEDICION","M","8JD80X12 CHINA","2135-AN","S/T","VERDE","884452","S/D","","","","","","","","","","D","",""
"37","3","","602210680025","BOMBA DE SUCCION","SANEAR","31/12/2021","1.0","","","1503.020905","EQUIPOS E INSTRUMENTOS DE MEDICION","M","FEUING - 10JD17","2135-AN","S/T","VERDE","902725","S/D","","","","","","","","","","D","",""
"38","3","","602210680027","BOMBA DE SUCCION","SANEAR","31/12/2021","1.0","","","1503.020905","EQUIPOS E INSTRUMENTOS DE MEDICION","M","12JD 230X4 CHIA","4I35N","S/T","CELESTE","S 407269","S/D","","","","","","","","","","D","",""
"39","3","","746418810002","CAJA FUERTE","SANEAR","31/12/2021","1.0","","","1503.020102","MOBILIARIO DE OFICINA","M","HARMAN","METAL","S/T","PLOMO","S/S","0.20X0.37X0.65","","","","","","","","","","D","",""
"40","3","","675003800001","CENTRIFUGA","SANEAR","31/12/2021","1.0","","","1503.020999","MAQUINARIAS, EQUIPOS Y MOBILIARIOS DE OTRAS INSTALACIONES","M","S/M","180","S/T","ROJO/PLOMO","63055","S/D","","","","","","","","","","D","",""
"41","3","","675003800002","CENTRIFUGA","SANEAR","31/12/2021","1.0","","","1503.020999","MAQUINARIAS, EQUIPOS Y MOBILIARIOS DE OTRAS INSTALACIONES","M","S/M","2836","S/T","ROJO/PLOMO","S/S","S/D","","","","","","","","","","D","",""
"42","3","","675003800003","CENTRIFUGA","SANEAR","31/12/2021","1.0","","","1503.020999","MAQUINARIAS, EQUIPOS Y MOBILIARIOS DE OTRAS INSTALACIONES","M","S/M","180","S/T","ROJO/PLOMO","63111","S/D","","","","","","","","","","D","",""
"43","3","","673616620001","COMPACTADOR VIBRATORIO TIPO PLANCHA","O/C N° 0612-1996","29/09/1996","4257.0","","","1503.020999","MAQUINARIAS, EQUIPOS Y MOBILIARIOS DE OTRAS INSTALACIONES","M","KOHLER","CIH -13","S/T","NEGRO/NARANJA","3335100379","S/D","","","","","","","","","","D","",""
"44","3","","673616620002","COMPACTADOR VIBRATORIO TIPO PLANCHA","O/C N° 0612-1996","29/09/1996","4257.0","","","1503.020999","MAQUINARIAS, EQUIPOS Y MOBILIARIOS DE OTRAS INSTALACIONES","M","KOHLER","CIH -13","S/T","NARANJA","139610048","S/D","","","","","","","","","SIN MOTOR","D","",""
"45","3","","673616620003","COMPACTADOR VIBRATORIO TIPO PLANCHA","O/C N° 0612-1996","29/09/1996","4257.0","","","1503.020999","MAQUINARIAS, EQUIPOS Y MOBILIARIOS DE OTRAS INSTALACIONES","M","KOHLER","CIH -13","S/T","NARANJA","139610047","S/D","","","","","","","","","","D","",""
"46","3","","673616620004","COMPACTADOR VIBRATORIO TIPO PLANCHA","SANEAR","31/12/2021","1.0","","","1503.020999","MAQUINARIAS, EQUIPOS Y MOBILIARIOS DE OTRAS INSTALACIONES","M","KOHLER","1M -13","M8","AMARILLO","831336","S/D","","","","","","","","","","D","",""
"47","3","","673616620009","COMPACTADOR VIBRATORIO TIPO PLANCHA","O/C N° 0241-2004","23/07/2004","3410.0","","","1503.020999","MAQUINARIAS, EQUIPOS Y MOBILIARIOS DE OTRAS INSTALACIONES","M","HONDA","GX270","270 M3","AMARILLO","PO-90308","S/D","","","","","","","","","","D","",""
"48","3","","673616620011","COMPACTADOR VIBRATORIO TIPO PLANCHA","O/C N° 0-00085-2010","31/03/2010","4500.0","","","1503.020999","MAQUINARIAS, EQUIPOS Y MOBILIARIOS DE OTRAS INSTALACIONES","M","DYNAMIC KOHLER","S/M","MAGNUM 8","NEGRO","PC-302-10 - (341490)","S/D"," "," "," "," "," "," ","",""," ","D","",""
"49","3","","673616620012","COMPACTADOR VIBRATORIO TIPO PLANCHA","O/C N° 3-00024-2010","23/04/2010","4545.0","","","1503.020999","MAQUINARIAS, EQUIPOS Y MOBILIARIOS DE OTRAS INSTALACIONES","M","DYNAMIC KOHLER","MAGNUS 8","M 8","AMARILLO/NEGRO","4006000019","S/D"," "," "," "," "," "," ","",""," ","D","",""
"50","3","","673616620014","COMPACTADOR VIBRATORIO TIPO PLANCHA","O/C N° 6-00026-2010","27/01/2010","4545.0","","","1503.020999","MAQUINARIAS, EQUIPOS Y MOBILIARIOS DE OTRAS INSTALACIONES","M","DYNAMIC KOHLER","KOHLER PCFF M8","PC-387-13","NEGRO","3931000239","S/D","","","","","","","","","","D","",""
"51","3","","673616620015","COMPACTADOR VIBRATORIO TIPO PLANCHA","O/C N° 6-00032-2010","28/01/2010","4545.0","","","1503.020999","MAQUINARIAS, EQUIPOS Y MOBILIARIOS DE OTRAS INSTALACIONES","M","DYNAMIC KOHLER","KOHLER MAGNUM 8","4500V","NEGRO","P 272 - (37110089)","S/D","","","","","","","","","","D","",""
"52","3","","673616620016","COMPACTADOR VIBRATORIO TIPO PLANCHA","O/C N° 6-00036-2010","28/01/2010","4545.0","","","1503.020999","MAQUINARIAS, EQUIPOS Y MOBILIARIOS DE OTRAS INSTALACIONES","M","DYNAMIC KOHLER","KOHLER COMAND 5","277CC","NEGRO","PC 162 10 - (393220)","S/D","","","","","","","","","","D","",""
"53","3","","673616620019","COMPACTADOR VIBRATORIO TIPO PLANCHA","SANEAR","31/12/2021","1.0","","","1503.020999","MAQUINARIAS, EQUIPOS Y MOBILIARIOS DE OTRAS INSTALACIONES","M","DYNAMIC KOHLER","KOHLER COMAND 5 CH395","277CC","AMARILLO","PC 339 13 - (4232406908))","S/D","","","","","","","","","","D","",""
"54","3","","673616620020","COMPACTADOR VIBRATORIO TIPO PLANCHA","SANEAR","31/12/2021","1.0","","","1503.020999","MAQUINARIAS, EQUIPOS Y MOBILIARIOS DE OTRAS INSTALACIONES","M","DYNAMIC KOHLER","CH395T","S/T","AMARILLO","4232407128","S/D","","","","","","","","","","D","",""
"55","3","","673616620021","COMPACTADOR VIBRATORIO TIPO PLANCHA","SANEAR","31/12/2021","1.0","","","1503.020999","MAQUINARIAS, EQUIPOS Y MOBILIARIOS DE OTRAS INSTALACIONES","M","DYNAMIC KOHLER","KOHLER COMAND 5 CH395","277CC","AMARILLO/NEGRO","PC 387 13 - (4232021708)","S/D","","","","","","","","","","D","",""
"56","3","","673616620025","COMPACTADOR VIBRATORIO TIPO PLANCHA","O/C N° 446-2013","10/07/2013","3096.0","","","1503.020999","MAQUINARIAS, EQUIPOS Y MOBILIARIOS DE OTRAS INSTALACIONES","M","DYNAMIC KOHLER","CH395T","PC-078-13","AMARILLO","4232407178","S/D","","","","","","","","","","D","",""
"57","3","","673616620026","COMPACTADOR VIBRATORIO TIPO PLANCHA","O/C N° 446-2013","10/07/2013","3096.0","","","1503.020999","MAQUINARIAS, EQUIPOS Y MOBILIARIOS DE OTRAS INSTALACIONES","M","DYNAMIC KOHLER","CH395T","PC-383-13","NEGRO","4232406988","S/D","","","","","","","","","","D","",""
"58","3","","673616620027","COMPACTADOR VIBRATORIO TIPO PLANCHA","O/C N° 446-2013","10/07/2013","3096.0","","","1503.020999","MAQUINARIAS, EQUIPOS Y MOBILIARIOS DE OTRAS INSTALACIONES","M","DYNAMIC KOHLER","CH395T","PC-383-13","NEGRO","4232407588","S/D","","","","","","","","","","D","",""
"59","3","","673616620029","COMPACTADOR VIBRATORIO TIPO PLANCHA","O/C N° 000792","12/11/2013","3024.0","","","1503.020999","MAQUINARIAS, EQUIPOS Y MOBILIARIOS DE OTRAS INSTALACIONES","M","DYNAMIC KOHLER","CH395T","S/T","NEGRO","43055018448","S/D","","","","","","","","","","D","",""
"60","3","","673616620030","COMPACTADOR VIBRATORIO TIPO PLANCHA","SANEAR","31/12/2021","1.0","","","1503.020999","MAQUINARIAS, EQUIPOS Y MOBILIARIOS DE OTRAS INSTALACIONES","M","KOHLER","IMETSA","S/T","AMARILLO","12155768","S/D","","","","","","","","","","D","",""
"61","3","","673616620031","COMPACTADOR VIBRATORIO TIPO PLANCHA","O/C N° 0148-2008","05/11/2008","4450.0","","","1503.020999","MAQUINARIAS, EQUIPOS Y MOBILIARIOS DE OTRAS INSTALACIONES","M","HONDA","GX 160","2390","ROJO/NEGRO","4121298","S/D","","","","","","","","","","D","",""
"62","3","","672227260006","COMPRESORA DE AIRE","O/C N° 401-2012","11/12/2012","1392.0","","","1503.020906","EQUIPOS PARA VEHICULOS","R","CAMPBELL-HAUSFD","VT2030","ELECTRICO","NEGRO","KB090312-00149","","","","","","","","","","","U","",""
"63","3","","672227260009","COMPRESORA DE AIRE","O/C N° 125-2015","23/06/2015","620.0","","","1503.020906","EQUIPOS PARA VEHICULOS","M","TRUPPER","MB-ACF50","50LTS. LUBRICADO","NARANJA/PLOMO","115PS","S/D","","","","","","","","","","D","",""
"64","3","","672227260011","COMPRESORA DE AIRE","SANEAR","31/12/2021","1.0","","","1503.020906","EQUIPOS PARA VEHICULOS","M","WORK TOOL","AC60/220/20","S/T","NEGRO/CELESTE","S/S","S/D","","","","","","","","","","D","",""
"65","3","","673618920001","CONTENEDOR","SANEAR","31/12/2021","1.0","","","1503.020999","MAQUINARIAS, EQUIPOS Y MOBILIARIOS DE OTRAS INSTALACIONES","M","S/M","S/M","S/T","CELESTE","S/S","130X0.88X120","","","","","","","","","","D","",""
"66","3","","675009340002","EMPACADORA DE FORRAJE","O/C Nº E.F.01","31/12/2021","34684.12","","","1503.020999","MAQUINARIAS, EQUIPOS Y MOBILIARIOS DE OTRAS INSTALACIONES","M","DONG FENG - 12A","4135 N","BL59","CELESTE","S 407257","S/D","","","","","","","","","","D","",""
"67","3","","746435760004","ESCALERA METALICA","O/C Nº 156","14/06/2016","880.0","","","1503.020102","MOBILIARIO DE OFICINA","M","S/M","8 PELDAÑOS","S/T","ALUMINIO","S/S","S/D","","","","","","","","","","D","",""
"68","3","","746437120035","ESCRITORIO DE MADERA","O/C N° 301-1993","30/11/1993","420.0","","","1503.020102","MOBILIARIO DE OFICINA","M","S/M","6 GAVETAS","S/T","PLOMO","S/S","120X0.80X.070","","","","","","","","","","D","",""
"69","3","","746437120055","ESCRITORIO DE MADERA","O/C N° 266-2015","08/09/2015","720.0","","","1503.020102","MOBILIARIO DE OFICINA","R","S/M","S/M","S/T","CAFE","S/S","1.31X0.76X0.82","","","","","","","","","","D","",""
"70","3","","746437790013","ESCRITORIO DE METAL","SANEAR","31/12/2021","1.0","","","1503.020102","MOBILIARIO DE OFICINA","M","S/M","3 GAVETAS","S/T","BEIGE/NEGRO","S/S","120X0.77X0.73","","","","","","","","","","D","",""
"71","3","","746437790016","ESCRITORIO DE METAL","SANEAR","31/12/2021","1.0","","","1503.020102","MOBILIARIO DE OFICINA","M","S/M","6 GAVETAS","S/T","PLOMO/NEGRO","S/S","1.50X0.75X0.75","","","","","","","","","","D","",""
"72","3","","746437790040","ESCRITORIO DE METAL","SANEAR","31/12/2021","1.0","","","1503.020102","MOBILIARIO DE OFICINA","M","S/M","3 GAVETAS","S/T","BEIGE/NEGRO","S/S","46X87X68","","","","","","","","","","D","",""
"73","3","","746437790044","ESCRITORIO DE METAL","O/C Nº E.F.01","01/01/1996","461.01","","","1503.020102","MOBILIARIO DE OFICINA","M","S/M","3 GAVETAS","S/T","BEIGE/NEGRO","S/S","1.13X0.70X0.74","","","","","","","","","","D","",""
"74","3","","882225250002","EXTINTOR","O/C N° 129-2015","24/06/2015","160.0","","","1503.020903","SEGURIDAD INDUSTRIAL","M","S/M","S/M","POLVO SECO","ROJO","S/S","S/D","","","","","","","","","","D","",""
"75","3","","882225250004","EXTINTOR","O/C N° 332-2015","11/11/2015","92.0","","","1503.020903","SEGURIDAD INDUSTRIAL","M","ZIPAI","POLVO SECO","S/T","ROJO","S/S","S/D","","","","","","","","","","D","",""
"76","3","","882225250005","EXTINTOR","O/C N° 332-2015","11/11/2015","92.0","","","1503.020903","SEGURIDAD INDUSTRIAL","M","ZIPAI","POLVO SECO","S/T","ROJO","S/S","S/D","","","","","","","","","","D","",""
"77","3","","882225250007","EXTINTOR","O/C N° 243-2015","21/08/2015","90.0","","","1503.020903","SEGURIDAD INDUSTRIAL","M","T-TOOLS","S/M","PQS","ROJO","S/S","S/D","","","","","","","","","","D","",""
"78","3","","882225250008","EXTINTOR","O/C N° 143-2015","03/07/2015","120.0","","","1503.020903","SEGURIDAD INDUSTRIAL","M","ABC","PEQUEÑO","POLVO SECO","ROJO","S/S","S/D","","","","","","","","","","D","",""
"79","3","","672263370005","GATA HIDRAULICA DE ALUMINIO PARA RESCATE","O/C N° 730-1996","11/12/1996","220.0","","","1503.020906","EQUIPOS PARA VEHICULOS","M","CHINA","20 TONELADAS","S/T","VERDE","8511","S/D","","","","","","","","","","D","",""
"80","3","","462261830003","GENERADOR (OTROS)","O/C N° 00192-2021","14/05/2021","7900.0","","","1503.020904","ELECTRICIDAD Y ELECTRONICA","M","HONDA","EG2500","S/T","ROJO","GC02-2278782","S/D","","","","","","","","","","D","",""
"81","3","","462261830005","GENERADOR (OTROS)","O/C N° 6-00116-2009","30/12/2009","7770.0","","","1503.020904","ELECTRICIDAD Y ELECTRONICA","M","VOLTMETER","S/M","S/T","AZUL","188F-D/090600012","S/D","","","","","","","","","","D","",""
"82","3","","462261830006","GENERADOR (OTROS)","O/C Nº 8-00118","23/04/2010","7100.0","","","1503.020904","ELECTRICIDAD Y ELECTRONICA","M","HONDA","EP6500CXS","S/T","ROJO/NEGRO","GCAFH-0062051","S/D","","","","","","","","","","D","",""
"83","3","","462261830012","GENERADOR (OTROS)","O/C Nº 6-00029-2009","25/11/2009","3600.0","","","1503.020904","ELECTRICIDAD Y ELECTRONICA","M","HONDA","EP2500CX","","ROJO","GCAFH-1946299","","","","","","","","","","","U","",""
"84","3","","462261830018","GENERADOR (OTROS)","O/C N° 409-2012","12/12/2012","5600.0","","","1503.020904","ELECTRICIDAD Y ELECTRONICA","M","HONDA","EG 5000 CX","S/T","ROJO","EBFC-1006505/GCAKH-0022326","S/D","","","","","","","","","","D","",""
"85","3","","462261830019","GENERADOR (OTROS)","O/C N° 482-2016","29/12/2016","14000.0","","","1503.020904","ELECTRICIDAD Y ELECTRONICA","M","HYUNDAY","HY10000LE","ELECTRICO","NEGRO","S/S","S/D","","","","","","","","","","D","",""
"86","3","","462261830020","GENERADOR (OTROS)","O/C N° 00192-2021","14/05/2021","7900.0","","","1503.020904","ELECTRICIDAD Y ELECTRONICA","M","HONDA","EG-5000X","S/T","ROJO/NEGRO","20C19","S/D","","","","","","","","","","D","",""
"87","3","","462261830021","GENERADOR (OTROS)","O/C N° 00192-2021","14/05/2021","7900.0","","","1503.020904","ELECTRICIDAD Y ELECTRONICA","M","HONDA","EG-5000X","S/T","ROJO/NEGRO","S/S","S/D","","","","","","","","","","D","",""
"88","3","","672275090002","MARTILLO DEMOLEDOR ELECTRICO","O/C N° 165-2019","20/12/2019","7800.0","","","1503.020906","EQUIPOS PARA VEHICULOS","M","BOSCH","GSH-27VC","S/T","VERDE/PLOMO","121000057","S/D","","","","","","","","","","D","",""
"89","3","","673638490013","MEZCLADOR DE CONCRETO","SANEAR","31/12/2021","1.0","","","1503.020999","MAQUINARIAS, EQUIPOS Y MOBILIARIOS DE OTRAS INSTALACIONES","M","KOHLER","MAGNUM 12","HP 12","NEGRO","4003590179","S/D","","","","","","","","","","D","",""
"90","3","","673638490015","MEZCLADOR DE CONCRETO","O/C Nª 30","29/05/2009","9790.0","","","1503.020999","MAQUINARIAS, EQUIPOS Y MOBILIARIOS DE OTRAS INSTALACIONES","M","KOHLER","MAGNUM 12","HP 12","NEGRO","373","S/D","","","","","","","","","","D","",""
"91","3","","675080890002","MEZCLADORA DE CONCRETO TIPO TROMPO","SANEAR","31/12/2021","1.0","","","1503.020999","MAQUINARIAS, EQUIPOS Y MOBILIARIOS DE OTRAS INSTALACIONES","M","KOHLER","MAGNUM 12","HP 12","NEGRO","3720600689","S/D","","","","","","","","","","D","",""
"92","3","","675080890007","MEZCLADORA DE CONCRETO TIPO TROMPO","O/C N° 313-2003","28/11/2003","6247.5","","","1503.020999","MAQUINARIAS, EQUIPOS Y MOBILIARIOS DE OTRAS INSTALACIONES","R","S/M","S/M","S/T","AMARILLO","S/S","S/D","","","","","","","","","","U","",""
"93","3","","675080890009","MEZCLADORA DE CONCRETO TIPO TROMPO","O/C N° 313-2003","28/11/2003","6247.5","","","1503.020999","MAQUINARIAS, EQUIPOS Y MOBILIARIOS DE OTRAS INSTALACIONES","M","KOHLER","MAGNUN 10","S/T","ROJO","2019305093","S/D","","","","","","","","","","D","",""
"94","3","","675080890014","MEZCLADORA DE CONCRETO TIPO TROMPO","O/C N° 0131-2007","10/07/2007","6720.0","","","1503.020999","MAQUINARIAS, EQUIPOS Y MOBILIARIOS DE OTRAS INSTALACIONES","M","HONDA","CS23T","","","3622302975","","","","","","","","","","","U","",""
"95","3","","675080890020","MEZCLADORA DE CONCRETO TIPO TROMPO","O/C N° 0074-2006","30/06/2006","6040.0","","","1503.020999","MAQUINARIAS, EQUIPOS Y MOBILIARIOS DE OTRAS INSTALACIONES","M","HONDA","HONDA GX340","S/T","BLANCO/ROJO","3870659","S/D","","","","","","","","","","D","",""
"96","3","","675080890024","MEZCLADORA DE CONCRETO TIPO TROMPO","O/C N° 0041-2008","25/07/2008","8930.0","","","1503.020999","MAQUINARIAS, EQUIPOS Y MOBILIARIOS DE OTRAS INSTALACIONES","M","KOHLER","MAGNUM 12","MDC9P","NEGRO","3827500109","S/D","","","","","","","","","","D","",""
"97","3","","675080890026","MEZCLADORA DE CONCRETO TIPO TROMPO","O/C N° 0-00117-2009","26/08/2009","9430.0","","","1503.020999","MAQUINARIAS, EQUIPOS Y MOBILIARIOS DE OTRAS INSTALACIONES","M","KOHLER","MAGNUM 12","N/S M9-480-09 5","NEGRO","3919490149","S/D","","","","","","","","","","D","",""
"98","3","","675080890040","MEZCLADORA DE CONCRETO TIPO TROMPO","O/C N° 360-2011","17/10/2011","7100.0","","","1503.020999","MAQUINARIAS, EQUIPOS Y MOBILIARIOS DE OTRAS INSTALACIONES","M","KHOLER","L512T","S/T","AMARILLO","3622302645","S/D","","","","","","","","","","U","",""
"99","3","","675080890046","MEZCLADORA DE CONCRETO TIPO TROMPO","O/C N° 110-2012","29/05/2012","6593.0","","","1503.020999","MAQUINARIAS, EQUIPOS Y MOBILIARIOS DE OTRAS INSTALACIONES","M","DYNAMIC KOHLER","","S/T","NEGRO","M11-368-12/426900289","S/D","","","","","","","","","","D","",""
"100","3","","675080890070","MEZCLADORA DE CONCRETO TIPO TROMPO","SANEAR","31/12/2021","1.0","","","1503.020999","MAQUINARIAS, EQUIPOS Y MOBILIARIOS DE OTRAS INSTALACIONES","M","KOHLER","MAGNUM 12","HP 12","NEGRO","4003590139","S/D","","","","","","","","","","D","",""
"101","3","","675080890073","MEZCLADORA DE CONCRETO TIPO TROMPO","SANEAR","31/12/2021","1.0","","","1503.020999","MAQUINARIAS, EQUIPOS Y MOBILIARIOS DE OTRAS INSTALACIONES","M","IMETSA","S/M","S/T","NARANJA","871030","S/D","","","","","","","","","","D","",""
"102","3","","675080890074","MEZCLADORA DE CONCRETO TIPO TROMPO","SANEAR","31/12/2021","1.0","","","1503.020999","MAQUINARIAS, EQUIPOS Y MOBILIARIOS DE OTRAS INSTALACIONES","M","IMETSA","S/M","S/T","NARANJA","8807015","S/D","","","","","","","","","","D","",""
"103","3","","675080890075","MEZCLADORA DE CONCRETO TIPO TROMPO","O/C N° 0041-2008","25/07/2008","8930.0","","","1503.020999","MAQUINARIAS, EQUIPOS Y MOBILIARIOS DE OTRAS INSTALACIONES","M","IMETSA","GX390","","","389CM3","","","","","","","","","","","U","",""
"104","3","","675080890086","MEZCLADORA DE CONCRETO TIPO TROMPO","O/C N° 456-2016","21/12/2016","7500.0","","","1503.020999","MAQUINARIAS, EQUIPOS Y MOBILIARIOS DE OTRAS INSTALACIONES","M","DYNAMIC","GX390","TROMPO","ANARANJADO","S/S","S/D","","","","","","","","","","D","",""
"105","3","","675080890093","MEZCLADORA DE CONCRETO TIPO TROMPO","O/C N° 492-2016.","30/12/2016","4000.0","","","1503.020999","MAQUINARIAS, EQUIPOS Y MOBILIARIOS DE OTRAS INSTALACIONES","R","DYNAMIC HONDA","SUI7OF","TROMPO","ANARANJADO","1604050971","S/D","","","","","","","","","","U","",""
"106","3","","675080890094","MEZCLADORA DE CONCRETO TIPO TROMPO","O/C N° 492-2016.","30/12/2016","4000.0","","","1503.020999","MAQUINARIAS, EQUIPOS Y MOBILIARIOS DE OTRAS INSTALACIONES","R","DYNAMIC HONDA","SUI7OF","TROMPO","ANARANJADO","1604050869","S/D","","","","","","","","","","U","",""
"107","3","","675080890095","MEZCLADORA DE CONCRETO TIPO TROMPO","O/C N° 492-2016.","30/12/2016","4000.0","","","1503.020999","MAQUINARIAS, EQUIPOS Y MOBILIARIOS DE OTRAS INSTALACIONES","B","DYNAMIC HONDA","SUI7OF","TROMPO","ANARANJADO","1604050999","S/D","","","","","","","","","","U","",""
"108","3","","678263500001","MONTACARGA","SANEAR","31/12/2021","1.0","","","1503.0101","VEHICULOS PARA TRANSPORTE TERRESTRE","M","TRUCK","FORKLIFT","S/T","BLANCO/ANARANJADO","S/S","S/D","","","","","","","","","","D","",""
"109","3","","672275420001","MOTOBOMBA","O/C N°000439","27/07/1995","1582.0","","","1503.020906","EQUIPOS PARA VEHICULOS","M","HIDROSTAL","S/M","S/T","AZUL","8103766","S/D","","","","","","","","","","D","",""
"110","3","","672275420002","MOTOBOMBA","O/C N° 0611-1996","28/09/1996","6595.64","","","1503.020906","EQUIPOS PARA VEHICULOS","M","HONDA","JOPCO","JOPCO","ROJO/NEGRO","2519101993","S/D","","","","","","","","","","D","",""
"111","3","","672275420003","MOTOBOMBA","O/C N° 0611-1996","28/09/1996","6595.64","","","1503.020906","EQUIPOS PARA VEHICULOS","M","KHOLER","MAGNUM 12P","JOPCO","ROJO/NEGRO","2519101975","S/D","","","","","","","","","","D","",""
"112","3","","672275420008","MOTOBOMBA","O/C N° 3-00030-2010","12/05/2010","3250.0","","","1503.020906","EQUIPOS PARA VEHICULOS","M","HONDA","GX390","JOPCO","ROJO/NEGRO/BLAO","GCAET1609717","S/D"," "," "," "," "," "," ","",""," ","D","",""
"113","3","","672275420014","MOTOBOMBA","O/C N °6-00026-2009","23/11/2009","2500.0","","","1503.020906","EQUIPOS PARA VEHICULOS","M","AXEL HONDA","OHV BC33AG/GX270QH","S/T","ROJO","GCADT1181630","S/D","","","","","","","","","","D","",""
"114","3","","672275420015","MOTOBOMBA","O/C N°000805","15/11/2013","2870.0","","","1503.020906","EQUIPOS PARA VEHICULOS","M","HONDA","GX390","JOPCO","ROJO/BLANCO","GCAET-1585517","S/D","","","","","","","","","","D","",""
"115","3","","672275420017","MOTOBOMBA","O/C N° 178-2011","07/07/2011","1980.0","","","1503.020906","EQUIPOS PARA VEHICULOS","M","MEBA","CARACOL","JOPCO","ROJO","T1010020023285","S/D","","","","","","","","","","D","",""
"116","3","","672275420020","MOTOBOMBA","O/C N° 313-2013","11/06/2013","3170.0","","","1503.020906","EQUIPOS PARA VEHICULOS","M","HONDA","GX 390","S/T","BLANCO/ROJO/NEO","GCAFH-0304714","S/D","","","","","","","","","","D","",""
"117","3","","672275420024","MOTOBOMBA","O/C N° 401-2012","11/12/2012","1310.0","","","1503.020906","EQUIPOS PARA VEHICULOS","M","HONDA","GX 160TI","AXEL","ROJO/NEGRO/PLOO","GCAFH-3169774","S/D","","","","","","","","","","D","",""
"118","3","","672275420025","MOTOBOMBA","O/C N° 499-2013","22/07/2013","3450.0","","","1503.020906","EQUIPOS PARA VEHICULOS","M","HONDA","HJ/4/3A","GUSANO 4""","ROJO/NEGRO/PLOO","GCAFH-0313868","S/D","","","","","","","","","","D","",""
"119","3","","672275420026","MOTOBOMBA","O/C N° 446-2013","10/07/2013","3997.5","","","1503.020906","EQUIPOS PARA VEHICULOS","M","AXEL HONDA","GX 390H1QH2","S/T","ROJO/NEGRO/PLOM","GCAFH-0313873","S/D","","","","","","","","","","D","",""
"120","3","","672275420029","MOTOBOMBA","O/C N° 499-2013","22/07/2013","2020.0","","","1503.020906","EQUIPOS PARA VEHICULOS","R","HONDA","","GUSANO 3""","ROJO/BLANCO","1043182","","","","","","","","","","","U","",""
"121","3","","672275420031","MOTOBOMBA","O/C Nº 523-2013","23/07/2013","3100.0","","","1503.020906","EQUIPOS PARA VEHICULOS","M","HONDA","HJ/4/13A","J1-SP100","ROJO/BLANCO/NEG","324363","S/D","","","","","","","","","JOSPAC","D","",""
"122","3","","672275420033","MOTOBOMBA","O/C N°000792","12/11/2013","4695.0","","","1503.020906","EQUIPOS PARA VEHICULOS","R","HONDA","GX390","","ROJO/BLANCO","1511180402","","","","","","","","","","","U","",""
"123","3","","678281500002","MOTOCAR","O/C N° 435-2013","08/07/2013","6350.0","","","1503.0101","VEHICULOS PARA TRANSPORTE TERRESTRE","M","YADE MOT","250 ZH","TRIMOTO CARGA","AZUL Y ROJO","LC4H5NXLXDF872023","S/D","","16FMMI6316723","LC4H5NXLXDF872023","","2013","","","","","D","",""
"124","3","","678281500004","MOTOCAR","O/C N° 630-2013","27/08/2013","7200.0","","","1503.0101","VEHICULOS PARA TRANSPORTE TERRESTRE","M","SUNSHINE","250 ZH","S/T","ANARANJADO","S/S","S/D","","167FMMD1277500","LCMHCNXLXDF820858","","","","","","","D","",""
"125","3","","678281500005","MOTOCAR","O/C N° 630-2013","27/08/2013","7200.0","","","1503.0101","VEHICULOS PARA TRANSPORTE TERRESTRE","M","SUNSHINE","250 ZH","S/T","AZUL","S/S","S/D","","167FMMD1214208","LCMHCNXLODF820867","","","","","","","D","",""
"126","3","","678268000002","MOTOCICLETA","SANEAR","31/12/2021","1.0","","","1503.0101","VEHICULOS PARA TRANSPORTE TERRESTRE","M","HONDA","XL-1255","S/T","ROJO/NARANJA","500878","S/D","MH-6907","JDO8ET","9C2JD080TTR500878","","","","","","MH-6907","D","",""
"127","3","","678268000003","MOTOCICLETA","O/C N°2","30/03/2006","12800.0","","","1503.0101","VEHICULOS PARA TRANSPORTE TERRESTRE","M","HONDA","XL-200","S/T","ROJO","96200227","S/D","MU-5398","MD28E","9C2MD28936R200227","","2015","","","","MU-5398","D","",""
"128","3","","678268000006","MOTOCICLETA","O/C N° 0624-1996","29/10/1996","9518.25","","","1503.0101","VEHICULOS PARA TRANSPORTE TERRESTRE","M","HONDA","XL-125","S/T","ROJO","S/S","S/D","MU-4751","JD08ET500976","9C2JD080TTR500976","","2004","","","","MU-4751","D","",""
"129","3","","678268000010","MOTOCICLETA","O/C N° 112-2011","09/06/2011","12316.5","","","1503.0101","VEHICULOS PARA TRANSPORTE TERRESTRE","M","HONDA","XL-200","S/T","ROJO","MD2894BR200649","S/D","","MD28E9B2006179","9C2MD2894BR200649","","","","","","9C2MD2894DR200649","U","",""
"130","3","","678268000026","MOTOCICLETA","O/C N°182-2017","27/12/2017","4800.0","","","1503.0101","VEHICULOS PARA TRANSPORTE TERRESTRE","M","RONCO","X - PLORER 2005","S/T","NEGRO/BLANCO","LY4YCMLEOHOA41559","S/D","","163FML8H700303","LY4YCMLEOHOA41559","","2017","","","","","D","",""
"131","3","","678268000029","MOTOCICLETA","SANEAR","31/12/2021","1.0","","","1503.0101","VEHICULOS PARA TRANSPORTE TERRESTRE","M","HONDA","XL-200","MOTO LINEAL","BLANCO","S/S","S/D","Z3994L","M028E9C2O1719","9C2MD2892CR01719","","","","","","Z3994L","D","",""
"132","3","","672276900005","MOTOR COLGANTE","SANEAR","31/12/2021","1.0","","","1503.020906","EQUIPOS PARA VEHICULOS","M","FARYMANN","95A430","DIESEL","PLOMO","KII-841122","S/D","","","","","","","","","","D","",""
"133","3","","672279880001","MOTORES ESTACIONARIOS Y MARINOS","SANEAR","31/12/2021","1.0","","","1503.020906","EQUIPOS PARA VEHICULOS","M","DONG FENG","4135AN","S/T","ANARANJADO","8310040","S/D","","","","","","","","","","D","",""
"134","3","","746483900089","SILLA GIRATORIA DE METAL","O/C N°000047-2013","07/02/2013","200.0","","","1503.020102","MOBILIARIO DE OFICINA","M","S/M","FUNDA","S/T","NEGRO","S/S","S/D","","","","","","","","","","D","",""
"135","3","","746488310010","SILLON GIRATORIO (OTROS)","O/C N° 6-00127","30/09/2010","290.0","","","1503.020102","MOBILIARIO DE OFICINA","M","S/M","GRADUABLE","S/T","NEGRO","S/S","S/D","","","","","","","","","","D","",""
"136","3","","746489330002","SILLON GIRATORIO DE METAL","O/C N° 901-1996","30/12/1996","370.0","","","1503.020102","MOBILIARIO DE OFICINA","M","PATA ASPA","FUNDA","S/T","CAFE","S/S","S/D","","","","","","","","","","D","",""
"137","3","","672295930003","TALADRO ELECTRICO PORTATIL","O/C N° 551-2001","31/12/2001","1220.0","","","1503.020906","EQUIPOS PARA VEHICULOS","R","BOSH GSB","2512-1","","","863980","","","","","","","","","","","U","",""
"138","3","","672295930004","TALADRO ELECTRICO PORTATIL","O/C N° 20-2019","26/03/2019","250.0","","","1503.020906","EQUIPOS PARA VEHICULOS","B","BLACK DEKER","ED 121","TALADRO HIDRAÚO","","","","","","","","","","","","","U","",""
"139","3","","673692590001","TRACTOR ORUGA","SANEAR","31/12/2021","1.0","","","1503.020999","MAQUINARIAS, EQUIPOS Y MOBILIARIOS DE OTRAS INSTALACIONES","M","DONG FENG","6135AK-2","S/T","AMARILLO","SG08676","S/D","","","","","1986","","","","MOTOR EN ALMACEN 1","D","",""
"140","3","","675099500001","VIBRADOR DE CONCRETO","O/C N° 0706-1996","12/09/1996","4979.0","","","1503.020999","MAQUINARIAS, EQUIPOS Y MOBILIARIOS DE OTRAS INSTALACIONES","M","KOHLER","MAGNUN 8","S/T","ROJO","1719104372","S/D","","","","","","","","","","D","",""
"141","3","","675099500002","VIBRADOR DE CONCRETO","O/C N° 000027-2009","27/05/2009","2939.0","","","1503.020999","MAQUINARIAS, EQUIPOS Y MOBILIARIOS DE OTRAS INSTALACIONES","M","HONDA DYNAMIC","G200","S/T","NEGRO","9328224","S/D","","","","","","","","","","D","",""
"142","3","","675099500006","VIBRADOR DE CONCRETO","O/C N° 76-2006","30/06/2006","2550.0","","","1503.020999","MAQUINARIAS, EQUIPOS Y MOBILIARIOS DE OTRAS INSTALACIONES","M","BRIGGS STRATTON","S/M","6.5 HP","NEGRO","407172439","S/D","","","","","","","","","","D","",""
"143","3","","675099500008","VIBRADOR DE CONCRETO","O/C N° 0148-2008","05/11/2008","2680.0","","","1503.020999","MAQUINARIAS, EQUIPOS Y MOBILIARIOS DE OTRAS INSTALACIONES","M","HONDA","G200","S/T","BLANCO/ROJO","9314460","S/D","","","","","","","","","","D","",""
"144","3","","675099500010","VIBRADOR DE CONCRETO","O/C N° 000027-2009","27/05/2009","2939.0","","","1503.020999","MAQUINARIAS, EQUIPOS Y MOBILIARIOS DE OTRAS INSTALACIONES","M","HONDA","G200","S/T","BLANCO/ROJO","9331933","S/D","","","","","","","","","","D","",""
"145","3","","675099500011","VIBRADOR DE CONCRETO","SANEAR","31/12/2021","1.0","","","1503.020999","MAQUINARIAS, EQUIPOS Y MOBILIARIOS DE OTRAS INSTALACIONES","M","HONDA","GX160","S/T","BLANCO/ROJO","4069716","S/D","","","","","","","","","","D","",""
"146","3","","675099500013","VIBRADOR DE CONCRETO","O/C N °6-00026-2009","23/11/2009","3900.0","","","1503.020999","MAQUINARIAS, EQUIPOS Y MOBILIARIOS DE OTRAS INSTALACIONES","M","DYNAMIC KOHLER","V38TBG/M8","S/T","NEGRO","3925000059","S/D","","","","","","","","","","D","",""
"147","3","","675099500014","VIBRADOR DE CONCRETO","O/C N° 0-00084-2010","31/03/2010","2709.0","","","1503.020999","MAQUINARIAS, EQUIPOS Y MOBILIARIOS DE OTRAS INSTALACIONES","M","HONDA","GX160","3683169","BLANCO/ROJO","3683169","S/D"," "," "," "," "," "," ","",""," ","D","",""
"148","3","","675099500016","VIBRADOR DE CONCRETO","O/C N° 8-00116-2010","23/04/2010","2939.0","","","1503.020999","MAQUINARIAS, EQUIPOS Y MOBILIARIOS DE OTRAS INSTALACIONES","M","HONDA DYNAMIC","GX160","S/T","BLANCO/ROJO","9328224","S/D","","","","","","","","","","D","",""
"149","3","","675099500018","VIBRADOR DE CONCRETO","O/C N° 6-00025-2010","27/01/2010","2712.0","","","1503.020999","MAQUINARIAS, EQUIPOS Y MOBILIARIOS DE OTRAS INSTALACIONES","M","HONDA DYNAMIC","V38TBG/GX16 00B","S/T","BLANCO/ROJO","3736675","S/D"," "," "," "," "," "," ","",""," ","D","",""
"150","3","","675099500019","VIBRADOR DE CONCRETO","O/C N° 6-00031-2010","28/01/2010","2712.0","","","1503.020999","MAQUINARIAS, EQUIPOS Y MOBILIARIOS DE OTRAS INSTALACIONES","M","HONDA DYNAMIC","GX1600","S/T","ROJO/NEGRO","MOTOR 3757955","S/D"," "," "," "," "," "," ","",""," ","D","",""
"151","3","","675099500021","VIBRADOR DE CONCRETO","O/C N° 178-2011","07/07/2011","1890.0","","","1503.020999","MAQUINARIAS, EQUIPOS Y MOBILIARIOS DE OTRAS INSTALACIONES","M","HONDA","GX160","GCAAH","BLANCO/ROJO","2404331","S/D","","","","","","","","","","D","",""
"152","3","","675099500024","VIBRADOR DE CONCRETO","O/C N° 059-2012","10/04/2012","1950.0","","","1503.020999","MAQUINARIAS, EQUIPOS Y MOBILIARIOS DE OTRAS INSTALACIONES","M","HONDA","G 200","5,5 HP","BLANCO/ROJO","9378186","S/D","","","","","","","","","","D","",""
"153","3","","675099500025","VIBRADOR DE CONCRETO","O/C N° 456-2016","21/12/2016","2500.0","","","1503.020999","MAQUINARIAS, EQUIPOS Y MOBILIARIOS DE OTRAS INSTALACIONES","R","HONDA","GX160","H1QAB3","NEGRO","CGAAH-3304447/445","S/D","","","","","","","","","","D","",""
"154","3","","675099500026","VIBRADOR DE CONCRETO","O/C N° 446-2013","10/07/2013","2117.0","","","1503.020999","MAQUINARIAS, EQUIPOS Y MOBILIARIOS DE OTRAS INSTALACIONES","M","S/M","S/M","H1QAB1","NEGRO","GCABT-4464226","S/D","","","","","","","","","","D","",""
"155","3","","675099500027","VIBRADOR DE CONCRETO","O/C N° 447-2013","10/07/2013","1450.0","","","1503.020999","MAQUINARIAS, EQUIPOS Y MOBILIARIOS DE OTRAS INSTALACIONES","M","KOHLER","SH265","H1QAB1     ACIC","NEGRO","4124402688","S/D","","","","","","","","","","D","",""
"156","3","","675099500028","VIBRADOR DE CONCRETO","O/C N° 447-2013","10/07/2013","1450.0","","","1503.020999","MAQUINARIAS, EQUIPOS Y MOBILIARIOS DE OTRAS INSTALACIONES","M","KOHLER","SH26500011","ACIMAC","NEGRO","4224912408","S/D","","","","","","","","","","D","",""
"157","3","","675099500029","VIBRADOR DE CONCRETO","O/C Nº 000792","12/11/2013","1650.0","","","1503.020999","MAQUINARIAS, EQUIPOS Y MOBILIARIOS DE OTRAS INSTALACIONES","M","KOHLER","GX270","DYNAMIC HONDA","NEGRO","4236201788/196CC","S/D","","","","","","","","","","D","",""
"158","3","","675099500032","VIBRADOR DE CONCRETO","O/C N° 3-00022-2010","23/04/2010","2939.0","","","1503.020999","MAQUINARIAS, EQUIPOS Y MOBILIARIOS DE OTRAS INSTALACIONES","M","HONDA","GCABT 3706448","S/T","ROJO / NEGRO","3706448","S/D","","","","","","","","","","D","",""
"159","4","4","740832000004","IMPRESORA (OTRAS)","O/C N° 000451","29/12/2021","1350.0","","","1503.020301","EQUIPOS COMPUTACIONALES Y PERIFERICOS","M","","","","","","","","","","","","","","02/11/2023 22:17:43","","U","DIEGO TORRES NINA","1"
"160","4","4","746406600016","ARMARIO DE METAL","SANEAR","31/12/2021","1.0","","","1503.020102","MOBILIARIO DE OFICINA","R","","5 NIV RANURADO","S/T","BLANCO","S/S","1.92X1.14X0.31","","","","","","","","02/11/2023 22:17:43","","U","DIEGO TORRES NINA","1"
"161","4","4","746437120023","ESCRITORIO DE MADERA","O/C N° 08-1984","25/01/1984","249900.0","","","1503.020102","MOBILIARIO DE OFICINA","M","S/M","S/M","S/T","CAFE","S/S","S/D","","","","","","","","02/11/2023 22:17:43","","D","DIEGO TORRES NINA","1"
"162","4","4","746441180003","ESTANTE DE MADERA","O/C N° 8-00166-2010","25/05/2010","150.0","","","1503.020102","MOBILIARIO DE OFICINA","R","S/M","S/M","S/T","CAFE","S/S","1.12X0.41X1.48"," "," "," "," "," "," ","","02/11/2023 22:17:43"," ","U","DIEGO TORRES NINA","1"
"163","4","4","746441180006","ESTANTE DE MADERA","O/C N° 8-00166-2010","25/05/2010","150.0","","","1503.020102","MOBILIARIO DE OFICINA","R","S/M","VITRINA 2 PUERT 3 DIVS","S/T","CAFE","S/S","1.0X0.37X1.58"," "," "," "," "," "," ","","02/11/2023 22:17:43"," ","U","DIEGO TORRES NINA","1"
"164","4","4","746441180013","ESTANTE DE MADERA","SANEAR","31/12/2021","1.0","","","1503.020102","MOBILIARIO DE OFICINA","M","S/M","S/M","S/T","CAFE","S/S","4.00x1.90x0.35","","","","","","","","02/11/2023 22:17:43","","U","DIEGO TORRES NINA","1"
"165","4","4","746441860008","ESTANTE DE METAL","SANEAR","31/12/2021","1.0","","","1503.020102","MOBILIARIO DE OFICINA","R","S/M","5 NIV RANURADO","S/T","PLOMO","S/S","1.14X0.31X2.19","","","","","","","","02/11/2023 22:17:43","","U","DIEGO TORRES NINA","1"
"166","4","4","746441860009","ESTANTE DE METAL","SANEAR","31/12/2021","1.0","","","1503.020102","MOBILIARIO DE OFICINA","R","S/M","4 NIV RANURADO","S/T","BLANCO","S/S","1.14X0.30X1.92","","","","","","","","02/11/2023 22:17:43","","U","DIEGO TORRES NINA","1"
"167","4","4","746441860011","ESTANTE DE METAL","SANEAR","31/12/2021","1.0","","","1503.020102","MOBILIARIO DE OFICINA","R","S/M","RANURADO","S/T","PLOMO","S/S","1.14X0.30X2.40","","","","","","","","02/11/2023 22:17:43","","U","DIEGO TORRES NINA","1"
"168","4","4","746441860013","ESTANTE DE METAL","SANEAR","31/12/2021","1.0","","","1503.020102","MOBILIARIO DE OFICINA","R","S/M","4 NIV RANURADO","S/T","BLANCO","S/S","1.14X0.30X1.92","","","","","","","","02/11/2023 22:17:43","","U","DIEGO TORRES NINA","1"
"169","4","4","746441860014","ESTANTE DE METAL","SANEAR","31/12/2021","1.0","","","1503.020102","MOBILIARIO DE OFICINA","R","S/M","5 NIV RANURADO","S/T","PLOMO/BLANCO","S/S","1.14X0.30X2.40","","","","","","","","02/11/2023 22:17:43","","U","DIEGO TORRES NINA","1"
"170","4","4","746441860030","ESTANTE DE METAL","O/C N° 200-2012","01/08/2012","280.0","","","1503.020102","MOBILIARIO DE OFICINA","R","S/M","6 NIV RANURADO","S/T","PLOMO","S/S","1.14X0.30X2.20","","","","","","","","02/11/2023 22:17:43","","U","DIEGO TORRES NINA","1"
"171","4","4","746441860031","ESTANTE DE METAL","SANEAR","31/12/2021","1.0","","","1503.020102","MOBILIARIO DE OFICINA","R","S/M","5 NIV RANURADO","S/T","BLANCO","S/S","1.14X0.30X2.25","","","","","","","","02/11/2023 22:17:43","","U","DIEGO TORRES NINA","1"
"172","4","4","746441860032","ESTANTE DE METAL","O/C N° 200-2012","01/08/2012","280.0","","","1503.020102","MOBILIARIO DE OFICINA","R","S/M","6 NIV RANURADO","S/T","PLOMO","S/S","1.14X0.31X2.19","","","","","","","","02/11/2023 22:17:43","","U","DIEGO TORRES NINA","1"
"173","4","4","746441860033","ESTANTE DE METAL","SANEAR","31/12/2021","1.0","","","1503.020102","MOBILIARIO DE OFICINA","R","S/M","5 NIV RANURADO","S/T","BLANCO","S/S","1.14X0.30X2.25","","","","","","","","02/11/2023 22:17:43","","U","DIEGO TORRES NINA","1"
"174","4","4","746441860035","ESTANTE DE METAL","O/C N° 200-2012","01/08/2012","280.0","","","1503.020102","MOBILIARIO DE OFICINA","R","S/M","6 NIV RANURADO","S/T","PLOMO","S/S","1.14X0.31X2.19","","","","","","","","02/11/2023 22:17:43","","U","DIEGO TORRES NINA","1"
"175","4","4","746441860036","ESTANTE DE METAL","O/C N° 200-2012","01/08/2012","280.0","","","1503.020102","MOBILIARIO DE OFICINA","R","S/M","6 NIV RANURADO","S/T","PLOMO","S/S","1.14X0.30X2.25","","","","","","","","02/11/2023 22:17:43","","U","DIEGO TORRES NINA","1"
"176","4","4","746441860038","ESTANTE DE METAL","SANEAR","31/12/2021","1.0","","","1503.020102","MOBILIARIO DE OFICINA","R","S/M","6 NIV RANURADO","S/T","BLANCO","S/S","1.14X0.29X2.39","","","","","","","","02/11/2023 22:17:43","","U","DIEGO TORRES NINA","1"
"177","4","4","746441860051","ESTANTE DE METAL","SANEAR","31/12/2021","1.0","","","1503.020102","MOBILIARIO DE OFICINA","R","S/M","5 NIV RANURADO","S/T","BLANCO","S/S","1.92X1.14X0.31","","","","","","","","02/11/2023 22:17:43","","U","DIEGO TORRES NINA","1"
"178","4","4","746441860052","ESTANTE DE METAL","SANEAR","31/12/2021","1.0","","","1503.020102","MOBILIARIO DE OFICINA","R","S/M","4 NIV RANURADO","S/T","BLANCO","S/S","1.13X0.30X1.92","","","","","","","","02/11/2023 22:17:43","","U","DIEGO TORRES NINA","1"
"179","4","4","746441860055","ESTANTE DE METAL","SANEAR","31/12/2021","1.0","","","1503.020102","MOBILIARIO DE OFICINA","R","S/M","5 NIV RANURADO","S/T","BLANCO","S/S","1.92X1.14X0.31","","","","","","","","02/11/2023 22:17:43","","U","DIEGO TORRES NINA","1"
"180","4","4","746441860056","ESTANTE DE METAL","SANEAR","31/12/2021","1.0","","","1503.020102","MOBILIARIO DE OFICINA","R","S/M","5 NIV RANURADO","S/T","BLANCO","S/S","1.92X1.14X0.31","","","","","","","","02/11/2023 22:17:43","","U","DIEGO TORRES NINA","1"
"181","4","4","746441860057","ESTANTE DE METAL","SANEAR","31/12/2021","1.0","","","1503.020102","MOBILIARIO DE OFICINA","R","S/M","5 NIV RANURADO","S/T","BLANCO/PLOMO","S/S","1.14X0.29X2.05","","","","","","","","02/11/2023 22:17:43","","U","DIEGO TORRES NINA","1"
"182","4","4","746441860059","ESTANTE DE METAL","SANEAR","31/12/2021","1.0","","","1503.020102","MOBILIARIO DE OFICINA","R","S/M","5 NIV RANURADO","S/T","BLANCO","S/S","1.92X1.14X0.31","","","","","","","","02/11/2023 22:17:43","","U","DIEGO TORRES NINA","1"
"183","4","4","746441860060","ESTANTE DE METAL","SANEAR","31/12/2021","1.0","","","1503.020102","MOBILIARIO DE OFICINA","R","S/M","5 NIV RANURADO","S/T","PLOMO","S/S","0.91X0.30X1.90","","","","","","","","02/11/2023 22:17:43","","U","DIEGO TORRES NINA","1"
"184","4","4","746481190048","SILLA FIJA DE MADERA","O/C N° 153-2012","04/07/2012","97.0","","","1503.020102","MOBILIARIO DE OFICINA","R","S/M","S/M","TAPIZADA","CAFE","S/S","0.42X0.43X0.85","","","","","","","","02/11/2023 22:17:43","","U","DIEGO TORRES NINA","1"
"185","4","4","746482550003","SILLA FIJA DE OTRO MATERIAL","O/C N° 44-2000","22/02/2000","21.7","","","1503.020102","MOBILIARIO DE OFICINA","R","REY","CON CODERAS","S/T","CELESTE","S/S","0.32X0.37X0.77","","","","","","","","02/11/2023 22:17:43","","U","DIEGO TORRES NINA","1"
"186","5","5","746437120049","ESCRITORIO DE MADERA","O/C N° 000352-2013","14/06/2013","300.0","","","1503.020102","MOBILIARIO DE OFICINA","R","S/M","4 GAVETAS","S/T","CAOBA","S/S","0.70X1.20X0.80","","","","","","","","24/09/2023 17:21:42","","U","DIEGO TORRES NINA","1"
"187","5","5","462252150093","ESTABILIZADOR","SANEAR","31/12/2021","1.0","","","1503.020904","ELECTRICIDAD Y ELECTRONICA","R","AVR","AVR-10006I","6 ENTRADAS","NEGRO","091106-05201620","S/D","","","","","","","","24/09/2023 17:21:42","","U","DIEGO TORRES NINA","1"
"188","5","5","746441860017","ESTANTE DE METAL","SANEAR","31/12/2021","1.0","","","1503.020102","MOBILIARIO DE OFICINA","R","INMEKA SAC","5 DIV RANURADO","S/T","BLANCO/PLOMO","S/S","0.44X1.14X2.40","","","","","","","","24/09/2023 17:21:42","","U","DIEGO TORRES NINA","1"
"189","5","5","740841000024","IMPRESORA LASER","O/C N° 242-2014","22/08/2014","412.82","","","1503.020301","EQUIPOS COMPUTACIONALES Y PERIFERICOS","M","HP","PRO P1102","S/T","NEGRO","BRBSG76F9H","S/D","","","","","","","","24/09/2023 17:21:42","","U","DIEGO TORRES NINA","1"
"190","5","5","746460850010","MODULO DE MADERA PARA MICROCOMPUTADORA","O/C N° 072-1995","30/03/1995","345.0","","","1503.020102","MOBILIARIO DE OFICINA","R","S/M","S/M","S/T","CAFE","S/S","0.83X0.64X1.25","","","","","","","","24/09/2023 17:21:42","","U","DIEGO TORRES NINA","1"
"191","5","5","952258120063","MONITOR (OTROS)","O/C N° 460-2011","30/11/2011","845.73","","","1503.020303","EQUIPOS DE TELECOMUNICACIONES","R","LG","E1960ST","FLATRON","NEGRO","104LTWV0T201","S/D","","","","","","","","24/09/2023 17:21:42","","U","DIEGO TORRES NINA","1"
"192","5","5","952260580025","PARLANTES EN GENERAL (MAYOR A 1/8 UIT)","O/C N° 0-00037-2010","24/02/2010","38.64","","","1503.020303","EQUIPOS DE TELECOMUNICACIONES","R","HALION","2009","S/T","NEGRO","9.06E+14","S/D"," "," "," "," "," "," ","","24/09/2023 17:21:42"," ","U","DIEGO TORRES NINA","1"
"193","5","5","746481190041","SILLA FIJA DE MADERA","O/C N°  295-2012","06/11/2012","94.5","","","1503.020102","MOBILIARIO DE OFICINA","R","S/M","TAPIZ TELA","S/T","CAFE","S/S","0.41X0.42X0.84","","","","","","","","24/09/2023 17:21:42","","U","DIEGO TORRES NINA","1"
"194","5","5","746481870094","SILLA FIJA DE METAL","O/C N° 121-1991","15/10/1991","23.0","","","1503.020102","MOBILIARIO DE OFICINA","R","S/M","TAPIZ MARROQUIN","S/T","NEGRO/BEIGE ","S/S","0.42X0.45X0.82","","","","","","","","24/09/2023 17:21:42","","U","DIEGO TORRES NINA","1"
"195","5","5","746485260011","SILLA PLEGABLE DE METAL","SANEAR","31/12/2021","1.0","","","1503.020102","MOBILIARIO DE OFICINA","R","S/M","CROMADO","S/T","NEGRO","S/S","0.42X0.45X0.86","","","","","","","","24/09/2023 17:21:42","","U","DIEGO TORRES NINA","1"
"196","5","5","746489330012","SILLON GIRATORIO DE METAL","O/C N° 310-2012","15/11/2012","180.0","","","1503.020102","MOBILIARIO DE OFICINA","R","","TAPIZ MARROQUIN","","CAFE","","0.70X0.70X1.15","","","","","","","","24/09/2023 17:21:42","","U","DIEGO TORRES NINA","1"
"197","5","5","746489330023","SILLON GIRATORIO DE METAL","O/C N° 30-2016","04/03/2016","510.0","","","1503.020102","MOBILIARIO DE OFICINA","R","S/M","RECLINABLE","S/T","NEGRO","S/S","0.60X0.60X1.10","","","","","","","","24/09/2023 17:21:42","","U","DIEGO TORRES NINA","1"
"198","5","5","740895000163","TECLADO - KEYBOARD","SANEAR","31/12/2021","1.0","","","1503.020301","EQUIPOS COMPUTACIONALES Y PERIFERICOS","R","GENIUS","KU-0138","S/T","NEGRO","ZCE99I502949 - KB-0E","S/D","","","","","","","","24/09/2023 17:21:42","","U","DIEGO TORRES NINA","1"
"199","5","5","740899500066","UNIDAD CENTRAL DE PROCESO - CPU","O/C N° 0-00037-2010","24/02/2010","2302.3","","","1503.020301","EQUIPOS COMPUTACIONALES Y PERIFERICOS","R","MICRONICS","GORETM2","RAM: 26GB","NEGRO","33 BITS","S/D"," "," "," "," "," "," ","","24/09/2023 17:21:42"," ","U","DIEGO TORRES NINA","1"
"200","41","","462200500006","ACUMULADOR DE ENERGIA - EQUIPO DE UPS","O/C Nº 155-2012","04/07/2012","185.0","","","1503.020904","ELECTRICIDAD Y ELECTRONICA","","","","","","","","","","","","","","","","","","",""
"201","41","","462200500016","ACUMULADOR DE ENERGIA - EQUIPO DE UPS","O/C N° 000175-2013","19/04/2013","62.22","","","1503.020904","ELECTRICIDAD Y ELECTRONICA","M","APC RS 550","BECK UPS 550","S/T","NEGRO","3B1250X08593","S/D","","","","","","","","","","U","",""
"202","41","","462200500018","ACUMULADOR DE ENERGIA - EQUIPO DE UPS","O/C Nº 496-2016","30/12/2016","350.0","","","1503.020904","ELECTRICIDAD Y ELECTRONICA","M","APC RS 550","VR-550GI","","NEGRO","3B1250X08588","","","","","","","","","","","U","",""
"203","41","","462200500031","ACUMULADOR DE ENERGIA - EQUIPO DE UPS","SANEAR","31/12/2021","1.0","","","1503.020904","ELECTRICIDAD Y ELECTRONICA","R","","","","","","","","","","","","","","","","U","",""
"204","41","","462200500033","ACUMULADOR DE ENERGIA - EQUIPO DE UPS","SANEAR","31/12/2021","1.0","","","1503.020904","ELECTRICIDAD Y ELECTRONICA","R","","","","","","","","","","","","","","","","U","",""
"205","41","","462200500034","ACUMULADOR DE ENERGIA - EQUIPO DE UPS","SANEAR","31/12/2021","1.0","","","1503.020904","ELECTRICIDAD Y ELECTRONICA","R","","","","","","","","","","","","","","","","U","",""
"206","41","","462200500035","ACUMULADOR DE ENERGIA - EQUIPO DE UPS","SANEAR","31/12/2021","1.0","","","1503.020904","ELECTRICIDAD Y ELECTRONICA","R","","","","","","","","","","","","","","","","U","",""
"207","41","","462200500036","ACUMULADOR DE ENERGIA - EQUIPO DE UPS","SANEAR","31/12/2021","1.0","","","1503.020904","ELECTRICIDAD Y ELECTRONICA","R","","","","","","","","","","","","","","","","U","",""
"208","41","","462200500037","ACUMULADOR DE ENERGIA - EQUIPO DE UPS","O/C N° 131-2012","18/06/2012","99.76","","","1503.020904","ELECTRICIDAD Y ELECTRONICA","R","APC","BR 550GI","283255","ANARANJADO","","","","","","","","","","","","U","",""
"209","41","","532201600002","AGITADOR (OTROS)","SANEAR","31/12/2021","1.0","","","1503.020402","EQUIPO MEDICO","R","","","","","","","","","","","","","","","","U","",""
"210","41","","602202760001","ALTIMETRO","O/C N° 020E-2004","13/09/2004","748.6","","","1503.020905","EQUIPOS E INSTRUMENTOS DE MEDICION","M","SUUNTO","ESCAPE 203","","PLOMO","","","","","","","","","","","","U","",""
"211","41","","602202760002","ALTIMETRO","O/C N° 205-1991","SIN FECHA","140.0","","","1503.020905","EQUIPOS E INSTRUMENTOS DE MEDICION","M","SUUNTO","","","PLOMO/NEGRO","","","","","","","","","","","","U","",""
"212","41","","675001050003","AMOLADORA","O/C N° 20-2019","26/03/2019","300.0","","","1503.020999","MAQUINARIAS, EQUIPOS Y MOBILIARIOS DE OTRAS INSTALACIONES","R","TRUPER","ESMA-7A2-2","ELECTRICO","ANARANJADO","S/S","S/D","","","","","","","","","720 v","D","",""
"213","41","","952205030001","ANTENA (OTRAS) (MAYOR A 1/8 UIT)","O/C N° 0680-1996","28/11/1996","543.75","","","1503.020303","EQUIPOS DE TELECOMUNICACIONES","R","","","METALICO","PLOMO","","","","","","","","","","","","U","",""
"214","41","","952205030002","ANTENA (OTRAS) (MAYOR A 1/8 UIT)","VERIFICAR","31/12/2021","1.0","","","1503.020303","EQUIPOS DE TELECOMUNICACIONES","R","","","METALICO","PLOMO","","","","","","","","","","","","U","",""
"215","41","","952205030003","ANTENA (OTRAS) (MAYOR A 1/8 UIT)","VERIFICAR","31/12/2021","1.0","","","1503.020303","EQUIPOS DE TELECOMUNICACIONES","R","","","METALICO","PLOMO","","","","","","","","","","","","U","",""
"216","41","","952205030004","ANTENA (OTRAS) (MAYOR A 1/8 UIT)","VERIFICAR","31/12/2021","1.0","","","1503.020303","EQUIPOS DE TELECOMUNICACIONES","R","","","METALICO","PLOMO","","","","","","","","","","","","U","",""
"217","41","","952205030005","ANTENA (OTRAS) (MAYOR A 1/8 UIT)","O/C N° 355-2004","28/10/2004","280.0","","","1503.020303","EQUIPOS DE TELECOMUNICACIONES","R","","100 WATTS","METALICO","PLOMO","","","","","","","","","","","","U","",""
"218","41","","952205030006","ANTENA (OTRAS) (MAYOR A 1/8 UIT)","O/C N° 231-2004","22/07/2004","280.0","","","1503.020303","EQUIPOS DE TELECOMUNICACIONES","R","","100 WATTS","METALICO","PLOMO","","","","","","","","","","","","U","",""
"219","41","","952205030007","ANTENA (OTRAS) (MAYOR A 1/8 UIT)","VERIFICAR","31/12/2021","1.0","","","1503.020303","EQUIPOS DE TELECOMUNICACIONES","R","","","METALICO","PLOMO","","","","","","","","","","","","U","",""
"220","41","","746403550003","ARCHIVADOR DE MELAMINA","SANEAR","31/12/2021","1.0","","","1503.020102","MOBILIARIO DE OFICINA","R","","","","CAFE","","","","","","","","","","","","U","",""
"221","41","","746403550004","ARCHIVADOR DE MELAMINA","SANEAR","31/12/2021","1.0","","","1503.020102","MOBILIARIO DE OFICINA","R","","","","CAFE","","","","","","","","","","","","U","",""
"222","41","","746403890003","ARCHIVADOR DE METAL","O/C N° 137-1991","21/10/1991","145.0","","","1503.020102","MOBILIARIO DE OFICINA","M","S/M","4 GAVETAS","S/T","PLOMO/NEGRO","S/S","0.47X0.64X1.33","","","","","","","","","","D","",""
"223","41","","746403890013","ARCHIVADOR DE METAL","O/C N° 223-1991","27/11/1991","57.0","","","1503.020102","MOBILIARIO DE OFICINA","R","","4 GAVETAS","","PLOMO/NEGRO","","0.60X0.46X1.34","","","","","","","","","","U","",""
"224","41","","746403890014","ARCHIVADOR DE METAL","SANEAR","31/12/2021","1.0","","","1503.020102","MOBILIARIO DE OFICINA","M","S/M","S/M","S/T","PLOMO","S/S","S/D","","","","","","","","","","U","",""
"225","41","","746405920004","ARMARIO DE MADERA","O/C N° 039-1996","29/01/1996","80.0","","","1503.020102","MOBILIARIO DE OFICINA","M","S/M","3 NIVELES","S/T","CREMA","S/S","1.40X0.80X0.32","","","","","","","","","","D","",""
"226","41","","746406600002","ARMARIO DE METAL","O/C N° 08-1984","25/01/1984","273900.0","","","1503.020102","MOBILIARIO DE OFICINA","M","","2 CUERPOS","","","","","","","","","","","","","","U","",""
"227","41","","746406600014","ARMARIO DE METAL","O/C N° 08-1984","25/01/1984","273900.0","","","1503.020102","MOBILIARIO DE OFICINA","M","","","","","","","","","","","","","","","","U","",""
"228","41","","678202750001","AUTOHORMIGONERA","O/C Nº 423","17/12/2012","209734.0","","","1503.0101","VEHICULOS PARA TRANSPORTE TERRESTRE","R","AUSA","X1100RH","CAMION TRANSPOO","NARANJA","924411","S/D","0","CJ1-1300","070209-4","","0","","","","REPARACION","D","",""
"229","41","","602207380001","BALANZA DIGITAL","O/C 225-2020","20/08/2020","175.0","","","1503.020905","EQUIPOS E INSTRUMENTOS DE MEDICION","R","OHAUS","TAJ 602","TAJ 602","CREMA","7131050173","S/D","","","","","","","","","","U","",""
"230","41","","602208420004","BALANZA MECANICA","O/C N° 043-1994","31/01/1994","125.0","","","1503.020905","EQUIPOS E INSTRUMENTOS DE MEDICION","M","CORONA","S/M","S/T","VERDE","S/S","S/D","","","","","","","","","","D","",""
"231","41","","602208420005","BALANZA MECANICA","SANEAR","31/12/2021","1.0","","","1503.020905","EQUIPOS E INSTRUMENTOS DE MEDICION","R","CAMRY","S/M","S/T","BLANCO","S/S","S/D","","","","","","","","","","U","",""
"232","41","","602208420006","BALANZA MECANICA","O/C N° 062-1994","30/01/1994","650.0","","","1503.020905","EQUIPOS E INSTRUMENTOS DE MEDICION","M","STRONG","","METAL","NEGRO","","","","","","","","","","","","U","",""
"233","41","","532209720006","BALON INTRA AORTICO","SANEAR","31/12/2021","1.0","","","1503.020402","EQUIPO MEDICO","M","","","BALON INTRA AOO","ROJO","","","","","","","","","","","","U","",""
"234","41","","602210680029","BOMBA DE SUCCION","O/C N° 11-2020","24/01/2020","90.0","","","1503.020905","EQUIPOS E INSTRUMENTOS DE MEDICION","M","HS-25","S/M","S/T","PLOMO/ROJO","S/S","S/D","","","","","","","","","","U","",""
"235","41","","672208530007","BOMBA FUMIGADORA TIPO MOCHILA","SANEAR","31/12/2021","1.0","","","1503.020906","EQUIPOS PARA VEHICULOS","R","TIHL","S/M","S/T","NARANJA/BLANCO","S/S","S/D","","","","","","","","","","U","",""
"236","41","","746417450011","CABINA - CASETA","SANEAR","31/12/2021","1.0","","","1503.020102","MOBILIARIO DE OFICINA","M","CHINA","S/M","S/T","AMARILLO","S/S","2.70X5.20X2.75","","","","","","","","","","D","",""
"237","41","","742200500002","CALCULADORA CIENTIFICA","O/C N° 34-2004","29/03/2004","157.0","","","1503.020101","MAQUINAS Y EQUIPOS DE OFICINA","M","CASIO","FX-6300","","","","","","","","","","","","","","U","",""
"238","41","","742200500011","CALCULADORA CIENTIFICA","O/C N° 34-2004","29/03/2004","157.0","","","1503.020101","MAQUINAS Y EQUIPOS DE OFICINA","M","CASIO","FX-6300","","","","","","","","","","","","","","U","",""
"239","41","","742200500018","CALCULADORA CIENTIFICA","O/C N° 345-2004","25/10/2004","150.0","","","1503.020101","MAQUINAS Y EQUIPOS DE OFICINA","M","CASIO","FX-4000P","","","","","","","","","","","","","","U","",""
"240","41","","742203180007","CALCULADORA ELECTRICA","O/C N° 0602-1996","29/08/1996","141.9","","","1503.020101","MAQUINAS Y EQUIPOS DE OFICINA","M","CASIO","R7","S/T","BLANCO","222480","S/D","","","","","","","","","","D","",""
"241","41","","742203180019","CALCULADORA ELECTRICA","O/C N° 318-1991","31/12/1991","162.0","","","1503.020101","MAQUINAS Y EQUIPOS DE OFICINA","M","OLIVETTI","444","","VERDE","7189784","","","","","","","","","","","U","",""
"242","41","","742203180026","CALCULADORA ELECTRICA","O/C N° 380-2013","31/12/2021","429.0","","","1503.020101","MAQUINAS Y EQUIPOS DE OFICINA","M","CASIO","FX9860","S/T","NEGRO","S/S","S/D","","","","","","","","","","D","",""
"243","41","","746421520001","CAMA DE MADERA","O/C N° 46-1984","26/03/1984","55000.0","","","1503.020102","MOBILIARIO DE OFICINA","M","S/M","RUSTICO","S/T","MADERA","S/S","S/D","","","","","","","","","","D","",""
"244","41","","952214670001","CAMARA DE VIDEO","O/C N° 062-2004","30/01/2004","2627.0","","","1503.020303","EQUIPOS DE TELECOMUNICACIONES","R","","DCR-TRV351","","","","","","","","","","","","","","U","",""
"245","41","","952214700001","CAMARA DE VIDEO DIGITAL","O/C N° 343-2015","13/11/2015","1000.0","","","1503.020303","EQUIPOS DE TELECOMUNICACIONES","R","HIKVISION","DS-2CE16DTTT-A3","CAMARA DE VIGILANCIA","BLANCO","528315922","S/D","","","","","","","","","","U","",""
"246","41","","746422200001","CAMAROTE DE MADERA","SANEAR","31/12/2021","1.0","","","1503.020102","MOBILIARIO DE OFICINA","M","","CAMA DE METAL","","","","","","","","","","","","","","U","",""
"247","41","","462213410001","CARGADOR DE BATERIA EN GENERAL","SANEAR","31/12/2021","1.0","","","1503.020904","ELECTRICIDAD Y ELECTRONICA","M","S/M","S/M","2X80A","NEGRO","S/S","S/D","","","","","","","","","","U","",""
"248","41","","462213410002","CARGADOR DE BATERIA EN GENERAL","SANEAR","31/12/2021","1.0","","","1503.020904","ELECTRICIDAD Y ELECTRONICA","M","S/M","S/M","S/T","NEGRO","S/S","S/D","","","","","","","","","","U","",""
"249","41","","462213410003","CARGADOR DE BATERIA EN GENERAL","SANEAR","31/12/2021","1.0","","","1503.020904","ELECTRICIDAD Y ELECTRONICA","M","S/M","S/M","S/T","NEGRO","S/S","S/D","","","","","","","","","","U","",""
"250","41","","462213410004","CARGADOR DE BATERIA EN GENERAL","SANEAR","31/12/2021","1.0","","","1503.020904","ELECTRICIDAD Y ELECTRONICA","M","S/M","S/M","S/T","NEGRO","S/S","S/D","","","","","","","","","","U","",""
"251","41","","462213410006","CARGADOR DE BATERIA EN GENERAL","SANEAR","31/12/2021","1.0","","","1503.020904","ELECTRICIDAD Y ELECTRONICA","M","S/M","S/M","S/T","NEGRO","S/S","S/D","","","","","","","","","","U","",""
"252","41","","462213410007","CARGADOR DE BATERIA EN GENERAL","SANEAR","31/12/2021","1.0","","","1503.020904","ELECTRICIDAD Y ELECTRONICA","M","S/M","S/M","S/T","NEGRO","S/S","S/D","","","","","","","","","","U","",""
"253","41","","462213410008","CARGADOR DE BATERIA EN GENERAL","SANEAR","31/12/2021","1.0","","","1503.020904","ELECTRICIDAD Y ELECTRONICA","M","S/M","S/M","S/T","NEGRO","S/S","S/D","","","","","","","","","","U","",""
"254","41","","462213410009","CARGADOR DE BATERIA EN GENERAL","SANEAR","31/12/2021","1.0","","","1503.020904","ELECTRICIDAD Y ELECTRONICA","M","S/M","S/M","S/T","NEGRO","S/S","S/D","","","","","","","","","","U","",""
"255","41","","462213410010","CARGADOR DE BATERIA EN GENERAL","SANEAR","31/12/2021","1.0","","","1503.020904","ELECTRICIDAD Y ELECTRONICA","M","S/M","S/M","S/T","NEGRO","S/S","S/D","","","","","","","","","","U","",""
"256","41","","462213410011","CARGADOR DE BATERIA EN GENERAL","SANEAR","31/12/2021","1.0","","","1503.020904","ELECTRICIDAD Y ELECTRONICA","M","S/M","S/M","S/T","NEGRO","S/S","S/D","","","","","","","","","","U","",""
"257","41","","462213410012","CARGADOR DE BATERIA EN GENERAL","SANEAR","31/12/2021","1.0","","","1503.020904","ELECTRICIDAD Y ELECTRONICA","M","S/M","S/M","S/T","NEGRO","S/S","S/D","","","","","","","","","","U","",""
"258","41","","462213410013","CARGADOR DE BATERIA EN GENERAL","SANEAR","31/12/2021","1.0","","","1503.020904","ELECTRICIDAD Y ELECTRONICA","M","S/M","S/M","S/T","NEGRO","S/S","S/D","","","","","","","","","","U","",""
"259","41","","462213410014","CARGADOR DE BATERIA EN GENERAL","SANEAR","31/12/2021","1.0","","","1503.020904","ELECTRICIDAD Y ELECTRONICA","M","S/M","S/M","S/T","NEGRO","S/S","S/D","","","","","","","","","","U","",""
"260","41","","462213410015","CARGADOR DE BATERIA EN GENERAL","SANEAR","31/12/2021","1.0","","","1503.020904","ELECTRICIDAD Y ELECTRONICA","M","S/M","S/M","S/T","NEGRO","S/S","S/D","","","","","","","","","","U","",""
"261","41","","462213410016","CARGADOR DE BATERIA EN GENERAL","SANEAR","31/12/2021","1.0","","","1503.020904","ELECTRICIDAD Y ELECTRONICA","M","S/M","S/M","S/T","NEGRO","S/S","S/D","","","","","","","","","","U","",""
"262","41","","462213410017","CARGADOR DE BATERIA EN GENERAL","SANEAR","31/12/2021","1.0","","","1503.020904","ELECTRICIDAD Y ELECTRONICA","M","S/M","S/M","S/T","NEGRO","S/S","S/D","","","","","","","","","","U","",""
"263","41","","462213410018","CARGADOR DE BATERIA EN GENERAL","SANEAR","31/12/2021","1.0","","","1503.020904","ELECTRICIDAD Y ELECTRONICA","M","S/M","S/M","S/T","NEGRO","S/S","S/D","","","","","","","","","","U","",""
"264","41","","462213410019","CARGADOR DE BATERIA EN GENERAL","SANEAR","31/12/2021","1.0","","","1503.020904","ELECTRICIDAD Y ELECTRONICA","M","S/M","S/M","S/T","NEGRO","S/S","S/D","","","","","","","","","","U","",""
"265","41","","462213410020","CARGADOR DE BATERIA EN GENERAL","SANEAR","31/12/2021","1.0","","","1503.020904","ELECTRICIDAD Y ELECTRONICA","M","S/M","S/M","S/T","NEGRO","S/S","S/D","","","","","","","","","","U","",""
"266","41","","462213410021","CARGADOR DE BATERIA EN GENERAL","SANEAR","31/12/2021","1.0","","","1503.020904","ELECTRICIDAD Y ELECTRONICA","M","S/M","S/M","S/T","NEGRO","S/S","S/D","","","","","","","","","","U","",""
"267","41","","462213410022","CARGADOR DE BATERIA EN GENERAL","SANEAR","31/12/2021","1.0","","","1503.020904","ELECTRICIDAD Y ELECTRONICA","M","S/M","S/M","S/T","NEGRO","S/S","S/D","","","","","","","","","","U","",""
"268","41","","462213410023","CARGADOR DE BATERIA EN GENERAL","SANEAR","31/12/2021","1.0","","","1503.020904","ELECTRICIDAD Y ELECTRONICA","M","S/M","S/M","S/T","NEGRO","S/S","S/D","","","","","","","","","","U","",""
"269","41","","462213410024","CARGADOR DE BATERIA EN GENERAL","SANEAR","31/12/2021","1.0","","","1503.020904","ELECTRICIDAD Y ELECTRONICA","M","S/M","S/M","S/T","NEGRO","S/S","S/D","","","","","","","","","","M","",""
"270","41","","322218180001","COCINA A GAS","O/C N° 240-2015","21/08/2015","348.0","","","1503.020902","ASEO, LIMPIEZA Y COCINA","R","OROGAS","3 ORNILLAS","03 HORNILLAS","PLOMO","S/S","1.21X0.43X0.69","","","","","","","","","","U","",""
"271","41","","322225250003","COCINA ELECTRICA","SANEAR","31/12/2021","1.0","","","1503.020902","ASEO, LIMPIEZA Y COCINA","R","PREMIER","","02 HORNILLAS","","","","","","","","","","","","","U","",""
"272","41","","673616620005","COMPACTADOR VIBRATORIO TIPO PLANCHA","O/C N °6-00026-2009","23/11/2009","4200.0","","","1503.020999","MAQUINARIAS, EQUIPOS Y MOBILIARIOS DE OTRAS INSTALACIONES","M","KOHLER","PCFF/M8","AC67009","AMARILLO/NEGRO","3924000539","S/D","","","","","","","","","","D","",""
"273","41","","673616620017","COMPACTADOR VIBRATORIO TIPO PLANCHA","O/C 123-2013","21/03/2013","2650.0","","","1503.020999","MAQUINARIAS, EQUIPOS Y MOBILIARIOS DE OTRAS INSTALACIONES","R","HONDA","GX 270","COFERSA","","QH**JH177F","","","COLOR: ROJO/PLOMO","","","","","","","","U","",""
"274","41","","673616620018","COMPACTADOR VIBRATORIO TIPO PLANCHA","O/C 123-2013","21/03/2013","2650.0","","","1503.020999","MAQUINARIAS, EQUIPOS Y MOBILIARIOS DE OTRAS INSTALACIONES","M","HONDA","GX 270","COFERSA","ROJO/AMARILLO","JH177FGCADH0094830","S/D","","QH**JH177F","","","","","","","","U","",""
"275","41","","673616620022","COMPACTADOR VIBRATORIO TIPO PLANCHA","SANEAR","31/12/2021","1.0","","","1503.020999","MAQUINARIAS, EQUIPOS Y MOBILIARIOS DE OTRAS INSTALACIONES","R","DYNAMIC KOHLER","CH395T","","","PO-397-13 - (423240)","","","","","","","","","","","U","",""
"276","41","","673616620023","COMPACTADOR VIBRATORIO TIPO PLANCHA","SANEAR","31/12/2021","1.0","","","1503.020999","MAQUINARIAS, EQUIPOS Y MOBILIARIOS DE OTRAS INSTALACIONES","M","DYNAMIC KOHLER","CH395T","227CC","AMARILLO/NEGRO","PC-441-13 - (423202)","S/D","","","","","","","","","","D","",""
"277","41","","673616620024","COMPACTADOR VIBRATORIO TIPO PLANCHA","SANEAR","31/12/2021","1.0","","","1503.020999","MAQUINARIAS, EQUIPOS Y MOBILIARIOS DE OTRAS INSTALACIONES","R","DYNAMIC KOHLER","CH395T","S/T","NARANJA/NEGRO","4232027238","S/D","","","","","","","","","","U","",""
"278","41","","673616620028","COMPACTADOR VIBRATORIO TIPO PLANCHA","O/C N° 446-2013","10/07/2013","3096.0","","","1503.020999","MAQUINARIAS, EQUIPOS Y MOBILIARIOS DE OTRAS INSTALACIONES","R","DYNAMIC KOHLER","CH395T","S/T","AMARILLO ","4232407148","S/D","","","","","","","","","","U","",""
"279","41","","673616620032","COMPACTADOR VIBRATORIO TIPO PLANCHA","O/C N° 868-2013","03/12/2013","3356.0","","","1503.020999","MAQUINARIAS, EQUIPOS Y MOBILIARIOS DE OTRAS INSTALACIONES","R","MASALTA","MSH160-4","","","K1604121289","","","","","","","","","","","U","",""
"280","41","","672227260010","COMPRESORA DE AIRE","SANEAR","31/12/2021","1.0","","","1503.020906","EQUIPOS PARA VEHICULOS","M","KAILY","KL-7101","2.5 HP","AZUL","3560 RPM","S/D","","","","","","","","","","D","",""
"281","41","","740805000016","COMPUTADORA PERSONAL PORTATIL","O/C N°462-2016","23/12/2016","1985.74","","","1503.020301","EQUIPOS COMPUTACIONALES Y PERIFERICOS","B","HP","HP 240 G5","PORTATIL CORI 5","NEGRO","5CG62743D3","","","","","","","","","","","U","",""
"282","41","","740805000017","COMPUTADORA PERSONAL PORTATIL","O/C N° 476-2016","28/12/2016","5451.9","","","1503.020301","EQUIPOS COMPUTACIONALES Y PERIFERICOS","B","HP","PROBOOK 640 G2","PORTATIL CORE i7","NEGRO","A5CG6150KMW","","","","","","","","","","","U","",""
"283","41","","740805000018","COMPUTADORA PERSONAL PORTATIL","SANEAR","31/12/2021","1.0","","","1503.020301","EQUIPOS COMPUTACIONALES Y PERIFERICOS","B","HP","PROBOOK 450 G3","","NEGRO","5CD6390DJ2","","","","","","","","","","","U","",""
"284","41","","532222990002","CONCENTRADOR DE OXIGENO","SANEAR","31/12/2021","1.0","","","1503.020402","EQUIPO MEDICO","R","","","","","846251","","","","","","","","","","","U","",""
"285","41","","532222990004","CONCENTRADOR DE OXIGENO","SANEAR","31/12/2021","1.0","","","1503.020402","EQUIPO MEDICO","M","","","","","237943","","","","","","","","","","","U","",""
"286","41","","532222990005","CONCENTRADOR DE OXIGENO","SANEAR","31/12/2021","1.0","","","1503.020402","EQUIPO MEDICO","R","","","","","","","","","","","","","","","","U","",""
"287","41","","532222990006","CONCENTRADOR DE OXIGENO","SANEAR","31/12/2021","1.0","","","1503.020402","EQUIPO MEDICO","R","","","","","","","","","","","","","","","","U","",""
"288","41","","602223970002","COPA DE CASA GRANDE - LIMITE LIQUIDO","O/C Nª 114","10/07/2007","952.0","","","1503.020905","EQUIPOS E INSTRUMENTOS DE MEDICION","M","SOILTEST-TAMISA","TCPOO5","TCPOO5","PLOMO","950","S/D","","","","","","","","","","U","",""
"289","41","","602230480002","DETERMINADOR DE DENSIDAD","O/C Nª 000037","20/03/2012","490.0","","","1503.020905","EQUIPOS E INSTRUMENTOS DE MEDICION","R","FORNEY","S/M","S/T","COBRE","734","S/D","","","","","","","","","","U","",""
"290","41","","602230480003","DETERMINADOR DE DENSIDAD","O/C Nº 475-2013","16/07/2013","400.0","","","1503.020905","EQUIPOS E INSTRUMENTOS DE MEDICION","R","PYS","FORNEY","S/T","COBRE/BLANCO/NO","101","S/D","","","","","","","","","","U","",""
"291","41","","602230480006","DETERMINADOR DE DENSIDAD","SANEAR","31/12/2021","1.0","","","1503.020905","EQUIPOS E INSTRUMENTOS DE MEDICION","R","","","","","","","","","","","","","","","","U","",""
"292","41","","602231050001","DETERMINADOR DE HUMEDAD","O/C Nº 432-2012","18/12/2012","2500.0","","","1503.020905","EQUIPOS E INSTRUMENTOS DE MEDICION","R","PALIO - LEICA","NA 730","EQ. D TELETERMO","AZUL","5655347","S/D","","","","","","","","","","U","",""
"293","41","","675008200001","DOBLADORA DE TUBOS","SANEAR","31/12/2021","1.0","","","1503.020999","MAQUINARIAS, EQUIPOS Y MOBILIARIOS DE OTRAS INSTALACIONES","R","TRUPPER","","02/07/2015","","","","","","","","","","","","","U","",""
"294","41","","602234440002","ECLIMETRO","O/C N° 322-1996","28/04/1996","318.5","","","1503.020905","EQUIPOS E INSTRUMENTOS DE MEDICION","M","","","","","","","","","","","","","","","","U","",""
"295","41","","675009340001","EMPACADORA DE FORRAJE","O/C N° 087-1996","29/01/1996","24780.0","","","1503.020999","MAQUINARIAS, EQUIPOS Y MOBILIARIOS DE OTRAS INSTALACIONES","M","BAMFORD","SUPER 59","","","7403-0571","","","","","","","","","","","U","",""
"296","41","","462243540002","EQUIPO DE ALARMA Y PROTECCION","O/C N° 343-2015","13/11/2015","1459.0","","","1503.020904","ELECTRICIDAD Y ELECTRONICA","B","LONGHORN SISTEA","S/M","ANTIRROBO","BLANCO/PLOMO","S/S","S/D","","","","","","","","","","U","",""
"297","41","","952231860008","EQUIPO DE POSICIONAMIENTO - GPS","O/C N° 346-2015","18/11/2015","3150.0","","","1503.020303","EQUIPOS DE TELECOMUNICACIONES","B","GARMIN","MONTERRA","","","2TG024968","","","","","","","","","","","U","",""
"298","41","","952231860014","EQUIPO DE POSICIONAMIENTO - GPS","O/C N° 377-2015","31/12/2021","2250.0","","","1503.020303","EQUIPOS DE TELECOMUNICACIONES","R","GARMIN","OREGON 650T","NAVEGADOR","NEGRO/PLOMO","30D057913","S/D","","","","","","","","","","U","",""
"299","41","","952231860015","EQUIPO DE POSICIONAMIENTO - GPS","O/C Nº 479-2013","17/07/2023","1399.9","","","1503.020303","EQUIPOS DE TELECOMUNICACIONES","B","GARMIN","ETREX 30","DE MANO","NEGRO","","","","","","","","","","","","U","",""
"300","41","","952231860016","EQUIPO DE POSICIONAMIENTO - GPS","O/C Nº 479-2013","17/07/2023","1399.9","","","1503.020303","EQUIPOS DE TELECOMUNICACIONES","B","GARMIN","ETREX 30","DE MANO","NEGRO","","","","","","","","","","","","U","",""
"301","41","","042234770001","EQUIPO DE RIEGO POR ASPERSION","SANEAR","31/12/2021","1.0","","","1503.020502","EQUIPO DE USO AGRICOLA Y PESQUERO","M","","","","","","","","","","","","","","","","U","",""
"302","41","","042240480001","EQUIPO DE SOLDADURA","SANEAR","31/12/2021","1.0","","","1503.020906","EQUIPOS PARA VEHICULOS","M","S/M","S/M","S/T","ROJO","S/S","S/D","","","","","","","","","","D","",""
"303","41","1","042240480002","EQUIPO MULTIFUNCIONAL COPIADORA IMPRESORA SCANNER Y/O FAX","O/C N° 22-2014","17/02/2014","200.0","","","1503.020101","MAQUINAS Y EQUIPOS DE OFICINA","M","CANON","MG-2410","PIXMA","BLANCO","","","","","","","","","","20/11/2023 10:09:14","","U","DIEGO TORRES NINA","1"
"304","41","","042240480010","EQUIPO MULTIFUNCIONAL COPIADORA IMPRESORA SCANNER Y/O FAX","SANEAR","31/12/2021","1.0","","","1503.020101","MAQUINAS Y EQUIPOS DE OFICINA","B","","","","","","","","","","","","","","","","U","",""
"305","41","","042240480011","EQUIPO MULTIFUNCIONAL COPIADORA IMPRESORA SCANNER Y/O FAX","O/C N° 478-2016","28/12/2016","6853.64","","","1503.020101","MAQUINAS Y EQUIPOS DE OFICINA","M","KYOCERA","FS-6525MFP","MULTIFUNCIONAL","NEGRO/BLANCO","","","","","","","","","","","","U","",""
"306","41","","042240480012","EQUIPO PARA ANALISIS DE SUELOS","O/C Nº 139-2013","27/03/2013","172571.48","","","1503.020502","EQUIPO DE USO AGRICOLA Y PESQUERO","M","S/M","S/M","S/T","PLOMO","S/S","S/D","","","","","","","","","","U","",""
"307","41","","042240480020","EQUIPO PARA ANALISIS DE SUELOS","SANEAR","31/12/2021","1.0","","","1503.020502","EQUIPO DE USO AGRICOLA Y PESQUERO","R","S/M","S/M","S/T","PLOMO","S/S","S/D","","","","","","","","","","U","",""
"308","41","","042240480021","EQUIPO PARA ANALISIS DE SUELOS","SANEAR","31/12/2021","1.0","","","1503.020502","EQUIPO DE USO AGRICOLA Y PESQUERO","R","","","MORTERO PEQUEÑO","BLANCO","","","","","","","","","","","","U","",""
"309","41","","042240480028","EQUIPO PARA ANALISIS DE SUELOS","SANEAR","31/12/2021","1.0","","","1503.020502","EQUIPO DE USO AGRICOLA Y PESQUERO","R","FORNEY","TAMIZ NRO 200","CIRCULAR","BRONCE","200BS8F6250570","","","","","","","","","","","U","",""
"310","41","","046427500001","EQUIPO PARA ANALISIS DE SUELOS","SANEAR","31/12/2021","1.0","","","1503.020502","EQUIPO DE USO AGRICOLA Y PESQUERO","R","FORNEY","TAMIZ NRO 200","CIRCULAR","PLATEDO","","","","","","","","","","","","U","",""
"311","41","","046436500009","EQUIPO PARA ANALISIS DE SUELOS","SANEAR","31/12/2021","1.0","","","1503.020502","EQUIPO DE USO AGRICOLA Y PESQUERO","B","ORION","5.5LBS","","","","","","","","","","","","","","U","",""
"312","41","","046436500010","EQUIPO PARA ANALISIS DE SUELOS","SANEAR","31/12/2021","1.0","","","1503.020502","EQUIPO DE USO AGRICOLA Y PESQUERO","M","","","PROBETA 500ML","","","","","","","","","","","","","U","",""
"313","41","","046436500052","EQUIPO PARA ANALISIS DE SUELOS","SANEAR","31/12/2021","1.0","","","1503.020502","EQUIPO DE USO AGRICOLA Y PESQUERO","R","","PROBETA 25ML","","","","","","","","","","","","","","U","",""
"314","41","","046436500053","EQUIPO PARA PRUEBA CBR","SANEAR","31/12/2021","1.0","","","1503.020905","EQUIPOS E INSTRUMENTOS DE MEDICION","R","FORNEY","","","PLOMO","110","","","","","","","","","","","U","",""
"315","41","","046436500054","ESCALERA METALICA","O/C Nº 156","14/06/2016","880.0","","","1503.020102","MOBILIARIO DE OFICINA","M","S/M","S/M","8 PELDAÑOS","ALUMINIO","S/S","S/D","","","","","","","","","","D","",""
"316","41","","046436500058","ESCLEROMETRO PARA PRUEBA DE CONCRETO","O/C N° 470-2011","09/12/2011","3800.0","","","1503.020905","EQUIPOS E INSTRUMENTOS DE MEDICION","R","INTERNATIONAL","","","","1M0903","","","","","","","","","","","U","",""
"317","41","","046436500065","ESCRITORIO DE MADERA","O/C Nº 199","30/05/1997","230.0","","","1503.020102","MOBILIARIO DE OFICINA","M","S/M","S/M","S/T","CAFE","S/S","1.01X0.40X0.7","","","","","","","","","","D","",""
"318","41","","046436500066","ESCRITORIO DE MADERA","SANEAR","31/12/2021","1.0","","","1503.020102","MOBILIARIO DE OFICINA","M","","1 PUERTA","","","","","","","","","","","","","","U","",""
"319","41","","046436500085","ESCRITORIO DE MADERA","SANEAR","31/12/2021","1.0","","","1503.020102","MOBILIARIO DE OFICINA","R","S/M","S/M","S/T","CAFE","S/S","1.25X0.64X0.85","","","","","","","","","","U","",""
"320","41","","046436500101","ESCRITORIO DE MADERA","SANEAR","31/12/2021","1.0","","","1503.020102","MOBILIARIO DE OFICINA","M","S/M","S/M","S/T","CAFE","S/S","0.60X0.90.X0.75","","","","","","","","","","D","",""
"321","41","","046436500105","ESCRITORIO DE MADERA","O/C N° 18-1984","10/02/1984","130000.0","","","1503.020102","MOBILIARIO DE OFICINA","M","","","","","","","","","","","","","","","","U","",""
"322","41","","046436500106","ESCRITORIO DE MADERA","SANEAR","31/12/2021","1.0","","","1503.020102","MOBILIARIO DE OFICINA","M","","","","","","1.54X0.45X0.74","","","","","","","","","","U","",""
"323","41","","046436500107","ESCRITORIO DE MADERA","O/C N° 08-1984","25/01/1984","249900.0","","","1503.020102","MOBILIARIO DE OFICINA","M","","","","","","","","","","","","","","","","U","",""
"324","41","","046436500108","ESCRITORIO DE MADERA","O/C N° 08-1984","25/01/1984","249900.0","","","1503.020102","MOBILIARIO DE OFICINA","M","","","","","","","","","","","","","","","","U","",""
"325","41","","042271890001","ESCRITORIO DE MADERA","SANEAR","31/12/2021","1.0","","","1503.020102","MOBILIARIO DE OFICINA","M","S/M","S/M","S/T","CAFE","S/S","1.26X0.74X0.75","","","","","","","","","","D","",""
"326","41","","042278560001","ESCRITORIO DE MADERA","SANEAR","31/12/2021","1.0","","","1503.020102","MOBILIARIO DE OFICINA","M","","","","","","","","","","","","","","","","U","",""
"327","41","","042291880001","ESCRITORIO DE MADERA","SANEAR","31/12/2021","1.0","","","1503.020102","MOBILIARIO DE OFICINA","M","","","","","","","","","","","","","","","","U","",""
"328","41","","046482620001","ESCRITORIO DE MADERA","SANEAR","31/12/2021","1.0","","","1503.020102","MOBILIARIO DE OFICINA","M","","","","","","","","","","","","","","","","U","",""
"329","41","","042240480004","ESCRITORIO DE MADERA","O/C N° 266-2015","08/09/2015","720.0","","","1503.020102","MOBILIARIO DE OFICINA","R","","","","MADERA","","","","","","","","","","","","U","",""
"330","41","","046436500001","ESCRITORIO DE MELAMINA","O/C N° 6-00127","30/09/2010","650.0","","","1503.020102","MOBILIARIO DE OFICINA","B","","","","","","","","","","","","","","","","U","",""
"331","41","","046436500002","ESCRITORIO DE METAL","SANEAR","31/12/2021","1.0","","","1503.020102","MOBILIARIO DE OFICINA","M","S/M","S/M","S/T","PLOMO/CAFE/NEGO","S/S","1.20X0.29X0.75","","","","","","","","","","D","",""
"332","41","","046436500004","ESCRITORIO DE METAL","SANEAR","31/12/2021","1.0","","","1503.020102","MOBILIARIO DE OFICINA","M","S/M","3 GAVETAS","S/T","BEIGE/NEGRO","S/S","1.54X0.45X0.74","","","","","","","","","","U","",""
"333","41","","046436500006","ESCRITORIO DE METAL","O/C N° 161-1996","29/02/1996","255.0","","","1503.020102","MOBILIARIO DE OFICINA","R","S/M","4 GAVETAS","S/T","PLOMO/NEGRO","S/S","0.73X1.20X0.74","","","","","","","","","","U","",""
"334","41","","046436500007","ESCRITORIO DE METAL","SANEAR","31/12/2021","1.0","","","1503.020102","MOBILIARIO DE OFICINA","M","","","","NEGRO/CAFÉ","","","","","","","","","","","","U","",""
"335","41","","046436500011","ESMERIL ELECTRICO","SANEAR","31/12/2021","1.0","","","1503.020906","EQUIPOS PARA VEHICULOS","R","","BENCH GRINGER","","VERDE","PZ0830","","","","","","","","","","","U","",""
"336","41","","046436500012","ESTABILIZADOR","SANEAR","31/12/2021","1.0","","","1503.020904","ELECTRICIDAD Y ELECTRONICA","M","DUAL PLUS","600-DP-4","","BLANCO","","","","","","","","","","","","U","",""
"337","41","","046436500014","ESTABILIZADOR","O/C N° 298-2012","06/11/2012","61.37","","","1503.020904","ELECTRICIDAD Y ELECTRONICA","R","ELISE","FES 10 FASE","SOLIDO","BLANCO","12050778","S/D","","","","","","","","","","U","",""
"338","41","","046436500015","ESTABILIZADOR","O/C N° 000175-2013","19/04/2013","58.56","","","1503.020904","ELECTRICIDAD Y ELECTRONICA","M","FES","FES10","301","BLANCO","12051696","S/D","","","","","","","","","","D","",""
"339","41","","046436500016","ESTABILIZADOR","O/C N° 352-2011","13/10/2011","57.12","","","1503.020904","ELECTRICIDAD Y ELECTRONICA","M ","CDP","S/M","S/T","BLANCO / PLOMO","S/S","S/D","","","","","","","","","","D","",""
"340","41","","046436500017","ESTABILIZADOR","SANEAR","31/12/2021","1.0","","","1503.020904","ELECTRICIDAD Y ELECTRONICA","M","SOLE","NSB200D1","S/T","BLANCO","S/S","S/D","","","","","","","","","","U","",""
"341","41","","046436500018","ESTABILIZADOR","SANEAR","31/12/2021","1.0","","","1503.020904","ELECTRICIDAD Y ELECTRONICA","M","EF-10","S/M","S/T","BLANCO","S/S","S/D","","","","","","","","","","U","",""
"342","41","","046436500019","ESTABILIZADOR","O/C N° 0-00033-2010","26/02/2010","199.74","","","1503.020904","ELECTRICIDAD Y ELECTRONICA","R","AVR","AVR OUTLLEAS","","NEGRO","1.21E+15","","","","","","","","","","","U","",""
"343","41","","046436500020","ESTABILIZADOR","SANEAR","31/12/2021","1.0","","","1503.020904","ELECTRICIDAD Y ELECTRONICA","R","","","","","","","","","","","","","","","","U","",""
"344","41","","046436500021","ESTABILIZADOR","SANEAR","31/12/2021","1.0","","","1503.020904","ELECTRICIDAD Y ELECTRONICA","M","BELTRON","","CDP","ROJO","","","","","","","","","","","","U","",""
"345","41","","046436500022","ESTABILIZADOR","SANEAR","31/12/2021","1.0","","","1503.020904","ELECTRICIDAD Y ELECTRONICA","R","FX EVOLUTION","FXE-1000","","NEGRO","","","","","","","","","","","","U","",""
"346","41","","046436500023","ESTABILIZADOR","SANEAR","31/12/2021","1.0","","","1503.020904","ELECTRICIDAD Y ELECTRONICA","R","AVR","OUTLETS","","NEGRO","091106*05201619","","","","","","","","","","","U","",""
"347","41","","046436500024","ESTABILIZADOR","O/C N° 132-1999","31/12/2021","167.5","","","1503.020904","ELECTRICIDAD Y ELECTRONICA","R","SOLIDO - 4","FES-10","220/110","BLANCO","12080793","S/D","","","","","","","","","","U","",""
"348","41","","046436500025","ESTABILIZADOR","O/C N° 9-00001-2010","26/02/2010","199.74","","","1503.020904","ELECTRICIDAD Y ELECTRONICA","R","CDP","AVR OUTLETS","","NEGRO","1.21E+15","","","","","","","","","","","U","",""
"349","41","","046436500026","ESTABILIZADOR","SANEAR","31/12/2021","1.0","","","1503.020904","ELECTRICIDAD Y ELECTRONICA","R","ALLIED","SL8320BTX","","PLOMO","","","","","","","","","","","","U","",""
"350","41","","046436500027","ESTABILIZADOR","O/C N° 061-1997","25/09/1197","178.22","","","1503.020904","ELECTRICIDAD Y ELECTRONICA","M","ANVIL","DUAL PLUS","S/T","BLANCO/ROJO","S/S","S/D","","","","","","","","","","D","",""
"351","41","","046436500028","ESTACION TOTAL","O/C Nº 001","10/01/2013","29237.0","","","1503.020905","EQUIPOS E INSTRUMENTOS DE MEDICION","R","LEICA","TSO6POWER 2","S/T","VERDE/BLANCO","13527813","S/D","","","","","","esta es una estacion total","","","","U","",""
"352","41","","046436500029","ESTACION TOTAL","SANEAR","31/12/2021","1.0","","","1503.020905","EQUIPOS E INSTRUMENTOS DE MEDICION","R","LEICA","2440-12","S/T","VERDE/PLOMO","1314379","S/D","","","","","","","","","","U","",""
"353","41","","046436500030","ESTANTE ARCHIVADOR DE MELAMINA","SANEAR","31/12/2021","1.0","","","1503.020102","MOBILIARIO DE OFICINA","R","S/M","S/M","S/T","CAOBA/NEGRO","","1.80X1.00X0.30","","","","","","","","","","U","",""
"354","41","","046436500031","ESTANTE DE MADERA","O/C N° 89-00057-2010","31/03/2010","500.0","","","1503.020102","MOBILIARIO DE OFICINA","R","S/M","2 GAVETAS 5 NIV","S/T","CAFE","S/S","1.00X0.30X2.20","","","","","","","","","","U","",""
"355","41","","046436500036","ESTANTE DE MADERA","O/C N° 0700-1996","29/11/1996","240.0","","","1503.020102","MOBILIARIO DE OFICINA","M","","4 CUERPOS","COLGANTE","","","","","","","","","","","","","U","",""
"356","41","","046436500038","ESTANTE DE MELAMINA","SANEAR","31/12/2021","1.0","","","1503.020102","MOBILIARIO DE OFICINA","B","","","","","","","","","","","","","","","","U","",""
"357","41","","046436500039","ESTANTE DE MELAMINA","SANEAR","31/12/2021","1.0","","","1503.020102","MOBILIARIO DE OFICINA","B","","","","","","","","","","","","","","","","U","",""
"358","41","","046436500040","ESTANTE DE MELAMINA","SANEAR","31/12/2021","1.0","","","1503.020102","MOBILIARIO DE OFICINA","M","","","","","","","","","","","","","","","","U","",""
"359","41","","046436500041","ESTANTE DE METAL","SANEAR","31/12/2021","1.0","","","1503.020102","MOBILIARIO DE OFICINA","R","","","","","","","","","","","","","","","","U","",""
"360","41","","046436500047","ESTANTE DE METAL","SANEAR","31/12/2021","1.0","","","1503.020102","MOBILIARIO DE OFICINA","M","S/M","S/M","S/T","PLOMO","S/S","100X0.60X140","","","","","","","","","","D","",""
"361","41","","046436500050","ESTANTE DE METAL","SANEAR","31/12/2021","1.0","","","1503.020102","MOBILIARIO DE OFICINA","R","S/M","5 NIVELES 3DIV","ANDAMIO","PLOMO/BLANCO","S/S","S/D","","","","","","","","","","U","",""
"362","41","","046436500059","ESTANTE DE METAL","SANEAR","31/12/2021","1.0","","","1503.020102","MOBILIARIO DE OFICINA","R","","","","PLOMO","","","","","","","","","","","","U","",""
"363","41","","046436500099","ESTANTE DE METAL","SANEAR","31/12/2021","1.0","","","1503.020102","MOBILIARIO DE OFICINA","R","","5 NIVELES","","PLOMO","","1 DIVISION","","","","","","","","","","U","",""
"364","41","","046436500062","ESTANTE DE METAL","SANEAR","31/12/2021","1.0","","","1503.020102","MOBILIARIO DE OFICINA","M","","ANDAMIO","","","","","","","","","","","","","","U","",""
"365","41","","046436500103","ESTANTE DE METAL","SANEAR","31/12/2021","1.0","","","1503.020102","MOBILIARIO DE OFICINA","R","","5 NIVELES","","PLOMO/BLANCO","","","","","","","","","","","","U","",""
"366","41","","046436500091","ESTANTE DE METAL","SANEAR","31/12/2021","1.0","","","1503.020102","MOBILIARIO DE OFICINA","M","","ANDAMIO","","","","","","","","","","","","","","U","",""
"367","41","","046436500049","ESTANTE DE METAL","SANEAR","31/12/2021","1.0","","","1503.020102","MOBILIARIO DE OFICINA","M","","ANDAMIO","","","","","","","","","","","","","","U","",""
"368","41","","042240480003","ESTANTE DE METAL","SANEAR","31/12/2021","1.0","","","1503.020102","MOBILIARIO DE OFICINA","M","","","","PLOMO","","","","","","","","","","","","U","",""
"369","41","","042240480005","ESTANTE DE METAL","SANEAR","31/12/2021","1.0","","","1503.020102","MOBILIARIO DE OFICINA","R","S/M","4 NIVELES 1 DIV","ANDAMIO","PLOMO","S/S","S/D","","","","","","","","","","U","",""
"370","41","","042240480006","ESTUFA","SANEAR","31/12/2021","1.0","","","1503.020402","EQUIPO MEDICO","M","","","","ROJO","","","","","","","","","","","","U","",""
"371","41","","042240480007","ESTUFA ELECTRICA","O/C N° 440-1997","29/08/1997","253.0","","","1503.020902","ASEO, LIMPIEZA Y COCINA","M","DELONGHI","IMACO","NEA","NEGRO","54703","S/D","","","","","","","","","","U","",""
"372","41","","042240480008","ESTUFA ELECTRICA","O/C N° 421-2012","17/12/2012","159.0","","","1503.020902","ASEO, LIMPIEZA Y COCINA","M","CONTINENTAL","CE49112","","BLANCO","","","","","","","","","","","","U","",""
"373","41","","042240480009","EXTINTOR","O/C N° 143-2015","03/07/2015","120.0","","","1503.020903","SEGURIDAD INDUSTRIAL","M","ABC","S/M","POLVO SECO","ROJO","S/S","S/D","","","","","","","","","","U","",""
"374","41","","042240480015","FILMADORA","SANEAR","31/12/2021","1.0","","","1503.020303","EQUIPOS DE TELECOMUNICACIONES","M","SONY","DCR-SR42","FILMADORA","PLOMO","950546","","","","","","","","","","","U","",""
"375","41","","042240480016","FUENTE DE PODER","SANEAR","31/12/2021","1.0","","","1503.020904","ELECTRICIDAD Y ELECTRONICA","R","","Nov-15","","","","","","","","","","","","","","U","",""
"376","41","","042240480017","FUENTE DE PODER","SANEAR","31/12/2021","1.0","","","1503.020904","ELECTRICIDAD Y ELECTRONICA","R","","","","","","","","","","","","","","","","U","",""
"377","41","","042240480018","FUENTE DE PODER","SANEAR","31/12/2021","1.0","","","1503.020904","ELECTRICIDAD Y ELECTRONICA","R","CYBERLINK","ATX-580W","","PLOMO","","","","","","","","","","","","U","",""
"378","41","","042240480019","FUENTE DE PODER","SANEAR","31/12/2021","1.0","","","1503.020904","ELECTRICIDAD Y ELECTRONICA","M","CYBERTEL","SXZW/500","","PLOMO","","","","","","","","","","","","U","",""
"379","41","","042240480022","GATA HIDRAULICA DE ALUMINIO PARA RESCATE","O/C N° 730-1996","11/12/1996","220.0","","","1503.020906","EQUIPOS PARA VEHICULOS","R","","20 TONELADAS","","","8511","","","","","","","","","","","U","",""
"380","41","","042240480023","GATAS EN GENERAL","O/C Nº 316","30/06/1995","285.0","","","1503.020906","EQUIPOS PARA VEHICULOS","M","NIKE","","GATAS EN GENERL","AZUL","","","","","","","","","","","","U","",""
"381","41","","042240480024","GATAS EN GENERAL","O/C N° 125-2015","23/06/2015","1850.0","","","1503.020906","EQUIPOS PARA VEHICULOS","M","TRUPPER","5 TONELADAS","","ROJO/NARANJA/PO","","","","","","","","","","","","U","",""
"382","41","","042240480025","GENERADOR (OTROS)","O/C N° 274-1993","31/12/1993","1831.64","","","1503.020904","ELECTRICIDAD Y ELECTRONICA","M","HONDA","GX-140","EB-1800X","ROJO","2566835","S0","","","","","","","","","","U","",""
"383","41","","042240480026","GENERADOR (OTROS)","O/C Nº 3","08/01/2014","6850.0","","","1503.020904","ELECTRICIDAD Y ELECTRONICA","R","HONDA GX","ED9*JH188F","GEN. ELECTRICO","AZUL","","","","","","","","","","","","U","",""
"384","41","","042240480027","GENERADOR (OTROS)","O/C N° 454-2015","16/12/2015","3350.0","","","1503.020904","ELECTRICIDAD Y ELECTRONICA","R","HONDA GX","EP 2500 CX","","ROJO","4641681","","","","","","","","","","","U","",""
"385","41","","042204310001","GENERADOR (OTROS)","O/C N° 405-2012","12/12/2012","4880.0","","","1503.020904","ELECTRICIDAD Y ELECTRONICA","R","HONDA GX","EG 5000CX","S/T","ROJO","23205","S/D","","","","","","","","","","U","",""
"386","41","","042206210001","GENERADOR EOLICO","SANEAR","31/12/2021","1.0","","","1503.020906","EQUIPOS PARA VEHICULOS","M","HONDA","GX390","","ROJO","ED9X JH188F GCAFH 08","","","","","","","","","","","U","",""
"387","41","","042206210002","GENERADOR EOLICO","O/C N° 132-2013","26/03/2013","2600.0","","","1503.020906","EQUIPOS PARA VEHICULOS","R","HONDA","EP2500CX","GENERADOR","ROJO","EAMC-1294414","","","","","","","","","","","U","",""
"388","41","","042206210003","GRUPO ELECTROGENO","SANEAR","31/12/2021","1.0","","","1503.020904","ELECTRICIDAD Y ELECTRONICA","M","","326431","","","635935","","","","","","","","","","","U","",""
"389","41","","042206210004","IMPRESORA (OTRAS)","O/C N° 0253-2007","11/12/2007","478.0","","","1503.020301","EQUIPOS COMPUTACIONALES Y PERIFERICOS","M","HP","LASER JET 1020","S/T","BLANCO","BRCS787G2Q","S/D","","","","","","","","","","D","",""
"390","41","","042240480013","IMPRESORA (OTRAS)","O/C N° 6-00046-2009","27/11/2009","290.0","","","1503.020301","EQUIPOS COMPUTACIONALES Y PERIFERICOS","M","HP","MULTIFUNCIONAL","INYECCION DE TA","NEGRO","S/S","S/D","","","","","","","","","","D","",""
"391","41","","046436500048","IMPRESORA (OTRAS)","SANEAR","31/12/2021","1.0","","","1503.020301","EQUIPOS COMPUTACIONALES Y PERIFERICOS","M","","","","","","","","","","","","","","","","U","",""
"392","41","","046436500077","IMPRESORA (OTRAS)","O/C N° 0-00034-2010","22/02/2010","475.0","","","1503.020301","EQUIPOS COMPUTACIONALES Y PERIFERICOS","R","HP","LASERJET P1006","CE847A","","BRBGFC7DM1V","","","","","","","","","","","U","",""
"393","41","","046436500088","IMPRESORA (OTRAS)","SANEAR","31/12/2021","1.0","","","1503.020301","EQUIPOS COMPUTACIONALES Y PERIFERICOS","M","CANON","","","","KJACO9441","","","","","","","","","","","U","",""
"394","41","","046436500089","IMPRESORA (OTRAS)","O/C Nª 0-00091","31/03/2010","1035.0","","","1503.020301","EQUIPOS COMPUTACIONALES Y PERIFERICOS","M","HP","LASERJET M1319P","","","CNJ8B18381","","","","","","","","","","","U","",""
"395","41","","046436500090","IMPRESORA (OTRAS)","O/C N° 465-2016","23/12/2016","22350.5","","","1503.020301","EQUIPOS COMPUTACIONALES Y PERIFERICOS","R","KYOCERA","TASKALFA  3511I","MONOCROMATICA","NEGRO","3511I1102RH4US0","","","","","","","","","","","U","",""
"396","41","","046436500092","IMPRESORA (OTRAS)","SANEAR","31/12/2021","1.0","","","1503.020301","EQUIPOS COMPUTACIONALES Y PERIFERICOS","R","EPSON","L575","C463C","NEGRO","14431","","","","","","","","","","","U","",""
"397","41","","046436500093","IMPRESORA (OTRAS)","O/C N° 87-2019","25/07/2019","1241.55","","","1503.020301","EQUIPOS COMPUTACIONALES Y PERIFERICOS","R","EPSON","ECOTANK L6171","INYECCION DE TINTA","NEGRO","X4ET009353","","","","","","","","","","","U","",""
"398","41","","046436500094","IMPRESORA A INYECCION DE TINTA","O/C N° 190-2003","28/03/2003","448.0","","","1503.020301","EQUIPOS COMPUTACIONALES Y PERIFERICOS","M","HP","DESKJET 3820","S/T","AZUL/PLOMO","S/S","S/D","","","","","","","","","","D","",""
"399","41","","046436500095","IMPRESORA A INYECCION DE TINTA","O/C N° 69-2018","21/05/2018","946.01","","","1503.020301","EQUIPOS COMPUTACIONALES Y PERIFERICOS","R","EPSON","L 575","MULTIFUNCIONAL","NEGRO","W9AY109973","S/D","","","","","","","","","","U","",""
"400","41","","042204310002","IMPRESORA LASER","O/C N° 364-2004","29/10/2004","1656.0","","","1503.020301","EQUIPOS COMPUTACIONALES Y PERIFERICOS","M","HP","LASERJET 1300","","BLANCO","","","","","","","","","","","","U","",""
"401","41","","046436500013","IMPRESORA LASER","O/C N° 385-2004","30/10/2004","680.0","","","1503.020301","EQUIPOS COMPUTACIONALES Y PERIFERICOS","M","HP","CE658A","S/T","NEGRO","BRBSF1RMOS","S/D","","","","","","","","","","D","",""
"402","41","","046436500037","IMPRESORA LASER","SANEAR","31/12/2021","1.0","","","1503.020301","EQUIPOS COMPUTACIONALES Y PERIFERICOS","R","HP","CE658A","","NEGRO","BRB5F7PNKT","","","","","","","","","","","U","",""
"403","41","","046436500042","INTERCOMUNICADOR","SANEAR","31/12/2021","1.0","","","1503.020303","EQUIPOS DE TELECOMUNICACIONES","M","PANASONIC","RJ-380","","NEGRO","1234","","","","","","","","","","","U","",""
"404","41","","046436500044","INTERCOMUNICADOR","SANEAR","31/12/2021","1.0","","","1503.020303","EQUIPOS DE TELECOMUNICACIONES","M","PANASONIC","RJ-380","","NEGRO","1234","","","","","","","","","","","U","",""
"405","41","","046436500045","INTERCOMUNICADOR","O/C N° 093-1991","10/01/1991","40.0","","","1503.020303","EQUIPOS DE TELECOMUNICACIONES","M","COMAX","WI-2CN","S/T","BLANCO","S/S","S/D","","","","","","","","","","D","",""
"406","41","","042206210005","INTERCOMUNICADOR","SANEAR","31/12/2021","1.0","","","1503.020303","EQUIPOS DE TELECOMUNICACIONES","M","","RJ- 380","","","1491","","","","","","","","","","","U","",""
"407","41","","042206210006","INTERCOMUNICADOR","SANEAR","31/12/2021","1.0","","","1503.020303","EQUIPOS DE TELECOMUNICACIONES","M","MOTOROLA","","","NEGRO/VERDE","","","","","","","","","","","","U","",""
"408","41","","042240480014","JUEGO DE TAMICES","O/C N° 037-2012","20/03/2012","204.0","","","1503.020501","MOBILIARIO DE USO AGRICOLA Y PESQUERO","M","TAMIEQUIPOS LTDA","TAMIZ NRO 200","TAMIZ DE ACERO""","PLOMO","S/S","S/D","","","","","","","","","","U","",""
"409","41","","046436500003","LAMPARA TIPO PETROMAX","O/C N° 322-1995","30/06/1995","485.0","","","1503.020906","EQUIPOS PARA VEHICULOS","M","COLLEMAN","S/M","S/T","PLOMO","S/S","S/D","","","","","","","","","ALUMINIO","D","",""
"410","41","","046436500005","LAMPARA TIPO PETROMAX","O/C N° 322-1995","30/06/1995","485.0","","","1503.020906","EQUIPOS PARA VEHICULOS","M","COLLEMAN","","","ALUMINIO/ROJO","","","","","","","","","","","","U","",""
"411","41","","046436500008","LAMPARA TIPO PETROMAX","O/C N° 178-1993","30/10/1993","65.0","","","1503.020906","EQUIPOS PARA VEHICULOS","M","PETROMAX","RAPID","","ALUMINIO/AZUL","","","","","","","","","","","","U","",""
"412","41","","046436500032","MAQUINA ANILLADORA PERFORADORA","O/C Nª 013-C-2004","22/07/2004","700.0","","","1503.020101","MAQUINAS Y EQUIPOS DE OFICINA","M","ESPIRAMATIC","S/M","S/T","PLOMO PLATA","S/S","S/D","","","","","","","","","","D","",""
"413","41","","046436500033","MAQUINA CORTADORA (OTRAS)","O/C N° 20-2019","26/03/2019","305.0","","","1503.020999","MAQUINARIAS, EQUIPOS Y MOBILIARIOS DE OTRAS INSTALACIONES","M","","","CIRCULAR","","","","","","","","","","","","","U","",""
"414","41","","046436500034","MAQUINA DE ESCRIBIR ELECTRICA","SANEAR","31/12/2021","1.0","","","1503.020101","MAQUINAS Y EQUIPOS DE OFICINA","M","ERIKA","128-1266","","BLANCO/NEGRO","253530","","","","","","","","","","","U","",""
"415","41","","046436500035","MAQUINA DE ESCRIBIR ELECTRICA","SANEAR","31/12/2021","1.0","","","1503.020101","MAQUINAS Y EQUIPOS DE OFICINA","M","FACIT","1742/6479","","BLANCO/NEGRO","619896101","","","","","","","","","","","U","",""
"416","41","","046436500043","MAQUINA DE ESCRIBIR ELECTRICA","SANEAR","31/12/2021","1.0","","","1503.020101","MAQUINAS Y EQUIPOS DE OFICINA","M","OLIVETI","TEKENE-4","","","6677274 205 ESP","","","","","","","","","","","U","",""
"417","41","","046436500046","MAQUINA DE ESCRIBIR ELECTRICA","SANEAR","31/12/2021","1.0","","","1503.020101","MAQUINAS Y EQUIPOS DE OFICINA","M","TRIUMPH","ELECTRIC","51D","BLANCO","","","","","","","","","","","","U","",""
"418","41","","046436500051","MAQUINA DE ESCRIBIR MECANICA","SANEAR","31/12/2021","1.0","","","1503.020101","MAQUINAS Y EQUIPOS DE OFICINA","M","OLYMPIA","S/M","S/T","BLANCO/PLOMO","62497932 DE 130 ESP.","S/D","","","","","","","","","","D","",""
"419","41","","046436500055","MAQUINA DE SOLDAR","SANEAR","31/12/2021","1.0","","","1503.020999","MAQUINARIAS, EQUIPOS Y MOBILIARIOS DE OTRAS INSTALACIONES","M","S/M","BX3-SHT","S/T","PLOMO","868706","S/D","","","","","","","","","","U","",""
"420","41","","046436500056","MAQUINA DE SOLDAR","SANEAR","31/12/2021","1.0","","","1503.020999","MAQUINARIAS, EQUIPOS Y MOBILIARIOS DE OTRAS INSTALACIONES","R","TRUPPER","","","","","","","","","","","","","","","U","",""
"421","41","","046436500057","MAQUINA MOLEDORA DE CARNE","SANEAR","31/12/2021","1.0","","","1503.020999","MAQUINARIAS, EQUIPOS Y MOBILIARIOS DE OTRAS INSTALACIONES","M","","KM-2","","","1-1 380V","","","","","","","","","","","U","",""
"422","41","","046436500060","MAQUINA SUMADORA","O/C N° 131-1994","30/06/1994","352.0","","","1503.020101","MAQUINAS Y EQUIPOS DE OFICINA","M","REMINGTON 2000","SPERRY RAND","S/T","VERDE/AMARILLO","66261","S/D","","","","","","","","","","D","",""
"423","41","","046436500061","MARTILLO DE SCHMIDT","SANEAR","31/12/2021","1.0","","","1503.020905","EQUIPOS E INSTRUMENTOS DE MEDICION","R","BOSCH","GBH11DE","MARTILLO DE SC","VERDE/ OSCURO","","","","","","","","","","","","U","",""
"424","41","","046436500063","MARTILLO DE SCHMIDT","SANEAR","31/12/2021","1.0","","","1503.020905","EQUIPOS E INSTRUMENTOS DE MEDICION","R","BOSCH","GBH11DE","MARTILLO DE SC","VERDE/ OSCURO","305000724","","","","","","","","","","","U","",""
"425","41","","046436500064","MARTILLO DEMOLEDOR ELECTRICO","O/C N° 165-2019","20/12/2019","7800.0","","","1503.020906","EQUIPOS PARA VEHICULOS","M","BOSCH","GBH-1252D","S/T","VERDE/PLOMO","121000209","S/D","","","","","","","","","","D","",""
"426","41","","046436500067","MEDIDOR (OTROS)","O/C N° 3-00089-2009","04/09/2009","22600.0","","","1503.020905","EQUIPOS E INSTRUMENTOS DE MEDICION","M","SCHWYZ","PH RANG","","ROJO","6409161","","","","","","","","","","","U","",""
"427","41","","046436500068","MESA DE MADERA","SANEAR","31/12/2021","1.0","","","1503.020102","MOBILIARIO DE OFICINA","R","","","","BLANCO/CAFÉ","","","","","","","","","","","","U","",""
"428","41","","046436500069","MESA DE MADERA","O/C N° 0700-1996","29/11/1996","180.0","","","1503.020102","MOBILIARIO DE OFICINA","R","","AUXILIAR","","BLANCO Y CAFÉ","","","","","","","","","","","","U","",""
"429","41","","046436500070","MESA DE METAL","SANEAR","31/12/2021","1.0","","","1503.020102","MOBILIARIO DE OFICINA","R","S/M","S/M","S/T","PLOMO","S/S","0.83X0.69X0.41","","","","","","","","","","D","",""
"430","41","","046436500071","MESA DE METAL","SANEAR","31/12/2021","1.0","","","1503.020102","MOBILIARIO DE OFICINA","M","","","","PLOMO","","1.67X0.41X0.75","","","","","","","","","","U","",""
"431","41","","046436500072","MESA DE METAL","SANEAR","31/12/2021","1.0","","","1503.020102","MOBILIARIO DE OFICINA","R","S/M","S/M","S/T","PLOMO","S/S","1.22X2.41X0.70","","","","","","","","","","D","",""
"432","41","","046436500073","MESA DE METAL PARA DIBUJO","SANEAR","31/12/2021","1.0","","","1503.020102","MOBILIARIO DE OFICINA","M","S/M","S/M","S/T","PLOMO","S/S","S/D","","","","","","","","","","D","",""
"433","41","","046436500074","MESA DE METAL PARA DIBUJO","SANEAR","31/12/2021","1.0","","","1503.020102","MOBILIARIO DE OFICINA","M","S/M","CINEF","S/T","BLANCO","S/S","0.75X1.20X0.92","","","","","","","","","","D","",""
"434","41","","046436500075","MESA DE REUNIONES","O/C N° 318-1995","30/06/1995","320.0","","","1503.020102","MOBILIARIO DE OFICINA","R","","","","ROJO/AMARILLO","","2.00X1.00","","","","","","","","","","U","",""
"435","41","","046436500076","MESA PLEGABLE DE METAL","SANEAR","31/12/2021","1.0","","","1503.020102","MOBILIARIO DE OFICINA","R","","","","ROJO/AMARILLO","","","","","","","","","","","","U","",""
"436","41","","046436500078","MESITA DE MADERA","SANEAR","31/12/2021","1.0","","","1503.020102","MOBILIARIO DE OFICINA","R","S/M","S/M","S/T","CAFE","S/S","S/D","","","","","","","","","","U","",""
"437","41","","046436500079","MESITA DE MADERA","SANEAR","31/12/2021","1.0","","","1503.020102","MOBILIARIO DE OFICINA","M","","BORDES METALIC","","MADERA","","","","","","","","","","","","U","",""
"438","41","","046436500080","MESITA DE METAL","SANEAR","31/12/2021","1.0","","","1503.020102","MOBILIARIO DE OFICINA","R","","3 GAVETAS","","BEIGE/NEGRO","","","","","","","","","","","","U","",""
"439","41","","046436500081","MESITA DE METAL","SANEAR","31/12/2021","1.0","","","1503.020102","MOBILIARIO DE OFICINA","M","","3 GAVETAS","","BEIGE/NEGRO","","","","","","","","","","","","U","",""
"440","41","","046436500082","MESITA DE METAL","SANEAR","31/12/2021","1.0","","","1503.020102","MOBILIARIO DE OFICINA","M","","","","","","0.56X0.56X0.31","","","","","","","","","","U","",""
"441","41","","046436500083","MESITA DE METAL PARA MAQUINA DE ESCRIBIR","SANEAR","31/12/2021","1.0","","","1503.020102","MOBILIARIO DE OFICINA","M","S/M","1 GAVETA","S/T","PLOMO","S/S","0.86X0.46X0.67","","","","","","","","","","D","",""
"442","41","","046436500084","MESITA DE METAL PARA MAQUINA DE ESCRIBIR","SANEAR","31/12/2021","1.0","","","1503.020102","MOBILIARIO DE OFICINA","R","S/M","S/M","S/T","CAOBA/NEGRO","S/S","0.84X0.73X0.40","","","","","","","","","","U","",""
"443","41","","046436500086","MESITA DE METAL PARA MAQUINA DE ESCRIBIR","SANEAR","31/12/2021","1.0","","","1503.020102","MOBILIARIO DE OFICINA","M","S/M","3 GAVETAS","RODANTE","BEIGE/NEGRO","S/S","0.40X0.90X0.67","","","","","","","","","","U","",""
"444","41","","046436500087","MESITA DE METAL PARA MAQUINA DE ESCRIBIR","SANEAR","31/12/2021","1.0","","","1503.020102","MOBILIARIO DE OFICINA","R","S/M","3 GAVETAS","S/T","PLOMO/NEGRO","S/S","0.66X1.10X0.74","","","","","","","","","","U","",""
"445","41","","046436500096","MESITA DE METAL PARA TELEFONO","SANEAR","31/12/2021","1.0","","","1503.020102","MOBILIARIO DE OFICINA","R","S/M","5 GAVETAS","S/T","PLOMO","S/S","0.32X0.30X0.70","","","","","","","","","","U","",""
"446","41","","046436500097","MEZCLADOR DE CONCRETO","O/C N° 868-2013","03/12/2013","5057.0","","","1503.020999","MAQUINARIAS, EQUIPOS Y MOBILIARIOS DE OTRAS INSTALACIONES","M","DYNAMIC","GX390","TROMPO","NARANJA","S/S","S/D","","","","","","","","","","D","",""
"447","41","","046436500098","MEZCLADORA DE CONCRETO TIPO TROMPO","O/C N° 446-2013","10/07/2013","5416.5","","","1503.020999","MAQUINARIAS, EQUIPOS Y MOBILIARIOS DE OTRAS INSTALACIONES","R","KOHLER DYNAMIC","CH440T","S/T","NEGRO","583","S/D","","","","","","","","","","D","",""
"448","41","","046436500100","MEZCLADORA DE CONCRETO TIPO TROMPO","O/C N° 27-2016","26/02/2016","4600.0","","","1503.020999","MAQUINARIAS, EQUIPOS Y MOBILIARIOS DE OTRAS INSTALACIONES","M","DYNAMIC HONDA","GX390","TROMPO","ANANJADO","1511180581","S/D","","","","","","","","","","U","",""
"449","41","","046436500102","MEZCLADORA DE CONCRETO TIPO TROMPO","O/C N° 456-2016","21/12/2016","7500.0","","","1503.020999","MAQUINARIAS, EQUIPOS Y MOBILIARIOS DE OTRAS INSTALACIONES","M","DYNMIC","GX390","TROMPO","ANARANJADO","S/S","S/D","","","","","","","","","","D","",""
"450","41","","046436500104","MEZCLADORA DE CONCRETO TIPO TROMPO","O/C N° 481-2016","29/12/2016","7700.0","","","1503.020999","MAQUINARIAS, EQUIPOS Y MOBILIARIOS DE OTRAS INSTALACIONES","R","DYNAMIC","GX390-389 CM2","TROMPO","ANARANJADO","S/S","S/D","","","","","","","","","","U","",""
"451","41","","046436500109","MEZCLADORA DE CONCRETO TIPO TROMPO","O/C N° 481-2016","29/12/2016","7700.0","","","1503.020999","MAQUINARIAS, EQUIPOS Y MOBILIARIOS DE OTRAS INSTALACIONES","M","DYNAMIC","GX390-389 CM2","TROMPO","ANARANJADO","1604050711","S/D","","","","","","","","","","D","",""
"452","41","","046436500110","MEZCLADORA DE CONCRETO TIPO TROMPO","SANEAR","31/12/2021","1.0","","","1503.020999","MAQUINARIAS, EQUIPOS Y MOBILIARIOS DE OTRAS INSTALACIONES","M","BRIGGS KOHLER","MAGNUM 10","","","","","","","","","","","","","","U","",""
"453","41","","046436500111","MIRA TOPOGRAFICA","O/C N° 342-2013","12/06/2013","138.0","","","1503.020501","MOBILIARIO DE USO AGRICOLA Y PESQUERO","M","","","","PLOMO","76132O9171","","","","","","","","","","","U","",""
"454","41","","046436500112","MIRA TOPOGRAFICA","O/C N° 342-2013","12/06/2013","138.0","","","1503.020501","MOBILIARIO DE USO AGRICOLA Y PESQUERO","R","","","","PLOMO/BLANCO","76132O9170","","","","","","","","","","","U","",""
"455","41","","042289980001","MIRA TOPOGRAFICA","O/C N° 00278-2011","15/09/2011","727.77","","","1503.020501","MOBILIARIO DE USO AGRICOLA Y PESQUERO","R","KOLIDA","AGRS","","ROJO/BLANCO","","","","","","","","","","","","U","",""
"456","41","","042289980002","MIRA TOPOGRAFICA","O/C N° 00030","18/04/2011","951.73","","","1503.020501","MOBILIARIO DE USO AGRICOLA Y PESQUERO","R","KOMBO LEICA","AGRS","","ROJO/PLOMO","","5 MTS","","","","","","","","","","U","",""
"457","41","","042289980003","MIRA TOPOGRAFICA","SANEAR","31/12/2021","1.0","","","1503.020501","MOBILIARIO DE USO AGRICOLA Y PESQUERO","M","LEICA","","","PLOMO","","","","","","","","","","","","U","",""
"458","41","","042289980004","MIRA TOPOGRAFICA","O/C N° 135-2012","26/06/2012","1100.0","","","1503.020501","MOBILIARIO DE USO AGRICOLA Y PESQUERO","R","S/M","ALUMINIO","S/T","PLOMO","76132468","5 MTS","","","","","","","","","","U","",""
"459","41","","042289980005","MIRA TOPOGRAFICA","O/C N° 391-2011","27/10/2011","145.07","","","1503.020501","MOBILIARIO DE USO AGRICOLA Y PESQUERO","M","KOLIDA","AGR5","","PLOMO BLANCO","","","","","","","","","","","","U","",""
"460","41","","042289980006","MIRA TOPOGRAFICA","O/C N° 66-2013","15/02/2013","179.99","","","1503.020501","MOBILIARIO DE USO AGRICOLA Y PESQUERO","R","CST/BERGER","DGT2","S/T","PLOMO/BLANCO","","","","","","","","","","","","U","",""
"461","41","","042289980007","MIRA TOPOGRAFICA","SANEAR","27/10/2012","1.0","","","1503.020501","MOBILIARIO DE USO AGRICOLA Y PESQUERO","R","KOLIDA","AGRS","","PLOMO","","","","","","","","","","","","U","",""
"462","41","","042289980008","MIRA TOPOGRAFICA","O/C N° 071-1995","30/03/1995","720.0","","","1503.020501","MOBILIARIO DE USO AGRICOLA Y PESQUERO","B","","","","ROJO / BLANCO","","","","","","","","","","","","U","",""
"463","41","","46436500105","MIRA TOPOGRAFICA","SANEAR","31/12/2021","1.0","","","1503.020501","MOBILIARIO DE USO AGRICOLA Y PESQUERO","R","","","","","","","","","","","","","","","","U","",""
"464","41","","46436500106","MIRA TOPOGRAFICA","SANEAR","31/12/2021","1.0","","","1503.020501","MOBILIARIO DE USO AGRICOLA Y PESQUERO","R","","","","","","","","","","","","","","","","U","",""
"465","41","","46436500107","MIRA TOPOGRAFICA","O/C N° 257-2014","28/08/2014","250.0","","","1503.020501","MOBILIARIO DE USO AGRICOLA Y PESQUERO","R","CST","ALUMINIO","S/T","PLOMO","13552454","5 MTS","","","","","","","","","","U","",""
"466","41","","46436500108","MIRA TOPOGRAFICA","O/C N° 257-2014","28/08/2014","250.0","","","1503.020501","MOBILIARIO DE USO AGRICOLA Y PESQUERO","R","CST","ALUMINIO","S/T","PLOMO","13552453","5 MTS","","","","","","","","","","U","",""
"467","41","","740872500001","MODEM EXTERNO","SANEAR","31/12/2021","1.0","","","1503.020301","EQUIPOS COMPUTACIONALES Y PERIFERICOS","M","","","","","28800","","","","","","","","","","","U","",""
"468","41","","740872500007","MODEM EXTERNO","SANEAR","31/12/2021","1.0","","","1503.020301","EQUIPOS COMPUTACIONALES Y PERIFERICOS","R","MEGATECH","","SWITCH PARA RE)","BLANCO","8.39E+13","","","","","","","","","","","U","",""
"469","41","","746459830001","MODULO DE COMPUTO (OTROS)","O/C N° 008-1996","29/01/1996","212.4","","","1503.020102","MOBILIARIO DE OFICINA","M","S/M","2 NIVELES 3 DIV","S/T","CEDRO","S/S","1.10X0.40X0.66","","","","","","","","","","U","",""
"470","41","","746460170013","MODULO DE MADERA","SANEAR","31/12/2021","1.0","","","1503.020102","MOBILIARIO DE OFICINA","M","S/M","S/M","S/T","AMARILLO","S/S","1.20X0.58X0.77","","","","","","","","","","U","",""
"471","41","","952258120004","MONITOR (OTROS)","O/C N° 0101-2008","24/09/2008","780.0","","","1503.020303","EQUIPOS DE TELECOMUNICACIONES","R","LG","L175375","S/T","NEGRO","808ndnu1b303","S/D","","","","","","","","","","U","",""
"472","41","","952258120007","MONITOR (OTROS)","O/C N° 3-00059-2009","10/08/2009","766.2","","","1503.020303","EQUIPOS DE TELECOMUNICACIONES","M","LG","W20435V","","NEGRO","904MDSK6Q542","","","","","","","","","","","U","",""
"473","41","","952258120014","MONITOR (OTROS)","O/C N° 6-00046-2009","27/11/2009","787.2","","","1503.020303","EQUIPOS DE TELECOMUNICACIONES","M","BENQ","","LCD","","ETXA801231026","","","","","","","","","","","U","",""
"474","41","","952258120015","MONITOR (OTROS)","O/C N°0-00032-2010","22/02/2010","772.8","","","1503.020303","EQUIPOS DE TELECOMUNICACIONES","M","SAMSUNG","PLASMA LCD","","NEGRO","SM20H9LSP17423","","","","","","","","","","","U","",""
"475","41","","952258120016","MONITOR (OTROS)","O/C N° 0-00033-2010","26/02/2010","772.8","","","1503.020303","EQUIPOS DE TELECOMUNICACIONES","R","SAMSUNG","2023SWPLUS","S/T","NEGRO","CH20H9LSB14316H","S/D","","","","","","","","","","U","",""
"476","41","","952258120035","MONITOR (OTROS)","O/C N° 6-00066-2010","16/07/2010","550.0","","","1503.020303","EQUIPOS DE TELECOMUNICACIONES","M","SAMSUNG","","","NEGRO","YC56H9LZ501199N","","","","","","","","","","","U","",""
"477","41","","952258120056","MONITOR (OTROS)","O/C Nº 701-2013","10/10/2013","624.43","","","1503.020303","EQUIPOS DE TELECOMUNICACIONES","M","SAMSUNG","LS20B3DOHC/P","S/T","NEGRO","ZUP7HTJD400020F","S/D","","","","","","","","","","D","",""
"478","41","","952258120057","MONITOR (OTROS)","SANEAR","31/12/2021","1.0","","","1503.020303","EQUIPOS DE TELECOMUNICACIONES","M","LG","S/M","S/T","NEGRO
","S/S","S/D","","","","","","","","","","D","",""
"479","41","","952258120061","MONITOR (OTROS)","SANEAR","31/12/2021","1.0","","","1503.020303","EQUIPOS DE TELECOMUNICACIONES","R","SAMSUNG","","","NEGRO","ZWQ1HTJC700708J","","","","","","","","","","","U","",""
"480","41","","952258120068","MONITOR (OTROS)","O/C N° 132-1999","23/07/1999","1177.45","","","1503.020303","EQUIPOS DE TELECOMUNICACIONES","M","INTEL","PENTIUM III","MH2 MMX","NEGRO","RAM 64MB","S/D","","","","","","","","","","U","",""
"481","41","","952258120069","MONITOR (OTROS)","SANEAR","31/12/2021","1.0","","","1503.020303","EQUIPOS DE TELECOMUNICACIONES","M","LG","STUDIO WORKS","","BLANCO","","","","","","","","","","","","U","",""
"482","41","","952258120070","MONITOR (OTROS)","O/C N° 446-2012","20/12/2012","883.2","","","1503.020303","EQUIPOS DE TELECOMUNICACIONES","M","SAMSUNG","LED -24""","S/T","BLANCO","S/S","S/D","","","","","","","","","","U","",""
"483","41","","952258120078","MONITOR (OTROS)","SANEAR","31/12/2021","1.0","","","1503.020303","EQUIPOS DE TELECOMUNICACIONES","R","LG","20M47A","S/T","NEGRO","507NTCZD6723","S/D","","","","","","","","","","U","",""
"484","41","","740877000008","MONITOR A COLOR","SANEAR","31/12/2021","1.0","","","1503.020301","EQUIPOS COMPUTACIONALES Y PERIFERICOS","R","SAMSUNG","SYNC MASTER 3NC","","BLANCO","","","","","","","","","","","","U","",""
"485","41","","952258350001","MONITOR LCD","SANEAR","31/12/2021","1.0","","","1503.020303","EQUIPOS DE TELECOMUNICACIONES","R","SAMSUNG","","PLASMA LCD","NEGRO","CM20H9LSB13320D","","","","","","","","","","","U","",""
"486","41","","740881870014","MONITOR PLANO","O/C N° 297-2015","30/09/2015","1700.17","","","1503.020301","EQUIPOS COMPUTACIONALES Y PERIFERICOS","B","BENQ","GL-2450-T","S/T","NEGRO","ETWSF03680019","","","","","","","","","","","U","",""
"487","41","","672275420004","MOTOBOMBA","SANEAR","31/12/2021","1.0","","","1503.020906","EQUIPOS PARA VEHICULOS","M","HISPANOMOTOR","LOMBARDINI","S/T","CELESTE","5LD675-2/U3530022","S/D","","","","","","","","","","D","",""
"488","41","","672275420006","MOTOBOMBA","O/C N° 313-2003","28/11/2003","3748.5","","","1503.020906","EQUIPOS PARA VEHICULOS","M","KUKJE","KD 120","S/T","ROJO","KD 140120","S/D","","","","","","","","","","D","",""
"489","41","","672275420019","MOTOBOMBA","O/C N° 401-2012","11/12/2012","1310.0","","","1503.020906","EQUIPOS PARA VEHICULOS","R","HONDA","GX 160TI","WB30XH","BLANCO/PLOMO","GCAAM-0296353","","","","","","","","","","","U","",""
"490","41","","672275420022","MOTOBOMBA","O/C N° 366-2013","17/06/2013","2450.0","","","1503.020906","EQUIPOS PARA VEHICULOS","M","HONDA","GX 390 H1QH3","S/T","BLANCO/ROJO/NEG","GCAFH-0296174","S/D","","","","","","","","","","D","",""
"491","41","","672275420023","MOTOBOMBA","O/C N° 366-2013","17/06/2013","2450.0","","","1503.020906","EQUIPOS PARA VEHICULOS","R","HONDA","GX 160","","BLANCO/ROJO/NEG","GCAFH-0296189","","","","","","","","","","","U","",""
"492","41","","672275420027","MOTOBOMBA","O/C N° 499-2013","22/07/2013","3450.0","","","1503.020906","EQUIPOS PARA VEHICULOS","M","HONDA","HJ/4/3A","GUSANO 4""","BLANCO/PLOMO","324282","","","","","","","","","","","U","",""
"493","41","","672275420030","MOTOBOMBA","O/C N° 499-2013","22/07/2013","2020.0","","","1503.020906","EQUIPOS PARA VEHICULOS","R","HONDA","G 300","GUSANO 3""","ROJO/BLANCO","1039184","","","","","","","","","","","U","",""
"494","41","","672275420032","MOTOBOMBA","O/C Nº 523-2013","23/07/2013","3100.0","","","1503.020906","EQUIPOS PARA VEHICULOS","M","HONDA","HJ/4/13A","S/T","ROJO/BLANCO/NEG","324365","S/D","","","","","","","","","","U","",""
"495","41","","672275420038","MOTOBOMBA","O/C N° 454-2015","16/12/2015","1600.0","","","1503.020906","EQUIPOS PARA VEHICULOS","M","HONDA","WB30XH2","PORTATIL","NEGRO","4470508","","","","","","","","","","","U","",""
"496","41","","672275420039","MOTOBOMBA","SANEAR","31/12/2021","1.0","","","1503.020906","EQUIPOS PARA VEHICULOS","R","HONDA","GX390","","ROJO/BLANCO","","","","","","","","","","","","U","",""
"497","41","","672275420040","MOTOBOMBA","O/C N° 0074-2006","30/06/2006","1720.0","","","1503.020906","EQUIPOS PARA VEHICULOS","M","BRIGGS STRATION","205432","INTEK K305","NEGRO","051206YE","","","","","","","","","","","U","",""
"498","41","","672275420041","MOTOBOMBA","O/C N° 0074-2006","30/06/2006","1720.0","","","1503.020906","EQUIPOS PARA VEHICULOS","M","BRIGGS STRATION","205432","INTEK K305","NEGRO","030401YD","","","","","","","","","","","U","",""
"499","41","","672275420042","MOTOBOMBA","SANEAR","31/12/2021","1.0","","","1503.020906","EQUIPOS PARA VEHICULOS","M","","","","NEGRO","","","","","","","","","","","","U","",""
"500","41","","672275420043","MOTOBOMBA","SANEAR","31/12/2021","1.0","","","1503.020906","EQUIPOS PARA VEHICULOS","M","BRIGGS STRATION","205432","INTEK K305","NEGRO","030401YD","","","","","","","","","","","U","",""
"501","41","","672275420044","MOTOBOMBA","SANEAR","31/12/2021","1.0","","","1503.020906","EQUIPOS PARA VEHICULOS","M","KOHLER DYNAMIC","CM421","","NEGRO","40954318762 (27015W)","","","","","","","","","","","U","",""
"502","41","","678281500001","MOTOCAR","O/C N° 000158-2013","10/04/2013","7650.0","","","1503.0101","VEHICULOS PARA TRANSPORTE TERRESTRE","R","SONIK","SONIK 250","","ROJO","","","2","2","2","","2","","","","","U","",""
"503","41","","678281500003","MOTOCAR","O/C N° 000437-2013","08/07/2013","6350.0","","","1503.0101","VEHICULOS PARA TRANSPORTE TERRESTRE","R","YADE","250 ZH","S/T","ROJO","S/S","S/D","","1302ZL","LC4HCNXL2DF872016","","","","","","","U","",""
"504","41","","678281500006","MOTOCAR","O/C N° 158-2013","10/04/2013","7650.0","","","1503.0101","VEHICULOS PARA TRANSPORTE TERRESTRE","M","SONIK","SONIK 250","S/T","AZUL","LAZXRDNJ5CK140057","S/D","","SNI70MM-C9000127","LAZXRDNJ5CK140057","","2012","","","","","D","",""
"505","41","","678268000007","MOTOCICLETA","O/C N°252-2004","12/08/2004","11246.0","","","1503.0101","VEHICULOS PARA TRANSPORTE TERRESTRE","M","HONDA","XL-200","","ROJO","9C2MD28E94202267","","","MD28E94202267","","","","","","","","U","",""
"506","41","","678268000009","MOTOCICLETA","O/C N° 174-1987","25/05/1987","35000.0","","","1503.0101","VEHICULOS PARA TRANSPORTE TERRESTRE","R","HONDA","CB-125S","","ROJO","CB-125-S-041946-PE-87","","","CB-125SE-2132171","CB-125-S-041946-PE-87","","","","","","","U","",""
"507","41","","678268000011","MOTOCICLETA","O/C N° 125-2011","15/06/2011","4450.0","","","1503.0101","VEHICULOS PARA TRANSPORTE TERRESTRE","M","FORTTE","FORTE 250","FCB250300","ROJO","S/S","S/D","","166FMMFCB250300","LB7YNC103BC001136","","0","si tiene ficha","","","","D","",""
"508","41","","678268000012","MOTOCICLETA","O/C N° 125-2011","15/06/2011","4450.0","","","1503.0101","VEHICULOS PARA TRANSPORTE TERRESTRE","M","FORTTE","FORTE 250","","AMARILLO","","","","166FMMFCB250612","LB7YMCI00BC200113","","0","","","","","U","",""
"509","41","","678268000013","MOTOCICLETA","O/C N° 343-2011","31/12/2021","3000.0","","","1503.0101","VEHICULOS PARA TRANSPORTE TERRESTRE","M","WANXIN","EXCEL 150","S/T","ROJO","LWMPCAAL3R000045","S/D","","WX169FML-8B200387","LWMPCAAL3R000045","","2011","","","","","D","",""
"510","41","","678268000018","MOTOCICLETA","O/C N° 317-2015","26/10/2015","7850.0","","","1503.0101","VEHICULOS PARA TRANSPORTE TERRESTRE","R","HONDA","XR150L","","ROJO","","","","KDO7E2110999","","","0","","","","","U","",""
"511","41","","678268000021","MOTOCICLETA","O/C N°480","29/12/2016","12000.0","","","1503.0101","VEHICULOS PARA TRANSPORTE TERRESTRE","R","HONDA","XR190L","LINEAL","ROJO","LALMD4391H3000190","S/D","","MD43E-2000243","LALMD439IH3000190","","0","SI TIENE FICHA ","","","","U","",""
"512","41","","678268000022","MOTOCICLETA","O/C N°480","29/12/2016","12000.0","","","1503.0101","VEHICULOS PARA TRANSPORTE TERRESTRE","R","HONDA","XR190L","LINEAL","NEGRO","LALMD4396H3000086","S/D","EB-903A","MD43E-2000171","LALMD4396H3000086","","0","","","","","U","",""
"513","41","","678268000025","MOTOCICLETA","O/C N°182-2017","27/12/2017","4800.0","","","1503.0101","VEHICULOS PARA TRANSPORTE TERRESTRE","R","RONCO","X - PLORER 2005","S/T","ROJO/BLANCO","LY4YCMLEGHOA41629","S/D","","163FML8H700358","LY4YCMLEGHOA41629","","2017","","","","","U","",""
"514","41","","672276900001","MOTOR COLGANTE","SANEAR","31/12/2021","1.0","","","1503.020906","EQUIPOS PARA VEHICULOS","M","","GBBI-1983-5393","","","","","","","","","","","","","","U","",""
"515","41","","672276900003","MOTOR COLGANTE","SANEAR","31/12/2021","1.0","","","1503.020906","EQUIPOS PARA VEHICULOS","M","","112M","","CELESTE","895","","","","","","","","","","","U","",""
"516","41","","672276900024","MOTOR COLGANTE","SANEAR","31/12/2021","1.0","","","1503.020906","EQUIPOS PARA VEHICULOS","M","","6X390","MOTOR DE MEZCLA","","1025073","","","","","","","","","","","U","",""
"517","41","","672276900026","MOTOR COLGANTE","O/C N°185","01/10/2007","2928.0","","","1503.020906","EQUIPOS PARA VEHICULOS","M","KOHLER","MAGNUM 12","HP 12","NEGRO","3720600899","S/D","","","","","","","","","MOTOR DE MEZCLADORA","D","",""
"518","41","","672279880005","MOTORES ESTACIONARIOS Y MARINOS","SANEAR","31/12/2021","1.0","","","1503.020906","EQUIPOS PARA VEHICULOS","M","KOHLER","MAGNUM 12","HP 12","NEGRO","3720600859","S/D","","","","","","","","","","D","",""
"519","41","","740882240048","MOUSE INALAMBRICO","O/C N°446-2012","20/12/2012","62.56","","","1503.020301","EQUIPOS COMPUTACIONALES Y PERIFERICOS","R","","OPTICO","CABLEADO","NEGRO","","","","","","","","","","","","U","",""
"520","41","","740882240057","MOUSE INALAMBRICO","O/C N° 022-2012","08/03/2012","64.86","","","1503.020301","EQUIPOS COMPUTACIONALES Y PERIFERICOS","R","GENIUS","PS/2 ","S/T","NEGRO","S/S","S/D","","","","","","","","","","U","",""
"521","41","","602264430001","MULTIMETRO-MULTITESTER","O/C N° 126-1990","09/04/1990","1.0","","","1503.020905","EQUIPOS E INSTRUMENTOS DE MEDICION","M","SUNWA-SUMA","YX-360TR","","NEGRO","","","","","","","","","","","","U","",""
"522","41","","952258500001","NAVEGADOR DE SATELITE","SANEAR","31/12/2021","1.0","","","1503.020303","EQUIPOS DE TELECOMUNICACIONES","M","GPS MAP","765","","NEGRO","","","","","","","","","","","","U","",""
"523","41","","952258500003","NAVEGADOR DE SATELITE","SANEAR","31/12/2021","1.0","","","1503.020303","EQUIPOS DE TELECOMUNICACIONES","M","GPS MAP","765","S/T","NEGRO","S/S","S/D","","","","","","","","","","U","",""
"524","41","","602264990013","NIVEL TOPOGRAFICO","O/C N° 0170-2007","24/09/2007","4840.0","","","1503.020905","EQUIPOS E INSTRUMENTOS DE MEDICION","M","KERN WISS","AT_G6","GK 1-A","VERDE/OSCURO","279060","","","","","","","","","","","U","",""
"525","41","","602264990020","NIVEL TOPOGRAFICO","SANEAR","31/12/2021","1.0","","","1503.020905","EQUIPOS E INSTRUMENTOS DE MEDICION","R","LEICA","NA720","","ROJO/PLOMO","55945050","","","","","","","","","","","U","",""
"526","41","","602264990025","NIVEL TOPOGRAFICO","O/C N° 149-2012","28/06/2012","4100.0","","","1503.020905","EQUIPOS E INSTRUMENTOS DE MEDICION","R","LEICA","NA 730","SIN PLOMADA","ROJO","5655347","","","","","","","","","","","U","",""
"527","41","","602264990031","NIVEL TOPOGRAFICO","O/C N° 000302-2013","06/06/2013","2693.0","","","1503.020905","EQUIPOS E INSTRUMENTOS DE MEDICION","M","PENTAX","AP 281","","PLOMO/ROJO","229290","","","","","","","","","","","U","",""
"528","41","","602264990033","NIVEL TOPOGRAFICO","O/C N° 312-2013","10/06/2013","933.0","","","1503.020905","EQUIPOS E INSTRUMENTOS DE MEDICION","M","PENTAX","AP281","","PLOMO/ROJO","610196","","","","","","","","","","","U","",""
"529","41","","602264990039","NIVEL TOPOGRAFICO","O/C N° 342-2013","12/06/2013","985.0","","","1503.020905","EQUIPOS E INSTRUMENTOS DE MEDICION","M","PENTAX","AP 281","","PLOMO/ROJO","610208","","","","","","","","","","","U","",""
"530","41","","602264990041","NIVEL TOPOGRAFICO","SANEAR","31/12/2021","1.0","","","1503.020905","EQUIPOS E INSTRUMENTOS DE MEDICION","M","KERN","GK 0-A","","VERDE/OSCURO","268460","","","","","","","","","","","U","",""
"531","41","","42271890001","NIVELADOR DE SUELOS","O/C N° 0698-1996","30/11/1996","4823.65","","","1503.020502","EQUIPO DE USO AGRICOLA Y PESQUERO","B","CINEF 8,","","","","","","","","","","","","","","","U","",""
"532","41","","746466270001","PANEL PUBLICITARIO","SANEAR","31/12/2021","1.0","","","1503.020102","MOBILIARIO DE OFICINA","M","S/M","S/M","S/T","CAFE","S/S","0.80X1.60","","","","","","","","","","D","",""
"533","41","","746466270003","PANEL PUBLICITARIO","SANEAR","31/12/2021","1.0","","","1503.020102","MOBILIARIO DE OFICINA","M","","","","","","","","","","","","","","","","U","",""
"534","41","","746466950001","PANTALLA ECRAN","SANEAR","31/12/2021","1.0","","","1503.020102","MOBILIARIO DE OFICINA","R","VIEWSAC","","","BLANCO","","","","","","","","","","","","U","",""
"535","41","","746466950003","PANTALLA ECRAN","O/C N° 314-2015","26/10/2015","161.0","","","1503.020102","MOBILIARIO DE OFICINA","R","LOCH","","","BLANCO","","","","","","","","","","","","U","",""
"536","41","","952260580002","PARLANTES EN GENERAL (MAYOR A 1/8 UIT)","SANEAR","31/12/2021","1.0","","","1503.020303","EQUIPOS DE TELECOMUNICACIONES","M","OMEGA","","","NEGRO","","","","","","","","","","","","U","",""
"537","41","","952260580021","PARLANTES EN GENERAL (MAYOR A 1/8 UIT)","SANEAR","31/12/2021","1.0","","","1503.020303","EQUIPOS DE TELECOMUNICACIONES","R","OMEGA","REVOLUTION SERS","","NEGRO","1.01E+11","","","","","","","","","","","U","",""
"538","41","","952260580026","PARLANTES EN GENERAL (MAYOR A 1/8 UIT)","SANEAR","31/12/2021","47.88","","","1503.020303","EQUIPOS DE TELECOMUNICACIONES","R","NITRON","","","NEGRO","","","","","","","","","","","","U","",""
"539","41","","952260580033","PARLANTES EN GENERAL (MAYOR A 1/8 UIT)","SANEAR","31/12/2021","1.0","","","1503.020303","EQUIPOS DE TELECOMUNICACIONES","R","GENIUS","","","NEGRO","2F1338111425","","","","","","","","","","","U","",""
"540","41","","952260580035","PARLANTES EN GENERAL (MAYOR A 1/8 UIT)","O/C N° 460-2011","30/11/2011","42.29","","","1503.020303","EQUIPOS DE TELECOMUNICACIONES","R","GENIUS","KMS-110","S/T","NEGRO","2CE0A6500180","S/D","","","","","","","","","","U","",""
"541","41","","952260580037","PARLANTES EN GENERAL (MAYOR A 1/8 UIT)","SANEAR","31/12/2021","1.0","","","1503.020303","EQUIPOS DE TELECOMUNICACIONES","M","GENIUS","","","NEGRO","ZC193900619","","","","","","","","","","","U","",""
"542","41","","952260580047","PARLANTES EN GENERAL (MAYOR A 1/8 UIT)","SANEAR","31/12/2021","1.0","","","1503.020303","EQUIPOS DE TELECOMUNICACIONES","M","OMEGA","","","NEGRO","2.11E+13","","","","","","","","","","","U","",""
"543","41","","952260580052","PARLANTES EN GENERAL (MAYOR A 1/8 UIT)","O/C N° 446-2012","20/12/2012","44.16","","","1503.020303","EQUIPOS DE TELECOMUNICACIONES","R","GENIUS","S/M","S/T","NEGRO","ZF3438004186","S/D","","","","","","","","","","U","",""
"544","41","","952260580085","PARLANTES EN GENERAL (MAYOR A 1/8 UIT)","O/C N° 00239-2011","09/08/2011","42.41","","","1503.020303","EQUIPOS DE TELECOMUNICACIONES","R","1847","","2 UNIDADES","NEGRO","","","","","","","","","","","","U","",""
"545","41","","952260580096","PARLANTES EN GENERAL (MAYOR A 1/8 UIT)","SANEAR","31/12/2021","1.0","","","1503.020303","EQUIPOS DE TELECOMUNICACIONES","R","MICRONICS","","","","2485530H308","","","","","","","","","","","U","",""
"546","41","","532290990001","PERFORADOR MANUAL","O/C N° 326-2022","29/06/2022","320.0","","","1503.020402","EQUIPO MEDICO","M","LAYCONSA","KW-TRIO","S/T","NEGRO","9576","S/D","","","","","","","","","","D","",""
"547","41","","746473050012","PIZARRA ACRILICA","O/C N°167-2011","07/06/2011","175.0","","","1503.020102","MOBILIARIO DE OFICINA","R","S/M","S/M","S/T","BLANCO","S/S","","","","","","","","","","","D","",""
"548","41","","746473050021","PIZARRA ACRILICA","O/C N°063-1996","29/01/1996","68.0","","","1503.020102","MOBILIARIO DE OFICINA","R","S/M","S/M","S/T","BLANCO","S/S","1.50X0.80","","","","","","","","","","D","",""
"549","41","","602271210003","PLANIMETRO","O/C N° 103-2004","28/02/2004","670.0","","","1503.020905","EQUIPOS E INSTRUMENTOS DE MEDICION","M","S/M","KP-27","S/T","PLOMO","8746","S/D","","","","","","","","","","U","",""
"550","41","","746475770002","PLANOTECA DE MADERA","SANEAR","31/12/2021","1.0","","","1503.020102","MOBILIARIO DE OFICINA","R","","","","","","","","","","","","","","","","U","",""
"551","41","","746475770003","PLANOTECA DE MADERA","SANEAR","31/12/2021","1.0","","","1503.020102","MOBILIARIO DE OFICINA","M","S/M","3 GAVETAS","S/T","CAFE","S/S","0.91X1.40X0.66","","","","","","","","","","D","",""
"552","41","","746475770005","PLANOTECA DE MADERA","SANEAR","31/12/2021","1.0","","","1503.020102","MOBILIARIO DE OFICINA","M","","","","","","","","","","","","","","","","U","",""
"553","41","","673656910001","PLATAFORMA TIPO CARRETA","SANEAR","31/12/2021","1.0","","","1503.020999","MAQUINARIAS, EQUIPOS Y MOBILIARIOS DE OTRAS INSTALACIONES","M","S/M","S/M","S/T","PLOMO","S/S","S/D","","","","","","","","","","D","",""
"554","41","","602272490001","PODOMETRO","SANEAR","31/12/2021","1.0","","","1503.020905","EQUIPOS E INSTRUMENTOS DE MEDICION","R","KOMKA","QLDZ-08","","NEGRO/AMARILLO","40463006","","","","","","","","","","","U","",""
"555","41","","675083000002","PRENSA HIDRAULICA","SANEAR","31/12/2021","1.0","","","1503.020999","MAQUINARIAS, EQUIPOS Y MOBILIARIOS DE OTRAS INSTALACIONES","M","","","","","","","","","","","","","","","","U","",""
"556","41","","602273050016","PRISMA CIRCULAR","SANEAR","31/12/2021","1.0","","","1503.020905","EQUIPOS E INSTRUMENTOS DE MEDICION","M","","","ES BASTON","NEGRO","","","","","","","","","","","","U","",""
"557","41","","602273050028","PRISMA CIRCULAR","SANEAR","31/12/2021","1.0","","","1503.020905","EQUIPOS E INSTRUMENTOS DE MEDICION","M","","","PRISMA CIRCULAR","","","","","","","","","","","","","U","",""
"558","41","","602273050029","PRISMA CIRCULAR","SANEAR","31/12/2021","1.0","","","1503.020905","EQUIPOS E INSTRUMENTOS DE MEDICION","M","","","PRISMA CIRCULAR","","","","","","","","","","","","","U","",""
"559","41","","602273050030","PRISMA CIRCULAR","O/C N° 346-2015","18/11/2015","520.0","","","1503.020905","EQUIPOS E INSTRUMENTOS DE MEDICION","B","LEICA","GLS 111","PORTA PRISMA","ROJO","7309118","","","","","","","","","","","U","",""
"560","41","","602273050034","PRISMA CIRCULAR","O/C Nº 000031","06/02/2013","486.0","","","1503.020905","EQUIPOS E INSTRUMENTOS DE MEDICION","M","LEICA","GLS 111","346","ROJO","7312124","S/D","","","","","","","","","","U","",""
"561","41","","602273050035","PRISMA CIRCULAR","SANEAR","31/12/2021","1.0","","","1503.020905","EQUIPOS E INSTRUMENTOS DE MEDICION","M","S/M","S/M","ESTUCHE NRO 8","ROJO","S/S","S/D","","","","","","","","","ROTO","D","",""
"562","41","","602273050036","PRISMA CIRCULAR","SANEAR","31/12/2021","1.0","","","1503.020905","EQUIPOS E INSTRUMENTOS DE MEDICION","R","LEICA","S/M","S/T","ROJO BLANCO","S/S","S/D","","","","","","","","","","U","",""
"563","41","","602273050043","PRISMA CIRCULAR","O/C N°257-2014","29/08/2014","250.0","","","1503.020905","EQUIPOS E INSTRUMENTOS DE MEDICION","R","S/M","B33","JALON","ROJO BLANCO","S/S","S/D","","","","","","","","","","U","",""
"564","41","","602273050044","PRISMA CIRCULAR","SANEAR","31/12/2021","1.0","","","1503.020905","EQUIPOS E INSTRUMENTOS DE MEDICION","R","LEICA","S/M","ESTUCHE NRO 14","ROJO ","S/S","S/D","","","","","","","","","","U","",""
"565","41","","672286120003","PRISMA PENTAGONAL TOPOGRAFICO","O/C N°152-2012","12/07/2012","605.0","","","1503.020906","EQUIPOS PARA VEHICULOS","M","LEICA","GPH3","TRIPLE PRISMA","ROJO/BLANCO","40008001","2,60m","","","","","","","","","","D","",""
"566","41","","952266440002","PROYECTOR","O/C N° 224-1991","27/11/1991","100.0","","","1503.020303","EQUIPOS DE TELECOMUNICACIONES","M","ELMO","S300","S/T","BLANCO/PLOMO","446909","S/D","","","","","","","","","","D","",""
"567","41","","952266440005","PROYECTOR","O/C N° 3-00112-2009","30/09/2009","3650.0","","","1503.020303","EQUIPOS DE TELECOMUNICACIONES","R","EPSON","910W","PROYECTOR DATAN","BLANCO GRIS","PA7F350048L","","","","","","","","","","","U","",""
"568","41","","952267660001","RADIO FOTOCONTROL","SANEAR","31/12/2021","1.0","","","1503.020303","EQUIPOS DE TELECOMUNICACIONES","M","MOTOROLA TOLKAT","","","","","","","","","","","","","","","U","",""
"569","41","","952267660002","RADIO FOTOCONTROL","O/C N° 85-2012","27/04/2012","492.0","","","1503.020303","EQUIPOS DE TELECOMUNICACIONES","M","MOTOROLA TOLKAT","MC-220","","AZUL","","","","","","","","","","","","U","",""
"570","41","","952267660003","RADIO FOTOCONTROL","O/C N° 85-2012","27/04/2012","492.0","","","1503.020303","EQUIPOS DE TELECOMUNICACIONES","M","MOTOROLA TOLKAT","MC-220","","AZUL","","","","","","","","","","","","U","",""
"571","41","","952267660004","RADIO FOTOCONTROL","O/C N° 85-2012","27/04/2012","492.0","","","1503.020303","EQUIPOS DE TELECOMUNICACIONES","M","","MC-220","","AZUL","","","","","","","","","","","","U","",""
"572","41","","952267660006","RADIO FOTOCONTROL","O/C N° 85-2012","27/04/2012","492.0","","","1503.020303","EQUIPOS DE TELECOMUNICACIONES","M","MOTOROLA TOLKAT","MC-220","","AZUL","","","","","","","","","","","","U","",""
"573","41","","952267660008","RADIO FOTOCONTROL","O/C N° 85-2012","27/04/2012","492.0","","","1503.020303","EQUIPOS DE TELECOMUNICACIONES","M","MOTOROLA TOLKAT","MC-220","","AZUL","","","","","","","","","","","","U","",""
"574","41","","952267950001","RADIO PUENTE INALAMBRICO - RADIO WIRELESS BRIDGE","O/C N° 569-1997","31/10/1997","959.02","","","1503.020303","EQUIPOS DE TELECOMUNICACIONES","M","YAESU","MOD-FT","RADIO PORTATILS","NEGRO","5J072278","","","","","","","","","","","U","",""
"575","41","","952267950002","RADIO PUENTE INALAMBRICO - RADIO WIRELESS BRIDGE","O/C N° 569-1997","31/10/1997","959.02","","","1503.020303","EQUIPOS DE TELECOMUNICACIONES","M","YAESU","MOD-FT","RADIO PORTATILS","NEGRO","5J072266","","","","","","","","","","","U","",""
"576","41","","952267950003","RADIO PUENTE INALAMBRICO - RADIO WIRELESS BRIDGE","SANEAR","31/12/2021","1.0","","","1503.020303","EQUIPOS DE TELECOMUNICACIONES","M","","","RADIO PORTATILS","","","","","","","","","","","","","U","",""
"577","41","","952268140001","RADIO RECEPTOR","SANEAR","31/12/2021","1.0","","","1503.020303","EQUIPOS DE TELECOMUNICACIONES","M","","","RADIO RECEPTOR","","","","","","","","","","","","","U","",""
"578","41","","952268140005","RADIO RECEPTOR","SANEAR","31/12/2021","1.0","","","1503.020303","EQUIPOS DE TELECOMUNICACIONES","M","","","RADIO RECEPTOR","","","","","","","","","","","","","U","",""
"579","41","","952268890001","RADIO TELEFONO","SANEAR","27/04/2012","1.0","","","1503.020303","EQUIPOS DE TELECOMUNICACIONES","M","MOTOROLA TOLKAT","MC-220","","NEGRO","","","","","","","","","","","","U","",""
"580","41","","952268890008","RADIO TELEFONO","SANEAR","31/12/2021","1.0","","","1503.020303","EQUIPOS DE TELECOMUNICACIONES","M","","","RADIO TELEFONO","","","","","","","","","","","","","U","",""
"581","41","","952268890011","RADIO TELEFONO","SANEAR","31/12/2021","1.0","","","1503.020303","EQUIPOS DE TELECOMUNICACIONES","M","","","RADIO TELEFONO","","","","","","","","","","","","","U","",""
"582","41","","952268890014","RADIO TELEFONO","SANEAR","31/12/2021","1.0","","","1503.020303","EQUIPOS DE TELECOMUNICACIONES","M","","","RADIO TELEFONO","","","","","","","","","","","","","U","",""
"583","41","","952268890019","RADIO TELEFONO","SANEAR","31/12/2021","1.0","","","1503.020303","EQUIPOS DE TELECOMUNICACIONES","M","","","OTRA CAUSAL","","","","","","","","","","","","","U","",""
"584","41","","952268890021","RADIO TELEFONO","SANEAR","31/12/2021","1.0","","","1503.020303","EQUIPOS DE TELECOMUNICACIONES","M","","","OTRA CAUSAL","","","","","","","","","","","","","U","",""
"585","41","","952268890023","RADIO TELEFONO","SANEAR","31/12/2021","1.0","","","1503.020303","EQUIPOS DE TELECOMUNICACIONES","M","","","OTRA CAUSAL","","","","","","","","","","","","","U","",""
"586","41","","952268890024","RADIO TELEFONO","SANEAR","31/12/2021","1.0","","","1503.020303","EQUIPOS DE TELECOMUNICACIONES","M","","","OTRA CAUSAL","","","","","","","","","","","","","U","",""
"587","41","","952268890025","RADIO TELEFONO","SANEAR","31/12/2021","1.0","","","1503.020303","EQUIPOS DE TELECOMUNICACIONES","M","","","OTRA CAUSAL","","","","","","","","","","","","","U","",""
"588","41","","952269650002","RADIO TRANSMISOR RECEPTOR","SANEAR","31/12/2021","1.0","","","1503.020303","EQUIPOS DE TELECOMUNICACIONES","M","ICOM","ICM700","","NEGRO","2655","","","","","","","","","","","U","",""
"589","41","","952269650008","RADIO TRANSMISOR RECEPTOR","O/C N° 85-2012","27/04/2012","492.0","","","1503.020303","EQUIPOS DE TELECOMUNICACIONES","M","","","","","","","","","","","","","","","","U","",""
"590","41","","952269650039","RADIO TRANSMISOR RECEPTOR","SANEAR","31/12/2021","1.0","","","1503.020303","EQUIPOS DE TELECOMUNICACIONES","R","MOTOROLA","","","","","","","","","","","","","","","U","",""
"591","41","","952269650040","RADIO TRANSMISOR RECEPTOR","SANEAR","31/12/2021","1.0","","","1503.020303","EQUIPOS DE TELECOMUNICACIONES","R","MOTOROLA","","","","","","","","","","","","","","","U","",""
"592","41","","952269650041","RADIO TRANSMISOR RECEPTOR","SANEAR","31/12/2021","1.0","","","1503.020303","EQUIPOS DE TELECOMUNICACIONES","R","MOTOROLA","","","","","","","","","","","","","","","U","",""
"593","41","","952269650042","RADIO TRANSMISOR RECEPTOR","SANEAR","31/12/2021","1.0","","","1503.020303","EQUIPOS DE TELECOMUNICACIONES","R","MOTOROLA","","","","","","","","","","","","","","","U","",""
"594","41","","952269650049","RADIO TRANSMISOR RECEPTOR","SANEAR","31/12/2021","1.0","","","1503.020303","EQUIPOS DE TELECOMUNICACIONES","R","MOTOROLA","FCCIDK7GMDBJJPR","","NEGRO/VERDE","","","","","","","","","","","","U","",""
"595","41","","952270030002","RADIOGRABADORA","O/C N° 363-1991","01/12/1991","68.0","","","1503.020303","EQUIPOS DE TELECOMUNICACIONES","M","MARCA","FCM330","CASSETTE","NEGRO","S/S","","","","","","","","","","","U","",""
"596","41","","952270970001","RADIOTRANSMISOR","O/C N° 346-2016","18/11/2015","338.98","","","1503.020303","EQUIPOS DE TELECOMUNICACIONES","M","ABELL","","CON CARGADOR","NEGRO","31106026","","","","","","","","","","","U","",""
"597","41","","952270970002","RADIOTRANSMISOR","SANEAR","31/12/2021","1.0","","","1503.020303","EQUIPOS DE TELECOMUNICACIONES","R","MOTOROLA","","RADIOTRANSMISOO","AZUL","","","","","","","","","","","","U","",""
"598","41","","952270970003","RADIOTRANSMISOR","SANEAR","31/12/2021","1.0","","","1503.020303","EQUIPOS DE TELECOMUNICACIONES","R","MOTOROLA","","RADIOTRANSMISOO","AZUL","","","","","","","","","","","","U","",""
"599","41","","952270970004","RADIOTRANSMISOR","O/C N° 346-2016","18/11/2015","338.98","","","1503.020303","EQUIPOS DE TELECOMUNICACIONES","R","ABELL","S1","","","31108291","","","","","","","","","","","U","",""
"600","41","","952270970005","RADIOTRANSMISOR","O/C N° 346-2016","18/11/2015","338.98","","","1503.020303","EQUIPOS DE TELECOMUNICACIONES","R","ABELL","S1","","","31108119","","","","","","","","","","","U","",""
"601","41","","952270970006","RADIOTRANSMISOR","O/C N° 346-2016","18/11/2015","338.98","","","1503.020303","EQUIPOS DE TELECOMUNICACIONES","R","ABELL","","","NEGRO","31108326","","","","","","","","","","","U","",""
"602","41","","952270970007","RADIOTRANSMISOR","O/C N° 346-2016","18/11/2015","338.98","","","1503.020303","EQUIPOS DE TELECOMUNICACIONES","R","ABELL","S1","","","31106017","","","","","","","","","","","U","",""
"603","41","","952270970008","RADIOTRANSMISOR","O/C N° 346-2016","18/11/2015","338.98","","","1503.020303","EQUIPOS DE TELECOMUNICACIONES","R","ABELL","","CON CARGADOR","NEGRO","31106011","","","","","","","","","","","U","",""
"604","41","","952271540002","REBOBINADOR DE CINTA MAGNETICA","SANEAR","31/12/2021","1.0","","","1503.020303","EQUIPOS DE TELECOMUNICACIONES","B","LIGH TECH","33-FAL189","","NEGRO","","","","","","","","","","","","U","",""
"605","41","","673660360003","RETROEXCAVADORA","O/C Nº 000336-2013","11/06/2013","346642.0","","","1503.020999","MAQUINARIAS, EQUIPOS Y MOBILIARIOS DE OTRAS INSTALACIONES","R","CATERPILLAR","420-F","S/T","AMARILLO","CRS71571","S/D","","NBV12G6154145A673","CAT0420FVLTG00614","","","SI TIENE FICHA","","","","U","",""
"606","41","","673663810001","RODILLO LISO VIBRATORIO AUTOPROPULSADO","O/C Nº 609-2013","20/08/2013","40297.0","","","1503.020999","MAQUINARIAS, EQUIPOS Y MOBILIARIOS DE OTRAS INSTALACIONES","R","INGERSOLL RAND","DX-700H","S/T","PLOMO","RJ0630-GCANK-1560859","S/D","","","","","","","","","","U","",""
"607","41","","673664970001","RODILLO LISO VIBRATORIO MANUAL","O/C N° 238-2013","16/05/2013","362557.0","","","1503.020999","MAQUINARIAS, EQUIPOS Y MOBILIARIOS DE OTRAS INSTALACIONES","R","CAT FERREYROS","CS533E","RODILLO VIBRATO","AMARILLO","MOTOR BZE02942 UNIDE","S/D","","","CATCS533VBZE02942","","","SI TIENE FICHA","","","","U","",""
"608","41","","673670720001","RODILLO VIBRATORIO","O/C N° 382-2012","10/12/2012","53850.0","","","1503.020999","MAQUINARIAS, EQUIPOS Y MOBILIARIOS DE OTRAS INSTALACIONES","M","STONE","WP3100R","RODILLO VIBRATO","AMARILLO","252011328","S/D","","","","","","","","","","U","",""
"609","41","","952275360007","RUTEADOR DE RED - ROUTER","SANEAR","31/12/2021","1.0","","","1503.020303","EQUIPOS DE TELECOMUNICACIONES","R","ZYXEL","","","NEGRO","5323104875","","","","","","","","","","","U","",""
"610","41","","952275410001","SCANNER DE COMUNICACIONES","O/C Nº 00273","07/10/2014","1200.0","","","1503.020303","EQUIPOS DE TELECOMUNICACIONES","R","ARGOX","AS-8020CL","LECTOR DE CODIS","PLOMO","C30969418","S/D","","","","","","","","","","U","",""
"611","41","","42278560001","SEGADORA GIRATORIA","O/C N° 087-1996","29/01/1996","16520.0","","","1503.020502","EQUIPO DE USO AGRICOLA Y PESQUERO","M","JF DANESA","CM-1650","1650","","3134","","","","","","","","","","","U","",""
"612","41","","672293920001","SIERRA CIRCULAR PORTATIL","SANEAR","31/12/2021","1.0","","","1503.020906","EQUIPOS PARA VEHICULOS","B","TRUPER","SICI-714A-2","S/T","NARANJA","S/S","S/D","","","","","","","","","","U","",""
"613","41","","746481190001","SILLA FIJA DE MADERA","O/C N° 1016-1995","29/12/1995","65.0","","","1503.020102","MOBILIARIO DE OFICINA","M","S/M","TAPIZ","S/T","CAFE","S/S","0.45X0.47X0.85","","","","","","","","","","D","",""
"614","41","","746481190006","SILLA FIJA DE MADERA","O/C N° 1016-1995","29/12/1995","65.0","","","1503.020102","MOBILIARIO DE OFICINA","M","S/M","TAPIZ","S/T","CAFE","S/S","0.45X0.47X0.85","","","","","","","","","","D","",""
"615","41","","746481190011","SILLA FIJA DE MADERA","O/C N° 1016-1995","29/12/1995","65.0","","","1503.020102","MOBILIARIO DE OFICINA","M","S/M","TAPIZ","S/T","CAFE","S/S","0.45X0.47X0.85","","","","","","","","","","D","",""
"616","41","","746481190023","SILLA FIJA DE MADERA","O/C NºTAS2","27/07/1995","19.55","","","1503.020102","MOBILIARIO DE OFICINA","M","S/M","TAPIZ DE LONA","S/T","CAOBA","S/S","0.44X0.41X0.86","","","","","","","","","","D","",""
"617","41","","746481190028","SILLA FIJA DE MADERA","O/C N° 294-2012","06/11/2012","94.0","","","1503.020102","MOBILIARIO DE OFICINA","R","S/M","S/M","S/T","CAFE","S/S","0.45X0.47X0.85","","","","","","","","","","U","",""
"618","41","","746481190036","SILLA FIJA DE MADERA","O/C N° 08-1984","25/01/1984","13900.0","","","1503.020102","MOBILIARIO DE OFICINA","M","","","S/T","CAFE","","","","","","","","","","","","U","",""
"619","41","","746481190037","SILLA FIJA DE MADERA","O/C N°  295-2012","06/11/2012","94.5","","","1503.020102","MOBILIARIO DE OFICINA","M","S/M","S/M","S/T","CAFE","S/S","0.41X0.42X0.84","","","","","","","","","","D","",""
"620","41","","746481190141","SILLA FIJA DE MADERA","SANEAR","04/07/2012","97.0","","","1503.020102","MOBILIARIO DE OFICINA","M","","","TAPIZADA","","","","","","","","","","","","","U","",""
"621","41","","746481190142","SILLA FIJA DE MADERA","O/C N° 153-2012","04/07/2012","97.0","","","1503.020102","MOBILIARIO DE OFICINA","M","S/M","S/M","TAPIZADA","AZUL","S/S","0.41X0.42X0.84","","","","","","","","","","U","",""
"622","41","","746481190143","SILLA FIJA DE MADERA","O/C N 6-00071-2010","26/07/2010","90.0","","","1503.020102","MOBILIARIO DE OFICINA","M","","","S/T","MADERA","","","","","","","","","","","","U","",""
"623","41","","746481190150","SILLA FIJA DE MADERA","O/C N° 381-1995","27/07/1995","57.0","","","1503.020102","MOBILIARIO DE OFICINA","M","S/M","S/M","S/T","CAFE","S/S","0.44X0.45X0.85","","","","","","","","","","D","",""
"624","41","","746481190151","SILLA FIJA DE MADERA","O/C N° 381-1995","27/07/1995","57.0","","","1503.020102","MOBILIARIO DE OFICINA","M","S/M","S/M","S/T","CAFE","S/S","0.44X0.45X0.85","","","","","","","","","","D","",""
"625","41","","746481870002","SILLA FIJA DE METAL","O/C N° 150-1987","20/05/1987","550.0","","","1503.020102","MOBILIARIO DE OFICINA","M","S/M","S/M","S/T","NEGRO","S/S","S/D","","","","","","","","","","D","",""
"626","41","","746481870005","SILLA FIJA DE METAL","O/C N° 150-1987","20/05/1987","550.0","","","1503.020102","MOBILIARIO DE OFICINA","M","S/M","S/M","S/T","NEGRO","S/S","S/D","","","","","","","","","","D","",""
"627","41","","746481870007","SILLA FIJA DE METAL","O/C N° 142-1987","04/05/1987","550.0","","","1503.020102","MOBILIARIO DE OFICINA","M","S/M","S/M","S/T","NEGRO","S/S","S/D","","","","","","","","","","D","",""
"628","41","","746481870009","SILLA FIJA DE METAL","O/C N° 142-1987","04/05/1987","550.0","","","1503.020102","MOBILIARIO DE OFICINA","R","S/M","S/M","S/T","NEGRO","S/S","S/D","","","","","","","","","","U","",""
"629","41","","746481870011","SILLA FIJA DE METAL","O/C N° 142-1987","04/05/1987","550.0","","","1503.020102","MOBILIARIO DE OFICINA","M","S/M","S/M","S/T","NEGRO","S/S","S/D","","","","","","","","","","D","",""
"630","41","","746481870013","SILLA FIJA DE METAL","O/C N° 142-1987","04/05/1987","550.0","","","1503.020102","MOBILIARIO DE OFICINA","M","S/M","S/M","S/T","NEGRO","S/S","S/D","","","","","","","","","","D","",""
"631","41","","746481870020","SILLA FIJA DE METAL","O/C N° 142-1987","04/05/1987","55.0","","","1503.020102","MOBILIARIO DE OFICINA","M","S/M","S/M","S/T","PLOMO/NEGRO","S/S","S/D","","","","","","","","","","D","",""
"632","41","","746481870045","SILLA FIJA DE METAL","O/C N° 652-1995","29/09/1995","65.0","","","1503.020102","MOBILIARIO DE OFICINA","M","S/M","TAPIZ COROFAN","S/T","NEGRO","S/S","S/D","","","","","","","","","","D","",""
"633","41","","746481870062","SILLA FIJA DE METAL","SANEAR","31/12/2021","1.0","","","1503.020102","MOBILIARIO DE OFICINA","M","S/M","S/M","S/T","NEGRO","S/S","S/D","","","","","","","","","","D","",""
"634","41","","746481870085","SILLA FIJA DE METAL","O/C N° 652-1995","29/09/1995","65.0","","","1503.020102","MOBILIARIO DE OFICINA","M","S/M","TAPIZ COROFAN","S/T","NEGRO","S/S","S/D","","","","","","","","","","D","",""
"635","41","","746481870090","SILLA FIJA DE METAL","SANEAR","31/12/2021","1.0","","","1503.020102","MOBILIARIO DE OFICINA","R","S/M","CUERINA NEGRA","S/T","PLOMO","S/S","S/D","","","","","","","","","","U","",""
"636","41","","746481870113","SILLA FIJA DE METAL","SANEAR","31/12/2021","1.0","","","1503.020102","MOBILIARIO DE OFICINA","M","S/M","S/M","S/T","NEGRO","S/S","S/D","","","","","","","","","","D","",""
"637","41","","746482550004","SILLA FIJA DE OTRO MATERIAL","O/C N° 44-2000","22/02/2000","21.7","","","1503.020102","MOBILIARIO DE OFICINA","R","REY","S/M","S/T","AZUL","S/S","S/D","","","","","","","","","","D","",""
"638","41","","746482550005","SILLA FIJA DE OTRO MATERIAL","O/C N° 44-2000","22/02/2000","21.7","","","1503.020102","MOBILIARIO DE OFICINA","R","REY","S/M","S/T","AZUL","S/S","S/D","","","","","","","","","","U","",""
"639","41","","746482550006","SILLA FIJA DE OTRO MATERIAL","O/C N° 44-2000","22/02/2000","21.7","","","1503.020102","MOBILIARIO DE OFICINA","M","REY","S/M","S/T","AZUL","S/S","S/D","","","","","","","","","","D","",""
"640","41","","746482550007","SILLA FIJA DE OTRO MATERIAL","O/C N° 44-2000","22/02/2000","21.7","","","1503.020102","MOBILIARIO DE OFICINA","R","REY","S/M","S/T","AZUL","S/S","S/D","","","","","","","","","","U","",""
"641","41","","746482550010","SILLA FIJA DE OTRO MATERIAL","SANEAR","31/12/2021","1.0","","","1503.020102","MOBILIARIO DE OFICINA","R","S/M","PLASTICO","S/T","BLANCO","S/S","S/D","","","","","","","","","","U","",""
"642","41","","746482550017","SILLA FIJA DE OTRO MATERIAL","O/C N° 44-2000","22/02/2000","21.7","","","1503.020102","MOBILIARIO DE OFICINA","R","REY","S/M","S/T","AZUL","S/S","S/D","","","","","","","","","","U","",""
"643","41","","746482550018","SILLA FIJA DE OTRO MATERIAL","O/C N° 44-2000","22/02/2000","21.7","","","1503.020102","MOBILIARIO DE OFICINA","M","REY","S/M","S/T","AZUL","S/S","S/D","","","","","","","","","","U","",""
"644","41","","746482550019","SILLA FIJA DE OTRO MATERIAL","O/C N° 44-2000","22/02/2000","21.7","","","1503.020102","MOBILIARIO DE OFICINA","M","","","","AZUL","","","","","","","","","","","","U","",""
"645","41","","746482550028","SILLA FIJA DE OTRO MATERIAL","SANEAR","31/12/2021","1.0","","","1503.020102","MOBILIARIO DE OFICINA","M","GENPLAST","S/M","S/T","AZUL","S/S","S/D","","","","","","","","","","D","",""
"646","41","","746482550029","SILLA FIJA DE OTRO MATERIAL","SANEAR","31/12/2021","1.0","","","1503.020102","MOBILIARIO DE OFICINA","M","GENPLAST","S/M","S/T","AZUL","S/S","S/D","","","","","","","","","","D","",""
"647","41","","746483230001","SILLA GIRATORIA DE MADERA","O/C N° 3-00131-2010","30/09/2010","530.0","","","1503.020102","MOBILIARIO DE OFICINA","M"," "," "," ","NEGRO"," "," "," "," "," "," "," "," ","",""," ","U","",""
"648","41","","746483900005","SILLA GIRATORIA DE METAL","O/C Nº 520-2013","24/07/2013","280.0","","","1503.020102","MOBILIARIO DE OFICINA","M","S/M","S/M","S/T","NEGRO","S/S","S/D","","","","","","","","","","D","",""
"649","41","","746483900006","SILLA GIRATORIA DE METAL","O/C N° 118-1996","29/02/1996","70.0","","","1503.020102","MOBILIARIO DE OFICINA","M","","CROMADA","FIJA","AZUL","S/S","S/D","","","","","","","","","","U","",""
"650","41","","746483900009","SILLA GIRATORIA DE METAL","O/C N° 3-00131-2010","30/09/2010","530.0","","","1503.020102","MOBILIARIO DE OFICINA","R"," "," "," ","NEGRO"," ","0.46X0.65X0.98"," "," "," "," "," "," ","",""," ","U","",""
"651","41","","746483900021","SILLA GIRATORIA DE METAL","O/C N° 000352-2013","14/06/2013","180.0","","","1503.020102","MOBILIARIO DE OFICINA","M","","TAPIZ LONA","","NEGRO","","","","","","","","","","","","U","",""
"652","41","","746483900022","SILLA GIRATORIA DE METAL","O/C N° 310-2012","15/11/2012","180.0","","","1503.020102","MOBILIARIO DE OFICINA","M","","","","NEGRO","","","","","","","","","","","","U","",""
"653","41","","746483900024","SILLA GIRATORIA DE METAL","O/C N° 310-2012","15/11/2012","180.0","","","1503.020102","MOBILIARIO DE OFICINA","R","","MONTHI","","NEGRO","","0.68X0.85X1.00","","","","","","","","","","U","",""
"654","41","","746483900068","SILLA GIRATORIA DE METAL","O/C N°000047-2013","07/02/2013","200.0","","","1503.020102","MOBILIARIO DE OFICINA","M","","","","NEGRO","","","","","","","","","","","","U","",""
"655","41","","746483900071","SILLA GIRATORIA DE METAL","O/C N° 310-2012","15/11/2012","180.0","","","1503.020102","MOBILIARIO DE OFICINA","M","S/M","S/M","S/T","NEGRO","S/S","S/D","","","","","","","","","","D","",""
"656","41","","746483900074","SILLA GIRATORIA DE METAL","O/C N°000047-2013","07/02/2013","200.0","","","1503.020102","MOBILIARIO DE OFICINA","M","","","","NEGRO","","","","","","","","","","","","U","",""
"657","41","","746483900075","SILLA GIRATORIA DE METAL","O/C N°000047-2013","07/02/2013","200.0","","","1503.020102","MOBILIARIO DE OFICINA","M","S/M","S/M","S/T","NEGRO","S/S","S/D","","","","","","","","","","D","",""
"658","41","","746483900079","SILLA GIRATORIA DE METAL","O/C N°000047-2013","07/02/2013","200.0","","","1503.020102","MOBILIARIO DE OFICINA","R","","","","NEGRO","","","","","","","","","","","","U","",""
"659","41","","746483900081","SILLA GIRATORIA DE METAL","O/C N°000047-2013","07/02/2013","200.0","","","1503.020102","MOBILIARIO DE OFICINA","M","","","","NEGRO","","0.40X0.50X0.60","","","","","","","","","","U","",""
"660","41","","746483900082","SILLA GIRATORIA DE METAL","O/C N°000047-2013","07/02/2013","200.0","","","1503.020102","MOBILIARIO DE OFICINA","M","","","","NEGRO","","","","","","","","","","","","U","",""
"661","41","","746483900088","SILLA GIRATORIA DE METAL","O/C N°000047-2013","07/02/2013","200.0","","","1503.020102","MOBILIARIO DE OFICINA","M","","","","NEGRO","","","","","","","","","","","","U","",""
"662","41","","746483900094","SILLA GIRATORIA DE METAL","O/C Nº 000066","15/02/2013","179.99","","","1503.020102","MOBILIARIO DE OFICINA","M","","","","NEGRO","","0.44X0.62X0.99","","","","","","","","","","U","",""
"663","41","","746483900107","SILLA GIRATORIA DE METAL","O/C Nº 161-2013","12/04/2013","220.0","","","1503.020102","MOBILIARIO DE OFICINA","M","S/M","S/M","S/T","NEGRO","","","","","","","","","","","","U","",""
"664","41","","746483900110","SILLA GIRATORIA DE METAL","SANEAR","31/12/2021","1.0","","","1503.020102","MOBILIARIO DE OFICINA","M","","","","","","","","","","","","","","","","U","",""
"665","41","","746483900114","SILLA GIRATORIA DE METAL","O/C Nº 346-2013","13/06/2013","220.0","","","1503.020102","MOBILIARIO DE OFICINA","M","","","","NEGRO","","","","","","","","","","","","U","",""
"666","41","","746483900115","SILLA GIRATORIA DE METAL","O/C Nº 346-2013","13/06/2013","220.0","","","1503.020102","MOBILIARIO DE OFICINA","M","","","","NEGRO","","","","","","","","","","","","U","",""
"667","41","","746483900118","SILLA GIRATORIA DE METAL","SANEAR","31/12/2021","1.0","","","1503.020102","MOBILIARIO DE OFICINA","M","","","","NEGRO","","","","","","","","","","","","U","",""
"668","41","","746483900119","SILLA GIRATORIA DE METAL","SANEAR","31/12/2021","1.0","","","1503.020102","MOBILIARIO DE OFICINA","R","","","","NEGRO","","","","","","","","","","","","U","",""
"669","41","","746483900120","SILLA GIRATORIA DE METAL","O/C N° 310-2012","15/11/2012","180.0","","","1503.020102","MOBILIARIO DE OFICINA","M","","","","NEGRO","","0.43X0.46X0.72","","","","","","","","","","U","",""
"670","41","","746483900121","SILLA GIRATORIA DE METAL","SANEAR","31/12/2021","1.0","","","1503.020102","MOBILIARIO DE OFICINA","M","","","","NEGRO","","","","","","","","","","","","U","",""
"671","41","","746487970010","SILLON FIJO DE METAL","SANEAR","31/12/2021","1.0","","","1503.020102","MOBILIARIO DE OFICINA","M","S/M","S/M","S/T","NEGRO","S/S","S/D","","","","","","","","","","D","",""
"672","41","","746488310002","SILLON GIRATORIO (OTROS)","O/C N° 6-00127","30/09/2010","490.0","","","1503.020102","MOBILIARIO DE OFICINA","M","S/M","PRINCIPE","S/T","MARRON","S/S","0.43X0.50X0.73","","","","","","","","","","D","",""
"673","41","","746489330006","SILLON GIRATORIO DE METAL","O/C Nº 520-2013","24/07/2013","280.0","","","1503.020102","MOBILIARIO DE OFICINA","M","S/M","TAPIZ TELA","S/T","NEGRO","S/S","0.43X0.46X0.72","","","","","","","","","","D","",""
"674","41","","42291880001","SURCADOR","O/C N° 128-1995","30/03/1995","1589.0","","","1503.020502","EQUIPO DE USO AGRICOLA Y PESQUERO","M","S/M","5 UÑAS","S/T","CELESTE","S/S","S/D","","","","","","","","","","D","",""
"675","41","","952281740001","TABLERO ELECTRICO DE CONTROL","SANEAR","31/12/2021","1.0","","","1503.020303","EQUIPOS DE TELECOMUNICACIONES","M","SQUARE","ATS 46C48N","ALTISTAR 46","PLOMO","TELEMECANIQUE","","","","","","","","","","","U","",""
"676","41","","746494750001","TABURETE FIJO DE METAL","SANEAR","31/12/2021","1.0","","","1503.020102","MOBILIARIO DE OFICINA","R","S/M","S/M","S/T","NEGRO/PLOMO","S/S","S/D","","","","","","","","","","U","",""
"677","41","","746494750002","TABURETE FIJO DE METAL","SANEAR","31/12/2021","1.0","","","1503.020102","MOBILIARIO DE OFICINA","M","S/M","S/M","S/T","PLOMO","S/S","S/D","","","","","","","","","","D","",""
"678","41","","746495430002","TABURETE GIRATORIO DE METAL","SANEAR","31/12/2021","1.0","","","1503.020102","MOBILIARIO DE OFICINA","M","","","","","","","","","","","","","","","","U","",""
"679","41","","746495430003","TABURETE GIRATORIO DE METAL","SANEAR","31/12/2021","1.0","","","1503.020102","MOBILIARIO DE OFICINA","M","","","","","","","","","","","","","","","","U","",""
"680","41","","673677040001","TANQUE ABLANDADOR DE AGUA","SANEAR","31/12/2021","1.0","","","1503.020999","MAQUINARIAS, EQUIPOS Y MOBILIARIOS DE OTRAS INSTALACIONES","M","S/M","S/M","S/T","BLANCO","S/S","S/D","","","","","","","","","","D","",""
"681","41","","673677040002","TANQUE ABLANDADOR DE AGUA","SANEAR","31/12/2021","1.0","","","1503.020999","MAQUINARIAS, EQUIPOS Y MOBILIARIOS DE OTRAS INSTALACIONES","R","","","","","","","","","","","","","","","","U","",""
"682","41","","46482620001","TANQUE DE ACERO INOXIDABLE (MAYOR A 1/8 UIT)","VERIFICAR","31/12/2021","1.0","","","1503.020501","MOBILIARIO DE USO AGRICOLA Y PESQUERO","M","","","","","","","","","","","","","","","","D","",""
"683","41","","673677630001","TANQUE DE METAL - CISTERNA","SANEAR","31/12/2021","1.0","","","1503.020999","MAQUINARIAS, EQUIPOS Y MOBILIARIOS DE OTRAS INSTALACIONES","M","S/M","S/M","S/T","S/C","S/S","S/D","","","","","","","","","","D","",""
"684","41","","673677630002","TANQUE DE METAL - CISTERNA","SANEAR","31/12/2021","1.0","","","1503.020999","MAQUINARIAS, EQUIPOS Y MOBILIARIOS DE OTRAS INSTALACIONES","M","S/M","S/M","S/T","S/C","S/S","S/D","","","","","","","","","","D","",""
"685","41","","676466670005","TANQUE DE POLIETILENO PARA AGUA","O/C N° 499-2016","30/12/2016","590.0","","","1503.020102","MOBILIARIO DE OFICINA","R","S/M","1000 LTS.","C/ REJILLA GALVANIZADA","BLANCO","S/S","S/D","","","","","","","","","","D","",""
"686","41","","676466670007","TANQUE DE POLIETILENO PARA AGUA","O/C N° 139-2022","07/03/2022","710.0","","","1503.020102","MOBILIARIO DE OFICINA","M","S/M","IBC1000","S/T","BLANCO","S/S","1.20X1.00X1.10","","","","","","","","","","D","",""
"687","41","","676466670008","TANQUE DE POLIETILENO PARA AGUA","O/C N° 00047-2022","07/02/2022","725.0","","","1503.020102","MOBILIARIO DE OFICINA","M","S/M","IBC1000","S/T","ANARANJADO","S/S","1.20X1.00X1.10","","","","","","","","","","D","",""
"688","41","","676466670009","TANQUE DE POLIETILENO PARA AGUA","O/C N° 00047-2022","07/02/2022","725.0","","","1503.020102","MOBILIARIO DE OFICINA","M","S/M","IBC1000","S/T","ROJO","S/S","1.20X1.00X1.10","","","","","","","","","","D","",""
"689","41","","676466670010","TANQUE DE POLIETILENO PARA AGUA","O/C N° 139-2022","07/03/2022","710.0","","","1503.020102","MOBILIARIO DE OFICINA","M","S/M","IBC1000","S/T","NEGRO","S/S","1.20X1.00X1.10","","","","","","","","","","D","",""
"690","41","","676466670013","TANQUE DE POLIETILENO PARA AGUA","O/C N° 459-2015","16/12/2015","538.0","","","1503.020102","MOBILIARIO DE OFICINA","R","S/M","IBC1000","S/T","BLANCO","S/S","1.20X1.00X1.10","","","","","","","","","","D","",""
"691","41","","676466670014","TANQUE DE POLIETILENO PARA AGUA","O/C N° 459-2015","16/12/2015","538.0","","","1503.020102","MOBILIARIO DE OFICINA","M","S/M","IBC1000","S/T","NEGRO","S/S","1.20X1.00X1.10","","","","","","","","","","D","",""
"692","41","","676466670016","TANQUE DE POLIETILENO PARA AGUA","O/C N° 459-2015","16/12/2015","538.0","","","1503.020102","MOBILIARIO DE OFICINA","M","S/M","IBC1000","S/T","BLANCO","S/S","1.20X1.00X1.10","","","","","","","","","","D","",""
"693","41","","676466670017","TANQUE DE POLIETILENO PARA AGUA","O/C N° 459-2015","16/12/2015","538.0","","","1503.020102","MOBILIARIO DE OFICINA","R","S/M","IBC1000","S/T","BLANCO","S/S","1.20X1.00X1.10","","","","","","","","","","D","",""
"694","41","","676466670018","TANQUE DE POLIETILENO PARA AGUA","O/C N°173-2012","10/07/2012","780.0","","","1503.020102","MOBILIARIO DE OFICINA","M","S/M","IBC1000","REFORZADO TUBO DE FIERRO","BLANCO","S/S","1.20X1.00X1.10","","","","","","","","","","D","",""
"695","41","","676466670019","TANQUE DE POLIETILENO PARA AGUA","O/C N°173-2012","10/07/2012","780.0","","","1503.020102","MOBILIARIO DE OFICINA","M","S/M","IBC1000","REFORZADO TUBO DE FIERRO","BLANCO","S/S","1.20X1.00X1.10","","","","","","","","","","D","",""
"696","41","","676466670020","TANQUE DE POLIETILENO PARA AGUA","O/C N°173-2012","10/07/2012","780.0","","","1503.020102","MOBILIARIO DE OFICINA","M","S/M","IBC1000","REFORZADO TUBO DE FIERRO","BLANCO","S/S","1.20X1.00X1.10","","","","","","","","","","D","",""
"697","41","","676466670021","TANQUE DE POLIETILENO PARA AGUA","O/C N° 139-2022","07/03/2022","710.0","","","1503.020102","MOBILIARIO DE OFICINA","R","S/M","IBC1000","S/T","NEGRO","S/S","1.20X1.00X1.10","","","","","","","","","","D","",""
"698","41","","676466670023","TANQUE DE POLIETILENO PARA AGUA","O/C N° 66-2017","07/03/2017","450.0","","","1503.020102","MOBILIARIO DE OFICINA","M","NACIONAL","1000 LTS.","C/PROTECTOR DE ALUMINIO","BLANCO","S/S","S/D","","","","","","","","","","D","",""
"699","41","","676466670024","TANQUE DE POLIETILENO PARA AGUA","O/C N° 66-2017","07/03/2017","450.0","","","1503.020102","MOBILIARIO DE OFICINA","R","NACIONAL","1000 LTS.","C/PROTECTOR DE ALUMINIO","BLANCO","S/S","S/D","","","","","","","","","","D","",""
"700","41","","676466670025","TANQUE DE POLIETILENO PARA AGUA","O/C N° 66-2017","07/03/2017","450.0","","","1503.020102","MOBILIARIO DE OFICINA","R","NACIONAL","1000 LTS.","C/PROTECTOR DE ALUMINIO","BLANCO","S/S","S/D","","","","","","","","","","D","",""
"701","41","","676466670026","TANQUE DE POLIETILENO PARA AGUA","O/C N° 66-2017","07/03/2017","450.0","","","1503.020102","MOBILIARIO DE OFICINA","M","NACIONAL","1000 LTS.","C/PROTECTOR DE ALUMINIO","BLANCO","S/S","S/D","","","","","","","","","","D","",""
"702","41","","676466670027","TANQUE DE POLIETILENO PARA AGUA","O/C N° 66-2017","07/03/2017","450.0","","","1503.020102","MOBILIARIO DE OFICINA","M","NACIONAL","1000 LTS.","C/PROTECTOR DE ALUMINIO","BLANCO","S/S","S/D","","","","","","","","","","D","",""
"703","41","","746495760001","TARIMA","SANEAR","31/12/2021","1.0","","","1503.020102","MOBILIARIO DE OFICINA","M","","","","","","","","","","","","","","","","U","",""
"704","41","","740895000028","TECLADO - KEYBOARD","O/C N° 0252-2007","11/12/2007","54.0","","","1503.020301","EQUIPOS COMPUTACIONALES Y PERIFERICOS","M","BENQ","","","","","","","","","","","","","","","U","",""
"705","41","","740895000074","TECLADO - KEYBOARD","O/C N° 054-2004","30/01/2004","42.6","","","1503.020301","EQUIPOS COMPUTACIONALES Y PERIFERICOS","M","S/M","5530K-SP","S/T","BLANCO","K693806705","S/D","","","","","","","","","","D","",""
"706","41","","740895000095","TECLADO - KEYBOARD","O/C N°0-00038-2010","24/02/2010","51.52","","","1503.020301","EQUIPOS COMPUTACIONALES Y PERIFERICOS","M","GENIUS","","","NEGRO","XEBCO7006164","","","","","","","","","","","U","",""
"707","41","","740895000106","TECLADO - KEYBOARD","O/C N° 0095-2008","19/09/2008","49.52","","","1503.020301","EQUIPOS COMPUTACIONALES Y PERIFERICOS","M","GENIUS","","","NEGRO","XEC907012167","","","","","","","","","","","U","",""
"708","41","","740895000110","TECLADO - KEYBOARD","O/C N° 279-2013","31/05/2013","69.08","","","1503.020301","EQUIPOS COMPUTACIONALES Y PERIFERICOS","R","MICROSOFT","1366","S/T","NEGRO","66903508287","S/D","","","","","","","","","","U","",""
"709","41","","740895000120","TECLADO - KEYBOARD","SANEAR","31/12/2021","1.0","","","1503.020301","EQUIPOS COMPUTACIONALES Y PERIFERICOS","R","GENIUS","","","NEGRO","WV1355404505","","","","","","","","","","","U","",""
"710","41","","740895000155","TECLADO - KEYBOARD","O/C Nº 348-2013","13/06/2013","47.2","","","1503.020301","EQUIPOS COMPUTACIONALES Y PERIFERICOS","M","BTC","9000A","","NEGRO","","","","","","","","","","","","U","",""
"711","41","","740895000164","TECLADO - KEYBOARD","SANEAR","31/12/2021","1.0","","","1503.020301","EQUIPOS COMPUTACIONALES Y PERIFERICOS","R","GENIUS","","","NEGRO","XEC507004424","","","","","","","","","","","U","",""
"712","41","","740895000167","TECLADO - KEYBOARD","O/C N° 022-2012","03/08/2012","57.22","","","1503.020301","EQUIPOS COMPUTACIONALES Y PERIFERICOS","M","GENIUS","K639","S/T","NEGRO","ZM6602042991","S/D","","","","","","","","","","D","",""
"713","41","","740895000178","TECLADO - KEYBOARD","SANEAR","31/12/2021","1.0","","","1503.020301","EQUIPOS COMPUTACIONALES Y PERIFERICOS","M","GENIUS","KKB-2050U","","NEGRO","","","","","","","","","","","","U","",""
"714","41","","740895000195","TECLADO - KEYBOARD","SANEAR","31/12/2021","1.0","","","1503.020301","EQUIPOS COMPUTACIONALES Y PERIFERICOS","B","DATAONE","DAT-425C","","NEGRO","","","","","","","","","","","","U","",""
"715","41","","740895000201","TECLADO - KEYBOARD","SANEAR","31/12/2021","1.0","","","1503.020301","EQUIPOS COMPUTACIONALES Y PERIFERICOS","R","DATAONE","DAT-425C","S/N","NEGRO","","","","","","","","","","","","U","",""
"716","41","","740895560002","TECLADO INALAMBRICO","O/C N° 3-00059-2009","10/08/2009","51.08","","","1503.020301","EQUIPOS COMPUTACIONALES Y PERIFERICOS","M","CYBERTEL","K238","","NEGRO","K238","","","","","","","","","","","U","",""
"717","41","","672297720001","TECLE","O/C Nº 425","07/12/2015","1300.0","","","1503.020906","EQUIPOS PARA VEHICULOS","R","","","","ANARANJADO","","","","","","","","","","","","U","",""
"718","41","","672297720002","TECLE","O/C N° 154-2020","05/06/2020","250.0","","","1503.020906","EQUIPOS PARA VEHICULOS","M","TRUPER","","1 TONELADA","","","","","","","","","","","","","U","",""
"719","41","","672297720003","TECLE","O/C N° 154-2020","05/06/2020","250.0","","","1503.020906","EQUIPOS PARA VEHICULOS","R","TRUPER","","1 TONELADA","ANARANJADO","","","","","","","","","","","","U","",""
"720","41","","672297720004","TECLE","O/C N° 154-2020","05/06/2020","250.0","","","1503.020906","EQUIPOS PARA VEHICULOS","R","UYUTOOLS","TEC 205","","AMARILLO","","","","","","","","","","","","U","",""
"721","41","","952282870011","TELEFONO","O/C N° 200-1993","30/10/1993","610.4","","","1503.020303","EQUIPOS DE TELECOMUNICACIONES","M","PANASONIC","KX T7030","S/T","BLANCO","S/S","S/D","","","","","","","","","","D","",""
"722","41","","952282870016","TELEFONO","SANEAR","31/12/2021","1.0","","","1503.020303","EQUIPOS DE TELECOMUNICACIONES","M","INTERCOM","WI-2CN","S/T","BLANCO","","","","","","","","","","","","D","",""
"723","41","","952282870019","TELEFONO","O/C N° 200-1993","30/10/1993","196.2","","","1503.020303","EQUIPOS DE TELECOMUNICACIONES","M","PANASONIC","KX T2315","EASA PHONE","BLANCO","3FADC53C68","S/D","","","","","","","","","","D","",""
"724","41","","952282870023","TELEFONO","SANEAR","31/12/2021","1.0","","","1503.020303","EQUIPOS DE TELECOMUNICACIONES","R","VISUATEL","INTELBRAS","S/T","NEGRO","O8611773068303","S/D","","","","","","","","","","U","",""
"725","41","","952282870031","TELEFONO","SANEAR","31/12/2021","1.0","","","1503.020303","EQUIPOS DE TELECOMUNICACIONES","M","FORMA PLUS","","","BLANCO","AA072079","","","","","","","","","","","U","",""
"726","41","","952282870037","TELEFONO","O/C N° 832-1995","29/09/1995","1488.0","","","1503.020303","EQUIPOS DE TELECOMUNICACIONES","R","MOTOROLA","KX-200","","NEGRO","","","","","","","","","","","","U","",""
"727","41","","602289320003","TEODOLITO ELECTRONICO","O/C N° 000128","15/06/2012","1100.0","","","1503.020905","EQUIPOS E INSTRUMENTOS DE MEDICION","R","CTS","DT DT610","S/T","AMARILLO","119205","S/D","","","","","","","","","","U","",""
"728","41","","602289320013","TEODOLITO ELECTRONICO","O/C N° 310-2013","07/06/2013","3435.0","","","1503.020905","EQUIPOS E INSTRUMENTOS DE MEDICION","R","CST/BERGER","DGT2","TEODOLITO ELECO","AMARILLO NEGRO","122939","","","","","","","","","","","U","",""
"729","41","","602289320014","TEODOLITO ELECTRONICO","O/C N° 000472-2013","16/07/2013","1283.33","","","1503.020905","EQUIPOS E INSTRUMENTOS DE MEDICION","R","CST/BERGER","DGT2","","AMARILLO/NEGRO","143220","","","","","","","","","","","U","",""
"730","41","","672298610001","TORNILLO DE BANCO","SANEAR","31/12/2021","1.0","","","1503.020906","EQUIPOS PARA VEHICULOS","R","","","","AZUL","","","","","","","","","","","","U","",""
"731","41","","462299500010","TRANSFORMADOR (MAYOR A 1/8 UIT)","O/C N° 019-1992","10/08/1991","94.4","","","1503.020904","ELECTRICIDAD Y ELECTRONICA","R","","SC-032","","PLOMO","","","","","","","","","","","","U","",""
"732","41","","462299500011","TRANSFORMADOR (MAYOR A 1/8 UIT)","VERIFICAR","31/12/2021","1.0","","","1503.020904","ELECTRICIDAD Y ELECTRONICA","M","FADEX","","","ROJO","","","","","","","","","","","","U","",""
"733","41","","462299500012","TRANSFORMADOR (MAYOR A 1/8 UIT)","VERIFICAR","31/12/2021","1.0","","","1503.020904","ELECTRICIDAD Y ELECTRONICA","M","","","","PLATA","","","","","","","","","","","","U","",""
"734","41","","676473450004","TRIPODE DE MADERA","O/C N° 291-1995","30/05/1995","845.0","","","1503.020102","MOBILIARIO DE OFICINA","M","KARL ZEISS","","","AMARILLO","","","","","","","","","","","","U","",""
"735","41","","676473450007","TRIPODE DE MADERA","O/C N° 0-00074-2010","26/03/2010","839.5","","","1503.020102","MOBILIARIO DE OFICINA","R","S/M","S/M","S/T","ROJO/AMARILLO","S/S","S/D","","","","","","","","","","U","",""
"736","41","","676473450013","TRIPODE DE MADERA","O/C Nº 000066","15/02/2013","2.0","","","1503.020102","MOBILIARIO DE OFICINA","M","","","","","","","","","","","","","","","","U","",""
"737","41","","676473450015","TRIPODE DE MADERA","O/C Nº 424-2013","05/07/2013","277.0","","","1503.020102","MOBILIARIO DE OFICINA","R","S/M","S/M","S/T","ROJO/AMARILLO","40160079","S/D","","","","","","","","","","U","",""
"738","41","","676478660003","TRIPODE METALICO","SANEAR","31/12/2021","1.0","","","1503.020102","MOBILIARIO DE OFICINA","B","","","","PLOMO/NARANJA","","","","","","","","","","","","U","",""
"739","41","","676478660012","TRIPODE METALICO","O/C N° 000128","15/06/2012","1100.0","","","1503.020102","MOBILIARIO DE OFICINA","R","QUICK CLAMP","A20 4.50KG.171M","","PLOMO","","5 MTS","","","","","","","","","","U","",""
"740","41","","676478660024","TRIPODE METALICO","O/C N° 207-2013","02/05/2013","132.0","","","1503.020102","MOBILIARIO DE OFICINA","R","CST/BERGER","","","PLOMO/NARANJA","4011150505","","","","","","","","","","","U","",""
"741","41","","676478660052","TRIPODE METALICO","O/C Nº 000066","15/02/2013","2.0","","","1503.020102","MOBILIARIO DE OFICINA","R","","","","MOSTASA","","","","","","","","","","","","U","",""
"742","41","","676478660056","TRIPODE METALICO","SANEAR","31/12/2021","1.0","","","1503.020102","MOBILIARIO DE OFICINA","R","STANDAR","","","","","","","","","","","","","","","U","",""
"743","41","","676478660059","TRIPODE METALICO","SANEAR","31/12/2021","1.0","","","1503.020102","MOBILIARIO DE OFICINA","R","CST/BERGER","","","NARANJA","","","","","","","","","","","","U","",""
"744","41","","676478660061","TRIPODE METALICO","SANEAR","31/12/2021","1.0","","","1503.020102","MOBILIARIO DE OFICINA","B","","","","PLOMO","","","","","","","","","","","","U","",""
"745","41","","676478660062","TRIPODE METALICO","SANEAR","31/12/2021","1.0","","","1503.020102","MOBILIARIO DE OFICINA","M","","","","AMARILLO","","","","","","","","","","","","U","",""
"746","41","","676478660063","TRIPODE METALICO","SANEAR","31/12/2021","1.0","","","1503.020102","MOBILIARIO DE OFICINA","R","","","","NARANJA/PLOMO","","","","","","","","","","","","U","",""
"747","41","","676478660064","TRIPODE METALICO","SANEAR","31/12/2021","1.0","","","1503.020102","MOBILIARIO DE OFICINA","R","","","","","","","","","","","","","","","","U","",""
"748","41","","676478660065","TRIPODE METALICO","SANEAR","31/12/2021","1.0","","","1503.020102","MOBILIARIO DE OFICINA","R","","","","NARANJA/PLOMO","","","","","","","","","","","","U","",""
"749","41","","676478660066","TRIPODE METALICO","SANEAR","31/12/2021","1.0","","","1503.020102","MOBILIARIO DE OFICINA","R","","","","NARANJA/PLOMO","","","","","","","","","","","","U","",""
"750","41","","740899500055","UNIDAD CENTRAL DE PROCESO - CPU","O/C N° 3-00060-2009","10/08/2009","2282.5","","","1503.020301","EQUIPOS COMPUTACIONALES Y PERIFERICOS","R","INTEL","DUAL CORE2","S/T","NEGRO","S/S","S/D","","","","","","","","","","U","",""
"751","41","","740899500071","UNIDAD CENTRAL DE PROCESO - CPU","O/C N° 007-1993","31/01/1993","249.75","","","1503.020301","EQUIPOS COMPUTACIONALES Y PERIFERICOS","M","","FULL TOWER","","","","","","","","","","","","","","U","",""
"752","41","","740899500075","UNIDAD CENTRAL DE PROCESO - CPU","O/C N° 8-00162-2010","21/05/2010","2443.0","","","1503.020301","EQUIPOS COMPUTACIONALES Y PERIFERICOS","M","INTEL","CORE 2 DUO","","NEGRO","","","","","","","","","","","","U","",""
"753","41","","740899500080","UNIDAD CENTRAL DE PROCESO - CPU","O/C N° 3-00043-2010","25/05/2010","2140.0","","","1503.020301","EQUIPOS COMPUTACIONALES Y PERIFERICOS","R","INTEL","CORE I 3"," ","NEGRO"," "," "," "," "," "," "," "," ","",""," ","U","",""
"754","41","","740899500081","UNIDAD CENTRAL DE PROCESO - CPU","SANEAR","31/12/2021","1.0","","","1503.020301","EQUIPOS COMPUTACIONALES Y PERIFERICOS","M","NEW DESIGN","S/M","S/T","BLANCO","S/S","S/D","","","","","","","","","","D","",""
"755","41","","740899500083","UNIDAD CENTRAL DE PROCESO - CPU","O/C N° 6-00066-2010","16/07/2010","2265.0","","","1503.020301","EQUIPOS COMPUTACIONALES Y PERIFERICOS","M","ALTRON","INTEL","ALTRON","NEGRO","S/S","S/D","","","","","","","","","","U","",""
"756","41","","740899500097","UNIDAD CENTRAL DE PROCESO - CPU","O/C N° 446-2012","20/12/2012","2631.2","","","1503.020301","EQUIPOS COMPUTACIONALES Y PERIFERICOS","M","INTEL","CORE I7","GAB. ALTRON","NEGRO","S/S","S/D","","","","","","","","","","U","",""
"757","41","","740899500100","UNIDAD CENTRAL DE PROCESO - CPU","O/C N° 298-2012","06/11/2012","2581.15","","","1503.020301","EQUIPOS COMPUTACIONALES Y PERIFERICOS","M","INTEL","CORE I7","S/T","NEGRO","","","","","","","","","","","","U","",""
"758","41","","740899500116","UNIDAD CENTRAL DE PROCESO - CPU","O/C N° 494-2001","02/12/2001","2232.1","","","1503.020301","EQUIPOS COMPUTACIONALES Y PERIFERICOS","B","INTEL","PENTIUM III","","NEGRO","","","","","","","","","","","","U","",""
"759","41","","740899500124","UNIDAD CENTRAL DE PROCESO - CPU","SANEAR","31/12/2021","1.0","","","1503.020301","EQUIPOS COMPUTACIONALES Y PERIFERICOS","R","DATAONE","S/M","S/T","NEGRO/ROJO","S/S","S/D","","","","","","","","","","U","",""
"760","41","","740899500127","UNIDAD CENTRAL DE PROCESO - CPU","O/C N° 025-C- 2004","09/12/2004","2286.9","","","1503.020301","EQUIPOS COMPUTACIONALES Y PERIFERICOS","M","MICRONICS","S/M","S/T","NEGRO","S/S","S/D","","","","","","","","","","D","",""
"761","41","","740899500131","UNIDAD CENTRAL DE PROCESO - CPU","O/C N° 494-2001","02/12/2001","2232.1","","","1503.020301","EQUIPOS COMPUTACIONALES Y PERIFERICOS","B","INTEL","PENTIUM III","","","","","","","","","","","","","","U","",""
"762","41","","740899500137","UNIDAD CENTRAL DE PROCESO - CPU","SANEAR","31/12/2021","1.0","","","1503.020301","EQUIPOS COMPUTACIONALES Y PERIFERICOS","M","MICRONICS","","","NEGRO","","","","","","","","","","","","U","",""
"763","41","","740899500141","UNIDAD CENTRAL DE PROCESO - CPU","SANEAR","31/12/2021","1.0","","","1503.020301","EQUIPOS COMPUTACIONALES Y PERIFERICOS","M","S/M","S/M","S/T","CELESTES/CREMA","S/S","S/D","","","","","","","","","","D","",""
"764","41","","396499740001","URNA DE MADERA","SANEAR","31/12/2021","1.0","","","1503.020602","MOBILIARIO DE CULTURA Y ARTE","R","","","","","","","","","","","","","","","","U","",""
"765","41","","112279700010","VENTILADOR ELECTRICO PARA MESA O DE PIE","SANEAR","31/12/2021","1.0","","","1503.020901","AIRE ACONDICIONADO Y REFRIGERACION","R","","","","PLOMO","","","","","","","","","","","","U","",""
"766","41","","112279700011","VENTILADOR ELECTRICO PARA MESA O DE PIE","SANEAR","31/12/2021","1.0","","","1503.020901","AIRE ACONDICIONADO Y REFRIGERACION","M","","","","","","","","","","","","","","","","U","",""
"767","41","","112287620010","VENTILADOR ELECTRICO PARA TECHO","SANEAR","31/12/2021","1.0","","","1503.020901","AIRE ACONDICIONADO Y REFRIGERACION","R","","","","VERDE CLARO","","","","","","","","","","","","U","",""
"768","41","","112287620011","VENTILADOR ELECTRICO PARA TECHO","SANEAR","31/12/2021","1.0","","","1503.020901","AIRE ACONDICIONADO Y REFRIGERACION","R","","","","VERDE CLARO","","","","","","","","","","","","U","",""
"769","41","","112287620013","VENTILADOR ELECTRICO PARA TECHO","SANEAR","31/12/2021","1.0","","","1503.020901","AIRE ACONDICIONADO Y REFRIGERACION","R","","","","VERDE","","","","","","","","","","","","U","",""
"770","41","","112287620019","VENTILADOR ELECTRICO PARA TECHO","SANEAR","31/12/2021","1.0","","","1503.020901","AIRE ACONDICIONADO Y REFRIGERACION","R","","","","VERDE","","","","","","","","","","","","U","",""
"771","41","","112287620020","VENTILADOR ELECTRICO PARA TECHO","SANEAR","31/12/2021","1.0","","","1503.020901","AIRE ACONDICIONADO Y REFRIGERACION","M","","","","VERDE","","","","","","","","","","","","U","",""
"772","41","","675099500012","VIBRADOR DE CONCRETO","O/C N° 000027-2009","27/05/2009","2939.0","","","1503.020999","MAQUINARIAS, EQUIPOS Y MOBILIARIOS DE OTRAS INSTALACIONES","M","HONDA","G200","","","9328452","","","","","","","","","","","U","",""
"773","41","","675099500017","VIBRADOR DE CONCRETO","O/C N° 8-00145-2010","30/04/2010","2939.0","","","1503.020999","MAQUINARIAS, EQUIPOS Y MOBILIARIOS DE OTRAS INSTALACIONES","R","HONDA","VC-867-09GCBT","S/T","BLANCO","36631167","S/D"," "," "," "," "," "," ","",""," ","U","",""
"774","41","","675099500020","VIBRADOR DE CONCRETO","O/C N° 6-00035","28/01/2010","2712.0","","","1503.020999","MAQUINARIAS, EQUIPOS Y MOBILIARIOS DE OTRAS INSTALACIONES","M","HONDA","GX160","QAB3 GCABT","ROJO/BLANCO","3758138","S/D","","","","","","","","","","D","",""
"775","41","","675099500023","VIBRADOR DE CONCRETO","O/C N° 059-2012","10/04/2012","1950.0","","","1503.020999","MAQUINARIAS, EQUIPOS Y MOBILIARIOS DE OTRAS INSTALACIONES","M","HONDA","G 200","5,5 HP","BLANCO/ROJO","9373542","S/D","","","","","","","","","","D","",""
"776","41","","675099500033","VIBRADOR DE CONCRETO","O/C N° 868-2013","03/12/2013","2021.0","","","1503.020999","MAQUINARIAS, EQUIPOS Y MOBILIARIOS DE OTRAS INSTALACIONES","R","HONDA DYNAMIC","GX160","H1QAB3","","GCAAH3638607","","","","","","","","","","","U","",""
"777","41","","675099500034","VIBRADOR DE CONCRETO","O/C Nº 456","23/01/2005","2734.0","","","1503.020999","MAQUINARIAS, EQUIPOS Y MOBILIARIOS DE OTRAS INSTALACIONES","R","HONDA DYNAMIC","G200","","","9328224","","","","","","","","","","","U","",""
"778","41","","675099500035","VIBRADOR DE CONCRETO","O/C N° 456-2016","21/12/2016","2500.0","","","1503.020999","MAQUINARIAS, EQUIPOS Y MOBILIARIOS DE OTRAS INSTALACIONES","R","HONDA","GX160","","","KMC168FNA16070730288","","","","","","","","","","","U","",""
"779","41","","675099500036","VIBRADOR DE CONCRETO","SANEAR","31/12/2021","1.0","","","1503.020999","MAQUINARIAS, EQUIPOS Y MOBILIARIOS DE OTRAS INSTALACIONES","M","OHV","INTEKI/C305","S/T","NEGRO","S/S","S/D","","","","","","","","","","D","",""
"780","41","","675099500037","VIBRADOR DE CONCRETO","O/C N° 0706-1996","12/09/1996","4979.0","","","1503.020999","MAQUINARIAS, EQUIPOS Y MOBILIARIOS DE OTRAS INSTALACIONES","R","HONDA DYNAMIC","KMC168FBA","","","1.61E+12","","","","","","","","","","","U","",""
"781","41","","675099500038","VIBRADOR DE CONCRETO","SANEAR","31/12/2021","1.0","","","1503.020999","MAQUINARIAS, EQUIPOS Y MOBILIARIOS DE OTRAS INSTALACIONES","M","OHV","INTEKI/C305","S/T","NEGRO","S/S","S/D","","","","","","","","","","D","",""
"782","41","","952299120003","VIDEOGRABADORA","O/C Nº 0294","29/04/1996","852.15","","","1503.020303","EQUIPOS DE TELECOMUNICACIONES","M","S/M","S/M","VR755/50","NEGRO","MR120Q1869","S/D","","","","","","","","","","D","",""
"783","41","","746498140002","VITRINA DE MADERA","SANEAR","31/12/2021","1.0","","","1503.020102","MOBILIARIO DE OFICINA","R","","","","AMARILLO","","","","","","","","","","","","U","",""
"784","41","","676499500001","YUNQUE","SANEAR","31/12/2021","1.0","","","1503.020102","MOBILIARIO DE OFICINA","R","","","","","","","","","","","","","","","","U","",""
"785","6","","462200500002","ACUMULADOR DE ENERGIA - EQUIPO DE UPS","SANEAR","31/12/2021","1.0","","","1503.020904","ELECTRICIDAD Y ELECTRONICA","M","ANVIL","S/M","S/T","BLANCO","753-93DE500WT","S/D","","","","","","","","","","D","",""
"786","6","","602206720001","BALANZA DE PLATAFORMA","O/C N° 159-2012","07/09/2012","160.0","","","1503.020905","EQUIPOS E INSTRUMENTOS DE MEDICION","M","CORONA","S/M","S/T","VERDE","S/S","S/D","","","","","","","","","","D","",""
"787","6","","602210680032","BOMBA DE SUCCION","SANEAR","31/12/2021","1.0","","","1503.020905","EQUIPOS E INSTRUMENTOS DE MEDICION","M","10JD140X7","2135AN","DESMANTELADO","PLOMO","S/S","S/D","","","","","","","","","","D","",""
"788","6","","742203180003","CALCULADORA ELECTRICA","O/C N° 318-1991","31/12/1991","162.0","","","1503.020101","MAQUINAS Y EQUIPOS DE OFICINA","M","OLIVETTI","7189787","S/T","PLOMO/VERDE","6460780","S/D","","","","","","","","","","D","",""
"789","6","","742203180008","CALCULADORA ELECTRICA","O/C N° 312-1995","31/12/2021","57.5","","","1503.020101","MAQUINAS Y EQUIPOS DE OFICINA","M","CASIO","F2","S/T","BLANCO","62450","S/D","","","","","","","","","","D","",""
"790","6","","742203180009","CALCULADORA ELECTRICA","O/C N° 257-1991","31/9/1991","28.0","","","1503.020101","MAQUINAS Y EQUIPOS DE OFICINA","M","CASIO","F2","S/T","BLANCO","90322393","S/D","","","","","","","","","","D","",""
"791","6","","742203180010","CALCULADORA ELECTRICA","O/C N° 257-1991","31/9/1991","28.0","","","1503.020101","MAQUINAS Y EQUIPOS DE OFICINA","M","CASIO","F2","S/T","BLANCO","9032397","S/D","","","","","","","","","","D","",""
"792","6","","742203180011","CALCULADORA ELECTRICA","O/C N° 257-1991","31/9/1991","41.75","","","1503.020101","MAQUINAS Y EQUIPOS DE OFICINA","M","CASIO","FR-1211","HIRAOKA","AMARILLO","6312944","S/D","","","","","","","","","","D","",""
"793","6","","742203180012","CALCULADORA ELECTRICA","O/C N° 223-1991","27/11/1991","30.5","","","1503.020101","MAQUINAS Y EQUIPOS DE OFICINA","M","CASIO ","2263","S/T","BLANCO","6460797","S/D","","","","","","","","","","D","",""
"794","6","","742203180013","CALCULADORA ELECTRICA","O/C N° 223-1991","27/11/1991","30.5","","","1503.020101","MAQUINAS Y EQUIPOS DE OFICINA","M","CASIO ","2263","6120690","CREMA","6120553","S/D","","","","","","","","","","D","",""
"795","6","","742203180014","CALCULADORA ELECTRICA","SANEAR","31/12/2021","1.0","","","1503.020101","MAQUINAS Y EQUIPOS DE OFICINA","M","FACIT","2263","7189787","CREMA","6120690","S/D","","","","","","","","","","D","",""
"796","6","","742203180015","CALCULADORA ELECTRICA","SANEAR","31/12/2021","1.0","","","1503.020101","MAQUINAS Y EQUIPOS DE OFICINA","M","FACIT","2263","","BLANCO","6460780","","","","","","","","","","","U","",""
"797","6","","742203180016","CALCULADORA ELECTRICA","SANEAR","31/12/2021","1.0","","","1503.020101","MAQUINAS Y EQUIPOS DE OFICINA","M","FACIT","2263","S/T","CREMA","6460809","S/D","","","","","","","","","","D","",""
"798","6","","742203180017","CALCULADORA ELECTRICA","SANEAR","31/12/2021","1.0","","","1503.020101","MAQUINAS Y EQUIPOS DE OFICINA","M","OLIVETTI","NEW LOGOCART 40","S/T","VERDE","S1821536","S/D","","","","","","","","","","D","",""
"799","6","","742203180018","CALCULADORA ELECTRICA","SANEAR","31/12/2021","1.0","","","1503.020101","MAQUINAS Y EQUIPOS DE OFICINA","M","OLIVETTI","H057","S/T","PLOMO","A6-61837","S/D","","","","","","","","","","D","",""
"800","6","","742203180021","CALCULADORA ELECTRICA","SANEAR","31/12/2021","1.0","","","1503.020101","MAQUINAS Y EQUIPOS DE OFICINA","M","TOWA","121MAP","S/T","PLOMO/BLANCO","3240493","S/D","","","","","","","","","","D","",""
"801","6","","742203180022","CALCULADORA ELECTRICA","O/C N° 061-1993","31/05/1993","44.0","","","1503.020101","MAQUINAS Y EQUIPOS DE OFICINA","M","AURORA","B - 85","S/T","BLANCO","7189784","S/D","","","","","","","","","","D","",""
"802","6","","742208530008","CAMARA FOTOGRAFICA","SANEAR","31/12/2021","1.0","","","1503.020101","MAQUINAS Y EQUIPOS DE OFICINA","M","S/M","S/M","S/T","NEGRO","6120553","S/D","","","","","","","","","","D","",""
"803","6","","462234930002","CONVERTIDOR DE CORRIENTE","SANEAR","31/12/2021","1.0","","","1503.020904","ELECTRICIDAD Y ELECTRONICA","M","ELEKTRA","GAMA-30M-3055","","PLOMO","","","","","","","","","","","","U","",""
"804","6","","602232750001","DISCO DE PLATINO","SANEAR","31/12/2021","1.0","","","1503.020905","EQUIPOS E INSTRUMENTOS DE MEDICION","M","NEC","FD-1231H","S/T","BLANCO/PLOMO","S/S","S/D","","","","","","","","","","D","",""
"805","6","","602232750002","DISCO DE PLATINO","SANEAR","31/12/2021","1.0","","","1503.020905","EQUIPOS E INSTRUMENTOS DE MEDICION","M","EPSON","SD-600","S/T","BLANCO/PLOMO","P0041261","S/D","","","","","","","","","","D","",""
"806","6","","952236860001","ESCANER DE RED","SANEAR","31/12/2021","1.0","","","1503.020303","EQUIPOS DE TELECOMUNICACIONES","M","EPSON","G54A","ES600C","BLANCO","1CZ0008848","S/D","","","","","","","","","","D","",""
"807","6","","746437120002","ESCRITORIO DE MADERA","O/C N° 008-1996","29/01/1996","212.4","","","1503.020102","MOBILIARIO DE OFICINA","M","S/M","S/M","S/T","CAFE","S/S","S/D","","","","","","","","","","D","",""
"808","6","","746437120022","ESCRITORIO DE MADERA","SANEAR","31/12/2021","1.0","","","1503.020102","MOBILIARIO DE OFICINA","R","","","","CAOBA","","","","","","","","","","","","U","",""
"809","6","","746441180001","ESTANTE DE MADERA","O/C N° 8-00166-2010","25/05/2010","150.0","","","1503.020102","MOBILIARIO DE OFICINA","M","S/M","3 NIVELES","S/T","AMARILLO/CAOBA","S/S","1 DIVISION"," "," "," "," "," "," ","",""," ","D","",""
"810","6","","746441180016","ESTANTE DE MADERA","SANEAR","31/12/2021","1.0","","","1503.020102","MOBILIARIO DE OFICINA","M","S/M","3 NIVELES","S/T","AMARILLO/CAOBA","S/S","1 DIVISION","","","","","","","","","","D","",""
"811","6","","322239390006","ESTUFA ELECTRICA","SANEAR","31/12/2021","1.0","","","1503.020902","ASEO, LIMPIEZA Y COCINA","M","FAEDI","RAYOMATIC","S/T","ROJO","S/S","S/D","","","","","","","","","","D","",""
"812","6","","322239390007","ESTUFA ELECTRICA","SANEAR","31/12/2021","1.0","","","1503.020902","ASEO, LIMPIEZA Y COCINA","M","FAEDI","S/M","S/T","ROJO","S/S","S/D","","","","","","","","","","D","",""
"813","6","","322239390008","ESTUFA ELECTRICA","SANEAR","31/12/2021","1.0","","","1503.020902","ASEO, LIMPIEZA Y COCINA","M","S/M","S/M","S/T","ROJO","S/S","S/D","","","","","","","","","","D","",""
"814","6","","952237910002","FACSIMIL","SANEAR","31/12/2021","1.0","","","1503.020303","EQUIPOS DE TELECOMUNICACIONES","M","PANASONIC","KFK-50","S/T","NEGRO","2KAHD 306082","S/D","","","","","","","","","","D","",""
"815","6","","742227260002","FOTOCOPIADORA EN GENERAL","O/C N° 071-196","29/01/1996","11776.4","","","1503.020101","MAQUINAS Y EQUIPOS DE OFICINA","M","MITA","DC 3055","S/T","BLANCO","316958","S/D","","","","","","","","","","D","",""
"816","6","","742227260003","FOTOCOPIADORA EN GENERAL","SANEAR","31/12/2021","1.0","","","1503.020101","MAQUINAS Y EQUIPOS DE OFICINA","M","PRINCE FAN","UIZAO","DL4084F","BLANCO/PLOMO","46011013","S/D","","","","","","","","","","D","",""
"817","6","","742227260004","FOTOCOPIADORA EN GENERAL","SANEAR","31/12/2021","1.0","","","1503.020101","MAQUINAS Y EQUIPOS DE OFICINA","M","ROYAL","28031ZMR","S/T","BLANCO","S/S","S/D","","","","","","","","","","D","",""
"818","6","","740832000001","IMPRESORA (OTRAS)","O/C N° 055-1994","30/01/1994","1308.0","","","1503.020301","EQUIPOS COMPUTACIONALES Y PERIFERICOS","M","EPSON","FX 1170 - FX-10","P12PB","BLANCO","DE10163010","S/D","","","","","","","","","","D","",""
"819","6","","740832000002","IMPRESORA (OTRAS)","O/C N° 365-1991","31/12/1991","646.4","","","1503.020301","EQUIPOS COMPUTACIONALES Y PERIFERICOS","M","EPSON","FX-1050","S/T","BLANCO","DE11362267","S/D","","","","","","","","","","D","",""
"820","6","","740836500006","IMPRESORA A INYECCION DE TINTA","SANEAR","31/12/2021","1.0","","","1503.020301","EQUIPOS COMPUTACIONALES Y PERIFERICOS","M","HP","C2168A","DY560 DESKJET5C","BLANCO","SG420140ZD","S/D","","","","","","","","","","D","",""
"821","6","","740841000020","IMPRESORA LASER","SANEAR","31/12/2021","1.0","","","1503.020301","EQUIPOS COMPUTACIONALES Y PERIFERICOS","M","EPSON","FX 1170 - L160A","ACTION LASER 10","BLANCO","1D50105914","S/D","","","","","","","","","","D","",""
"822","6","","740845500002","IMPRESORA MATRIZ DE PUNTO","O/C N° 112-1995","31/12/2021","1146.72","","","1503.020301","EQUIPOS COMPUTACIONALES Y PERIFERICOS","M","EPSON","FX-1170","P711A","BLANCO","6211498273","S/D","","","","","","","","","","D","",""
"823","6","","740845500005","IMPRESORA MATRIZ DE PUNTO","O/C Nª 000998","29/12/1995","1427.4","","","1503.020301","EQUIPOS COMPUTACIONALES Y PERIFERICOS","M","EPSON","LQ-1070","S/T","BLANCO","1K210071799","S/D","","","","","","","","","","D","",""
"824","6","","740845500008","IMPRESORA MATRIZ DE PUNTO","O/C N° 340-1995","30/06/1995","494.99","","","1503.020301","EQUIPOS COMPUTACIONALES Y PERIFERICOS","M","SAMSUMG","SP 2412","S/T","BLANCO","1YLY","S/D","","","","","","","","","","D","",""
"825","6","","740845500009","IMPRESORA MATRIZ DE PUNTO","O/C Nª 000764","29/09/1995","1406.25","","","1503.020301","EQUIPOS COMPUTACIONALES Y PERIFERICOS","M","EPSON","FX-1170","P711A","BLANCO","6211498267","S/D","","","","","","","","","","D","",""
"826","6","","740845500010","IMPRESORA MATRIZ DE PUNTO","SANEAR","31/12/2021","1.0","","","1503.020301","EQUIPOS COMPUTACIONALES Y PERIFERICOS","M","EPSON","LQ1170","S/T","BLANCO","4161213624","S/D","","","","","","","","","","D","",""
"827","6","","740845500012","IMPRESORA MATRIZ DE PUNTO","SANEAR","31/12/2021","1.0","","","1503.020301","EQUIPOS COMPUTACIONALES Y PERIFERICOS","M","EPSON","FX-1170","S/T","BLANCO","1K0104731","S/D","","","","","","","","","","D","",""
"828","6","","740845500013","IMPRESORA MATRIZ DE PUNTO","SANEAR","31/12/2021","1.0","","","1503.020301","EQUIPOS COMPUTACIONALES Y PERIFERICOS","M","EPSON","FX-1170","S/T","BLANCO","1KD1034497","S/D","","","","","","","","","","D","",""
"829","6","","740845500015","IMPRESORA MATRIZ DE PUNTO","O/C Nª 49","15/09/1997","1558.7","","","1503.020301","EQUIPOS COMPUTACIONALES Y PERIFERICOS","M","EPSON","FX-1170","P711A","BLANCO","6211142334","S/D","","","","","","","","","","D","",""
"830","6","","740845500016","IMPRESORA MATRIZ DE PUNTO","O/C N° 071-1993","05/08/1993","1251.74","","","1503.020301","EQUIPOS COMPUTACIONALES Y PERIFERICOS","M","EPSON","LQ-1070","S/T","BLANCO","S/S","S/D","","","","","","","","","","D","",""
"831","6","","740845500020","IMPRESORA MATRIZ DE PUNTO","SANEAR","31/12/2021","1.0","","","1503.020301","EQUIPOS COMPUTACIONALES Y PERIFERICOS","M","EPSON","FX-1170","S/T","BLANCO","6211215322","S/D","","","","","","","","","","D","",""
"832","6","","740845500021","IMPRESORA MATRIZ DE PUNTO","SANEAR","31/12/2021","1.0","","","1503.020301","EQUIPOS COMPUTACIONALES Y PERIFERICOS","M","EPSON","FX-1170","S/T","BLANCO","6211176919","S/D","","","","","","","","","","D","",""
"833","6","","740845500023","IMPRESORA MATRIZ DE PUNTO","SANEAR","31/12/2021","1.0","","","1503.020301","EQUIPOS COMPUTACIONALES Y PERIFERICOS","M","EPSON","STYLUS","STYLUS 1000","BLANCO","S/S","S/D","","","","","","","","","","D","",""
"834","6","","952246980001","INTERCOMUNICADOR","O/C N° 69-1993","05/12/1993","83.26","","","1503.020303","EQUIPOS DE TELECOMUNICACIONES","M","COMMAX","WI-2CH","S/T","BLANCO","S/S","S/D","","","","","","","","","","D","",""
"835","6","","952246980005","INTERCOMUNICADOR","SANEAR","31/12/2021","1.0","","","1503.020303","EQUIPOS DE TELECOMUNICACIONES","M","PANASONIC","RJ-27","S/T","PLOMO/NEGRO","S/S","S/D","","","","","","","","","","D","",""
"836","6","","952246980006","INTERCOMUNICADOR","SANEAR","31/12/2021","1.0","","","1503.020303","EQUIPOS DE TELECOMUNICACIONES","M","PANASONIC","RJ-27","S/T","PLOMO/NEGRO","S/S","S/D","","","","","","","","","","D","",""
"837","6","","672269180004","LAMPARA TIPO PETROMAX","O/C N° 322-1995","30/06/1995","485.0","","","1503.020906","EQUIPOS PARA VEHICULOS","M","COLLEMAN","S/M","S/T","PLOMO","S/S","S/D","","","","","","","","","","D","",""
"838","6","","672269180005","LAMPARA TIPO PETROMAX","O/C N° 017-1995","28/02/1995","78.0","","","1503.020906","EQUIPOS PARA VEHICULOS","M","PETROMAX","S/M","S/T","ALUMINIO","S/S","S/D","","","","","","","","","","D","",""
"839","6","","672269180006","LAMPARA TIPO PETROMAX","O/C N° 322-1995","30/06/1995","485.0","","","1503.020906","EQUIPOS PARA VEHICULOS","M","COLLEMAN","S/M","S/T","PLOMO","S/S","S/D","","","","","","","","","","D","",""
"840","6","","672269180007","LAMPARA TIPO PETROMAX","O/C N° 322-1995","30/06/1995","485.0","","","1503.020906","EQUIPOS PARA VEHICULOS","M","COLLEMAN","S/M","S/T","VERDE OSCURO","S/S","S/D","","","","","","","","","","D","",""
"841","6","","672269180009","LAMPARA TIPO PETROMAX","O/C N° 178-1993","30/10/1993","65.0","","","1503.020906","EQUIPOS PARA VEHICULOS","M","PETROMAX","","","ALUMINIO/AZUL","","","","","","","","","","","","U","",""
"842","6","","672269180011","LAMPARA TIPO PETROMAX","O/C N° 322-1995","30/06/1995","485.0","","","1503.020906","EQUIPOS PARA VEHICULOS","M","COLLEMAN","214700","MINI RAPID","VERDE OSCURO","S/S","S/D","","","","","","","","","","D","",""
"843","6","","252235860002","LUSTRADORA ELECTRICA DOMESTICA","SANEAR","31/12/2021","1.0","","","1503.020902","ASEO, LIMPIEZA Y COCINA","M","ROWENTA","SUMDEUM","S/T","PLATEADO","S/S","S/D","","","","","","","","","","D","",""
"844","6","","742237960001","MAQUINA DE ESCRIBIR ELECTRICA","O/C N° 238-1993","30/11/1993","1698.22","","","1503.020101","MAQUINAS Y EQUIPOS DE OFICINA","M","OLIVETTI","ET-2300","S/T","BLANCO","6153058","S/D","","","","","","","","","","D","",""
"845","6","","742237960002","MAQUINA DE ESCRIBIR ELECTRICA","SANEAR","31/12/2021","1.0","","","1503.020101","MAQUINAS Y EQUIPOS DE OFICINA","M","CORONA","SCM-SMTH - 4EB3","SECTORIAL-415","BLANCO/VERDE","6244598 DE320 ESP","S/D","","","","","","","","","","D","",""
"846","6","","742237960003","MAQUINA DE ESCRIBIR ELECTRICA","O/C N° 137-1987","30/04/1987","15010.0","","","1503.020101","MAQUINAS Y EQUIPOS DE OFICINA","M","FACIT","1832/4222","S/T","BLANCO/NEGRO","710958902","S/D","","","","","","","","","","D","",""
"847","6","","742237960004","MAQUINA DE ESCRIBIR ELECTRICA","SANEAR","31/12/2021","1.0","","","1503.020101","MAQUINAS Y EQUIPOS DE OFICINA","M","ERIKA","S/M","S/T","BLANCO/NEGRO","710958987","S/D","","","","","","","","","","D","",""
"848","6","","742237960006","MAQUINA DE ESCRIBIR ELECTRICA","SANEAR","31/12/2021","1.0","","","1503.020101","MAQUINAS Y EQUIPOS DE OFICINA","M","OLIVETTI","TEKNE-3","S/T","PLOMO","300159 DE 320 ESP","S/D","","","","","","","","","","D","",""
"849","6","","742237960007","MAQUINA DE ESCRIBIR ELECTRICA","O/C N° 237-1993","30/11/1993","981.12","","","1503.020101","MAQUINAS Y EQUIPOS DE OFICINA","M","OLIVETTI","TEKNE-4","S/T","BLANCO","6654181","S/D","","","","","","","","","","D","",""
"850","6","","742237960008","MAQUINA DE ESCRIBIR ELECTRICA","SANEAR","31/12/2021","1.0","","","1503.020101","MAQUINAS Y EQUIPOS DE OFICINA","M","OLIVETTI","TEKNE-4","ELECTRIC","NEGRO","6677252 DE 205ESP","S/D","","","","","","","","","","D","",""
"851","6","","742237960010","MAQUINA DE ESCRIBIR ELECTRICA","SANEAR","31/12/2021","1.0","","","1503.020101","MAQUINAS Y EQUIPOS DE OFICINA","M","OLIVETTI","TEKNE-4","S/T","PLOMO","M84501321","S/D","","","","","","","","","","D","",""
"852","6","","742237960012","MAQUINA DE ESCRIBIR ELECTRICA","SANEAR","31/12/2021","1.0","","","1503.020101","MAQUINAS Y EQUIPOS DE OFICINA","M","OLIMPIA","S/M","S/T","BLANCO/NEGRO","M84782056","S/D","","","","","","","","","","D","",""
"853","6","","742237960013","MAQUINA DE ESCRIBIR ELECTRICA","SANEAR","31/12/2021","1.0","","","1503.020101","MAQUINAS Y EQUIPOS DE OFICINA","M","OLIMPIA","S/M","S/T","BLANCO/NEGRO","N84782056","S/D","","","","","","","","","","D","",""
"854","6","","742237960014","MAQUINA DE ESCRIBIR ELECTRICA","SANEAR","31/12/2021","1.0","","","1503.020101","MAQUINAS Y EQUIPOS DE OFICINA","M","GOLDEN","S/M","TOUCH","CAFE","15-80599009 DE 140 .","S/D","","","","","","","","","","D","",""
"855","6","","742237960016","MAQUINA DE ESCRIBIR ELECTRICA","O/C N° 137-1987","30/04/1987","1501.0","","","1503.020101","MAQUINAS Y EQUIPOS DE OFICINA","M","FACIT","S/M","S/T","BLANCO/NEGRO","0.649936075","S/D","","","","","","","","","","D","",""
"856","6","","742237960017","MAQUINA DE ESCRIBIR ELECTRICA","SANEAR","31/12/2021","1.0","","","1503.020101","MAQUINAS Y EQUIPOS DE OFICINA","M","OLIVETTI","STUDIO 46","S/T","BLANCO/CAFÉ","S/S","S/D","","","","","","","","","","D","",""
"857","6","","742243310002","MAQUINA DE ESCRIBIR MECANICA","O/C N° 048-1993","30/07/1993","801.73","","","1503.020101","MAQUINAS Y EQUIPOS DE OFICINA","M","OLIVETTI","LINEA 98","S/T","PLOMO","4084306","S/D","","","","","","","","","","D","",""
"858","6","","746454750002","MESITA DE MADERA PARA MAQUINA DE ESCRIBIR","SANEAR","31/12/2021","1.0","","","1503.020102","MOBILIARIO DE OFICINA","M","S/M","MADERA","S/T","CAFE","S/S","1.00X0.60X0.80","","","","","","","","","","D","",""
"859","6","","740877000002","MONITOR A COLOR","SANEAR","31/12/2021","1.0","","","1503.020301","EQUIPOS COMPUTACIONALES Y PERIFERICOS","M","SAMSUNG","CVM4967T","SYNCMASTER TRES","BLANCO","H8Z801020","S/D","","","","","","","","","","D","",""
"860","6","","740877000005","MONITOR A COLOR","SANEAR","31/12/2021","1.0","","","1503.020301","EQUIPOS COMPUTACIONALES Y PERIFERICOS","M","SAMTRON","SC-441V","S/T","BLANCO","9321423731","S/D","","","","","","","","","","D","",""
"861","6","","740877000007","MONITOR A COLOR","O/C N° 112-1995","30/03/1995","1434.11","","","1503.020301","EQUIPOS COMPUTACIONALES Y PERIFERICOS","M","GOLDSTAR","1465DLS","S/T","BLANCO","259R6A064781","S/D","","","","","","","","","","D","",""
"862","6","","740877000010","MONITOR A COLOR","O/C N°000998","29/12/1995","930.59","","","1503.020301","EQUIPOS COMPUTACIONALES Y PERIFERICOS","M","SAMSUNG","CQB4147","S/T","BLANCO","H2JFA08417","S/D","","","","","","","","","","D","",""
"863","6","","740877000020","MONITOR A COLOR","O/C N° 494-2001","02/12/2001","358.0","","","1503.020202","MOBILIARIO EDUCATIVO","M","SAMSUNG","CQA 4147","SYNCMASTER TRES","BLANCO","H8WG903726","S/D","","","","","","","","","","D","",""
"864","6","","740877000027","MONITOR A COLOR","O/C N° 494-2001","02/12/2001","358.0","","","1503.020202","MOBILIARIO EDUCATIVO","M","SAMSUNG","CVM4967T","SYNCMASTER TRES","BLANCO","H8YD701852","S/D","","","","","","","","","","D","",""
"865","6","","740877000028","MONITOR A COLOR","O/C N° 494-2001","02/12/2001","358.0","","","1503.020202","MOBILIARIO EDUCATIVO","M","SAMSUNG","MA2675","S/T","BLANCO","4002345","S/D","","","","","","","","","","D","",""
"866","6","","740877000031","MONITOR A COLOR","SANEAR","31/12/2021","1.0","","","1503.020202","MOBILIARIO EDUCATIVO","M","SAMSUNG","450NB","S/T","BLANCO","DP14HCER507617V","S/D","","","","","","","","","","D","",""
"867","6","","740877000033","MONITOR A COLOR","O/C N° 547-2001","31/12/2001","688.53","","","1503.020202","MOBILIARIO EDUCATIVO","M","SAMSUNG","CV-M4967","SYNCMASTER TRES","BLANCO","H8VBB09103","S/D","","","","","","","","","","D","",""
"868","6","","740877000034","MONITOR A COLOR","O/C N° 049-1997","15/09/1997","1227.3","","","1503.020202","MOBILIARIO EDUCATIVO","M","GOLDSTAR","60NDI","S/T","BLANCO","237F4664278A","S/D","","","","","","","","","","D","",""
"869","6","","740877000035","MONITOR A COLOR","SANEAR","31/12/2021","1.0","","","1503.020202","MOBILIARIO EDUCATIVO","M","OLIVETTI","DSMCA-146613","S/T","BLANCO","9.46E+11","S/D","","","","","","","","","","D","",""
"870","6","","740881500001","MONITOR MONOCROMATICO","O/C N° 349-1991","31/11/1991","209.0","","","1503.020301","EQUIPOS COMPUTACIONALES Y PERIFERICOS","M","SAMSUNG","MA2561","RADIATION","BLANCO","U10801061","S/D","","","","","","","","","","D","",""
"871","6","","740881500002","MONITOR MONOCROMATICO","SANEAR","31/12/2021","1.0","","","1503.020301","EQUIPOS COMPUTACIONALES Y PERIFERICOS","M","SUNSHINE","MA-14","LOW","BLANCO","C-951200017581","S/D","","","","","","","","","","D","",""
"872","6","","740881500003","MONITOR MONOCROMATICO","O/C N° 074-1993","31/12/2021","1280.0","","","1503.020301","EQUIPOS COMPUTACIONALES Y PERIFERICOS","M","SAMTRON","SM-470","S/T","BLANCO","9343068983","S/D","","","","","","","","","","D","",""
"873","6","","740881500004","MONITOR MONOCROMATICO","SANEAR","31/12/2021","1.0","","","1503.020301","EQUIPOS COMPUTACIONALES Y PERIFERICOS","M","SAMTRON","SM-470","S/T","BLANCO","9345078568","S/D","","","","","","","","","","D","",""
"874","6","","672279880024","MOTORES ESTACIONARIOS Y MARINOS","SANEAR","31/12/2021","1.0","","","1503.020906","EQUIPOS PARA VEHICULOS","M","S/M","MCDJ27O","S/T","VERDE OSCURO","551","S/D","","","","","","","","","","D","",""
"875","6","","952269650003","RADIO TRANSMISOR RECEPTOR","SANEAR","31/12/2021","1.0","","","1503.020303","EQUIPOS DE TELECOMUNICACIONES","M","STONER","SSB-112A","S/T","PLOMO","CX 639","S/D","","","","","","","","","","D","",""
"876","6","","952269650007","RADIO TRANSMISOR RECEPTOR","SANEAR","31/12/2021","1.0","","","1503.020303","EQUIPOS DE TELECOMUNICACIONES","M","YAESU","FT180A","","PLOMO","3C11098","","","","","","","","","","","U","",""
"877","6","","746481190009","SILLA FIJA DE MADERA","O/C N° 229-1995","28/04/1995","85.0","","","1503.020102","MOBILIARIO DE OFICINA","M","S/M","S/M","S/T","CAFE","S/S","0.45X0.47X0.85","","","","","","","","","","D","",""
"878","6","","746481870015","SILLA FIJA DE METAL","SANEAR","31/12/2021","1.0","","","1503.020102","MOBILIARIO DE OFICINA","M","S/M","S/M","S/T","NEGRO","S/S","S/D","","","","","","","","","","D","",""
"879","6","","742299910001","TABLERO DIGITALIZADOR ELECTRONICO","O/C Nº 000642","29/09/1995","1816.02","","","1503.020101","MAQUINAS Y EQUIPOS DE OFICINA","M","S/M","SUMAGRAPHS","CEM1212-FX","BLANCO","010454001E706540001","S/D","","","","","","","","","","D","",""
"880","6","","740895000001","TECLADO - KEYBOARD","SANEAR","31/12/2021","1.0","","","1503.020301","EQUIPOS COMPUTACIONALES Y PERIFERICOS","M","ACER","6511","S/T","BLANCO","K6552136504","S/D","","","","","","","","","","D","",""
"881","6","","740895000004","TECLADO - KEYBOARD","SANEAR","31/12/2021","1.0","","","1503.020301","EQUIPOS COMPUTACIONALES Y PERIFERICOS","M","LITE-ON-4100","SK4100R- IU","S/T","BLANCO","M930619006","S/D","","","","","","","","","","D","",""
"882","6","","740895000005","TECLADO - KEYBOARD","O/C N° 007-1993","31/01/1993","101.75","","","1503.020301","EQUIPOS COMPUTACIONALES Y PERIFERICOS","M","DVA","DK-100C","S/T","BLANCO","S/S","S/D","","","","","","","","","","D","",""
"883","6","","740895000006","TECLADO - KEYBOARD","SANEAR","31/12/2021","1.0","","","1503.020301","EQUIPOS COMPUTACIONALES Y PERIFERICOS","M","UASA","901","S/T","BLANCO","KSC0102653","S/D","","","","","","","","","","D","",""
"884","6","","740895000008","TECLADO - KEYBOARD","SANEAR","31/12/2021","1.0","","","1503.020301","EQUIPOS COMPUTACIONALES Y PERIFERICOS","M","ACER","6312-T","S/T","BLANCO","K63-61221292","S/D","","","","","","","","","","D","",""
"885","6","","740895000010","TECLADO - KEYBOARD","SANEAR","31/12/2021","1.0","","","1503.020301","EQUIPOS COMPUTACIONALES Y PERIFERICOS","M","PROFESSIONAL","DK 100","S/T","BLANCO","9.31E+16","S/D","","","","","","","","","","D","",""
"886","6","","740895000011","TECLADO - KEYBOARD","O/C N° 159-2003","04/08/2003","24.5","","","1503.020301","EQUIPOS COMPUTACIONALES Y PERIFERICOS","M","BTC","BTC-55XXK","S/T","BLANCO","BTC-55XXK","S/D","","","","","","","","","","D","",""
"887","6","","740895000012","TECLADO - KEYBOARD","O/C Nº 000998","29/12/1995","58.97","","","1503.020301","EQUIPOS COMPUTACIONALES Y PERIFERICOS","M","SUNSHINE","F-21","S/T","BLANCO","628290","S/D","","","","","","","","","","D","",""
"888","6","","740895000013","TECLADO - KEYBOARD","O/C N° 8-00162-2010","21/05/2010","22.0","","","1503.020301","EQUIPOS COMPUTACIONALES Y PERIFERICOS","M","PROFESSIONAL","MCK-701W","S/T","BLANCO","6751706","S/D","","","","","","","","","","D","",""
"889","6","","740895000014","TECLADO - KEYBOARD","SANEAR","31/12/2021","1.0","","","1503.020301","EQUIPOS COMPUTACIONALES Y PERIFERICOS","M","TURBO PLUS","HQK","S/T","BLANCO","BITS6001","S/D","","","","","","","","","","D","",""
"890","6","","740895000016","TECLADO - KEYBOARD","O/C N° 246-1996","29/04/1996","86.5","","","1503.020301","EQUIPOS COMPUTACIONALES Y PERIFERICOS","M","ACER","6511","101 TECLAS","BLANCO","K6553307506","S/D","","","","","","","","","","D","",""
"891","6","","740895000017","TECLADO - KEYBOARD","O/C N° 099-1996","29/01/1996","90.62","","","1503.020301","EQUIPOS COMPUTACIONALES Y PERIFERICOS","M","S/M","1TB101","S/T","BLANCO","S/S","S/D","","","","","","","","","","D","",""
"892","6","","740895000018","TECLADO - KEYBOARD","O/C N° 246-1996","29/04/1996","86.5","","","1503.020301","EQUIPOS COMPUTACIONALES Y PERIFERICOS","M","ACER","6511","101 TECLAS","BLANCO","K6552011698","S/D","","","","","","","","","","D","",""
"893","6","","740895000019","TECLADO - KEYBOARD","O/C Nº 000998","29/12/1995","58.97","","","1503.020301","EQUIPOS COMPUTACIONALES Y PERIFERICOS","M","SUNSHINE","F-21","S/T","BLANCO","1.28021E+13","S/D","","","","","","","","","","D","",""
"894","6","","740895000021","TECLADO - KEYBOARD","O/C Nº 49","15/09/1997","49.56","","","1503.020301","EQUIPOS COMPUTACIONALES Y PERIFERICOS","M","PROFESSIONAL","5140","S/T","BLANCO","C66263225","S/D","","","","","","","","","","D","",""
"895","6","","740895000023","TECLADO - KEYBOARD","O/C N° 654-1997","28/11/1997","47.54","","","1503.020301","EQUIPOS COMPUTACIONALES Y PERIFERICOS","M","BTC","BTC-53","S/T","BLANCO","S/S","S/D","","","","","","","","","","D","",""
"896","6","","740895000026","TECLADO - KEYBOARD","SANEAR","31/12/2021","1.0","","","1503.020301","EQUIPOS COMPUTACIONALES Y PERIFERICOS","M","BTC","5121","S/T","BLANCO","M73185006","S/D","","","","","","","","","","D","",""
"897","6","","740895000029","TECLADO - KEYBOARD","O/C N° 8-00003-2010","26/02/2010","251.52","","","1503.020301","EQUIPOS COMPUTACIONALES Y PERIFERICOS","M","PROFESSIONAL","TKN1501C","KEYBOARD","BLANCO","256675","S/D","","","","","","","","","","D","",""
"898","6","","740895000037","TECLADO - KEYBOARD","O/C N° 349-1991","31/11/1991","41.0","","","1503.020301","EQUIPOS COMPUTACIONALES Y PERIFERICOS","M","PROFESSIONAL","TK-M501C","S/T","BLANCO","192982","S/D","","","","","","","","","","D","",""
"899","6","","740895000038","TECLADO - KEYBOARD","SANEAR","31/12/2021","1.0","","","1503.020301","EQUIPOS COMPUTACIONALES Y PERIFERICOS","M","BELTRON","TK-M501C","S/T","BLANCO","283645","S/D","","","","","","","","","","D","",""
"900","6","","740895000040","TECLADO - KEYBOARD","SANEAR","31/12/2021","1.0","","","1503.020301","EQUIPOS COMPUTACIONALES Y PERIFERICOS","M","BTC","TK-M501C","S/T","BLANCO","C5721D689","S/D","","","","","","","","","","D","",""
"901","6","","740895000043","TECLADO - KEYBOARD","O/C N° 055-1994","30/01/1994","342.0","","","1503.020301","EQUIPOS COMPUTACIONALES Y PERIFERICOS","M","PROFESSIONAL","3001-1","S/T","BLANCO","628389","S/D","","","","","","","","","","D","",""
"902","6","","740895000046","TECLADO - KEYBOARD","SANEAR","31/12/2021","1.0","","","1503.020301","EQUIPOS COMPUTACIONALES Y PERIFERICOS","M","LITE","SK4100R- 2E","S/T","BLANCO","M931103746LITE-ON/40","S/D","","","","","","","","","","D","",""
"903","6","","740895000047","TECLADO - KEYBOARD","SANEAR","31/12/2021","1.0","","","1503.020301","EQUIPOS COMPUTACIONALES Y PERIFERICOS","M","TWC","SK-88018V-1V","S/T","BLANCO","X901037983","S/D","","","","","","","","","","D","",""
"904","6","","740895000048","TECLADO - KEYBOARD","O/C N° 074-1993","31/12/2021","27.48","","","1503.020301","EQUIPOS COMPUTACIONALES Y PERIFERICOS","M","BELTRON","TK-M501C","S/T","BLANCO","256547","S/D","","","","","","","","","","D","",""
"905","6","","740895000050","TECLADO - KEYBOARD","O/C N° 112-1995","30/03/1995","501.0","","","1503.020301","EQUIPOS COMPUTACIONALES Y PERIFERICOS","M","SUNSHINE","F-21","S/T","BLANCO","112640110","S/D","","","","","","","","","","D","",""
"906","6","","740895000051","TECLADO - KEYBOARD","O/C N° 157-1996","29/02/1996","59.0","","","1503.020301","EQUIPOS COMPUTACIONALES Y PERIFERICOS","M","SUNSHINE","F-21","101 TECLAS","BLANCO","S/S","S/D","","","","","","","","","","D","",""
"907","6","","740895000052","TECLADO - KEYBOARD","O/C N° 157-1996","29/02/1996","59.0","","","1503.020301","EQUIPOS COMPUTACIONALES Y PERIFERICOS","M","SUNSHINE","F-21","101 TECLAS","BLANCO","S/S","S/D","","","","","","","","","","D","",""
"908","6","","740895000053","TECLADO - KEYBOARD","O/C N° 078-1996","29/01/1996","70.8","","","1503.020301","EQUIPOS COMPUTACIONALES Y PERIFERICOS","M","SUNSHINE","F-21","S/T","BLANCO","3478-3434","S/D","","","","","","","","","","D","",""
"909","6","","740895000054","TECLADO - KEYBOARD","O/C N° 0012-1996","29/03/1996","59.0","","","1503.020301","EQUIPOS COMPUTACIONALES Y PERIFERICOS","M","SUNSHINE","F-21","S/T","BLANCO","6481137","S/D","","","","","","","","","","D","",""
"910","6","","740895000055","TECLADO - KEYBOARD","O/C N° 453-1996","29/06/1996","57.6","","","1503.020301","EQUIPOS COMPUTACIONALES Y PERIFERICOS","M","SUNSHINE","F-21","101 TECLAS","BLANCO","1.20141E+16","S/D","","","","","","","","","","D","",""
"911","6","","740895000057","TECLADO - KEYBOARD","O/C N° 112-1995","30/03/1995","501.0","","","1503.020301","EQUIPOS COMPUTACIONALES Y PERIFERICOS","M","SUNSHINE","F-21","S/T","BLANCO","H000856618","S/D","","","","","","","","","","D","",""
"912","6","","740895000058","TECLADO - KEYBOARD","O/C N° 453-1996","29/06/1996","57.6","","","1503.020301","EQUIPOS COMPUTACIONALES Y PERIFERICOS","M","SUNSHINE","F-21","101 TECLAS","BLANCO","GOGAS-21","S/D","","","","","","","","","","D","",""
"913","6","","740895000059","TECLADO - KEYBOARD","SANEAR","31/12/2021","1.0","","","1503.020301","EQUIPOS COMPUTACIONALES Y PERIFERICOS","M","UASA","901","S/T","BLANCO","9.31E+16","S/D","","","","","","","","","","D","",""
"914","6","","740895000060","TECLADO - KEYBOARD","O/C N° 078-1996","29/01/1996","70.8","","","1503.020301","EQUIPOS COMPUTACIONALES Y PERIFERICOS","M","SUNSHINE","F-21","S/T","BLANCO","12002-111817","S/D","","","","","","","","","","D","",""
"915","6","","740895000061","TECLADO - KEYBOARD","SANEAR","31/12/2021","1.0","","","1503.020301","EQUIPOS COMPUTACIONALES Y PERIFERICOS","M","SUNSHINE","S/M","S/T","BLANCO","H00857103","S/D","","","","","","","","","","D","",""
"916","6","","740895000062","TECLADO - KEYBOARD","SANEAR","31/12/2021","1.0","","","1503.020301","EQUIPOS COMPUTACIONALES Y PERIFERICOS","M","BTC","BTC-55XXK","S/T","BLANCO","J15013776","S/D","","","","","","","","","","D","",""
"917","6","","740895000076","TECLADO - KEYBOARD","O/C N° 025-C- 2004","09/12/2004","53.55","","","1503.020301","EQUIPOS COMPUTACIONALES Y PERIFERICOS","M","S/M","5530KR-SP","S/T","BLANCO","K812304823","S/D","","","","","","","","","","D","",""
"918","6","","740895000093","TECLADO - KEYBOARD","SANEAR","31/12/2021","1.0","","","1503.020301","EQUIPOS COMPUTACIONALES Y PERIFERICOS","M","LITE","SK4100R-2E","S/T","BLANCO","M931101535","S/D","","","","","","","","","","D","",""
"919","6","","740895000177","TECLADO - KEYBOARD","O/C N° 049-1997","15/09/1997","48.0","","","1503.020301","EQUIPOS COMPUTACIONALES Y PERIFERICOS","M","BELTRON","TK-501C","PS/2","BLANCO","210253","S/D","","","","","","","","","","D","",""
"920","6","","952285520001","TELEVISOR BLANCO Y NEGRO","SANEAR","31/12/2021","1.0","","","1503.020303","EQUIPOS DE TELECOMUNICACIONES","M","S/M","S/M","S/T","BLANCO Y NEGRO","S/S","S/D","","","","","","","","","","D","",""
"921","6","","740899500010","UNIDAD CENTRAL DE PROCESO - CPU","SANEAR","31/12/2021","1.0","","","1503.020301","EQUIPOS COMPUTACIONALES Y PERIFERICOS","M","WIN","S/M","S/T","BLANCO","S/S","S/D","","","","","","","","","","D","",""
"922","6","","740899500011","UNIDAD CENTRAL DE PROCESO - CPU","SANEAR","31/12/2021","1.0","","","1503.020301","EQUIPOS COMPUTACIONALES Y PERIFERICOS","M","WIN","S/M","S/T","BLANCO","S/S","S/D","","","","","","","","","","D","",""
"923","6","","740899500013","UNIDAD CENTRAL DE PROCESO - CPU","O/C N° 055-1994","30/01/1994","1590.0","","","1503.020301","EQUIPOS COMPUTACIONALES Y PERIFERICOS","M","S/M","S/M","S/T","BLANCO","S/S","S/D","","","","","","","","","","D","",""
"924","6","","740899500015","UNIDAD CENTRAL DE PROCESO - CPU","O/C Nº 000998","29/12/1995","2695.94","","","1503.020301","EQUIPOS COMPUTACIONALES Y PERIFERICOS","M","S/M","S/M","S/T","BLANCO","S/S","S/D","","","","","","","","","","D","",""
"925","6","","740899500016","UNIDAD CENTRAL DE PROCESO - CPU","O/C Nº 000998","29/12/1995","2695.94","","","1503.020301","EQUIPOS COMPUTACIONALES Y PERIFERICOS","M","S/M","S/M","S/T","BLANCO","S/S","S/D","","","","","","","","","","D","",""
"926","6","","740899500019","UNIDAD CENTRAL DE PROCESO - CPU","O/C Nº 49","15/09/1997","2265.67","","","1503.020301","EQUIPOS COMPUTACIONALES Y PERIFERICOS","M","S/M","S/M","S/T","BLANCO","S/S","S/D","","","","","","","","","","D","",""
"927","6","","740899500023","UNIDAD CENTRAL DE PROCESO - CPU","SANEAR","31/12/2021","1.0","","","1503.020301","EQUIPOS COMPUTACIONALES Y PERIFERICOS","M","S/M","S/M","S/T","BLANCO","S/S","S/D","","","","","","","","","","D","",""
"928","6","","740899500024","UNIDAD CENTRAL DE PROCESO - CPU","SANEAR","31/12/2021","1.0","","","1503.020301","EQUIPOS COMPUTACIONALES Y PERIFERICOS","M","S/M","S/M","S/T","BLANCO","S/S","S/D","","","","","","","","","","D","",""
"929","6","","740899500030","UNIDAD CENTRAL DE PROCESO - CPU","SANEAR","31/12/2021","1.0","","","1503.020301","EQUIPOS COMPUTACIONALES Y PERIFERICOS","M","WIN","S/M","S/T","BLANCO","S/S","S/D","","","","","","","","","","D","",""
"930","6","","740899500042","UNIDAD CENTRAL DE PROCESO - CPU","O/C N° 375 -2003","30/12/2003","1871.87","","","1503.020301","EQUIPOS COMPUTACIONALES Y PERIFERICOS","M","INTEL","S/M","S/T","BLANCO","S/S","S/D","","","","","","","","","","D","",""
"931","6","","740899500043","UNIDAD CENTRAL DE PROCESO - CPU","SANEAR","31/12/2021","1.0","","","1503.020301","EQUIPOS COMPUTACIONALES Y PERIFERICOS","M","S/M","S/M","S/T","BLANCO","S/S","S/D","","","","","","","","","","D","",""
"932","6","","740899500045","UNIDAD CENTRAL DE PROCESO - CPU","O/C N° 132-1999","23/07/1999","3552.0","","","1503.020301","EQUIPOS COMPUTACIONALES Y PERIFERICOS","M","PC/AT","PENTIUM III","450MHX","BLANCO","512KB","S/D","","","","","","","","","","D","",""
"933","6","","740899500088","UNIDAD CENTRAL DE PROCESO - CPU","SANEAR","31/12/2021","1.0","","","1503.020301","EQUIPOS COMPUTACIONALES Y PERIFERICOS","M","SONY","KW3005","S/T","NEGRO","S/S","S/D","","","","","","","","","","D","",""
"934","6","","112279700003","VENTILADOR ELECTRICO PARA MESA O DE PIE","SANEAR","31/12/2021","1.0","","","1503.020901","AIRE ACONDICIONADO Y REFRIGERACION","M","WAHSON","S/M","S/T","VERDE","S/S","S/D","","","","","","","","","","D","",""
"935","6","","112287620001","VENTILADOR ELECTRICO PARA TECHO","SANEAR","31/12/2021","1.0","","","1503.020901","AIRE ACONDICIONADO Y REFRIGERACION","M","S/M","S/M","S/T","VERDE ","S/S","S/D","","","","","","","","","","D","",""
"936","6","","112287620014","VENTILADOR ELECTRICO PARA TECHO","SANEAR","31/12/2021","1.0","","","1503.020901","AIRE ACONDICIONADO Y REFRIGERACION","M","S/M","S/M","S/T","VERDE","S/S","S/D","","","","","","","","","","D","",""
"937","6","","112287620015","VENTILADOR ELECTRICO PARA TECHO","SANEAR","31/12/2021","1.0","","","1503.020901","AIRE ACONDICIONADO Y REFRIGERACION","M","S/M","S/M","S/T","VERDE","S/S","S/D","","","","","","","","","","D","",""
"938","6","","952299120001","VIDEOGRABADORA","SANEAR","31/12/2021","1.0","","","1503.020303","EQUIPOS DE TELECOMUNICACIONES","M","PHILIPS","VHS HQ","S/T","NEGRO","149ES268","S/D","","","","","","","","","","D","",""
"939","7","","746475770008","PLANOTECA DE MADERA","SANEAR","31/12/2021","1.0","","","1503.020102","MOBILIARIO DE OFICINA","M","S/M","S/M","S/T","PLOMO","S/S","0.61X0.69X1.25","","","","","","","","","","D","",""
"940","8","8","746441860003","ESTANTE DE METAL","SANEAR","31/12/2021","1.0","","","1503.020102","MOBILIARIO DE OFICINA","M","S/M","3 NIVELES","S/T","CELESTE","S/S","0.90X1.01X0.50","","","","","","","","24/09/2023 17:22:15","2 PUERTAS","D","DIEGO TORRES NINA","1"
"941","8","8","112287620012","VENTILADOR ELECTRICO PARA TECHO","SANEAR","31/12/2021","1.0","","","1503.020901","AIRE ACONDICIONADO Y REFRIGERACION","M","S/M","S/M","S/T","VERDE","S/S","S/D","","","","","","","","24/09/2023 17:22:15","","D","DIEGO TORRES NINA","1"
"942","9","","746441180027","ESTANTE DE MADERA","SANEAR","31/12/2021","1.0","","","1503.020102","MOBILIARIO DE OFICINA","R","S/M","4 NIVELES","2 PUERTAS","MADERA","S/S","S/D","","","","","","","","","","D","",""
"943","9","","746449320007","MESA DE MADERA","SANEAR","31/12/2021","1.0","","","1503.020102","MOBILIARIO DE OFICINA","M","S/M","S/M","S/T","MADERA","S/S","0.61X0.81X1.50","","","","","","","","","","D","",""
"944","9","","746450680006","MESA DE METAL","SANEAR","31/12/2021","1.0","","","1503.020102","MOBILIARIO DE OFICINA","M","S/M","S/M","S/T","PLOMO","S/S","0.65X1.56X1.00","","","","","","","","","","D","",""
"945","10","","42240480004","EQUIPO PARA ANALISIS DE SUELOS","SANEAR","31/12/2021","1.0","","","1503.020502","EQUIPO DE USO AGRICOLA Y PESQUERO","M","S/M","X5B-70A","S/T","PLOMO","16121","S/D","","","","","","","","","","D","",""
"946","11","","740832000028","IMPRESORA (OTRAS)","SANEAR","31/12/2021","1.0","","","1503.020301","EQUIPOS COMPUTACIONALES Y PERIFERICOS","M","HP","LASERJET M139F-MP","S/T","PLOMO/CREMA","K5020905000746","S/D","","","","","","","","","","D","",""
"947","11","","740832000030","IMPRESORA (OTRAS)","O/C N° 8-00110-2010","23/04/2010","480.0","","","1503.020301","EQUIPOS COMPUTACIONALES Y PERIFERICOS","M","HP","LASERJET P1006","S/T","PLOMO/NEGRO","VNF360584","S/D","","","","","","","","","","D","",""
"948","11","","740832000070","IMPRESORA (OTRAS)","SANEAR","31/12/2021","1.0","","","1503.020301","EQUIPOS COMPUTACIONALES Y PERIFERICOS","M","EPSON","STYLUS C41.2A","S/T","NEGRO","MDJZ264747","S/D","","","","","","","","","","D","",""
"949","11","","740832000071","IMPRESORA (OTRAS)","SANEAR","31/12/2021","1.0","","","1503.020301","EQUIPOS COMPUTACIONALES Y PERIFERICOS","M","EPSON","STYLUS T-25","S/T","NEGRO","ME62099612","S/D","","","","","","","","","","D","",""
"950","11","","740832000072","IMPRESORA (OTRAS)","O/C N° 015-C-2004","11/08/2004","1050.0","","","1503.020301","EQUIPOS COMPUTACIONALES Y PERIFERICOS","M","HP","LASERJET 1015","S/T","PLOMO/CREMA","CNFB040291","S/D","","","","","","","","","","D","",""
"951","11","","740841000003","IMPRESORA LASER","O/C N° 3-00062-2009","13/08/2009","7500.0","","","1503.020301","EQUIPOS COMPUTACIONALES Y PERIFERICOS","M","XEROX PAS","LASER 8860","S/T","BLANCO","HAV401502","S/D","","","","","","LASER 9860","","","","D","",""
"952","11","","740877000053","MONITOR A COLOR","SANEAR","31/12/2021","1.0","","","1503.020301","EQUIPOS COMPUTACIONALES Y PERIFERICOS","M","LG","5000G","S/T","BLANCO","406SPLC34640","S/D","","","","","","","","","","D","",""
"953","11","","746481190002","SILLA FIJA DE MADERA","O/C N° 1016-1995","29/12/1995","65.0","","","1503.020102","MOBILIARIO DE OFICINA","M","S/M","TAPIZ","S/T","CAFÉ","S/S","0.45X0.47X0.85","","","","","","","","","","D","",""
"954","11","","746481190010","SILLA FIJA DE MADERA","O/C N° 1016-1995","29/12/1995","65.0","","","1503.020102","MOBILIARIO DE OFICINA","M","S/M","TAPIZ","S/T","CAFE","S/S","0.45X0.47X0.85","","","","","","","","","","D","",""
"955","11","","746481190025","SILLA FIJA DE MADERA","O/C N° 318-1995","30/06/1995","65.0","","","1503.020102","MOBILIARIO DE OFICINA","M","S/M","TAPIZ COROFAN","S/T","CAFE","S/S","0.40X0.42X0.84","","","","","","","","","","D","",""
"956","11","","746481190035","SILLA FIJA DE MADERA","O/C N°  295-2012","06/11/2012","94.5","","","1503.020102","MOBILIARIO DE OFICINA","M","S/M","S/M","S/T","CAOBA","S/S","0.41X0.42X0.84","","","","","","","","","","D","",""
"957","11","","746481190038","SILLA FIJA DE MADERA","O/C N° 301-1993","30/11/1993","24.15","","","1503.020102","MOBILIARIO DE OFICINA","M","S/M","S/M","S/T","CAFE","S/S","0.41X0.42X0.84","","","","","","","","","","D","",""
"958","11","","746481190148","SILLA FIJA DE MADERA","O/C N° 8-00215-2010","28/06/2010","90.0","","","1503.020102","MOBILIARIO DE OFICINA","M","S/M","S/M","S/T","CAFE","S/S","0.41X0.42X0.84"," "," "," "," "," "," ","",""," ","D","",""
"959","11","","746481870004","SILLA FIJA DE METAL","O/C N° 150-1987","20/05/1987","55.0","","","1503.020102","MOBILIARIO DE OFICINA","M","S/M","TAPIZADO","S/T","PLOMO/NEGRO","S/S","S/D","","","","","","","","","","D","",""
"960","11","","746481870078","SILLA FIJA DE METAL","O/C N° 121-1991","15/10/1991","23.0","","","1503.020102","MOBILIARIO DE OFICINA","R","S/M","TAPIZ MARROQUIN","S/T","NEGRO/BEIGE ","S/S","S/D","","","","","","","","","","D","",""
"961","11","","746481870091","SILLA FIJA DE METAL","SANEAR","31/12/2021","1.0","","","1503.020102","MOBILIARIO DE OFICINA","M","S/M","S/M","S/T","NEGRO","S/S","S/D","","","","","","","","","","D","",""
"962","11","","746483900010","SILLA GIRATORIA DE METAL","O/C N° 901-1996","30/12/1996","240.0","","","1503.020102","MOBILIARIO DE OFICINA","M","S/M","S/M","S/T","NEGRO","S/S","0.46X0.65X0.98","","","","","","","","","","D","",""
"963","11","","746483900092","SILLA GIRATORIA DE METAL","O/C N°000047-2013","07/02/2013","200.0","","","1503.020102","MOBILIARIO DE OFICINA","M","S/M","S/M","S/T","NEGRO","S/S","S/D","","","","","","","","","","D","",""
"964","11","","746483900095","SILLA GIRATORIA DE METAL","O/C Nº 161-2013","12/04/2013","220.0","","","1503.020102","MOBILIARIO DE OFICINA","M","S/M","S/M","S/T","NEGRO","S/S","S/D","","","","","","","","","","D","",""
"965","11","","746483900096","SILLA GIRATORIA DE METAL","O/C Nº 161-2013","12/04/2013","220.0","","","1503.020102","MOBILIARIO DE OFICINA","M","S/M","S/M","S/T","NEGRO","S/S","S/D","","","","","","","","","","D","",""
"966","11","","746483900097","SILLA GIRATORIA DE METAL","O/C Nº 161-2013","12/04/2013","220.0","","","1503.020102","MOBILIARIO DE OFICINA","M","S/M","S/M","S/T","NEGRO","S/S","S/D","","","","","","","","","","D","",""
"967","11","","746483900103","SILLA GIRATORIA DE METAL","O/C N° 310-2012","15/11/2012","180.0","","","1503.020102","MOBILIARIO DE OFICINA","M","S/M","S/M","S/T","NEGRO","S/S","S/D","","","","","","","","","","D","",""
"968","11","","746483900105","SILLA GIRATORIA DE METAL","O/C N°000047-2013","07/02/2013","200.0","","","1503.020102","MOBILIARIO DE OFICINA","M","S/M","S/M","S/T","NEGRO","S/S","S/D","","","","","","","","","","D","",""
"969","11","","746483900106","SILLA GIRATORIA DE METAL","O/C Nº 161-2013","12/04/2013","220.0","","","1503.020102","MOBILIARIO DE OFICINA","M","S/M","S/M","S/T","NEGRO","S/S","S/D","","","","","","","","","","D","",""
"970","11","","740895000162","TECLADO - KEYBOARD","SANEAR","31/12/2021","1.0","","","1503.020301","EQUIPOS COMPUTACIONALES Y PERIFERICOS","M","DELUZ","K5003","S/T","PLOMO/NEGRO","K5003080200485","S/D","","","","","","","","","","D","",""
"971","11","","740895000180","TECLADO - KEYBOARD","O/C N° 8-00110-2010","23/04/2010","45.95","","","1503.020301","EQUIPOS COMPUTACIONALES Y PERIFERICOS","M","MICRONICS","MIC K-502","S/T","PLOMO/NEGRO","S/S","S/D","","","","","","","","","","D","",""
"972","11","","740895560001","TECLADO INALAMBRICO","O/C N° 0253-2007","12/11/2007","31.02","","","1503.020301","EQUIPOS COMPUTACIONALES Y PERIFERICOS","M","CYBERTEL","CY-K258","S/T","PLOMO/NEGRO","S/S","S/D","","","","","","","","","","D","",""
"973","11","","952282870035","TELEFONO","SANEAR","31/12/2021","1.0","","","1503.020303","EQUIPOS DE TELECOMUNICACIONES","M","KEO","K-302","S/T","NEGRO","S/S","S/D","","","","","","","","","","D","",""
"974","11","","740899500133","UNIDAD CENTRAL DE PROCESO - CPU","SANEAR","31/12/2021","1.0","","","1503.020301","EQUIPOS COMPUTACIONALES Y PERIFERICOS","M","S/M","S/M","S/T","BLANCO/AZUL","S/S","S/D","","","","","","","","","","D","",""
"975","11","","112287620002","VENTILADOR ELECTRICO PARA TECHO","SANEAR","31/12/2021","1.0","","","1503.020901","AIRE ACONDICIONADO Y REFRIGERACION","M","S/M","S/M","S/T","VERDE","S/S","S/D","","","","","","","","","","D","",""
"976","12","","746437120019","ESCRITORIO DE MADERA","SANEAR","31/12/2021","1.0","","","1503.020102","MOBILIARIO DE OFICINA","M","S/M","7 GAVETAS","S/T","CAFE","S/S","0.60X0.90X0.65","","","","","","","","","","D","",""
"977","12","","746454750003","MESITA DE MADERA PARA MAQUINA DE ESCRIBIR","SANEAR","31/12/2021","1.0","","","1503.020102","MOBILIARIO DE OFICINA","R","S/M","S/M","S/T","CAFE","S/S","0.62X1.40X0.77","","","","","","","","","","D","",""
"978","12","","746460850016","MODULO DE MADERA PARA MICROCOMPUTADORA","O/C N° 024-1996","31/12/2021","336.0","","","1503.020102","MOBILIARIO DE OFICINA","M","S/M","S/M","S/T","MADERA","S/S","S/D","","","","","","","","","","D","",""
"979","12","","746481870003","SILLA FIJA DE METAL","O/C N° 150-1987","20/05/1987","550.0","","","1503.020102","MOBILIARIO DE OFICINA","M","S/M","S/M","S/T","CREMA","S/S","S/D","","","","","","","","","","D","",""
"980","12","","746481870101","SILLA FIJA DE METAL","SANEAR","31/12/2021","1.0","","","1503.020102","MOBILIARIO DE OFICINA","M","S/M","S/M","S/T","CREMA","S/S","S/D","","","","","","","","","","D","",""
"981","13","","322216410001","COCINA (OTRAS)","O/C N° 0209-2004","30/06/2004","480.0","","","1503.020902","ASEO, LIMPIEZA Y COCINA","M","HOGAS","4 HORNILLAS A E","S/T","PLOMO","S/S","1.85X0.40X0.60","","","","","","","","","","D","",""
"982","13","","322221710008","COCINA A KEROSENE","O/C N° 015-1997","13/08/1997","200.0","","","1503.020902","ASEO, LIMPIEZA Y COCINA","M","SURGE","3 HORNILLAS","SEMI","BLANCO","S/S","1.39X0.47X0.80","","","","","","","","","","D","",""
"983","13","","746437790011","ESCRITORIO DE METAL","SANEAR","31/12/2021","1.0","","","1503.020102","MOBILIARIO DE OFICINA","M","S/M","3 GAVETAS","S/T","PLOMO/NEGRO","S/S","0.88X0.56X0.68","","","","","","","","","","D","",""
"984","13","","746437790037","ESCRITORIO DE METAL","O/C N° 011-1996","29/01/1996","250.0","","","1503.020102","MOBILIARIO DE OFICINA","M","S/M","4 GAVETAS","S/T","PLOMO/NEGRO","S/S","0.75X0.70X1.20","","","","","","","","","","D","",""
"985","13","","746449320005","MESA DE MADERA","SANEAR","31/12/2021","1.0","","","1503.020102","MOBILIARIO DE OFICINA","M","S/M","S/M","S/T","PLOMO","S/S","1.12X0.83X0.68","","","","","","","","","","D","",""
"986","13","","746449320009","MESA DE MADERA","SANEAR","31/12/2021","1.0","","","1503.020102","MOBILIARIO DE OFICINA","M","S/M","S/M","S/T","CAFE","S/S","0.55X2.90X0.84","","","","","","","","","","D","",""
"987","13","","746451360002","MESA DE METAL PARA DIBUJO","O/C N° 106-1996","29/02/1996","380.0","","","1503.020102","MOBILIARIO DE OFICINA","M","S/M","MADERA","S/T","PLOMO","S/S","1.50X1.10X0.16","","","","","","","","","","D","",""
"988","14","","746406600001","ARMARIO DE METAL","SANEAR","31/12/2021","1.0","","","1503.020102","MOBILIARIO DE OFICINA","M","S/M","S/M","S/T","PLOMO","S/S","S/D","","","","","","","","","","D","",""
"989","14","","746410670001","ATRIL MECANICO DE METAL","SANEAR","31/12/2021","1.0","","","1503.020102","MOBILIARIO DE OFICINA","M","SPERRY","REMINGTON","S/T","PLOMO","S/S","S/D","","","","","","","","","","D","",""
"990","14","","602206160003","BALANZA (OTRAS)","O/C Nº 372-2011","20/10/2011","180.0","","","1503.020905","EQUIPOS E INSTRUMENTOS DE MEDICION","M","CORONA","S/M","S/T","VERDE","S/S","S/D","","","","","","","","","","D","",""
"991","14","","602208420003","BALANZA MECANICA","O/C N° 132-1994","30/04/1994","120.0","","","1503.020905","EQUIPOS E INSTRUMENTOS DE MEDICION","M","CORONA","S/M","S/T","VERDE","S/S","S/D","","","","","","","","","","D","",""
"992","14","","746421520002","CAMA DE MADERA","O/C N° 46-1984","26/03/1984","55000.0","","","1503.020102","MOBILIARIO DE OFICINA","M","S/M","RUSTICO","S/T","AMARILLO","S/S","S/D","","","","","","","","","","D","",""
"993","14","","746421520003","CAMA DE MADERA","O/C N° 46-1984","26/03/1984","55000.0","","","1503.020102","MOBILIARIO DE OFICINA","M","S/M","RUSTICO","S/T","NARANA","S/S","S/D","","","","","","","","","","D","",""
"994","14","","536419540008","CAMA DE METAL PLEGABLE","O/C N° 577-1996","28/08/1996","88.0","","","1503.020401","MOBILIARIO MEDICO","M","COMODOY","PLEGABLE","METAL","ROJO","S/S","0.61X1.05X1.80","","","","","","","","","","D","",""
"995","14","","746437120050","ESCRITORIO DE MADERA","SANEAR","31/12/2021","1.0","","","1503.020102","MOBILIARIO DE OFICINA","M","S/M","S/M","S/T","PLOMO","S/S","1.13X0.78X0.72","","","","","","","","","","D","",""
"996","14","","746437790024","ESCRITORIO DE METAL","SANEAR","31/12/2021","1.0","","","1503.020102","MOBILIARIO DE OFICINA","M","S/M","S/M","S/T","MARRON","S/S","0.64X0.62X0.73","","","","","","","","","","D","",""
"997","14","","746437790025","ESCRITORIO DE METAL","O/C N° 137-1991","21/10/1991","116.5","","","1503.020102","MOBILIARIO DE OFICINA","M","S/M","4 GAVETAS","S/T","BEIGE/NEGRO","S/S","0.99X0.60X0.73","","","","","","","","","","D","",""
"998","14","","746437790030","ESCRITORIO DE METAL","O/C N° 355-1991","","139.0","","","1503.020102","MOBILIARIO DE OFICINA","M","S/M","4 GAVETAS","S/T","BEIGE/NEGRO","S/S","S/D","","","","","","","","","","D","",""
"999","14","","746437790034","ESCRITORIO DE METAL","O/C N° 318-1995","30/06/1995","328.0","","","1503.020102","MOBILIARIO DE OFICINA","M","S/M","S/M","S/T","PLOMO","S/S","0.75X1.50X0.60","","","","","","","","","","D","",""
"1000","14","","746437790039","ESCRITORIO DE METAL","O/C N° 011-1996","29/01/1996","250.0","","","1503.020102","MOBILIARIO DE OFICINA","M","S/M","4 GAVETAS","S/T","PLOMO","S/S","1.02X0.74X0.69","","","","","","","","","","D","",""
"1001","14","","746437790046","ESCRITORIO DE METAL","O/C N° 161-1987","20/05/1987","3200.0","","","1503.020102","MOBILIARIO DE OFICINA","M","S/M","S/M","S/T","PLOMO/NEGRO","S/S","0.72X1.12X0.73","","","","","","","","","","D","",""
"1002","14","","746441180011","ESTANTE DE MADERA","SANEAR","31/12/2021","1.0","","","1503.020102","MOBILIARIO DE OFICINA","M","S/M","S/M","S/T","CAFE","S/S","1.04X1.52X0.50","","","","","","","","","","D","",""
"1003","14","","322239390011","ESTUFA ELECTRICA","SANEAR","31/12/2021","1.0","","","1503.020902","ASEO, LIMPIEZA Y COCINA","M","S/M","S/M","S/T","VERDE","S/S","S/D","","","","","","","","","","D","",""
"1004","14","","322239390012","ESTUFA ELECTRICA","SANEAR","31/12/2021","1.0","","","1503.020902","ASEO, LIMPIEZA Y COCINA","M","S/M","S/M","S/T","VERDE","S/S","S/D","","","","","","","","","","D","",""
"1005","14","","322250000003","HERVIDOR ELECTRICO","O/C N° 151-2011","07/01/2011","59.9","","","1503.020902","ASEO, LIMPIEZA Y COCINA","M","CONTIN.","S/M","S/T","NEGRO/ALUMINIO","S/S","S/D","","","","","","","","","","D","",""
"1006","14","","322257950005","HORNO ELECTRICO","SANEAR","31/12/2021","1.0","","","1503.020902","ASEO, LIMPIEZA Y COCINA","M","S/M","202-1","S/T","VERDE","85528","0.73X0.53X0.75","","","","","","","","","","D","",""
"1007","14","","746449320003","MESA DE MADERA","SANEAR","31/12/2021","1.0","","","1503.020102","MOBILIARIO DE OFICINA","M","S/M","S/M","S/T","CAFE","S/S","0.80X1.53X0.77","","","","","","","","","","D","",""
"1008","14","","746449320006","MESA DE MADERA","O/C N° 870-1995","29/10/1995","530.0","","","1503.020102","MOBILIARIO DE OFICINA","M","S/M","S/M","S/T","CAFE","S/S","1.75X0.82X0.72","","","","","","","","","","D","",""
"1009","14","","746449320010","MESA DE MADERA","SANEAR","31/12/2021","1.0","","","1503.020102","MOBILIARIO DE OFICINA","M","S/M","S/M","S/T","PLOMO","S/S","0.65X0.90X0.88","","","","","","","","","","D","",""
"1010","14","","746450680007","MESA DE METAL","SANEAR","31/12/2021","1.0","","","1503.020102","MOBILIARIO DE OFICINA","M","S/M","S/M","S/T","ROJO","S/S","0.46X0.39X0.85","","","","","","","","","","D","",""
"1011","14","","746454750001","MESITA DE MADERA PARA MAQUINA DE ESCRIBIR","SANEAR","31/12/2021","1.0","","","1503.020102","MOBILIARIO DE OFICINA","M","S/M","S/M","S/T","CAQUI","S/S","0.46X0.39X0.85","","","","","","","","","","D","",""
"1012","14","","46436500001","MIRA TOPOGRAFICA","O/C N° 288","30/05/1995","828.74","","","1503.020501","MOBILIARIO DE USO AGRICOLA Y PESQUERO","M","S/M","S/M","S/T","BLANCO","S/S","S/D","","","","","","","","","","D","",""
"1013","14","","46436500002","MIRA TOPOGRAFICA","O/C N° 288","30/05/1995","716.8","","","1503.020501","MOBILIARIO DE USO AGRICOLA Y PESQUERO","M","S/M","S/M","S/T","BLANCO","S/S","S/D","","","","","","","","","","D","",""
"1014","14","","46436500004","MIRA TOPOGRAFICA","O/C N° 288","30/05/1995","716.8","","","1503.020501","MOBILIARIO DE USO AGRICOLA Y PESQUERO","M","S/M","S/M","S/T","BLANCO","S/S","S/D","","","","","","","","","","D","",""
"1015","14","","46436500006","MIRA TOPOGRAFICA","O/C N° 288","30/05/1995","716.8","","","1503.020501","MOBILIARIO DE USO AGRICOLA Y PESQUERO","M","S/M","S/M","S/T","BLANCO","S/S","S/D","","","","","","","","","","D","",""
"1016","14","","46436500007","MIRA TOPOGRAFICA","O/C N° 288","30/05/1995","716.8","","","1503.020501","MOBILIARIO DE USO AGRICOLA Y PESQUERO","M","S/M","S/M","S/T","BLANCO","S/S","S/D","","","","","","","","","","D","",""
"1017","14","","46436500011","MIRA TOPOGRAFICA","O/C N°288","30/05/1995","716.8","","","1503.020501","MOBILIARIO DE USO AGRICOLA Y PESQUERO","M","S/M","S/M","S/T","BLANCO","S/S","S/D","","","","","","","","","","D","",""
"1018","14","","46436500012","MIRA TOPOGRAFICA","O/C N°288","30/05/1995","716.8","","","1503.020501","MOBILIARIO DE USO AGRICOLA Y PESQUERO","M","S/M","S/M","S/T","BLANCO","S/S","S/D","","","","","","","","","","D","",""
"1019","14","","46436500014","MIRA TOPOGRAFICA","SANEAR","31/12/2021","1.0","","","1503.020501","MOBILIARIO DE USO AGRICOLA Y PESQUERO","M","S/M","S/M","S/T","BLANCO","S/S","S/D","","","","","","","","","","D","",""
"1020","14","","46436500015","MIRA TOPOGRAFICA","O/C N° 001E-2004","31/08/2004","557.45","","","1503.020501","MOBILIARIO DE USO AGRICOLA Y PESQUERO","M","S/M","S/M","S/T","BLANCO","S/S","S/D","","","","","","","","","","D","",""
"1021","14","","46436500016","MIRA TOPOGRAFICA","O/C N° 0443-2005","25/11/2005","696.0","","","1503.020501","MOBILIARIO DE USO AGRICOLA Y PESQUERO","M","S/M","S/M","S/T","AZUL","S/S","S/D","","","","","","","","","","D","",""
"1022","14","","46436500017","MIRA TOPOGRAFICA","SANEAR","31/12/2021","1.0","","","1503.020501","MOBILIARIO DE USO AGRICOLA Y PESQUERO","M","S/M","S/M","S/T","BLANCO","S/S","S/D","","","","","","","","","","D","",""
"1023","14","","46436500018","MIRA TOPOGRAFICA","SANEAR","31/12/2021","1.0","","","1503.020501","MOBILIARIO DE USO AGRICOLA Y PESQUERO","M","S/M","S/M","S/T","BLANCO","S/S","S/D","","","","","","","","","","D","",""
"1024","14","","46436500019","MIRA TOPOGRAFICA","O/C N°152-2012","12/07/2012","190.0","","","1503.020501","MOBILIARIO DE USO AGRICOLA Y PESQUERO","M","S/M","MILIMETRO","ALUMINIO 5MTS","BLANCO","76132360","S/D","","","","","","","","","","D","",""
"1025","14","","46436500020","MIRA TOPOGRAFICA","SANEAR","31/12/2021","1.0","","","1503.020501","MOBILIARIO DE USO AGRICOLA Y PESQUERO","M","S/M","S/M","S/T","BLANCO","S/S","S/D","","","","","","","","","","D","",""
"1026","14","","46436500021","MIRA TOPOGRAFICA","SANEAR","31/12/2021","1.0","","","1503.020501","MOBILIARIO DE USO AGRICOLA Y PESQUERO","M","S/M","S/M","S/T","BLANCO","S/S","S/D","","","","","","","","","","D","",""
"1027","14","","46436500022","MIRA TOPOGRAFICA","O/C N°152-2012","12/07/2012","190.0","","","1503.020501","MOBILIARIO DE USO AGRICOLA Y PESQUERO","M","S/M","MILIMETRO","ALUMINIO 5MTS","BLANCO","76132464","S/D","","","","","","","","","","D","",""
"1028","14","","46436500023","MIRA TOPOGRAFICA","O/C N°152-2012","12/07/2012","230.0","","","1503.020501","MOBILIARIO DE USO AGRICOLA Y PESQUERO","M","S/M","S/M","ALUMINIO 2,6M","BLANCO","51393289","S/D","","","","","","","","","","D","",""
"1029","14","","46436500024","MIRA TOPOGRAFICA","SANEAR","31/12/2021","1.0","","","1503.020501","MOBILIARIO DE USO AGRICOLA Y PESQUERO","M","S/M","S/M","S/T","ANARANJADO","S/S","S/D","","","","","","","","","","D","",""
"1030","14","","46436500025","MIRA TOPOGRAFICA","O/C N°152-2012","12/07/2012","230.0","","","1503.020501","MOBILIARIO DE USO AGRICOLA Y PESQUERO","M","S/M","S/M","ALUMINIO 2,6M","BLANCO","51393287","S/D","","","","","","","","","","D","",""
"1031","14","","46436500026","MIRA TOPOGRAFICA","O/C N°152-2012","12/07/2012","230.0","","","1503.020501","MOBILIARIO DE USO AGRICOLA Y PESQUERO","M","S/M","S/M","ALUMINIO 2,6M","BLANCO","51393256","S/D","","","","","","","","","","D","",""
"1032","14","","46436500027","MIRA TOPOGRAFICA","O/C N°152-2012","12/07/2012","230.0","","","1503.020501","MOBILIARIO DE USO AGRICOLA Y PESQUERO","M","S/M","S/M","ALUMINIO 2,6M","BLANCO","51393258","S/D","","","","","","","","","","D","",""
"1033","14","","46436500028","MIRA TOPOGRAFICA","O/C N° 97-2016","02/05/2016","150.0","","","1503.020501","MOBILIARIO DE USO AGRICOLA Y PESQUERO","M","S/M","S/M","S/T","BLANCO","S/S","S/D","","","","","","","","","","D","",""
"1034","14","","46436500029","MIRA TOPOGRAFICA","O/C N° 97-2016","02/05/2016","150.0","","","1503.020501","MOBILIARIO DE USO AGRICOLA Y PESQUERO","M","S/M","S/M","S/T","BLANCO","S/S","S/D","","","","","","","","","","D","",""
"1035","14","","46436500030","MIRA TOPOGRAFICA","SANEAR","31/12/2021","1.0","","","1503.020501","MOBILIARIO DE USO AGRICOLA Y PESQUERO","M","S/M","S/M","S/T","ANARANJADO","S/S","S/D","","","","","","","","","","D","",""
"1036","14","","46436500031","MIRA TOPOGRAFICA","SANEAR","31/12/2021","1.0","","","1503.020501","MOBILIARIO DE USO AGRICOLA Y PESQUERO","M","S/M","S/M","S/T","BLANCO","S/S","S/D","","","","","","","","","","D","",""
"1037","14","","46436500036","MIRA TOPOGRAFICA","O/C N° 0254-2004","16/08/2004","562.28","","","1503.020501","MOBILIARIO DE USO AGRICOLA Y PESQUERO","M","S/M","S/M","S/T","ANARANJADO","S/S","S/D","","","","","","","","","","D","",""
"1038","14","","46436500038","MIRA TOPOGRAFICA","O/C N° 0085-2007","21/06/2007","605.0","","","1503.020501","MOBILIARIO DE USO AGRICOLA Y PESQUERO","M","S/M","S/M","S/T","BLANCO","S/S","S/D","","","","","","","","","","D","",""
"1039","14","","46436500039","MIRA TOPOGRAFICA","O/C N° 001E-2004","31/08/2004","557.45","","","1503.020501","MOBILIARIO DE USO AGRICOLA Y PESQUERO","M","S/M","S/M","S/T","ANARANJADO","S/S","S/D","","","","","","","","","","D","",""
"1040","14","","46436500040","MIRA TOPOGRAFICA","O/C N° 0085-2007","21/06/2007","605.0","","","1503.020501","MOBILIARIO DE USO AGRICOLA Y PESQUERO","M","S/M","S/M","S/T","BLANCO","S/S","S/D","","","","","","","","","","D","",""
"1041","14","","46436500041","MIRA TOPOGRAFICA","O/C N° 0085-2007","21/06/2007","605.0","","","1503.020501","MOBILIARIO DE USO AGRICOLA Y PESQUERO","M","S/M","S/M","S/T","AZUL","S/S","S/D","","","","","","","","","","D","",""
"1042","14","","46436500047","MIRA TOPOGRAFICA","O/C N° 00031-2011","16/04/2011","2674.86","","","1503.020501","MOBILIARIO DE USO AGRICOLA Y PESQUERO","M","S/M","S/M","S/T","BLANCO","S/S","S/D","","","","","","","","","","D","",""
"1043","14","","46436500050","MIRA TOPOGRAFICA","O/C N° 42-2011","20/04/2011","951.73","","","1503.020501","MOBILIARIO DE USO AGRICOLA Y PESQUERO","M","S/M","S/M","S/T","BLANCO","S/S","S/D","","","","","","","","","","D","",""
"1044","14","","46436500059","MIRA TOPOGRAFICA","O/C N°288","30/05/1995","716.8","","","1503.020501","MOBILIARIO DE USO AGRICOLA Y PESQUERO","M","S/M","S/M","S/T","BLANCO","S/S","S/D","","","","","","","","","","D","",""
"1045","14","","46436500099","MIRA TOPOGRAFICA","O/C N° 000472-2013","16/07/2013","1283.33","","","1503.020501","MOBILIARIO DE USO AGRICOLA Y PESQUERO","M","S/M","S/M","S/T","AMARILLO","S/S","S/D","","","","","","","","","","D","",""
"1046","14","","602269520002","PLANCHETA AUTOREDUCTORA","SANEAR","31/12/2021","1.0","","","1503.020905","EQUIPOS E INSTRUMENTOS DE MEDICION","M","S/M","S/M","S/T","CAFE","S/S","S/D","","","","","","","","","","D","",""
"1047","14","","746481190005","SILLA FIJA DE MADERA","O/C N° 1016-1995","29/12/1995","65.0","","","1503.020102","MOBILIARIO DE OFICINA","M","S/M","TAPIZ","S/T","CAFE","S/S","0.45X0.47X0.85","","","","","","","","","","D","",""
"1048","14","","746481190008","SILLA FIJA DE MADERA","O/C N° 1016-1995","29/12/1995","65.0","","","1503.020102","MOBILIARIO DE OFICINA","M","S/M","TAPIZ","S/T","CAFE","S/S","0.45X0.47X0.85","","","","","","","","","","D","",""
"1049","14","","746481190034","SILLA FIJA DE MADERA","O/C N°  295-2012","06/11/2012","94.5","","","1503.020102","MOBILIARIO DE OFICINA","M","S/M","S/M","S/T","CAQUI","S/S","0.41X0.42X0.84","","","","","","","","","","D","",""
"1050","14","","746481190144","SILLA FIJA DE MADERA","O/C N 6-00071-2010","26/07/2010","90.0","","","1503.020102","MOBILIARIO DE OFICINA","M","S/M","S/M","S/T","CAFE","S/S","0.41X0.42X0.84","","","","","","","","","","D","",""
"1051","14","","746481190146","SILLA FIJA DE MADERA","O/C N 6-00071-2010","26/07/2010","90.0","","","1503.020102","MOBILIARIO DE OFICINA","M","S/M","S/M","S/T","CAFE","S/S","0.41X0.42X0.84","","","","","","","","","","D","",""
"1052","14","","746481190147","SILLA FIJA DE MADERA","O/C Nº 381","03/08/2010","90.0","","","1503.020102","MOBILIARIO DE OFICINA","M","S/M","S/M","S/T","BLANCO","S/S","0.41X0.42X0.84","","","","","","","","","","D","",""
"1053","14","","746481870001","SILLA FIJA DE METAL","O/C N° 137-1991","21/10/1991","30.0","","","1503.020102","MOBILIARIO DE OFICINA","M","S/M","VISITANTE","MARROQUIN","NEGRO","S/S","S/D","","","","","","","","","","D","",""
"1054","14","","746481870006","SILLA FIJA DE METAL","O/C N° 150-1987","20/05/1987","550.0","","","1503.020102","MOBILIARIO DE OFICINA","M","S/M","S/M","S/T","NEGRO","S/S","S/D","","","","","","","","","","D","",""
"1055","14","","746481870026","SILLA FIJA DE METAL","O/C N° 142-1987","04/05/1987","550.0","","","1503.020102","MOBILIARIO DE OFICINA","M","S/M","S/M","S/T","NEGRO","S/S","S/D","","","","","","","","","","D","",""
"1056","14","","746481870039","SILLA FIJA DE METAL","SANEAR","31/12/2021","1.0","","","1503.020102","MOBILIARIO DE OFICINA","M","S/M","S/M","S/T","NEGRO","S/S","S/D","","","","","","","","","","D","",""
"1057","14","","746481870040","SILLA FIJA DE METAL","SANEAR","31/12/2021","1.0","","","1503.020102","MOBILIARIO DE OFICINA","M","S/M","S/M","S/T","PLOMO","S/S","S/D","","","","","","","","","","D","",""
"1058","14","","746481870043","SILLA FIJA DE METAL","SANEAR","31/12/2021","1.0","","","1503.020102","MOBILIARIO DE OFICINA","M","S/M","S/M","S/T","NEGRO/PLOMO","S/S","S/D","","","","","","","","","","D","",""
"1059","14","","746481870051","SILLA FIJA DE METAL","O/C N° 83-1987","27/03/1987","510.0","","","1503.020102","MOBILIARIO DE OFICINA","M","S/M","S/M","S/T","NEGRO","S/S","S/D","","","","","","","","","","D","",""
"1060","14","","746481870059","SILLA FIJA DE METAL","O/C N° 121-1991","15/10/1991","23.0","","","1503.020102","MOBILIARIO DE OFICINA","M","S/M","TAPIZ MARROQUIN","S/T","NEGRO/BEIGE ","S/S","S/D","","","","","","","","","","D","",""
"1061","14","","746481870060","SILLA FIJA DE METAL","O/C N° 121-1991","15/10/1991","23.0","","","1503.020102","MOBILIARIO DE OFICINA","M","S/M","TAPIZ MARROQUIN","S/T","NEGRO/BEIGE ","S/S","S/D","","","","","","","","","","D","",""
"1062","14","","746481870064","SILLA FIJA DE METAL","SANEAR","31/12/2021","1.0","","","1503.020102","MOBILIARIO DE OFICINA","M","S/M","S/M","S/T","NEGRO","S/S","S/D","","","","","","","","","","D","",""
"1063","14","","746481870068","SILLA FIJA DE METAL","SANEAR","31/12/2021","1.0","","","1503.020102","MOBILIARIO DE OFICINA","M","S/M","S/M","S/T","NEGRO","S/S","S/D","","","","","","","","","","D","",""
"1064","14","","746481870070","SILLA FIJA DE METAL","SANEAR","31/12/2021","1.0","","","1503.020102","MOBILIARIO DE OFICINA","M","S/M","S/M","S/T","PLOMO","S/S","S/D","","","","","","","","","","D","",""
"1065","14","","746481870072","SILLA FIJA DE METAL","SANEAR","31/12/2021","1.0","","","1503.020102","MOBILIARIO DE OFICINA","M","S/M","S/M","S/T","NEGRO","S/S","S/D","","","","","","","","","","D","",""
"1066","14","","746481870086","SILLA FIJA DE METAL","SANEAR","31/12/2021","1.0","","","1503.020102","MOBILIARIO DE OFICINA","M","S/M","S/M","S/T","NEGRO","S/S","S/D","","","","","","","","","","D","",""
"1067","14","","746481870096","SILLA FIJA DE METAL","SANEAR","31/12/2021","1.0","","","1503.020102","MOBILIARIO DE OFICINA","M","S/M","S/M","S/T","NEGRO","S/S","S/D","","","","","","","","","","D","",""
"1068","14","","746481870097","SILLA FIJA DE METAL","SANEAR","31/12/2021","1.0","","","1503.020102","MOBILIARIO DE OFICINA","M","S/M","S/M","S/T","NEGRO","S/S","S/D","","","","","","","","","","D","",""
"1069","14","","746481870102","SILLA FIJA DE METAL","SANEAR","31/12/2021","1.0","","","1503.020102","MOBILIARIO DE OFICINA","M","S/M","S/M","S/T","PLOMO","S/S","S/D","","","","","","","","","","D","",""
"1070","14","","746481870105","SILLA FIJA DE METAL","SANEAR","31/12/2021","1.0","","","1503.020102","MOBILIARIO DE OFICINA","M","S/M","S/M","S/T","NEGRO","S/S","S/D","","","","","","","","","","D","",""
"1071","14","","746483900001","SILLA GIRATORIA DE METAL","O/C Nº 520-2013","24/07/2013","280.0","","","1503.020102","MOBILIARIO DE OFICINA","M","S/M","S/M","S/T","NEGRO","S/S","S/D","","","","","","","","","","D","",""
"1072","14","","746483900002","SILLA GIRATORIA DE METAL","O/C Nº 520-2013","24/07/2013","280.0","","","1503.020102","MOBILIARIO DE OFICINA","M","S/M","S/M","S/T","CAFE","S/S","S/D","","","","","","","","","","D","",""
"1073","14","","746483900004","SILLA GIRATORIA DE METAL","O/C Nº 520-2013","24/07/2013","280.0","","","1503.020102","MOBILIARIO DE OFICINA","M","S/M","S/M","S/T","NEGRO","S/S","S/D","","","","","","","","","","D","",""
"1074","14","","746483900007","SILLA GIRATORIA DE METAL","O/C Nº 520-2013","24/07/2013","280.0","","","1503.020102","MOBILIARIO DE OFICINA","M","S/M","S/M","S/T","NEGRO","S/S","S/D","","","","","","","","","","D","",""
"1075","14","","746483900008","SILLA GIRATORIA DE METAL","SANEAR","31/12/2021","1.0","","","1503.020102","MOBILIARIO DE OFICINA","M","S/M","S/M","S/T","CAFE","S/S","S/D","","","","","","","","","","D","",""
"1076","14","","746483900104","SILLA GIRATORIA DE METAL","O/C N° 310-2012","15/11/2012","180.0","","","1503.020102","MOBILIARIO DE OFICINA","M","S/M","S/M","S/T","NEGRO","S/S","S/D","","","","","","","","","","D","",""
"1077","14","","746485260005","SILLA PLEGABLE DE METAL","SANEAR","31/12/2021","1.0","","","1503.020102","MOBILIARIO DE OFICINA","M","S/M","S/M","S/T","GRANATE","S/S","S/D","","","","","","","","","","D","",""
"1078","14","","746485260006","SILLA PLEGABLE DE METAL","SANEAR","31/12/2021","1.0","","","1503.020102","MOBILIARIO DE OFICINA","M","S/M","S/M","S/T","GRANATE","S/S","S/D","","","","","","","","","","D","",""
"1079","14","","746485260007","SILLA PLEGABLE DE METAL","SANEAR","31/12/2021","1.0","","","1503.020102","MOBILIARIO DE OFICINA","M","S/M","S/M","S/T","GRANATE","S/S","S/D","","","","","","","","","","D","",""
"1080","14","","746485260008","SILLA PLEGABLE DE METAL","SANEAR","31/12/2021","1.0","","","1503.020102","MOBILIARIO DE OFICINA","M","S/M","S/M","S/T","GRANATE","S/S","S/D","","","","","","","","","","D","",""
"1081","14","","746485260009","SILLA PLEGABLE DE METAL","SANEAR","31/12/2021","1.0","","","1503.020102","MOBILIARIO DE OFICINA","M","S/M","S/M","S/T","GRANATE","S/S","S/D","","","","","","","","","","D","",""
"1082","14","","746485260010","SILLA PLEGABLE DE METAL","SANEAR","31/12/2021","1.0","","","1503.020102","MOBILIARIO DE OFICINA","M","S/M","S/M","S/T","GRANATE","S/S","S/D","","","","","","","","","","D","",""
"1083","14","","746487970001","SILLON FIJO DE METAL","O/C N° 161-1987","20/05/1987","850.0","","","1503.020102","MOBILIARIO DE OFICINA","M","S/M","S/M","S/T","NEGRO","S/S","S/D","","","","","","","","","","D","",""
"1084","14","","746487970003","SILLON FIJO DE METAL","O/C N° 161-1987","20/05/1987","850.0","","","1503.020102","MOBILIARIO DE OFICINA","M","S/M","S/M","S/T","NEGRO","S/S","S/D","","","","","","","","","","D","",""
"1085","14","","746489330001","SILLON GIRATORIO DE METAL","O/C N° 697-1996","30/11/1996","250.0","","","1503.020102","MOBILIARIO DE OFICINA","M","S/M","S/M","S/T","NEGRO","S/S","S/D","","","","","","","","","","D","",""
"1086","14","","746489330005","SILLON GIRATORIO DE METAL","O/C N° 310-2012","15/11/2012","180.0","","","1503.020102","MOBILIARIO DE OFICINA","M","S/M","S/M","S/T","NEGRO","S/S","0.43X0.46X0.72","","","","","","","","","","D","",""
"1087","14","","746489330008","SILLON GIRATORIO DE METAL","O/C N° 310-2012","15/11/2012","180.0","","","1503.020102","MOBILIARIO DE OFICINA","M","S/M","S/M","S/T","NEGRO","S/S","S/D","","","","","","","","","","D","",""
"1088","14","","746489330009","SILLON GIRATORIO DE METAL","O/C N° 0-00086-2010","31/03/2010","1470.0","","","1503.020102","MOBILIARIO DE OFICINA","M","S/M","S/M","S/T","NEGRO","S/S","S/D"," "," "," "," "," "," ","",""," ","D","",""
"1089","14","","746494750005","TABURETE FIJO DE METAL","SANEAR","31/12/2021","1.0","","","1503.020102","MOBILIARIO DE OFICINA","M","S/M","S/M","S/T","ROJO","S/S","S/D","","","","","","","","","","D","",""
"1090","14","","746495430001","TABURETE GIRATORIO DE METAL","SANEAR","31/12/2021","1.0","","","1503.020102","MOBILIARIO DE OFICINA","M","S/M","S/M","S/T","CAFE","S/S","S/D","","","","","","","","","","D","",""
"1091","14","","676473450001","TRIPODE DE MADERA","SANEAR","31/12/2021","1.0","","","1503.020102","MOBILIARIO DE OFICINA","M","S/M","S/M","S/T","ANARANJADO","S/S","S/D","","","","","","","","","","D","",""
"1092","14","","676473450009","TRIPODE DE MADERA","O/C Nº 135","31/03/1997","65.0","","","1503.020102","MOBILIARIO DE OFICINA","M","S/M","S/M","S/T","AMARILLO","S/S","S/D","","","","","","","","","","D","",""
"1093","15","","812215970002","BICICLETA","O/C N° 445-1995","27/07/1995","336.0","","","1503.020701","EQUIPO DE DEPORTES Y RECREACION","M","ANDA","S/M","S/T","ROJO","S/S","0.83X0.64X0.74","","","","","","","","","","D","",""
"1094","15","","746419490001","CAMA CUNA DE MADERA","O/C N° 579-1996","28/08/1996","98.0","","","1503.020401","MOBILIARIO MEDICO","M","COMODOY","S/M","S/T","VERDE","S/S","S/D","","","","","","","","","","D","",""
"1095","15","","746421520004","CAMA DE MADERA","O/C N° 46-1984","26/03/1984","55000.0","","","1503.020102","MOBILIARIO DE OFICINA","M","S/M","RUSTICO","S/T","CAFE","S/S","1.01X0.64","","","","","","","","","","D","",""
"1096","15","","746421520005","CAMA DE MADERA","O/C N° 46-1984","26/03/1984","55000.0","","","1503.020102","MOBILIARIO DE OFICINA","M","S/M","RUSTICO","S/T","CAFE","S/S","0.77X0.69","","","","","","","","","","D","",""
"1097","15","","536417630002","CAMA DE METAL","O/C N° 0264-1997","27/10/1997","85.0","","","1503.020401","MOBILIARIO MEDICO","M","COMODOY","S/M","S/T","AZUL","S/S","1.85X0.80X1.01","","","","","","","","","","D","",""
"1098","15","","536417630003","CAMA DE METAL","O/C N° 579-1996","28/08/1996","98.0","","","1503.020401","MOBILIARIO MEDICO","M","COMODOY","S/M","METAL","VERDE","S/S","1.85X0.60X1.07","","","","","","","","","","D","",""
"1099","15","","536417630004","CAMA DE METAL","O/C N° 579-1996","28/08/1996","98.0","","","1503.020401","MOBILIARIO MEDICO","M","COMODOY","S/M","S/T","VERDE","S/S","1.85X0.60X1.07","","","","","","","","","","D","",""
"1100","15","","536417630007","CAMA DE METAL","O/C N° 0264-1997","27/10/1997","85.0","","","1503.020401","MOBILIARIO MEDICO","M","COMODOY","S/M","S/T","GRANATE","S/S","1.85X0.60X1.07","","","","","","","","","","D","",""
"1101","15","","536417630008","CAMA DE METAL","O/C N° 0264-1997","27/10/1997","85.0","","","1503.020401","MOBILIARIO MEDICO","M","COMODOY","S/M","S/T","CELESTE","S/S","1.85X0.60X1.07","","","","","","","","","","D","",""
"1102","15","","536419540001","CAMA DE METAL PLEGABLE","O/C N° 097-1995","30/03/1995","84.0","","","1503.020401","MOBILIARIO MEDICO","M","COMODOY","S/M","S/T","AZUL","S/S","S/D","","","","","","","","","","D","",""
"1103","15","","536419540002","CAMA DE METAL PLEGABLE","O/C N° 097-1995","30/03/1995","84.0","","","1503.020401","MOBILIARIO MEDICO","M","COMODOY","S/M","S/T","NEGRO","S/S","S/D","","","","","","","","","","D","",""
"1104","15","","536419540003","CAMA DE METAL PLEGABLE","O/C N° 097-1995","30/03/1995","84.0","","","1503.020401","MOBILIARIO MEDICO","M","COMODOY","S/M","S/T","AZUL","S/S","S/D","","","","","","","","","","D","",""
"1105","15","","536419540004","CAMA DE METAL PLEGABLE","O/C N° 577-1996","28/08/1996","88.0","","","1503.020401","MOBILIARIO MEDICO","M","COMODOY","PLEGABLE","METAL","ROJO","S/S","0.61X1.05X1.80","","","","","","","","","","D","",""
"1106","15","","536419540005","CAMA DE METAL PLEGABLE","O/C N° 097-1995","30/03/1995","84.0","","","1503.020401","MOBILIARIO MEDICO","M","COMODOY","S/M","S/T","CAFE","S/S","S/D","","","","","","","","","","D","",""
"1107","15","","536419540006","CAMA DE METAL PLEGABLE","O/C N° 577-1996","28/08/1996","88.0","","","1503.020401","MOBILIARIO MEDICO","M","COMODOY","PLEGABLE","METAL","ROJO","S/S","0.61X1.05X1.80","","","","","","","","","","D","",""
"1108","15","","536419540007","CAMA DE METAL PLEGABLE","O/C N° 577-1996","28/08/1996","88.0","","","1503.020401","MOBILIARIO MEDICO","M","COMODOY","PLEGABLE","METAL","ROJO","S/S","0.61X1.05X1.80","","","","","","","","","","D","",""
"1109","15","","536419540009","CAMA DE METAL PLEGABLE","O/C N° 577-1996","28/08/1996","88.0","","","1503.020401","MOBILIARIO MEDICO","M","COMODOY","PLEGABLE","METAL","ROJO","S/S","0.61X1.05X1.80","","","","","","","","","","D","",""
"1110","15","","536419540010","CAMA DE METAL PLEGABLE","O/C N° 577-1996","28/08/1996","88.0","","","1503.020401","MOBILIARIO MEDICO","M","COMODOY","PLEGABLE","METAL","ROJO","S/S","0.61X1.05X1.80","","","","","","","","","","D","",""
"1111","15","","536419540011","CAMA DE METAL PLEGABLE","O/C N° 097-1995","30/03/1995","84.0","","","1503.020401","MOBILIARIO MEDICO","M","COMODOY","S/M","S/T","ANARANJADO","S/S","S/D","","","","","","","","","","D","",""
"1112","15","","536419540012","CAMA DE METAL PLEGABLE","O/C N° 577-1996","28/08/1996","88.0","","","1503.020401","MOBILIARIO MEDICO","M","COMODOY","PLEGABLE","METAL","ROJO","S/S","0.61X1.05X1.80","","","","","","","","","","D","",""
"1113","15","","536419540013","CAMA DE METAL PLEGABLE","O/C N°182-1997","17/09/1997","70.0","","","1503.020401","MOBILIARIO MEDICO","M","S/M","METAL","S/T","VERDE ","S/S","1 1/2 PLAZA","","","","","","","","","","D","",""
"1114","15","","536419540014","CAMA DE METAL PLEGABLE","O/C N°182-1997","17/09/1997","70.0","","","1503.020401","MOBILIARIO MEDICO","M","S/M","METAL","S/T","VERDE ","S/S","1 1/2 PLAZA","","","","","","","","","","D","",""
"1115","15","","536419540015","CAMA DE METAL PLEGABLE","O/C N°182-1997","17/09/1997","70.0","","","1503.020401","MOBILIARIO MEDICO","M","S/M","METAL","S/T","VERDE ","S/S","1 1/2 PLAZA","","","","","","","","","","D","",""
"1116","15","","536419540016","CAMA DE METAL PLEGABLE","O/C N° 579-1996","28/08/1996","98.0","","","1503.020401","MOBILIARIO MEDICO","M","COMODOY","S/M","S/T","VERDE","S/S","S/D","","","","","","","","","","D","",""
"1117","15","","536419540017","CAMA DE METAL PLEGABLE","O/C N° 577-1996","28/08/1996","88.0","","","1503.020401","MOBILIARIO MEDICO","M","COMODOY","PLEGABLE","METAL","ROJO","S/S","0.61X1.05X1.80","","","","","","","","","","D","",""
"1118","15","","536419540018","CAMA DE METAL PLEGABLE","O/C N° 097-1995","30/03/1995","84.0","","","1503.020401","MOBILIARIO MEDICO","M","COMODOY","S/M","S/T","GRANATE","S/S","S/D","","","","","","","","","","D","",""
"1119","15","","536419540019","CAMA DE METAL PLEGABLE","O/C N° 097-1995","30/03/1995","84.0","","","1503.020401","MOBILIARIO MEDICO","M","COMODOY","S/M","S/T","NEGRO","S/S","S/D","","","","","","","","","","D","",""
"1120","15","","536419540020","CAMA DE METAL PLEGABLE","O/C N° 097-1995","30/03/1995","84.0","","","1503.020401","MOBILIARIO MEDICO","M","COMODOY","S/M","S/T","AZUL","S/S","S/D","","","","","","","","","","D","",""
"1121","15","","536419540021","CAMA DE METAL PLEGABLE","O/C N° 577-1996","28/08/1996","88.0","","","1503.020401","MOBILIARIO MEDICO","M","COMODOY","PLEGABLE","METAL","ROJO","S/S","0.61X1.05X1.80","","","","","","","","","","D","",""
"1122","15","","746422880001","CAMAROTE DE METAL","SANEAR","31/12/2021","1.0","","","1503.020102","MOBILIARIO DE OFICINA","M","S/M","S/M","S/T","CELESTE","S/S","S/D","","","","","","","","","","D","",""
"1123","15","","322221710001","COCINA A KEROSENE","O/C Nª 000795","29/12/1995","190.0","","","1503.020902","ASEO, LIMPIEZA Y COCINA","M","SURGE","3 HORNILLAS","S/T","VERDE","S/S","0.72X1.46X0.51","","","","","","","","","","D","",""
"1124","15","","322221710006","COCINA A KEROSENE","O/C N°106-1997","08/09/1997","508.0","","","1503.020902","ASEO, LIMPIEZA Y COCINA","M","INDUSTR","3 HORNILLAS","SEMI","BLANCO/NEGRO/VE","S/S","1.03X0.44X0.76","","","","","","","","","","D","",""
"1125","15","","322221710010","COCINA A KEROSENE","O/C N°106-1997","08/09/1997","508.0","","","1503.020902","ASEO, LIMPIEZA Y COCINA","M","INDUSTR","3 HORNILLAS","SEMI","BLANCO/NEGRO","S/S","1.03X0.44X0.76","","","","","","","","","","D","",""
"1126","15","","746434400001","ESCALERA DE MADERA","SANEAR","31/12/2021","1.0","","","1503.020102","MOBILIARIO DE OFICINA","M","S/M","3 PELDAÑOS","S/T","MADERA","S/S","2.05X0.41X0.03","","","","","","","","","","D","",""
"1127","15","","746434400002","ESCALERA DE MADERA","SANEAR","31/12/2021","1.0","","","1503.020102","MOBILIARIO DE OFICINA","M","S/M","4 PELDAÑOS","S/T","CAFE","S/S","S/D","","","","","","","","","","D","",""
"1128","15","","746437790019","ESCRITORIO DE METAL","O/C N° 182-1991","07/02/1991","126.5","","","1503.020102","MOBILIARIO DE OFICINA","M","S/M","4 GAVETAS","S/T","PLOMO/NEGRO","S/S","0.72X0.58X0.94","","","","","","","","","","D","",""
"1129","15","","746450000002","MESA DE MADERA PARA DIBUJO","O/C N° 301-1993","30/11/1993","126.0","","","1503.020102","MOBILIARIO DE OFICINA","M","S/M","S/M","S/T","GRANATE","S/S","1.50X0.65","","","","","","","","","","D","",""
"1130","15","","746451360004","MESA DE METAL PARA DIBUJO","SANEAR","31/12/2021","1.0","","","1503.020102","MOBILIARIO DE OFICINA","M","S/M","S/M","S/T","PLOMO","S/S","3.08X0.16","","","","","","","","","","D","",""
"1131","15","","746451360005","MESA DE METAL PARA DIBUJO","SANEAR","31/12/2021","1.0","","","1503.020102","MOBILIARIO DE OFICINA","M","S/M","S/M","S/T","PLOMO","S/S","3.08X0.16","","","","","","","","","","D","",""
"1132","15","","746458140001","MESITA DE METAL PARA TELEFONO","SANEAR","31/12/2021","1.0","","","1503.020102","MOBILIARIO DE OFICINA","M","S/M","S/M","S/T","PLOMO","S/S","0.40X0.86X0.71","","","","","","","","","","D","",""
"1133","15","","672275420009","MOTOBOMBA","O/C N°3-00002-2009","02/06/2009","3250.0","","","1503.020906","EQUIPOS PARA VEHICULOS","M","HONDA","D4C-18C","S/T","AZUL","8409117","S/D","","","","","","H.DROSTEL","","","","D","",""
"1134","15","","672275420045","MOTOBOMBA","SANEAR","31/12/2021","1.0","","","1503.020906","EQUIPOS PARA VEHICULOS","M","S/M","KD 120","S/T","ROJO","SC02","S/D","","","","","","","","","","D","",""
"1135","15","","672275420046","MOTOBOMBA","SANEAR","31/12/2021","1.0","","","1503.020906","EQUIPOS PARA VEHICULOS","M","THROTTLE","TECNMSEM","S/T","ANARANJADO","SC01","S/D","","","","","","","","","","D","",""
"1136","15","","672275420047","MOTOBOMBA","SANEAR","31/12/2021","1.0","","","1503.020906","EQUIPOS PARA VEHICULOS","M","S/M","KVKI KD 120","S/T","ANARANJADO","SC03","S/D","","","","","","","","","","D","",""
"1137","15","","746473050013","PIZARRA ACRILICA","O/C N° 434-2013","07/08/2013","90.0","","","1503.020102","MOBILIARIO DE OFICINA","M","S/M","S/M","S/T","BLANCO","S/S","1.20X0.80","","","","","","","","","","D","",""
"1138","15","","746481870069","SILLA FIJA DE METAL","SANEAR","31/12/2021","1.0","","","1503.020102","MOBILIARIO DE OFICINA","M","S/M","S/M","S/T","NEGRO","S/S","S/D","","","","","","","","","","D","",""
"1139","15","","746482550008","SILLA FIJA DE OTRO MATERIAL","O/C N° 44-2000","22/02/2000","21.7","","","1503.020102","MOBILIARIO DE OFICINA","M","REY","","","AZUL","","","","","","","","","","","","D","",""
"1140","42","","746417450033","CABINA - CASETA","SANEAR","31/12/2021","1.0","","","1503.020102","MOBILIARIO DE OFICINA","R","PY. PECSA","S/M","S/T","CELESTE/PLOMO","S/S","S/D","","","","","","","","","","U","",""
"1141","16","","746403210001","ARCHIVADOR DE MADERA","SANEAR","31/12/2020","1.0","","","1503.020102","MOBILIARIO DE OFICINA","M","S/M","4 NIVELES 2PUER","S/T","CAFE","S/S","0.45X0.92X1.70","","","","","","","","","","D","",""
"1142","16","","322221710002","COCINA A KEROSENE","O/C Nª 000496","27/07/1995","180.0","","","1503.020902","ASEO, LIMPIEZA Y COCINA","M","S/M","2 HORNILLAS","S/T","VERDE","S/S","S/D","","","","","","","","","","D","",""
"1143","16","","322221710007","COCINA A KEROSENE","SANEAR","31/12/2021","1.0","","","1503.020902","ASEO, LIMPIEZA Y COCINA","M","PRIMUS","1 HORNILLA","S/T","DORADO","S/S","S/D","","","","","","","","","","D","",""
"1144","16","","746432370002","CREDENZA DE MADERA","SANEAR","31/12/2021","1.0","","","1503.020102","MOBILIARIO DE OFICINA","M","S/M","S/M","S/T","CAFE","S/S","0.60X2.00X1.10","","","","","","","","","","D","",""
"1145","16","","746441860002","ESTANTE DE METAL","O/C N° 870-1995","29/10/1995","220.0","","","1503.020102","MOBILIARIO DE OFICINA","M","S/M","3 NIVELES","S/T","BLANCO/PLOMO","S/S","S/D","","","","","","","","","","D","",""
"1146","16","","742243310007","MAQUINA DE ESCRIBIR MECANICA","SANEAR","31/12/2021","1.0","","","1503.020101","MAQUINAS Y EQUIPOS DE OFICINA","M","FACIT","174276421","S/T","BLANCO/NEGRO","619896101","S/D","","","","","","","","","","D","",""
"1147","16","","742243310011","MAQUINA DE ESCRIBIR MECANICA","SANEAR","31/12/2021","1.0","","","1503.020101","MAQUINAS Y EQUIPOS DE OFICINA","M","S/M","S/M","S/T","BLANCO/PLOMO","62497932 DE 130 ESP.","S/D","","","","","","","","","","D","",""
"1148","16","","746451360006","MESA DE METAL PARA DIBUJO","SANEAR","31/12/2021","1.0","","","1503.020102","MOBILIARIO DE OFICINA","M","S/M","S/M","S/T","CELESTE","S/S","0.70X1.10X0.88","","","","","","","","","","D","",""
"1149","16","","742258690001","PANTOGRAFO","SANEAR","31/12/2021","1.0","","","1503.020101","MAQUINAS Y EQUIPOS DE OFICINA","M","S/M","S/M","S/T","CAFE","S/S","S/D","","","","","","","","","","D","",""
"1150","16","","746481190013","SILLA FIJA DE MADERA","O/C N° 301-1993","30/11/1993","24.15","","","1503.020102","MOBILIARIO DE OFICINA","M","S/M","S/M","S/T","CAFE","S/S","0.45X0.47X0.85","","","","","","","","","","D","",""
"1151","16","","746494080005","TABURETE FIJO DE MADERA","SANEAR","31/12/2021","1.0","","","1503.020102","MOBILIARIO DE OFICINA","M","S/M","S/M","S/T","CAFE","S/S","S/D","","","","","","","","","","D","",""
"1152","16","","746494750003","TABURETE FIJO DE METAL","SANEAR","31/12/2021","1.0","","","1503.020102","MOBILIARIO DE OFICINA","M","S/M","S/M","S/T","PLOMO/CAFE","S/S","S/D","","","","","","","","","","D","",""
"1153","16","","112279700008","VENTILADOR ELECTRICO PARA MESA O DE PIE","SANEAR","31/12/2021","1.0","","","1503.020901","AIRE ACONDICIONADO Y REFRIGERACION","M","S/M","S/M","S/T","VERDE","S/S","S/D","","","","","","","","","","D","",""
"1154","16","","112279700009","VENTILADOR ELECTRICO PARA MESA O DE PIE","SANEAR","31/12/2021","1.0","","","1503.020901","AIRE ACONDICIONADO Y REFRIGERACION","M","S/M","S/M","S/T","VERDE","S/S","S/D","","","","","","","","","","D","",""
"1155","17","","322221710009","COCINA A KEROSENE","O/C N° 015-1997","13/08/1997","200.0","","","1503.020902","ASEO, LIMPIEZA Y COCINA","M","SURGE","3 HORNILLAS","SEMI","BLANCO/ROJO","S/S","S/D","","","","","","","","","","D","",""
"1156","18","","672208530001","BOMBA FUMIGADORA TIPO MOCHILA","SANEAR","31/12/2021","1.0","","","1503.020906","EQUIPOS PARA VEHICULOS","M","VOLPI BOTTOLI","6 GLS.","S/T","AMARILLO","S/S","S/D","","","","","","","","","","D","",""
"1157","18","","672208530002","BOMBA FUMIGADORA TIPO MOCHILA","O/C Nº 152-2015","07/07/2015","150.0","","","1503.020906","EQUIPOS PARA VEHICULOS","M","VOLPI BOTTOLI","6 GLS.","S/T","AMARILLO","S/S","S/D","","","","","","","","","","D","",""
"1158","18","","672208530003","BOMBA FUMIGADORA TIPO MOCHILA","O/C Nº 152-2015","07/07/2015","150.0","","","1503.020906","EQUIPOS PARA VEHICULOS","M","VOLPI BOTTOLI","6 GLS.","S/T","AMARILLO","S/S","S/D","","","","","","","","","","D","",""
"1159","18","","672208530004","BOMBA FUMIGADORA TIPO MOCHILA","O/C Nº 152-2015","07/07/2015","150.0","","","1503.020906","EQUIPOS PARA VEHICULOS","M","VOLPI BOTTOLI","6 GLS.","S/T","AMARILLO","S/S","S/D","","","","","","","","","","D","",""
"1160","18","","672208530005","BOMBA FUMIGADORA TIPO MOCHILA","O/C Nº 152-2015","07/07/2015","150.0","","","1503.020906","EQUIPOS PARA VEHICULOS","M","VOLPI BOTTOLI","6 GLS.","S/T","AMARILLO","S/S","S/D","","","","","","","","","","D","",""
"1161","18","","672208530006","BOMBA FUMIGADORA TIPO MOCHILA","O/C Nº 152-2015","07/07/2015","150.0","","","1503.020906","EQUIPOS PARA VEHICULOS","M","VOLPI BOTTOLI","6 GLS.","S/T","AMARILLO","S/S","S/D","","","","","","","","","","D","",""
"1162","18","","746418810001","CAJA FUERTE","SANEAR","31/12/2021","1.0","","","1503.020102","MOBILIARIO DE OFICINA","M","S/M","S/M","S/T","VERDE/BLANCO","S/S","0.47X0.50X0.70","","","","","","","","","","D","",""
"1163","18","","746418810004","CAJA FUERTE","SANEAR","31/12/2021","1.0","","","1503.020102","MOBILIARIO DE OFICINA","M","HARMAN SEGURIDAD","4953","S/T","PLOMO","S/S","0.20X0.45X0.65","","","","","","","","","","D","",""
"1164","18","","746450680014","MESA DE METAL","SANEAR","31/12/2021","1.0","","","1503.020102","MOBILIARIO DE OFICINA","M","S/M","S/M","S/T","PLOMO","S/S","0.31X0.57X0.62","","","","","","","","","","D","",""
"1165","18","","746487970006","SILLON FIJO DE METAL","SANEAR","31/12/2021","1.0","","","1503.020102","MOBILIARIO DE OFICINA","M","S/M","S/M","S/T","VERDE/NEGRO","S/S","0.52X0.97X1.51","","","","","","","","","","D","",""
"1166","19","","746408640001","ATRIL DE MADERA","SANEAR","31/12/2021","1.0","","","1503.020102","MOBILIARIO DE OFICINA","M","S/M","S/M","S/T","CELESTE","S/S","1.85X0.55X0.03","","","","","","","","","","D","",""
"1167","19","","746451360008","MESA DE METAL PARA DIBUJO","SANEAR","31/12/2021","1.0","","","1503.020102","MOBILIARIO DE OFICINA","M","S/M","S/M","S/T","PLOMO","S/S","1.20X1.50X0.76","","","","","","","","","","D","",""
"1168","19","","746451360009","MESA DE METAL PARA DIBUJO","SANEAR","31/12/2021","1.0","","","1503.020102","MOBILIARIO DE OFICINA","M","S/M","S/M","S/T","PLOMO","S/S","1.30X0.92X0.71","","","","","","","","","","D","",""
"1169","20","","746451360010","MESA DE METAL PARA DIBUJO","SANEAR","31/12/2021","1.0","","","1503.020102","MOBILIARIO DE OFICINA","M","S/M","S/M","S/T","CREMA","S/S","1.03X0.55X0.88","","","","","","","","","","D","",""
"1170","20","","746451360011","MESA DE METAL PARA DIBUJO","SANEAR","31/12/2021","1.0","","","1503.020102","MOBILIARIO DE OFICINA","M","S/M","S/M","S/T","PLOMO","S/S","1.03X0.55X0.88","","","","","","","","","","D","",""
"1171","21","","746406260007","ARMARIO DE MELAMINA","O/C N° 8-00189-2010","06/01/2010","525.0","","","1503.020102","MOBILIARIO DE OFICINA","R","S/M","3 NIV 2 DIV","S/T","NEGRO/CAFE","S/S","0.90X0.40X1.90","","","","","","","","","","U","",""
"1172","21","","746406260008","ARMARIO DE MELAMINA","O/C N° 8-00189-2010","01/06/2010","525.0","","","1503.020102","MOBILIARIO DE OFICINA","R","S/M","3 NIV 2 DIV","S/T","NEGRO/CAFE","S/S","0.90X0.40X1.90","","","","","","","","","","U","",""
"1173","21","","746433050003","CREDENZA DE METAL","SANEAR","31/12/2021","1.0","","","1503.020102","MOBILIARIO DE OFICINA","R","S/M","NIV 3 GAV","S/T","NEGRO/CAOBA","S/S","1.70X0.50X0.75","","","","","","","","","","U","",""
"1174","21","","746437120004","ESCRITORIO DE MADERA","SANEAR","31/12/2021","1.0","","","1503.020102","MOBILIARIO DE OFICINA","R","S/M","6 GAVETAS","S/T","CAOBA","S/S","0.74X0.75X1.54","","","","","","","","","","U","",""
"1175","21","","746437450014","ESCRITORIO DE MELAMINA","O/C Nº 161-2013","12/04/2013","280.0","","","1503.020102","MOBILIARIO DE OFICINA","R","S/M","3 GAVETAS","S/T","NEGRO/CAFE","S/S","1.30X0.60X0.75","","","","","","","","","","U","",""
"1176","21","","746437790004","ESCRITORIO DE METAL","O/C Nª 000773","29/10/1995","240.0","","","1503.020102","MOBILIARIO DE OFICINA","R","S/M","S/M","S/T","PLOMO/NEGRO","S/S","180*0.75*0.76","","","","","","","","","","U","",""
"1177","21","","462252150006","ESTABILIZADOR","O/C Nº 189","30/10/1993","308.64","","","1503.020904","ELECTRICIDAD Y ELECTRONICA","R","BELTRON","S/M","S/T","ROJO","S/S","S/D","","","","","","","","","","U","",""
"1178","21","","462252150047","ESTABILIZADOR","O/C N° 460-2011","30/11/2011","59.91","","","1503.020904","ELECTRICIDAD Y ELECTRONICA","R","CDP","S/M","S/T","NEGRO","110531-052000588","S/D","","","","","","","","","","U","",""
"1179","21","","742227260009","FOTOCOPIADORA EN GENERAL","O/C N° 580-2011","29/12/2011","8100.0","","","1503.020101","MAQUINAS Y EQUIPOS DE OFICINA","M","KONICA MINOLTA","1312HUB 920","S/T","PLOMO","15SARO7141","S/D","","","","","","","","","","U","",""
"1180","21","","742229930005","GUILLOTINA","SANEAR","31/12/2021","1.0","","","1503.020101","MAQUINAS Y EQUIPOS DE OFICINA","M","TOWER","S/M","S/T","BLANCO","S/S","S/D","","","","","","","","","","U","",""
"1181","21","","740836500015","IMPRESORA A INYECCION DE TINTA","O/C Nº 190-2015","17/07/2015","970.0","","","1503.020301","EQUIPOS COMPUTACIONALES Y PERIFERICOS","B","EPSON","L555","S/T","NEGRO","S4XY069527","S/D","","","","","","","","","","U","",""
"1182","21","","740841000022","IMPRESORA LASER","O/C Nª 00073","21/04/2014","593.96","","","1503.020301","EQUIPOS COMPUTACIONALES Y PERIFERICOS","R","HP","PRO P1606","S/T","NEGRO","BRCSF6VM18","S/D","","","","","","","","","","U","",""
"1183","21","","746460850011","MODULO DE MADERA PARA MICROCOMPUTADORA","O/C N° 718-1995","29/09/1995","364.8","","","1503.020102","MOBILIARIO DE OFICINA","R","S/M","S/M","S/T","CAOBA","S/S","0.70X0.63X0.84","","","","","","","","","","U","",""
"1184","21","","952258120028","MONITOR (OTROS)","O/C N° 8-00109-2010","23/04/2010","662.23","","","1503.020303","EQUIPOS DE TELECOMUNICACIONES","R","HYUNDAI","V96W","S/T","NEGRO","V960WDSCR980000","S/D","","","","","","","","","","U","",""
"1185","21","","952258120065","MONITOR (OTROS)","SANEAR","31/12/2021","1.0","","","1503.020303","EQUIPOS DE TELECOMUNICACIONES","R","ASUS","S/M","S/T","NEGRO","C2LMTF166058","S/D","","","","","","","","","","U","",""
"1186","21","","952260580046","PARLANTES EN GENERAL (MAYOR A 1/8 UIT)","O/C Nº 67","21/06/2003","33.93","","","1503.020303","EQUIPOS DE TELECOMUNICACIONES","R","MICRONICS","S/M","S/T","NEGRO","2531S3202485","S/D","","","","","","","","","","U","",""
"1187","21","","952260580075","PARLANTES EN GENERAL (MAYOR A 1/8 UIT)","ELIMINAR","23/04/2010","32.44","","","1503.020303","EQUIPOS DE TELECOMUNICACIONES","R","MICRONICS","S/M","S/T","NEGRO","1.68E+11","S/D","","","","","","","","","","U","",""
"1188","21","","746473050003","PIZARRA ACRILICA","O/C N° 172-1993","26/11/1993","80.0","","","1503.020102","MOBILIARIO DE OFICINA","R","S/M","S/M","S/T","BLANCO","S/S","0.80X1.20","","","","","","","","","","U","",""
"1189","21","","952266440003","PROYECTOR","O/C N° 132-2011","21/06/2011","1900.0","","","1503.020303","EQUIPOS DE TELECOMUNICACIONES","R","EPSON","H369A","S/T","NEGRO","NE6F09F09B019L","S/D","","","","","","","","","","U","",""
"1190","21","","746481190111","SILLA FIJA DE MADERA","SANEAR","31/12/2021","1.0","","","1503.020102","MOBILIARIO DE OFICINA","R","S/M","TAPIZ DE LONA","S/T","CAOBA","S/S","0.44X0.41X0.86","","","","","","","","","","U","",""
"1191","21","","746481190114","SILLA FIJA DE MADERA","O/C N° 6-00113 - 2010","03/09/2010","90.0","","","1503.020102","MOBILIARIO DE OFICINA","B","S/M","TAPIZ DE LONA","S/T","CAOBA","S/S","0.44X0.41X0.86","","","","","","","","","","U","",""
"1192","21","","746481870104","SILLA FIJA DE METAL","SANEAR","31/12/2021","1.0","","","1503.020102","MOBILIARIO DE OFICINA","M","S/M","TAPIZ MARROQUI","S/T","NEGRO","S/S","0.40X0.38X0.83","","","","","","","","","","U","",""
"1193","21","","746489330010","SILLON GIRATORIO DE METAL","O/C Nº 520-2013","24/07/2013","280.0","","","1503.020102","MOBILIARIO DE OFICINA","M","S/M","BASE CROMADO","S/T","NEGRO","S/S","0.50X0.45X0.90","","","","","","","","","","U","",""
"1194","21","","746489330026","SILLON GIRATORIO DE METAL","O/C N° 30-2016","04/03/2016","510.0","","","1503.020102","MOBILIARIO DE OFICINA","B","S/M","TAPIZ MARROQUI","S/T","NEGRO","S/S","0.50X0.45X1.20","","","","","","","","","","U","",""
"1195","21","","952281170010","SWITCH PARA RED","SANEAR","31/12/2021","1.0","","","1503.020303","EQUIPOS DE TELECOMUNICACIONES","R","CAPTOR","BHSVASL","S/T","BLANCO","10406100138","S/D","","","","","","","","","","U","",""
"1196","21","","740895000101","TECLADO - KEYBOARD","O/C N° 8-00107-2010","29/04/2010","45.95","","","1503.020301","EQUIPOS COMPUTACIONALES Y PERIFERICOS","B","GENIUS","K369","S/T","NEGRO","W27920C6858","S/D","","","","","","","","","","U","",""
"1197","21","","740895000150","TECLADO - KEYBOARD","O/C N° 740-2013","24/10/2013","99.84","","","1503.020301","EQUIPOS COMPUTACIONALES Y PERIFERICOS","R","GENIUS","L639","S/T","NEGRO","WE2B92022018","S/D","","","","","","","","","","U","",""
"1198","21","","952285140002","TELEVISOR A COLORES","O/C N° 379-1995","27/07/1995","976.74","","","1503.020303","EQUIPOS DE TELECOMUNICACIONES","M","PHILIPS","14GX1810 STEREO","S/T","NEGRO","SV009408-103152","S/D","","","","","","","","","","U","",""
"1199","21","","740899500070","UNIDAD CENTRAL DE PROCESO - CPU","O/C Nº 8-00002","24/02/2010","1995.0","","","1503.020301","EQUIPOS COMPUTACIONALES Y PERIFERICOS","M","INTEL","CORE I7","S/T","NEGRO","S/S","S/D","","","","","","","","","","D","",""
"1200","21","","740899500112","UNIDAD CENTRAL DE PROCESO - CPU","O/C Nº 701-2013","10/10/2013","1809.0","","","1503.020301","EQUIPOS COMPUTACIONALES Y PERIFERICOS","R","INTEL","CORE I7","S/T","NEGRO","S/S","S/D","","","","","","","","","","U","",""
"1201","21","","112279700001","VENTILADOR ELECTRICO PARA MESA O DE PIE","SANEAR","31/12/2021","1.0","","","1503.020901","AIRE ACONDICIONADO Y REFRIGERACION","R","S/M","S/M","S/T","VERDE","S/S","S/D","","","","","","","","","","U","",""
"1202","22","","462200500007","ACUMULADOR DE ENERGIA - EQUIPO DE UPS","O/C Nº 496-2016","31/12/2021","350.0","","","1503.020904","ELECTRICIDAD Y ELECTRONICA","M","APC","550G1.550VA","S/T","NEGRO","3B1228X30608","S/D","","","","","","","","","","D","",""
"1203","22","","462200500020","ACUMULADOR DE ENERGIA - EQUIPO DE UPS","O/C Nº 496-2016","30/12/2016","350.0","","","1503.020904","ELECTRICIDAD Y ELECTRONICA","M","APC RS 550","BR550Y","S/T","NEGRO","3B1250X08582","S/D","","","","","","","","","","U","",""
"1204","22","","462200500027","ACUMULADOR DE ENERGIA - EQUIPO DE UPS","SANEAR","31/12/2021","1.0","","","1503.020904","ELECTRICIDAD Y ELECTRONICA","M","APC","2109","S/T","NEGRO","S/S","S/D","","","","","","","","","","U","",""
"1205","22","","462200500032","ACUMULADOR DE ENERGIA - EQUIPO DE UPS","O/C Nº 496-2016","31/12/2021","350.0","","","1503.020904","ELECTRICIDAD Y ELECTRONICA","M","APC","BR550Y","S/T","NEGRO","3B1116X22805","S/D","","","","","","","","","","U","",""
"1206","22","","746405920013","ARMARIO DE MADERA","SANEAR","31/12/2021","1.0","","","1503.020102","MOBILIARIO DE OFICINA","R","S/M","3 GAVETAS 2PUER","S/T","MADERA","S/S","0.45X1.23X1.88","","","","","","","","","","U","",""
"1207","22","","746417450016","CABINA - CASETA","SANEAR","31/12/2021","1.0","","","1503.020102","MOBILIARIO DE OFICINA","R","S/M","CASETA 2","S/T","VERDE/NARANJA","S/S","5.20X2.70X2.75","","","","","","","","","","U","",""
"1208","22","","746417450028","CABINA - CASETA","SANEAR","31/12/2021","1.0","","","1503.020102","MOBILIARIO DE OFICINA","R","CHINA","S/M","S/T","VERDE","S/S","5.20X2.70X2.759","","","","","","","","","","U","",""
"1209","22","","746417450034","CABINA - CASETA","SANEAR","31/12/2021","1.0","","","1503.020102","MOBILIARIO DE OFICINA","R","CHINA","S/M","S/T","VERDE/NARANJA","S/S","5.20X2.70X2.75","","","","","","","","","","U","",""
"1210","22","","678250000020","CAMIONETA","O/C N° 000137-2013","27/03/2013","108066.0","","","1503.0101","VEHICULOS PARA TRANSPORTE TERRESTRE","R","TOYOTA","HILUX","S/T","PLATA METALICO","S/S","S/D","EGK-518","MOTOR: 1KDA015594","MR0FZ22G3D1190304","","2012","","","","","U","",""
"1211","22","","740805000011","COMPUTADORA PERSONAL PORTATIL","O/C Nº 283-2013","31/05/2013","4284.88","","","1503.020301","EQUIPOS COMPUTACIONALES Y PERIFERICOS","M","HP","CORE I7","S/T","NEGRO","2CE3052CKC","S/D","","","","","","","","","","D","",""
"1212","22","","740805000014","COMPUTADORA PERSONAL PORTATIL","O/C N° 247-2016","12/09/2016","3150.0","","","1503.020301","EQUIPOS COMPUTACIONALES Y PERIFERICOS","M","LENOVO","CORE I7","S/T","NEGRO","","S/D","","","","","","","","","","D","",""
"1213","22","","746433050002","CREDENZA DE METAL","SANEAR","31/12/2021","1.0","","","1503.020102","MOBILIARIO DE OFICINA","R","S/M","2 NIVELES","S/T","PLOMO","S/S","0.75x0.54x0.45","","","","","","","","","","D","",""
"1214","22","","675009350001","ENGRAPADORA, DOBLADORA Y GUILLOTINA","O/C N° 330-2012","23/11/2012","104.7","","","1503.020999","MAQUINARIAS, EQUIPOS Y MOBILIARIOS DE OTRAS INSTALACIONES","R","RAPID N° 2""","S/M","S/T","NEGRO","S/S","S/D","","","","","","","","","","U","",""
"1215","22","","675009350002","ENGRAPADORA, DOBLADORA Y GUILLOTINA","SANEAR","31/12/2021","1.0","","","1503.020999","MAQUINARIAS, EQUIPOS Y MOBILIARIOS DE OTRAS INSTALACIONES","R","DL -130","S/M","S/T","NEGRO","S/S","S/D","","","","","","","","","","D","",""
"1216","22","","742223580037","EQUIPO MULTIFUNCIONAL COPIADORA IMPRESORA SCANNER Y/O FAX","SANEAR","31/12/2021","1.0","","","1503.020101","MAQUINAS Y EQUIPOS DE OFICINA","R","EPSON","L3210","S/T","NEGRO","XAGC019293","S/D","","","","","","","","","","U","",""
"1217","22","","746437120058","ESCRITORIO DE MADERA","SANEAR","31/12/2021","1.0","","","1503.020102","MOBILIARIO DE OFICINA","R","S/M","4 GAVETAS","S/T","CAFE","S/S","0.70X1.20X0.78","","","","","","","","","","U","",""
"1218","22","","746437450020","ESCRITORIO DE MELAMINA","O/C N° 6-00127","30/09/2010","800.0","","","1503.020102","MOBILIARIO DE OFICINA","R","S/M","FORMA ""L""","S/T","CAFE/NEGRO","S/S","0.79X3.20X1.58","","","","","","","","","","U","",""
"1219","22","","746437450025","ESCRITORIO DE MELAMINA","O/C N° 30-2016","04/03/2016","990.0","","","1503.020102","MOBILIARIO DE OFICINA","B","S/M","GERENCIAL","S/T","NEGRO/CAOBA","S/S","0.75X1.50X0.75","","","","","","","","","","U","",""
"1220","22","","462252150033","ESTABILIZADOR","O/C N° 3-00059-2009","10/08/2009","54.27","","","1503.020904","ELECTRICIDAD Y ELECTRONICA","M","ALTRON","S/M","S/T","NEGRO","S/S","S/D","","","","","","","","","","D","",""
"1221","22","","462252150040","ESTABILIZADOR","O/C N° 3-00060-2009","10/08/2009","44.27","","","1503.020904","ELECTRICIDAD Y ELECTRONICA","M","ALTRON","1000R","S/T","NEGRO","S/S","S/D","","","","","","","","","","D","",""
"1222","22","","462252150041","ESTABILIZADOR","O/C Nº 6-00002-2009","25/09/2009","64.6","","","1503.020904","ELECTRICIDAD Y ELECTRONICA","M","ALTRON","S/M","S/T","NEGRO","926000727","S/D","","","","","","","","","","U","",""
"1223","22","","462252150050","ESTABILIZADOR","O/C N° 155-2012","04/07/2012","82.0","","","1503.020904","ELECTRICIDAD Y ELECTRONICA","M","ELISE","FES 10 FASE","S/T","PLOMO","12020324","S/D","","","","","","","","","","U","",""
"1224","22","","462252150054","ESTABILIZADOR","O/C N° 000175-2013","19/04/2013","58.56","","","1503.020904","ELECTRICIDAD Y ELECTRONICA","M ","S/M","FES10","S/T","PLOMO","12050781","S/D","","","","","","","","","","D","",""
"1225","22","","462252150058","ESTABILIZADOR","SANEAR","31/12/2021","1.0","","","1503.020904","ELECTRICIDAD Y ELECTRONICA","M","AVR OUTLES","S/M","S/T","NEGRO","1.21E+14","S/D","","","","","","","","","","D","",""
"1226","22","","462252150062","ESTABILIZADOR","O/C N° 000175-2013","19/04/2013","58.56","","","1503.020904","ELECTRICIDAD Y ELECTRONICA","M","FX EVOLUTION","S/M","S/T","NEGRO","13026016","S/D","","","","","","","","","","D","",""
"1227","22","","462252150082","ESTABILIZADOR","O/C Nº 998","29/12/1995","222.3","","","1503.020904","ELECTRICIDAD Y ELECTRONICA","M","EVOLUCION","EPXE-100","S/T","NEGRO","S/S","S/D","","","","","","","","","","U","",""
"1228","22","","462252150086","ESTABILIZADOR","O/C N° 313-2015","26/10/2015","189.0","","","1503.020904","ELECTRICIDAD Y ELECTRONICA","M","ENERGIT","ENE1000W","S/T","CREMA/PLOMO","S/S","S/D","","","","","","","","","","U","",""
"1229","22","","462252150114","ESTABILIZADOR","O/C N° 015-C-2004","11/08/2004","63.0","","","1503.020904","ELECTRICIDAD Y ELECTRONICA","R","FX EVOLUCION","FXE-1000","S/T","NEGRO","S/S","S/D","","","","","","","","","","U","",""
"1230","22","","462252150115","ESTABILIZADOR","O/C N° 022-2012","08/03/2012","61.04","","","1503.020904","ELECTRICIDAD Y ELECTRONICA","R","SUPERTRON","1000W.","S/T","NEGRO","S/S","S/D","","","","","","","","","","U","",""
"1231","22","","462252150117","ESTABILIZADOR","SANEAR","31/12/2021","1.0","","","1503.020904","ELECTRICIDAD Y ELECTRONICA","M","ALTRON","S/M","S/T","NEGRO","S/S","S/D","","","","","","","","","","U","",""
"1232","22","","462252150118","ESTABILIZADOR","O/C N° 821-2013","20/11/2013","51.8","","","1503.020904","ELECTRICIDAD Y ELECTRONICA","R","CDP","B-AVR1006I","S/T","NEGRO","090713-0520221","S/D","","","","","","","","","","U","",""
"1233","22","","462252150119","ESTABILIZADOR","O/C Nº 348-2013","13/06/2013","50.15","","","1503.020904","ELECTRICIDAD Y ELECTRONICA","M","APC","S/M","S/T","BLANCO","5L0843T27687","S/D","","","","","","","","","","D","",""
"1234","22","","746441180019","ESTANTE DE MADERA","O/C N° 00570-2011","29/12/2011","450.0","","","1503.020102","MOBILIARIO DE OFICINA","R","S/M","4 NIVELES","S/T","MADERA","S/S","0.30X1.00X1.80","","","","","","","","","","U","",""
"1235","22","","746441520006","ESTANTE DE MELAMINA","O/C Nº 675","27/09/2013","720.0","","","1503.020102","MOBILIARIO DE OFICINA","R","S/M","5 NIVELES/2 DIS","S/T","CAFE","S/S","038X1.20X2.05","","","","","","","","","","U","",""
"1236","22","","746441520009","ESTANTE DE MELAMINA","O/C N° 30-2016","04/03/2016","950.0","","","1503.020102","MOBILIARIO DE OFICINA","R","S/M","4 NIVELES","S/T","NEGRO","S/S","0.30X1.20X2.00","","","","","","","","","","U","",""
"1237","22","","746441520010","ESTANTE DE MELAMINA","O/C N° 30-2016","04/03/2016","950.0","","","1503.020102","MOBILIARIO DE OFICINA","B","S/M","5 NIVELES","S/T","NEGRO","S/S","0.30X1.20X2.00","","","","","","","","","","U","",""
"1238","22","","742227260010","FOTOCOPIADORA EN GENERAL","O/C Nº 153-2015","07/07/2015","11549.0","","","1503.020101","MAQUINAS Y EQUIPOS DE OFICINA","M","KONICA MINOLTA","BIZHUB 363","S/T","PLOMO/BLANCO","A1UE041","S/D","","","","","","","","","","U","",""
"1239","22","","742229930008","GUILLOTINA","SANEAR","31/12/2021","1.0","","","1503.020101","MAQUINAS Y EQUIPOS DE OFICINA","R","IDEAL 1036","S/M","S/T","BLANCO","S/S","S/D","","","","","","","","","","D","",""
"1240","22","","740832000044","IMPRESORA (OTRAS)","O/C N° 359-2012","05/12/2012","659.0","","","1503.020301","EQUIPOS COMPUTACIONALES Y PERIFERICOS","M","EPSON","L350","INYECCION A TINTA","NEGRO","Q8DK000718","S/D","","","","","","","","","","D","",""
"1241","22","","740836500033","IMPRESORA A INYECCION DE TINTA","O/C N° 00055-2019","31/05/2019","941.19","","","1503.020301","EQUIPOS COMPUTACIONALES Y PERIFERICOS","B","EPSON","L 575","MULTIFUNCIONAL","NEGRO","W9AY155174","S/D","","","","","","","","","","U","",""
"1242","22","","740836500034","IMPRESORA A INYECCION DE TINTA","O/C N° 00055-2019","31/05/2019","941.19","","","1503.020301","EQUIPOS COMPUTACIONALES Y PERIFERICOS","M","EPSON","L 575","MULTIFUNCIONAL","NEGRO","W9AY154596","S/D","","","","","","","","","","D","",""
"1243","22","","740836500035","IMPRESORA A INYECCION DE TINTA","SANEAR","31/12/2021","1.0","","","1503.020301","EQUIPOS COMPUTACIONALES Y PERIFERICOS","R","EPSON","L110","S/T","NEGRO","X5NV010557","S/D","","","","","","","","","","U","",""
"1244","22","","740841000013","IMPRESORA LASER","O/C Nº 281-2013","31/05/2013","359.21","","","1503.020301","EQUIPOS COMPUTACIONALES Y PERIFERICOS","M","HP","P1102","S/T","NEGRO","BRBSF3GN2Q","S/D","","","","","","","","","","D","",""
"1245","22","","740841000014","IMPRESORA LASER","O/C Nº 281-2013","31/05/2013","359.21","","","1503.020301","EQUIPOS COMPUTACIONALES Y PERIFERICOS","M","HP","P1102W","S/T","NEGRO","BRBSF3FNNS","S/D","","","","","","","","","","D","",""
"1246","22","","740841000027","IMPRESORA LASER","O/C N° 242-2014","22/08/2014","412.82","","","1503.020301","EQUIPOS COMPUTACIONALES Y PERIFERICOS","M","HP","P1102","S/T","NEGRO","BRBSG76F9R","S/D","","","","","","","","","","D","",""
"1247","22","","740850000003","IMPRESORA PARA PLANOS - PLOTTERS","O/C 310-2014","13/11/2014","26840.58","","","1503.020301","EQUIPOS COMPUTACIONALES Y PERIFERICOS","M","HEWLETTPA","HP-DESIGNJET","S/T","BLANCO","S/S","S/D","","","","","","","","","","D","",""
"1248","22","","740850000004","IMPRESORA PARA PLANOS - PLOTTERS","O/C N° 343-2014","30/11/2012","25000.0","","","1503.020301","EQUIPOS COMPUTACIONALES Y PERIFERICOS","R","HP","T2300","S/T","NEGRO","S/S","S/D","","","","","","","","","","U","",""
"1249","22","","740850000005","IMPRESORA PARA PLANOS - PLOTTERS","O/C N° 504-2016","30/12/2016","15426.5","","","1503.020301","EQUIPOS COMPUTACIONALES Y PERIFERICOS","R","CANON","IPF770","S/T","BLANCO/NEGRO","BACG2142","S/D","","","","","","","","","","D","",""
"1250","22","","742232610003","MAQUINA ANILLADORA PERFORADORA","O/C Nª 316","21/11/2014","798.0","","","1503.020101","MAQUINAS Y EQUIPOS DE OFICINA","M","JAMSA","ESPIRIMATIC","S/T","PLOMO","S/S","S/D","","","","","","","","","","D","",""
"1251","22","","746450000003","MESA DE MADERA PARA DIBUJO","O/C N° 301-1993","30/11/1993","126.0","","","1503.020102","MOBILIARIO DE OFICINA","M","S/M","S/M","S/T","CAFE","S/S","1.00X2.00X0.75","","","","","","","","","","D","",""
"1252","22","","746459830002","MODULO DE COMPUTO (OTROS)","O/C N°143-2014","07/07/2014","498.0","","","1503.020102","MOBILIARIO DE OFICINA","R","MELAMINE","S/M","S/T","CEDRO/NEGRO","S/S","0.48X1.11X1.80","","","","","","","","","","D","",""
"1253","22","","746459830003","MODULO DE COMPUTO (OTROS)","O/C N°143-2014","07/07/2014","498.0","","","1503.020102","MOBILIARIO DE OFICINA","M","MELAMINA","S/M","S/T","AMARILLO/NEGRO","S/S","0.48X1.11X1.80","","","","","","","","","","D","",""
"1254","22","","746459830004","MODULO DE COMPUTO (OTROS)","O/C N°143-2014","07/07/2014","498.0","","","1503.020102","MOBILIARIO DE OFICINA","R","MELAMINA","S/M","S/T","CEDRO/NEGRO","S/S","0.48X1.11X1.80","","","","","","","","","","U","",""
"1255","22","","746459830005","MODULO DE COMPUTO (OTROS)","O/C N°00144-2014","07/07/2014","498.0","","","1503.020102","MOBILIARIO DE OFICINA","R","MELAMINA","S/M","S/T","CEDRO/CAFE","S/S","0.48X1.11X1.80","","","","","","","","","","U","",""
"1256","22","","746459830006","MODULO DE COMPUTO (OTROS)","O/C N°00144-2014","07/07/2014","498.0","","","1503.020102","MOBILIARIO DE OFICINA","M","MELAMINA","S/M","S/T","CEDRO/NEGRO","S/S","0.48X1.11X1.80","","","","","","","","","","U","",""
"1257","22","","746459830008","MODULO DE COMPUTO (OTROS)","O/C N°00144-2014","07/07/2014","498.0","","","1503.020102","MOBILIARIO DE OFICINA","M","MELAMINA","S/M","S/T","CEDRO/NEGRO","S/S","0.48X1.11X1.80","","","","","","","","","","D","",""
"1258","22","","746460850015","MODULO DE MADERA PARA MICROCOMPUTADORA","SANEAR","31/12/2021","1.0","","","1503.020102","MOBILIARIO DE OFICINA","R","S/M","S/M","S/T","CAOBA","S/S","0.50X0.69X0.75","","","","","","","","","","U","",""
"1259","22","","746460850021","MODULO DE MADERA PARA MICROCOMPUTADORA","SANEAR","31/12/2021","1.0","","","1503.020102","MOBILIARIO DE OFICINA","R","S/M","S/M","S/T","CAOBA","S/S","0.60X0.87X0.78","","","","","","","","","","U","",""
"1260","22","","746460980002","MODULO DE MELAMINA","O/C N° 199-2012","01/08/2012","350.0","","","1503.020102","MOBILIARIO DE OFICINA","M","S/M","3 GAVETAS","S/T","CEDRO/NEGRO","S/S","0.50X1.13X1.80","","","","","","","","","","D","",""
"1261","22","","746460980006","MODULO DE MELAMINA","O/C N° 304-2012","14/11/2012","350.0","","","1503.020102","MOBILIARIO DE OFICINA","R","S/M","S/M","S/T","NEGRO/AMARILLO","S/S","2.16x0.65x0.65","","","","","","","","","","D","",""
"1262","22","","746460980007","MODULO DE MELAMINA","O/C N° 304-2012","14/11/2012","350.0","","","1503.020102","MOBILIARIO DE OFICINA","R","S/M","S/M","S/T","NEGRO/CAFE","S/S","0.49X1.13X1.80","","","","","","","","","","U","",""
"1263","22","","746460980008","MODULO DE MELAMINA","O/C N° 304-2012","14/11/2012","350.0","","","1503.020102","MOBILIARIO DE OFICINA","R","S/M","S/M","S/T","NEGRO/CAFE","S/S","0.49X1.13X1.80","","","","","","","","","","U","",""
"1264","22","","746460980009","MODULO DE MELAMINA","O/C N° 304-2012","14/11/2012","350.0","","","1503.020102","MOBILIARIO DE OFICINA","R","S/M","S/M","S/T","NEGRO/BEIGE","S/S","0.49X1.13X1.80","","","","","","","","","","D","",""
"1265","22","","746460980010","MODULO DE MELAMINA","O/C N° 304-2012","14/11/2012","350.0","","","1503.020102","MOBILIARIO DE OFICINA","M","S/M","S/M","S/T","MARRON","S/S","0.49X1.13X1.80","","","","","","","","","","D","",""
"1266","22","","746460980012","MODULO DE MELAMINA","O/C N°000047-2013","07/02/2013","370.0","","","1503.020102","MOBILIARIO DE OFICINA","M","S/M","S/M","S/T","CEDRO/NEGRO","S/S","0.47X1.08X1.80","","","","","","","","","","D","",""
"1267","22","","746460980013","MODULO DE MELAMINA","O/C N°000047-2013","07/02/2013","370.0","","","1503.020102","MOBILIARIO DE OFICINA","R","S/M","S/M","S/T","CEDRO/NEGRO","S/S","0.47X1.08X1.80","","","","","","","","","","U","",""
"1268","22","","746460980014","MODULO DE MELAMINA","O/C N°000047-2013","07/02/2013","370.0","","","1503.020102","MOBILIARIO DE OFICINA","R","S/M","S/M","S/T","CEDRO/AMARILLO","S/S","0.47X1.08X1.80","","","","","","","","","","U","",""
"1269","22","","746460980015","MODULO DE MELAMINA","O/C N°000047-2013","07/02/2013","370.0","","","1503.020102","MOBILIARIO DE OFICINA","M","S/M","S/M","S/T","CEDRO/NEGRO","S/S","0.47X1.08X1.80","","","","","","","","","","D","",""
"1270","22","","746460980016","MODULO DE MELAMINA","O/C N°000047-2013","07/02/2013","370.0","","","1503.020102","MOBILIARIO DE OFICINA","R","S/M","PARA COMPUTADO","S/T","CEDRO/NEGRO","S/S","0.47X1.08X1.80","","","","","","","","","","U","",""
"1271","22","","746460980017","MODULO DE MELAMINA","O/C Nº 346-2013","13/06/2013","340.0","","","1503.020102","MOBILIARIO DE OFICINA","R","S/M","S/M","S/T","CAFE/NEGRO","S/S","0.47X1.08X1.79","","","","","","","","","","D","",""
"1272","22","","746460980018","MODULO DE MELAMINA","O/C Nº 346-2013","13/06/2013","340.0","","","1503.020102","MOBILIARIO DE OFICINA","R","S/M","S/M","S/T","CEDRO/NEGRO","S/S","0.47X1.08X1.80","","","","","","","","","","U","",""
"1273","22","","746460980019","MODULO DE MELAMINA","O/C Nº 346-2013","13/06/2013","340.0","","","1503.020102","MOBILIARIO DE OFICINA","R","S/M","S/M","S/T","CEDRO/NEGRO","S/S","0.47X1.08X1.80","","","","","","","","","","U","",""
"1274","22","","746460980020","MODULO DE MELAMINA","O/C Nº 346-2013","13/06/2013","340.0","","","1503.020102","MOBILIARIO DE OFICINA","R","S/M","S/M","S/T","CEDRO/NEGRO","S/S","0.47X1.08X1.80","","","","","","","","","","U","",""
"1275","22","","746460980023","MODULO DE MELAMINA","SANEAR","31/12/2021","1.0","","","1503.020102","MOBILIARIO DE OFICINA","R","S/M","3 GAVETAS","S/T","CAFE/NEGRO","S/S","0.50X0.574X0.69","","","","","","","","","","U","",""
"1276","22","","746461240001","MODULO DE MELAMINA PARA COMPUTADORA","O/C N°000047-2013","07/02/2013","370.0","","","1503.020102","MOBILIARIO DE OFICINA","R","S/M","S/M","S/T","CEDRO/NEGRO","S/S","0.49X1.13X1.80","","","","","","","","","","U","",""
"1277","22","","746461240002","MODULO DE MELAMINA PARA COMPUTADORA","O/C Nº 346-2013","13/06/2013","340.0","","","1503.020102","MOBILIARIO DE OFICINA","R","S/M","S/M","S/T","CEDRO/NEGRO","S/S","0.49X1.13X1.80","","","","","","","","","","U","",""
"1278","22","","746461240003","MODULO DE MELAMINA PARA COMPUTADORA","O/C Nº 346-2013","13/06/2013","340.0","","","1503.020102","MOBILIARIO DE OFICINA","R","S/M","S/M","S/T","CEDRO/NEGRO","S/S","0.49X1.13X1.80","","","","","","","","","","U","",""
"1279","22","","746461240004","MODULO DE MELAMINA PARA COMPUTADORA","O/C Nº 346-2013","13/06/2013","340.0","","","1503.020102","MOBILIARIO DE OFICINA","R","S/M","S/M","S/T","AMARILLO","S/S","0.50X1.23X1.80","","","","","","","","","","D","",""
"1280","22","","746461240006","MODULO DE MELAMINA PARA COMPUTADORA","O/C Nº 346-2013","13/06/2013","340.0","","","1503.020102","MOBILIARIO DE OFICINA","R","S/M","S/M","S/T","AMARILLO","S/S","0.49X1.13X1.80","","","","","","","","","","U","",""
"1281","22","","746461240007","MODULO DE MELAMINA PARA COMPUTADORA","O/C N°000047-2013","07/02/2013","370.0","","","1503.020102","MOBILIARIO DE OFICINA","R","S/M","S/M","S/T","CEDRO/NEGRO","S/S","0.47X1.08X1.80","","","","","","","","","","U","",""
"1282","22","","746461240011","MODULO DE MELAMINA PARA COMPUTADORA","O/C N°000047-2013","07/02/2013","370.0","","","1503.020102","MOBILIARIO DE OFICINA","R","S/M","S/M","S/T","NEGRO/AMARILLO","S/S","0.47X1.18X1.80","","","","","","","","","","U","",""
"1283","22","","952258120011","MONITOR (OTROS)","SANEAR","31/12/2021","1.0","","","1503.020303","EQUIPOS DE TELECOMUNICACIONES","R","LG","W2043SV","S/T","NEGRO","904NDQAGQ540","S/D","","","","","","","","","","D","",""
"1284","22","","952258120020","MONITOR (OTROS)","SANEAR","31/12/2021","1.0","","","1503.020303","EQUIPOS DE TELECOMUNICACIONES","R","LG","W2043TV","S/T","NEGRO","910NU847510","S/D","","","","","","","","","","U","",""
"1285","22","","952258120040","MONITOR (OTROS)","O/C N° 022-2012","08/03/2012","877.45","","","1503.020303","EQUIPOS DE TELECOMUNICACIONES","R","LG","E2051ST-BN","S/T","NEGRO","109LTSS01M046","S/D","","","","","","","","","","D","",""
"1286","22","","952258120041","MONITOR (OTROS)","O/C N° 131-2012","18/06/2012","695.29","","","1503.020303","EQUIPOS DE TELECOMUNICACIONES","R","SAMSUNG","S20B300N","S/T","NEGRO","ZUP7H4LC301744D","S/D","","","","","","","","","","D","",""
"1287","22","","952258120042","MONITOR (OTROS)","O/C N° 155-2012","04/07/2012","781.93","","","1503.020303","EQUIPOS DE TELECOMUNICACIONES","R","SAMSUNG","L520B300N","S/T","NEGRO","ZUP7H4LC702437W","S/D","","","","","","","","","","U","",""
"1288","22","","952258120043","MONITOR (OTROS)","O/C N° 155-2012","04/07/2012","781.93","","","1503.020303","EQUIPOS DE TELECOMUNICACIONES","R","SAMSUNG","S208300NS/PE","S/T","NEGRO","ZUP7H4LC43409","S/D","","","","","","","","","","D","",""
"1289","22","","952258120044","MONITOR (OTROS)","O/C N° 298-2012","06/11/2012","822.5","","","1503.020303","EQUIPOS DE TELECOMUNICACIONES","R","SAMSUNG","S20B300N","S/T","NEGRO","ZUP7H4LC402044","S/D","","","","","","","","","","D","",""
"1290","22","","952258120045","MONITOR (OTROS)","O/C N° 298-2012","06/11/2012","822.5","","","1503.020303","EQUIPOS DE TELECOMUNICACIONES","R","SAMSUNG","S20B300N","S/T","NEGRO","ZUPZH4LC401403A","S/D","","","","","","","","","","D","",""
"1291","22","","952258120049","MONITOR (OTROS)","O/C N°67","21/06/2003","692.86","","","1503.020303","EQUIPOS DE TELECOMUNICACIONES","R","SAMSUNG","L519B150NS","S/T","NEGRO","ZWQ1HTJC700630","S/D","","","","","","","","","","D","",""
"1292","22","","952258120050","MONITOR (OTROS)","SANEAR","31/12/2021","1.0","","","1503.020303","EQUIPOS DE TELECOMUNICACIONES","R","SAMSUNG","S/M","S/T","NEGRO","ZWQ1HTJC700687","S/D","","","","","","","","","","D","",""
"1293","22","","952258120051","MONITOR (OTROS)","O/C N° 000175-2013","19/04/2013","841.8","","","1503.020303","EQUIPOS DE TELECOMUNICACIONES","M","SAMSUNG","LS123B550VS/PE","S/T","NEGRO","Z4ZGHCLD200212V","S/D","","","","","","","","","","D","",""
"1294","22","","952258120071","MONITOR (OTROS)","SANEAR","31/12/2021","1.0","","","1503.020303","EQUIPOS DE TELECOMUNICACIONES","R","SAMSUNG","LS2CM2KIVA","S/T","NEGRO","CM20H9LSB15591H","S/D","","","","","","","","","","D","",""
"1295","22","","740881870003","MONITOR PLANO","O/C N° 3-00057-2009","08/10/2009","766.2","","","1503.020301","EQUIPOS COMPUTACIONALES Y PERIFERICOS","R","LG","W2043SV","S/T","NEGRO","904NDQAGQ564","S/D","","","","","","","","","","D","",""
"1296","22","","740881870006","MONITOR PLANO","O/C N° 000175-2013","19/04/2013","841.8","","","1503.020301","EQUIPOS COMPUTACIONALES Y PERIFERICOS","R","SAMSUNG","LS23V5505VS","S/T","NEGRO","Z4ZGHCLD200230F","S/D","","","","","","","","","","U","",""
"1297","22","","740881870008","MONITOR PLANO","O/C N° 000175-2013","19/04/2013","841.8","","","1503.020301","EQUIPOS COMPUTACIONALES Y PERIFERICOS","R","SAMSUNG","S/M","S/T","NEGRO","Z4ZGHLCD200227","S/D","","","","","","","","","","D","",""
"1298","22","","740881870009","MONITOR PLANO","O/C Nº 348-2013","13/06/2013","708.0","","","1503.020301","EQUIPOS COMPUTACIONALES Y PERIFERICOS","R","LG","20EN43SA","S/T","NEGRO","304NDFVM8907","S/D","","","","","","","","","","D","",""
"1299","22","","740881870010","MONITOR PLANO","O/C Nº 348-2013","13/06/2013","708.0","","","1503.020301","EQUIPOS COMPUTACIONALES Y PERIFERICOS","R","LG","S/M","S/T","NEGRO","304NDLSM7888","S/D","","","","","","","","","","D","",""
"1300","22","","952260390007","PARLANTE AMPLIFICADOR PORTATIL","SANEAR","31/12/2021","1.0","","","1503.020303","EQUIPOS DE TELECOMUNICACIONES","M","MORRO","S/M","S/T","NEGRO","S/S","S/D","","","","","","","","","","D","",""
"1301","22","","952260390015","PARLANTE AMPLIFICADOR PORTATIL","O/C N° 025-C- 2004","09/12/2004","37.8","","","1503.020303","EQUIPOS DE TELECOMUNICACIONES","M","ALTRON","MIC -5360","S/T","BLANCO","1.67554E+11","S/D","","","","","","","","","","D","",""
"1302","22","","952260580064","PARLANTES EN GENERAL (MAYOR A 1/8 UIT)","O/C N° 0071-2007","07/08/2007","23.86","","","1503.020303","EQUIPOS DE TELECOMUNICACIONES","R","GENIUS","S/M","S/T","NEGRO","S/S","S/D","","","","","","","","","","U","",""
"1303","22","","746473050016","PIZARRA ACRILICA","O/C N° 455-2015","16/12/2015","220.0","","","1503.020102","MOBILIARIO DE OFICINA","R","S/M","S/M","S/T","BLANCO","S/S","1.10X1.70","","","","","","","","","","U","",""
"1304","22","","952266440006","PROYECTOR","O/C N° 314-2015","26/10/2015","2910.0","","","1503.020303","EQUIPOS DE TELECOMUNICACIONES","R","EPSON","H553A - XLP","S/T","BLANCO","VA9K5300108","S/D","","","","","","","","","","U","",""
"1305","22","","952275360001","RUTEADOR DE RED - ROUTER","SANEAR","31/12/2021","1.0","","","1503.020303","EQUIPOS DE TELECOMUNICACIONES","M","MOVISTAR","DSL-2401HN-T1C","S/T","BLANCO","9897B1948058","S/D","","","","","","","","","","D","",""
"1306","22","","952275360002","RUTEADOR DE RED - ROUTER","SANEAR","31/12/2021","1.0","","","1503.020303","EQUIPOS DE TELECOMUNICACIONES","M","ACLINE","S/M","S/T","NEGRO","S/S","S/D","","","","","","","","","","D","",""
"1307","22","","952275360003","RUTEADOR DE RED - ROUTER","SANEAR","31/12/2021","1.0","","","1503.020303","EQUIPOS DE TELECOMUNICACIONES","R","MOVISTAR","S/M","S/T","BLANCO","ASKY0048816D","S/D","","","","","","","","","","U","",""
"1308","22","","746481190024","SILLA FIJA DE MADERA","O/C N° 318-1995","30/06/1995","65.0","","","1503.020102","MOBILIARIO DE OFICINA","M","S/M","TAPIZ COROFAN","S/T","CAFE","S/S","0.40X0.42X0.84","","","","","","","","","","U","",""
"1309","22","","746481190043","SILLA FIJA DE MADERA","O/C N°  295-2012","06/11/2012","94.5","","","1503.020102","MOBILIARIO DE OFICINA","M","S/M","TAPIZ MARROQUI","S/T","CAFE","S/S","0.40X0.41X0.84","","","","","","","","","","D","",""
"1310","22","","746481190045","SILLA FIJA DE MADERA","O/C N°  295-2012","06/11/2012","94.5","","","1503.020102","MOBILIARIO DE OFICINA","R","S/M","TAPIZ LONA","S/T","CAFE","S/S","0.45X0.46X0.86","","","","","","","","","","U","",""
"1311","22","","746481190125","SILLA FIJA DE MADERA","O/C N° 8-00053-2010","16/04/2010","80.0","","","1503.020102","MOBILIARIO DE OFICINA","R","S/M","TAPIZ DE LONA","S/T","CAOBA","S/S","0.45X0.47X0.85","","","","","","","","","","U","",""
"1312","22","","746481190134","SILLA FIJA DE MADERA","O/C N° 8-00215-2010","28/06/2010","90.0","","","1503.020102","MOBILIARIO DE OFICINA","M","S/M","MADERA","S/T","CAFE","S/S","0.40X0.41X0.84"," "," "," "," "," "," ","",""," ","U","",""
"1313","22","","746481190135","SILLA FIJA DE MADERA","O/C N° 8-00215-2010","28/06/2010","90.0","","","1503.020102","MOBILIARIO DE OFICINA","M","S/M","S/M","S/T","CAFE","S/S","0.47X0.46X0.86"," "," "," "," "," "," ","",""," ","D","",""
"1314","22","","746481190136","SILLA FIJA DE MADERA","O/C N 6-00071-2010","26/07/2010","90.0","","","1503.020102","MOBILIARIO DE OFICINA","M","S/M","S/M","S/T","CAFE","S/S","0.43X0.45X0.86","","","","","","","","","","U","",""
"1315","22","","746481190152","SILLA FIJA DE MADERA","O/C N° 8-00252-2010","03/08/2010","90.0","","","1503.020102","MOBILIARIO DE OFICINA","M","S/M","S/M","S/T","CAFE","S/S","0.46X0.45X0.86"," "," "," "," "," "," ","",""," ","D","",""
"1316","22","","746481190153","SILLA FIJA DE MADERA","O/C N° 8-00252-2010","03/08/2010","90.0","","","1503.020102","MOBILIARIO DE OFICINA","M","S/M","S/M","S/T","CAFE","S/S","0.46X0.45X0.86"," "," "," "," "," "," ","",""," ","D","",""
"1317","22","","746481190154","SILLA FIJA DE MADERA","O/C N° 8-00252-2010","03/08/2010","90.0","","","1503.020102","MOBILIARIO DE OFICINA","M","TAPIZ DE TELA","S/M","S/T","CAFE","S/S","1.00X0.90X0.87"," "," "," "," "," "," ","",""," ","U","",""
"1318","22","","746481870010","SILLA FIJA DE METAL","O/C N° 142-1987","04/05/1987","550.0","","","1503.020102","MOBILIARIO DE OFICINA","R","S/M","S/M","S/T","NEGRO","S/S","0.37X0.39X0.82","","","","","","","","","","U","",""
"1319","22","","746481870022","SILLA FIJA DE METAL","SANEAR","31/12/2021","1.0","","","1503.020102","MOBILIARIO DE OFICINA","M","S/M","S/M","S/T","NEGRO","S/S","S/D","","","","","","","","","","D","",""
"1320","22","","746481870033","SILLA FIJA DE METAL","SANEAR","31/12/2021","1.0","","","1503.020102","MOBILIARIO DE OFICINA","R","S/M","S/M","S/T","NEGRO","S/S","0.44X0.42X0.87","","","","","","","","","","U","",""
"1321","22","","746481870087","SILLA FIJA DE METAL","SANEAR","31/12/2021","1.0","","","1503.020102","MOBILIARIO DE OFICINA","R","S/M","S/M","S/T","NEGRO","S/S","0.45X0.47X0.85","","","","","","","","","","U","",""
"1322","22","","746481870099","SILLA FIJA DE METAL","SANEAR","31/12/2021","1.0","","","1503.020102","MOBILIARIO DE OFICINA","R","S/M","S/M","S/T","MARRON","S/S","0.40X0.42X0.80","","","","","","","","","","U","",""
"1323","22","","746481870116","SILLA FIJA DE METAL","SANEAR","31/12/2021","1.0","","","1503.020102","MOBILIARIO DE OFICINA","R","S/M","S/M","S/T","NEGRO","S/S","0.42X0.45X0.82","","","","","","","","","","D","",""
"1324","22","","746481870117","SILLA FIJA DE METAL","SANEAR","31/12/2021","1.0","","","1503.020102","MOBILIARIO DE OFICINA","R","S/M","S/M","S/T","NEGRO","S/S","0.42X0.45X0.82","","","","","","","","","","D","",""
"1325","22","","746481870118","SILLA FIJA DE METAL","SANEAR","31/12/2021","1.0","","","1503.020102","MOBILIARIO DE OFICINA","R","S/M","S/M","S/T","NEGRO","S/S","0.42X0.45X0.82","","","","","","","","","","U","",""
"1326","22","","746481870119","SILLA FIJA DE METAL","SANEAR","31/12/2021","1.0","","","1503.020102","MOBILIARIO DE OFICINA","R","S/M","S/M","S/T","NEGRO","S/S","0.42X0.45X0.82","","","","","","","","","","U","",""
"1327","22","","746481870120","SILLA FIJA DE METAL","SANEAR","31/12/2021","1.0","","","1503.020102","MOBILIARIO DE OFICINA","R","S/M","S/M","S/T","NEGRO","S/S","0.42X0.45X0.82","","","","","","","","","","U","",""
"1328","22","","746481870121","SILLA FIJA DE METAL","SANEAR","31/12/2021","1.0","","","1503.020102","MOBILIARIO DE OFICINA","B","S/M","S/M","S/T","NEGRO","S/S","0.42X0.45X0.82","","","","","","","","","","U","",""
"1329","22","","746481870122","SILLA FIJA DE METAL","SANEAR","31/12/2021","1.0","","","1503.020102","MOBILIARIO DE OFICINA","B","S/M","S/M","S/T","NEGRO","S/S","0.42X0.45X0.82","","","","","","","","","","U","",""
"1330","22","","746481870123","SILLA FIJA DE METAL","SANEAR","31/12/2021","1.0","","","1503.020102","MOBILIARIO DE OFICINA","R","S/M","S/M","S/T","NEGRO","S/S","0.42X0.45X0.82","","","","","","","","","","U","",""
"1331","22","","746481870124","SILLA FIJA DE METAL","SANEAR","31/12/2021","1.0","","","1503.020102","MOBILIARIO DE OFICINA","B","S/M","S/M","S/T","NEGRO","S/S","0.42X0.45X0.82","","","","","","","","","","U","",""
"1332","22","","746481870125","SILLA FIJA DE METAL","SANEAR","31/12/2021","1.0","","","1503.020102","MOBILIARIO DE OFICINA","R","S/M","S/M","S/T","NEGRO","S/S","0.42X0.45X0.82","","","","","","","","","","D","",""
"1333","22","","746481870126","SILLA FIJA DE METAL","SANEAR","31/12/2021","1.0","","","1503.020102","MOBILIARIO DE OFICINA","R","S/M","S/M","S/T","NEGRO","S/S","S/D","","","","","","","","","","D","",""
"1334","22","","746481870127","SILLA FIJA DE METAL","SANEAR","31/12/2021","1.0","","","1503.020102","MOBILIARIO DE OFICINA","R","S/M","S/M","S/T","NEGRO","S/S","S/D","","","","","","","","","","U","",""
"1335","22","","746481870128","SILLA FIJA DE METAL","SANEAR","31/12/2021","1.0","","","1503.020102","MOBILIARIO DE OFICINA","R","S/M","S/M","S/T","NEGRO","S/S","S/D","","","","","","","","","","U","",""
"1336","22","","746481870129","SILLA FIJA DE METAL","SANEAR","31/12/2021","1.0","","","1503.020102","MOBILIARIO DE OFICINA","B","S/M","S/M","S/T","NEGRO","S/S","S/D","","","","","","","","","","U","",""
"1337","22","","746481870130","SILLA FIJA DE METAL","SANEAR","31/12/2021","1.0","","","1503.020102","MOBILIARIO DE OFICINA","R","S/M","S/M","S/T","NEGRO","S/S","S/D","","","","","","","","","","U","",""
"1338","22","","746481870131","SILLA FIJA DE METAL","SANEAR","31/12/2021","1.0","","","1503.020102","MOBILIARIO DE OFICINA","R","S/M","S/M","S/T","NEGRO","S/S","S/D","","","","","","","","","","D","",""
"1339","22","","746481870132","SILLA FIJA DE METAL","SANEAR","31/12/2021","1.0","","","1503.020102","MOBILIARIO DE OFICINA","R","S/M","S/M","S/T","NEGRO","S/S","S/D","","","","","","","","","","D","",""
"1340","22","","746481870133","SILLA FIJA DE METAL","SANEAR","31/12/2021","1.0","","","1503.020102","MOBILIARIO DE OFICINA","B","S/M","S/M","S/T","NEGRO","S/S","S/D","","","","","","","","","","U","",""
"1341","22","","746482550011","SILLA FIJA DE OTRO MATERIAL","O/C N° 44-2000","22/02/2000","21.7","","","1503.020102","MOBILIARIO DE OFICINA","R","REY","S/M","S/T","CELESTE","S/S","S/D","","","","","","","","","","U","",""
"1342","22","","746482550014","SILLA FIJA DE OTRO MATERIAL","O/C N° 44-2000","22/02/2000","21.7","","","1503.020102","MOBILIARIO DE OFICINA","R","REY","S/M","S/T","CELESTE","S/S","S/D","","","","","","","","","","U","",""
"1343","22","","746482550023","SILLA FIJA DE OTRO MATERIAL","O/C N° 44-2000","22/02/2000","21.7","","","1503.020102","MOBILIARIO DE OFICINA","R","REY","S/M","S/T","AZUL","S/S","S/D","","","","","","","","","","U","",""
"1344","22","","746482550024","SILLA FIJA DE OTRO MATERIAL","O/C N° 44-2000","22/02/2000","21.7","","","1503.020102","MOBILIARIO DE OFICINA","R","REY","S/M","S/T","AZUL","S/S","S/D","","","","","","","","","","U","",""
"1345","22","","746482550025","SILLA FIJA DE OTRO MATERIAL","O/C N° 44-2000","22/02/2000","21.7","","","1503.020102","MOBILIARIO DE OFICINA","B","S/M","S/M","S/T","AZUL","S/S","S/D","","","","","","","","","","U","",""
"1346","22","","746482550026","SILLA FIJA DE OTRO MATERIAL","SANEAR","31/12/2021","1.0","","","1503.020102","MOBILIARIO DE OFICINA","R","GEMPLAST","S/M","S/T","AZUL","S/S","S/D","","","","","","","","","","U","",""
"1347","22","","746482550027","SILLA FIJA DE OTRO MATERIAL","O/C N° 44-2000","22/02/2000","21.7","","","1503.020102","MOBILIARIO DE OFICINA","M","S/M","S/M","S/T","AZUL","S/S","S/D","","","","","","","","","","D","",""
"1348","22","","746483900030","SILLA GIRATORIA DE METAL","O/C N° 310-2012","15/11/2012","180.0","","","1503.020102","MOBILIARIO DE OFICINA","R","S/M","S/M","S/T","NEGRO","S/S","0.45X0.65X1.00","","","","","","","","","","U","",""
"1349","22","","746483900065","SILLA GIRATORIA DE METAL","O/C N° 310-2012","15/11/2012","180.0","","","1503.020102","MOBILIARIO DE OFICINA","M","MONTHY","S/M","S/T","NEGRO","S/S","S/D","","","","","","","","","","U","",""
"1350","22","","746483900077","SILLA GIRATORIA DE METAL","O/C N°000047-2013","07/02/2013","200.0","","","1503.020102","MOBILIARIO DE OFICINA","M","S/M","S/M","S/T","NEGRO","S/S","0.58X0.45X0.95","","","","","","","","","","U","",""
"1351","22","","746483900113","SILLA GIRATORIA DE METAL","O/C Nº 346-2013","13/06/2013","220.0","","","1503.020102","MOBILIARIO DE OFICINA","M","S/M","S/M","S/T","NEGRO","S/S","S/D","","","","","","","","","","D","",""
"1352","22","","746489330022","SILLON GIRATORIO DE METAL","O/C N° 30-2016","04/03/2016","510.0","","","1503.020102","MOBILIARIO DE OFICINA","R","S/M","CODERAS","S/T","NEGRO","S/S","S/D","","","","","","","","","","U","",""
"1353","22","","672295040001","SOPLADORA DE AIRE","O/C Nº 535-2013","24/07/2013","88.0","","","1503.020906","EQUIPOS PARA VEHICULOS","R","CROWN","BLOWER CT17002","S/T","PLOMO","12111400078","S/D","","","","","","","","","","U","",""
"1354","22","","952281170012","SWITCH PARA RED","SANEAR","31/12/2021","1.0","","","1503.020303","EQUIPOS DE TELECOMUNICACIONES","M","D-LINK","DESK-1008A","S/T","NEGRO","QS023BA001842","S/D","","","","","","","","","","D","",""
"1355","22","","952281170013","SWITCH PARA RED","SANEAR","31/12/2021","1.0","","","1503.020303","EQUIPOS DE TELECOMUNICACIONES","M","D-LINK","DWL-2100AP","S/T","PLOMO/NEGRO","DRA127C000731","S/D","","","","","","","","","","D","",""
"1356","22","","740895000083","TECLADO - KEYBOARD","O/C N° 3-00060-2009","10/08/2009","41.08","","","1503.020301","EQUIPOS COMPUTACIONALES Y PERIFERICOS","M","GENIUS","GK-100011","S/T","NEGRO","S/S","S/D","","","","","","","","","","D","",""
"1357","22","","740895000084","TECLADO - KEYBOARD","O/C Nº 0-00037","22/02/2010","51.52","","","1503.020301","EQUIPOS COMPUTACIONALES Y PERIFERICOS","M","CYBERTEL","K238","S/T","PLOMO/NEGRO","S/S","S/D","","","","","","","","","","D","",""
"1358","22","","740895000091","TECLADO - KEYBOARD","O/C N° 00239-2011","09/08/2011","56.54","","","1503.020301","EQUIPOS COMPUTACIONALES Y PERIFERICOS","R","GENIUS","KU-0138","S/T","NEGRO","ZCE152000755","S/D","","","","","","","","","","U","",""
"1359","22","","740895000092","TECLADO - KEYBOARD","O/C N° 00239-2011","09/08/2011","56.54","","","1503.020301","EQUIPOS COMPUTACIONALES Y PERIFERICOS","M","GENIUS","KU-0138","S/T","NEGRO","ZCE152000752","S/D","","","","","","","","","","U","",""
"1360","22","","740895000096","TECLADO - KEYBOARD","O/C Nº 8-00002","24/02/2010","199.5","","","1503.020301","EQUIPOS COMPUTACIONALES Y PERIFERICOS","M","GENIUS","KU-0138","S/T","NEGRO","ZCE193900619","S/D","","","","","","","","","","D","",""
"1361","22","","740895000098","TECLADO - KEYBOARD","O/C N° 8-00106-2010","23/04/2010","45.95","","","1503.020301","EQUIPOS COMPUTACIONALES Y PERIFERICOS","M","GENIUS","S/M","S/T","NEGRO","ZCE991502946","S/D"," "," "," "," "," "," ","",""," ","D","",""
"1362","22","","740895000099","TECLADO - KEYBOARD","O/C N° 298-2012","06/11/2012","57.76","","","1503.020301","EQUIPOS COMPUTACIONALES Y PERIFERICOS","R","GENIUS","K639","S/T","NEGRO","WE27920C3073","S/D","","","","","","","","","","U","",""
"1363","22","","740895000108","TECLADO - KEYBOARD","SANEAR","31/12/2021","1.0","","","1503.020301","EQUIPOS COMPUTACIONALES Y PERIFERICOS","M","CYBERTEL","CYBK238","S/T","PLOMO/NEGRO","S/S","S/D","","","","","","","","","","D","",""
"1364","22","","740895000109","TECLADO - KEYBOARD","O/C N° 000175-2013","19/04/2013","54.9","","","1503.020301","EQUIPOS COMPUTACIONALES Y PERIFERICOS","M","GENIUS","S/M","S/T","NEGRO","ZEC293002880","S/D","","","","","","","","","","U","",""
"1365","22","","740895000112","TECLADO - KEYBOARD","SANEAR","31/12/2021","1.0","","","1503.020301","EQUIPOS COMPUTACIONALES Y PERIFERICOS","M","GENIUS","S/M","S/T","NEGRO","XED207019095","S/D","","","","","","","","","","D","",""
"1366","22","","740895000183","TECLADO - KEYBOARD","O/C N° 297-2015","30/09/2015","110.78","","","1503.020301","EQUIPOS COMPUTACIONALES Y PERIFERICOS","M","MICROSOFT","1576","S/T","NEGRO","66906383656","S/D","","","","","","","","","","D","",""
"1367","22","","740895000184","TECLADO - KEYBOARD","SANEAR","31/12/2021","1.0","","","1503.020301","EQUIPOS COMPUTACIONALES Y PERIFERICOS","M","GENIUS","YK-1015","S/T","NEGRO","XED207019098","S/D","","","","","","","","","","U","",""
"1368","22","","740895000186","TECLADO - KEYBOARD","SANEAR","31/12/2021","1.0","","","1503.020301","EQUIPOS COMPUTACIONALES Y PERIFERICOS","M","GENIUS","KU-0138","S/T","NEGRO","ZCE2A2601414","S/D","","","","","","","","","","D","",""
"1369","22","","740895000187","TECLADO - KEYBOARD","O/C N° 314-2015","26/10/2015","62.5","","","1503.020301","EQUIPOS COMPUTACIONALES Y PERIFERICOS","R","MICROSOFT","S/M","S/T","NEGRO","S/S","S/D","","","","","","","","","","U","",""
"1370","22","","740895000194","TECLADO - KEYBOARD","O/C N° 000175-2013","19/04/2013","54.9","","","1503.020301","EQUIPOS COMPUTACIONALES Y PERIFERICOS","R","GENIUS","KU-0138","S/T","NEGRO","S/S","S/D","","","","","","","","","","U","",""
"1371","22","","740895560004","TECLADO INALAMBRICO","SANEAR","31/12/2021","1.0","","","1503.020301","EQUIPOS COMPUTACIONALES Y PERIFERICOS","M","GENIUS","GK100015","S/T","NEGRO","XEC907012166","S/D","","","","","","","","","","D","",""
"1372","22","","952282870008","TELEFONO","SANEAR","31/12/2021","1.0","","","1503.020303","EQUIPOS DE TELECOMUNICACIONES","R","MOVISTAR","KX T2315","S/T","NEGRO","10401500172","S/D","","","","","","","","","","U","",""
"1373","22","","952282870036","TELEFONO","SANEAR","31/12/2021","1.0","","","1503.020303","EQUIPOS DE TELECOMUNICACIONES","M","MOVISTAR","S/M","S/T","NEGRO","S/S","S/D","","","","","","","","","","D","",""
"1374","22","","740899500056","UNIDAD CENTRAL DE PROCESO - CPU","O/C N° 3-00060-2009","10/08/2009","2282.5","","","1503.020301","EQUIPOS COMPUTACIONALES Y PERIFERICOS","M","ALTRON","S/M","S/T","NEGRO/ROJO","S/S","S/D","","","","","","","","","","D","",""
"1375","22","","740899500084","UNIDAD CENTRAL DE PROCESO - CPU","O/C N° 00239-2011","09/08/2011","2526.81","","","1503.020301","EQUIPOS COMPUTACIONALES Y PERIFERICOS","M","INTEL","CORE I7","S/T","NEGRO/ROJO","2208C371BR0166","S/D","","","","","","","","","","D","",""
"1376","22","","740899500085","UNIDAD CENTRAL DE PROCESO - CPU","O/C N° 00239-2011","09/08/2011","2526.81","","","1503.020301","EQUIPOS COMPUTACIONALES Y PERIFERICOS","M","INTEL","CORE I7","S/T","NEGRO","2208C3690226","S/D","","","","","","","","","","D","",""
"1377","22","","740899500089","UNIDAD CENTRAL DE PROCESO - CPU","O/C N° 131-2012","18/06/2012","2146.33","","","1503.020301","EQUIPOS COMPUTACIONALES Y PERIFERICOS","R","INTEL","CORE I7","S/T","NEGRO","S/S","S/D","","","","","","","","","","U","",""
"1378","22","","740899500092","UNIDAD CENTRAL DE PROCESO - CPU","SANEAR","31/12/2021","1.0","","","1503.020301","EQUIPOS COMPUTACIONALES Y PERIFERICOS","R","LG","CORE I7","S/T","NEGRO/PLOMO","S/S","S/D","","","","","","","","","","U","",""
"1379","22","","740899500099","UNIDAD CENTRAL DE PROCESO - CPU","O/C N° 155-2012","04/07/2012","2287.07","","","1503.020301","EQUIPOS COMPUTACIONALES Y PERIFERICOS","M","MICRONICS","S/M","S/T","NEGRO","2.53E+11","S/D","","","","","","","","","","D","",""
"1380","22","","740899500101","UNIDAD CENTRAL DE PROCESO - CPU","O/C N° 000175-2013","19/04/2013","2598.6","","","1503.020301","EQUIPOS COMPUTACIONALES Y PERIFERICOS","R","MICRONICS","S/M","S/T","NEGRO","S/S","S/D","","","","","","","","","","U","",""
"1381","22","","740899500102","UNIDAD CENTRAL DE PROCESO - CPU","O/C N° 000175-2013","19/04/2013","2598.6","","","1503.020301","EQUIPOS COMPUTACIONALES Y PERIFERICOS","R","INTEL I7","S/M","S/T","NEGRO","S/S","S/D","","","","","","","","","","U","",""
"1382","22","","740899500105","UNIDAD CENTRAL DE PROCESO - CPU","O/C Nº 348-2013","13/06/2013","2109.25","","","1503.020301","EQUIPOS COMPUTACIONALES Y PERIFERICOS","M","INTEL","CORE I7","S/T","NEGRO","S/S","S/D","","","","","","","","","","D","",""
"1383","22","","112287620003","VENTILADOR ELECTRICO PARA TECHO","SANEAR","31/12/2021","1.0","","","1503.020901","AIRE ACONDICIONADO Y REFRIGERACION","R","S/M","S/M","S/T","VERDE","S/S","S/D","","","","","","","","","","D","",""
"1384","22","","112287620004","VENTILADOR ELECTRICO PARA TECHO","SANEAR","31/12/2021","1.0","","","1503.020901","AIRE ACONDICIONADO Y REFRIGERACION","M","S/M","S/M","S/T","VERDE","S/S","S/D","","","","","","","","","","D","",""
"1385","22","","112287620005","VENTILADOR ELECTRICO PARA TECHO","SANEAR","31/12/2021","1.0","","","1503.020901","AIRE ACONDICIONADO Y REFRIGERACION","R","S/M","S/M","S/T","VERDE","S/S","S/D","","","","","","","","","","U","",""
"1386","22","","112287620006","VENTILADOR ELECTRICO PARA TECHO","SANEAR","31/12/2021","1.0","","","1503.020901","AIRE ACONDICIONADO Y REFRIGERACION","R","S/M","S/M","S/T","VERDE","S/S","S/D","","","","","","","","","","U","",""
"1387","22","","112287620008","VENTILADOR ELECTRICO PARA TECHO","SANEAR","31/12/2021","1.0","","","1503.020901","AIRE ACONDICIONADO Y REFRIGERACION","R","S/M","S/M","S/T","VERDE","S/S","S/D","","","","","","","","","","U","",""
"1388","22","","112287620037","VENTILADOR ELECTRICO PARA TECHO","SANEAR","31/12/2021","1.0","","","1503.020901","AIRE ACONDICIONADO Y REFRIGERACION","R","S/M","S/M","S/T","VERDE","S/S","S/D","","","","","","","","","","U","",""
"1389","22","","112287620038","VENTILADOR ELECTRICO PARA TECHO","SANEAR","31/12/2021","1.0","","","1503.020901","AIRE ACONDICIONADO Y REFRIGERACION","R","S/M","S/M","S/T","VERDE","S/S","S/D","","","","","","","","","","U","",""
"1390","22","","112291580002","VENTILADOR ELECTRICO TIPO COLUMNA O TORRE","SANEAR","31/12/2021","1.0","","","1503.020901","AIRE ACONDICIONADO Y REFRIGERACION","R","S/M","S/M","S/T","VERDE","S/S","S/D","","","","","","","","","","U","",""
"1391","2","2","952268890002","RADIO TELEFONO","O/C N° 245-2016","12/09/2016","599.0","","","1503.020303","EQUIPOS DE TELECOMUNICACIONES","R","MIDLAND","F20VP","BOQUITOQUI","NEGRO","S1507006319","","","","","","","","","20/11/2023 08:49:50","","U","DIEGO TORRES NINA","1"
"1392","2","2","952268890003","RADIO TELEFONO","O/C N° 245-2016","12/09/2016","599.0","","","1503.020303","EQUIPOS DE TELECOMUNICACIONES","M","MIDLAND","F20VP","BOQUITOQUI","NEGRO","S1507002437","","","","","","","","","20/11/2023 08:54:20","","U","DIEGO TORRES NINA","1"
"1393","2","2","952268890004","RADIO TELEFONO","O/C N° 245-2016","12/09/2016","599.0","","","1503.020303","EQUIPOS DE TELECOMUNICACIONES","M","MIDLAND","F20VP","BOQUITOQUI","NEGRO","S1507003429","","","","","","","","","20/11/2023 08:55:20","","U","DIEGO TORRES NINA","1"
"1394","2","2","462290890001","TABLERO DE CONTROL","O/C N° 00195-2020","27/07/2020","9500.0","","","1503.020904","ELECTRICIDAD Y ELECTRONICA","M","S/M","S/M","S/T","VERDE","S/S","S/D","","","","","","","","20/11/2023 09:04:29","","D","DIEGO TORRES NINA","1"
"1395","2","2","675001050001","AMOLADORA","O/C N° 125-2015","23/06/2015","1350.0","","","1503.020999","MAQUINARIAS, EQUIPOS Y MOBILIARIOS DE OTRAS INSTALACIONES","M","TRUPER","S/M","DOBLADORA DE TUBO DE ACERO","ANARANJADO","S/S","S/D","","","","","","","","30/03/2024 11:53:11","","D","DIEGO TORRES NINA","1"
"1396","2","2","675080890072","MEZCLADORA DE CONCRETO TIPO TROMPO","O/C Nª 30","29/05/2009","9790.0","","","1503.020999","MAQUINARIAS, EQUIPOS Y MOBILIARIOS DE OTRAS INSTALACIONES","M","KOHLER","S/M","S/T","AMARILLO","S/S","S/D","","","","","","","","30/03/2024 12:16:09","","D","DIEGO TORRES NINA","1"
"1397","2","2","675080890081","MEZCLADORA DE CONCRETO TIPO TROMPO","O/C N° 28 ","26/02/2016","4600.0","","","1503.020999","MAQUINARIAS, EQUIPOS Y MOBILIARIOS DE OTRAS INSTALACIONES","M","DYNAMIC HONDA","GX390-389-CM3","S/T","ANARANJADO","15LX100263","S/D","","","","","","","","30/03/2024 12:19:00","","D","DIEGO TORRES NINA","1"
"1398","2","","675080890090","MEZCLADORA DE CONCRETO TIPO TROMPO","O/C N° 492-2016.","30/12/2016","4000.0","","","1503.020999","MAQUINARIAS, EQUIPOS Y MOBILIARIOS DE OTRAS INSTALACIONES","M","DYNAMIC HONDA","SUI7OF","TROMPO","ANARANJADO","1604051036","S/D","","","","","","","","","","D","",""
"1399","2","","675080890091","MEZCLADORA DE CONCRETO TIPO TROMPO","O/C N° 492-2016.","30/12/2016","4000.0","","","1503.020999","MAQUINARIAS, EQUIPOS Y MOBILIARIOS DE OTRAS INSTALACIONES","M","DYNAMIC HONDA","SUI70F","TROMPO","ANARANJADO","1604051037","S/D","","","","","","","","","","D","",""
"1400","2","","46436500062","MIRA TOPOGRAFICA","SANEAR","27/10/2012","1.0","","","1503.020501","MOBILIARIO DE USO AGRICOLA Y PESQUERO","R","KOLIDA","AGRS","5 MTS","PLOMO","","","","","","","","","","","","U","",""
"1401","2","","46436500103","MIRA TOPOGRAFICA","O/C N°175-2016","17/06/2016","373.82","","","1503.020501","MOBILIARIO DE USO AGRICOLA Y PESQUERO","R","LEYCA","ALUMINIO","S/T","PLOMO","S/S","5 MTS.","","","","","","","","","","U","",""
"1402","2","","678268000027","MOTOCICLETA","O/C Nº 0000436","28/12/2021","16000.0","","","1503.0101","VEHICULOS PARA TRANSPORTE TERRESTRE","R","HERO","XPULSE 200","S/T","BLANCO","S/S","S/D","EW-9818","MC20ABMGB01336","MBLLDL02XNGN00816","","2021","SI TIENE FICHA PERO NO FOTO","","","EW-9818","U","",""
"1403","2","","602264990018","NIVEL TOPOGRAFICO","O/C N° 216-2011","22/07/2011","921.14","","","1503.020905","EQUIPOS E INSTRUMENTOS DE MEDICION","R","LEICA","NA724","","ROJO/PLOMO","5600575","","","","","","","","","","","U","",""
"1404","2","","673660360002","RETROEXCAVADORA","SANEAR","31/12/2021","1.0","","","1503.020999","MAQUINARIAS, EQUIPOS Y MOBILIARIOS DE OTRAS INSTALACIONES","R","CATERPILLAR","420-E","S/T","AMARILLO","C4E24447","S/D","","","","","","","","","","U","",""
"1405","2","","675088500001","SIERRA CIRCULAR","O/C N° 00110","19/03/2021","420.0","","","1503.020999","MAQUINARIAS, EQUIPOS Y MOBILIARIOS DE OTRAS INSTALACIONES","M","","","","","","","","","","","","","","","","U","",""
"1406","2","","746488310003","SILLON GIRATORIO (OTROS)","O/C N° 6-00127","30/09/2010","290.0","","","1503.020102","MOBILIARIO DE OFICINA","M","S/M","S/M","S/T","NEGRO/AZUL","S/S","S/D","","","","","","","","","","U","",""
"1407","2","","602289320006","TEODOLITO ELECTRONICO","O/C N° 66-2013","15/02/2013","3849.99","","","1503.020905","EQUIPOS E INSTRUMENTOS DE MEDICION","R","CTS BERGER","DGT2","S/T","AMARILLO/PLOMO","127310","","","","","","","","","","","U","",""
"1408","2","","676478660005","TRIPODE METALICO","O/C Nº 000066","15/02/2013","2.0","","","1503.020102","MOBILIARIO DE OFICINA","R","PROEL","S/M","S/T","NEGRO","S/S","","","","","","","","","","","U","",""
"1409","2","","676478660008","TRIPODE METALICO","O/C N° 00278-2011","15/09/2011","727.77","","","1503.020102","MOBILIARIO DE OFICINA","R","LEICA","CTP","","","","","","","","","","","","","","U","",""
"1410","2","","678250000016","CAMIONETA","O/C N° 0-00113-2009","13/08/2009","91000.0","","","1503.0101","VEHICULOS PARA TRANSPORTE TERRESTRE","R","NISSAN","NAVARA","S/T","PLATA TITANIO METALICO","117643T","S/D","EGO-443","YD25","MNTCCUD4096002266","",".","SI HAY FICHA","","","EGO-443","U","",""
"1411","2","","672275420021","MOTOBOMBA","O/C N° 313-2013","11/06/2013","3170.0","","","1503.020906","EQUIPOS PARA VEHICULOS","M","HONDA","GX 160T1","S/T","BLANCO/ROJO/NEG","G300C1201392","S/D","","","","","","","","","","U","",""
"1412","2","","678268000016","MOTOCICLETA","O/C N°197-2012","31/07/2012","11200.0","","","1503.0101","VEHICULOS PARA TRANSPORTE TERRESTRE","R","HONDA","XL-200","","BLANCO","","","Z3-9941","","9C2MD2892CR201719","","0","","","","","U","",""
"1413","2","","673678780001","TANQUE PARA ALMACENAMIENTO DE COMBUSTIBLE","O/C N° 139-2022","07/03/2022","710.0","","","1503.020999","MAQUINARIAS, EQUIPOS Y MOBILIARIOS DE OTRAS INSTALACIONES","R","S/M","1000","S/T","BLANCO","S/S","S/D","","","","","","","","","","U","",""
"1414","2","","462200500022","ACUMULADOR DE ENERGIA - EQUIPO DE UPS","O/C Nº 000532-2013","23/07/2013","56.57","","","1503.020904","ELECTRICIDAD Y ELECTRONICA","R","CDP","S/M","S/T","NEGRO","130312-1020448","S/D","","","","","","","","","","U","",""
"1415","2","","746403550002","ARCHIVADOR DE MELAMINA","O/C N° 6-00127","30/09/2010","550.0","","","1503.020102","MOBILIARIO DE OFICINA","R","S/M","2 PUERTAS","S/T","CAFE","S/S","S/D","","","","","","","","","","U","",""
"1416","2","","746403890002","ARCHIVADOR DE METAL","O/C Nº 330","30/06/1995","350.0","","","1503.020102","MOBILIARIO DE OFICINA","R","S/M","4 GAVETAS","S/T","CAFE","S/S","0.47X0.64X1.33","","","","","","","","","","U","",""
"1417","2","","746403890006","ARCHIVADOR DE METAL","SANEAR","31/12/2021","1.0","","","1503.020102","MOBILIARIO DE OFICINA","R","S/M","4 GAVETAS","S/T","PLOMO","S/S","0.70X045X0.82","","","","","","","","","","U","",""
"1418","2","","746405920005","ARMARIO DE MADERA","SANEAR","31/12/2021","1.0","","","1503.020102","MOBILIARIO DE OFICINA","R","S/M","1 PUERTA","S/T","CAFE","S/S","0.39X0.59X1.38","","","","","","","","","","U","",""
"1419","2","","746406600012","ARMARIO DE METAL","SANEAR","31/12/2021","1.0","","","1503.020102","MOBILIARIO DE OFICINA","R","S/M","2 PUERTAS","S/T","PLOMO/NEGRO","S/S","0.40X0.88X1.80","","","","","","","","","","U","",""
"1420","2","","678250000022","CAMIONETA","O/C N° 368-2013","19/06/2013","107450.0","","","1503.0101","VEHICULOS PARA TRANSPORTE TERRESTRE","M","TOYOTA","HILUX","S/T","DORADO METALICO","MR0FZ22G5D1194161","S/D","EGM-001","1KDA123400","MR0FZ22G5D1194161","","2013","","","","","D","",""
"1421","2","","602233450002","DISTANCIOMETRO LASER","O/C N° 373-2016","24/11/2016","2599.0","","","1503.020905","EQUIPOS E INSTRUMENTOS DE MEDICION","R","BOSCH ","GML 250","S/T","AZUL","504250125","S/D","","","","","","","","","","U","",""
"1422","2","","742223580038","EQUIPO MULTIFUNCIONAL COPIADORA IMPRESORA SCANNER Y/O FAX","SANEAR","31/12/2021","1.0","","","1503.020101","MAQUINAS Y EQUIPOS DE OFICINA","B","EPSON","L6171","S/T","NEGRO","S/S","S/D","","","","","","","","","","U","",""
"1423","2","","746437120005","ESCRITORIO DE MADERA","O/C N° 229-1995","28/04/1995","210.0","","","1503.020102","MOBILIARIO DE OFICINA","R","S/M","5 GAVETAS","S/T","CEDRO","S/S","0.75X1.57X0.76","","","","","","","","","","U","",""
"1424","2","","746437120043","ESCRITORIO DE MADERA","SANEAR","31/12/2021","1.0","","","1503.020102","MOBILIARIO DE OFICINA","R","S/M","1 GAVETA","S/T","CAFE","S/S","1.54X0.73X0.74","","","","","","","","","","U","",""
"1425","2","","746437120054","ESCRITORIO DE MADERA","O/C N° 266-2015","08/09/2015","720.0","","","1503.020102","MOBILIARIO DE OFICINA","R","S/M","3 GAVETAS","S/T","AMARILLO","S/S","0.76X1.30X0.80","","","","","","","","","","U","",""
"1426","2","","746437450011","ESCRITORIO DE MELAMINA","O/C Nº 161-2013","12/04/2013","500.0","","","1503.020102","MOBILIARIO DE OFICINA","R","S/M","FORMA ""L"" 6 GAV","S/T","CAFE/NEGRO","S/S","1.50X0.55X0.75","","","","","","","","","","U","",""
"1427","2","","746437450012","ESCRITORIO DE MELAMINA","O/C Nº 161-2013","12/04/2013","500.0","","","1503.020102","MOBILIARIO DE OFICINA","R","S/M","FORMA ""L"" 6 GAV","S/T","CAFE/NEGRO","S/S","1.50X0.55X0.75","","","","","","","","","","U","",""
"1428","2","","746437450018","ESCRITORIO DE MELAMINA","O/C Nº 161-2013","12/04/2013","280.0","","","1503.020102","MOBILIARIO DE OFICINA","R","S/M","3 GAVETAS","S/T","CAFE/NEGRO","S/S","1.30X0.60X0.75","","","","","","","","","","U","",""
"1429","2","","746437450019","ESCRITORIO DE MELAMINA","O/C Nº 161-2013","12/04/2013","280.0","","","1503.020102","MOBILIARIO DE OFICINA","R","S/M","3 GAVETAS","S/T","CAFE/NEGRO","S/S","1.30X0.60X0.75","","","","","","","","","","U","",""
"1430","2","","746437450026","ESCRITORIO DE MELAMINA","O/C N° 30-2016","04/03/2016","990.0","","","1503.020102","MOBILIARIO DE OFICINA","R","S/M","GERENCIAL","S/T","PLOMO/NEGRO","S/S","0.58X1.50X0.75","","","","","","","","","","U","",""
"1431","2","","746437790012","ESCRITORIO DE METAL","O/C N° 652-1995","29/09/1995","295.0","","","1503.020102","MOBILIARIO DE OFICINA","M","S/M","4 GAVETAS","S/T","PLOMO/NEGRO","S/S","0.75X1.20X0.75","","","","","","","","","","U","",""
"1432","2","","746437790015","ESCRITORIO DE METAL","SANEAR","31/12/2021","1.0","","","1503.020102","MOBILIARIO DE OFICINA","R","S/M","7 GAVETAS","S/T","MARRON","S/S","0.75X1.60X0.78","","","","","","","","","","U","",""
"1433","2","","746437790029","ESCRITORIO DE METAL","SANEAR","31/12/2021","1.0","","","1503.020102","MOBILIARIO DE OFICINA","R","S/M","S/M","S/T","PLOMO","S/S","1.54X0.45X0.74","","","","","","","","","","U","",""
"1434","2","","746437790049","ESCRITORIO DE METAL","O/C N° 209-1987","05/08/1987","465.0","","","1503.020102","MOBILIARIO DE OFICINA","R","S/M","4 GAVETAS","S/T","PLOM/CAFE","S/S","0.75X1.55X0.76","","","","","","","","","","U","",""
"1435","2","","462252150005","ESTABILIZADOR","O/C N° 122-1994","30/05/1994","335.94","","","1503.020905","EQUIPOS E INSTRUMENTOS DE MEDICION","R","BELTRON","S/M","S/T","ROJO","S/S","S/D","","","","","","","","","","U","",""
"1436","2","","462252150010","ESTABILIZADOR","O/C N° 159-2003","04/08/2003","59.9","","","1503.020904","ELECTRICIDAD Y ELECTRONICA","R","STABYTRON","S/M","S/T","BLANCO","S/S","S/D","","","","","","","","","","U","",""
"1437","2","","462252150019","ESTABILIZADOR","SANEAR","31/12/2021","1.0","","","1503.020904","ELECTRICIDAD Y ELECTRONICA","R","CAP","","","NEGRO","","","","","","","","","","","","U","",""
"1438","2","","462252150025","ESTABILIZADOR","O/C N° 0071-2007","07/08/2007","33.79","","","1503.020904","ELECTRICIDAD Y ELECTRONICA","R","LALI POWER","FP102","S/T","NEGRO/BLANCO","S/S","S/D","","","","","","","","","","U","",""
"1439","2","","462252150091","ESTABILIZADOR","O/C N° 374-2003","30/12/2003","44.5","","","1503.020904","ELECTRICIDAD Y ELECTRONICA","R","APC","R - 600","","PLOMO","5L0843T27665","","","","","","","","","","","U","",""
"1440","2","","462252150104","ESTABILIZADOR","SANEAR","31/12/2021","1.0","","","1503.020904","ELECTRICIDAD Y ELECTRONICA","M","HANSLYDER","SVC-1500W","S/T","MARRON/BLANCO","S/S","S/D","","","","","","","","","","U","",""
"1441","2","","746440330002","ESTANTE ARCHIVADOR DE MELAMINA","O/C Nº 283-2015","23/09/2015","730.0","","","1503.020102","MOBILIARIO DE OFICINA","R","S/M","ARMARIO","S/T","CAOBA/NEGRO","S/S","0.36X0.90X1.92","","","","","","","","","","U","",""
"1442","2","","746441180021","ESTANTE DE MADERA","SANEAR","31/12/2021","1.0","","","1503.020102","MOBILIARIO DE OFICINA","R","S/M","3 NIVELES","S/T","CAFE","S/S","0.58X0.40X1.30","","","","","","","","","","U","",""
"1443","2","","746441180026","ESTANTE DE MADERA","SANEAR","31/12/2021","1.0","","","1503.020102","MOBILIARIO DE OFICINA","M","S/M","3 DIVISIONES","S/T","MARRON","S/S","S/D","","","","","","","","","","U","",""
"1444","2","","746441520001","ESTANTE DE MELAMINA","O/C N° 030-2012","15/03/2012","495.0","","","1503.020102","MOBILIARIO DE OFICINA","R","S/M","6 NIVELES","S/T","CAFE/NEGRO","S/S","0.35X0.90X1.90","","","","","","","","","","U","",""
"1445","2","","746441520008","ESTANTE DE MELAMINA","O/C N° 30-2016","04/03/2016","950.0","","","1503.020102","MOBILIARIO DE OFICINA","R","S/M","5 NIVELES","S/T","CAFE/NEGRO","S/S","2.00X1.2.X0.30","","","","","","","","","","U","",""
"1446","2","","746441860034","ESTANTE DE METAL","SANEAR","31/12/2021","1.0","","","1503.020102","MOBILIARIO DE OFICINA","R","S/M","5 NIV RANURADO","S/T","PLOMO","S/S","S/D","","","","","","","","","","U","",""
"1447","2","","746441860037","ESTANTE DE METAL","SANEAR","31/12/2021","1.0","","","1503.020102","MOBILIARIO DE OFICINA","R","S/M","6 NIV RANURADO","S/T","PLOMO","S/S","1.03X0.29","","","","","","","","","","U","",""
"1448","2","","746441860047","ESTANTE DE METAL","SANEAR","31/12/2021","1.0","","","1503.020102","MOBILIARIO DE OFICINA","R","S/M","5 NIV RANURADO","S/T","PLOMO","S/S","S/D","","","","","","","","","","U","",""
"1449","2","","746441860048","ESTANTE DE METAL","SANEAR","31/12/2021","1.0","","","1503.020102","MOBILIARIO DE OFICINA","R","S/M","5 NIVELES","S/T","PLOMO","S/S","S/D","","","","","","","","","","U","",""
"1450","2","","746441860049","ESTANTE DE METAL","SANEAR","31/12/2021","1.0","","","1503.020102","MOBILIARIO DE OFICINA","R","S/M","5 NIVELES","S/T","PLOMO","S/S","S/D","","","","","","","","","","U","",""
"1451","2","","742227260005","FOTOCOPIADORA EN GENERAL","O/C N° 284-2003","28/11/2003","7402.5","","","1503.020101","MAQUINAS Y EQUIPOS DE OFICINA","M","MITA ENERGY","AI 3010","S/T","BEIGE/BLANCO","S/S","S/D","","","","","","","","","","U","",""
"1452","2","","742227260012","FOTOCOPIADORA EN GENERAL","O/C N° 259-2016","21/09/2016","4950.0","","","1503.020101","MAQUINAS Y EQUIPOS DE OFICINA","M","KONICA MINOLTA","BIZ HUB 552","S/T","BLANCO/PLOMO","A2WV011001824","S/D","","","","","","","","","","U","",""
"1453","2","","742229930004","GUILLOTINA","O/C N° 8-00061-2010","16/04/2010","160.0","","","1503.020101","MAQUINAS Y EQUIPOS DE OFICINA","M","WARRIOR","SINCE","S/T","PLOMO/BLANCO","S/S","S/D","","","","","","","","","","U","",""
"1454","2","","740832000038","IMPRESORA (OTRAS)","O/C N° 355-2011","13/10/2011","664.0","","","1503.020301","EQUIPOS COMPUTACIONALES Y PERIFERICOS","R","HP","LASERJET PRO","S/T","BLANCO/NEGRO","BRBFC7D25Y","S/D","","","","","","","","","","U","",""
"1455","2","","740832000052","IMPRESORA (OTRAS)","O/C Nº 833-2013","22/11/2013","1501.62","","","1503.020301","EQUIPOS COMPUTACIONALES Y PERIFERICOS","R","HP","LASERJET MFP","S/T","NEGRO","CNF8F8P2B5","S/D","","","","","","","","","","U","",""
"1456","2","","740832000077","IMPRESORA (OTRAS)","SANEAR","31/12/2021","1.0","","","1503.020301","EQUIPOS COMPUTACIONALES Y PERIFERICOS","M","HP","LASERJET P1102W","S/T","NEGRO","BRBSB4WG50","S/D","","","","","","","","","","U","",""
"1457","2","","740832000079","IMPRESORA (OTRAS)","O/C N° 65-2016","08/04/2016","690.0","","","1503.020301","EQUIPOS COMPUTACIONALES Y PERIFERICOS","M","EPSON","L220","S/T","NEGRO","VGQK117651","S/D","","","","","","","","","","U","",""
"1458","2","","740832000086","IMPRESORA (OTRAS)","O/C N° 87-2019","25/07/2019","1241.55","","","1503.020301","EQUIPOS COMPUTACIONALES Y PERIFERICOS","R","EPSON","ECOTANK L6171","INYECCION DE TINTA","NEGRO","X4ET009605","","","","","","","","","","","U","",""
"1459","2","","740850000001","IMPRESORA PARA PLANOS - PLOTTERS","O/C N° 0070-2007","07/06/2007","12314.0","","","1503.020301","EQUIPOS COMPUTACIONALES Y PERIFERICOS","M","HP","DESINGJET 500-2","S/T","PLOMO/BLANCO","SG66TD1004","S/D","","","","","","","","","","U","",""
"1460","2","","740850000007","IMPRESORA PARA PLANOS - PLOTTERS","O/C Nº 504-2016","30/12/2016","15426.5","","","1503.020301","EQUIPOS COMPUTACIONALES Y PERIFERICOS","R","CANON","IPF770","S/T","BLANCO","BACG2144","S/D","","","","","","","","","","U","",""
"1461","2","","746454580001","MESITA DE MADERA","SANEAR","31/12/2021","1.0","","","1503.020102","MOBILIARIO DE OFICINA","M","S/M","S/M","S/T","CAFE","S/S","0.40X0.52X1.12","","","","","","","","","","U","",""
"1462","2","","746456780003","MESITA DE METAL PARA MAQUINA DE ESCRIBIR","SANEAR","31/12/2021","1.0","","","1503.020102","MOBILIARIO DE OFICINA","R","S/M","3 GAVETAS","S/T","PLOMO","S/S","0.45X0.84X0.68","","","","","","","","","","D","",""
"1463","2","","746458140002","MESITA DE METAL PARA TELEFONO","SANEAR","31/12/2021","1.0","","","1503.020102","MOBILIARIO DE OFICINA","R","S/M","5 GAVETAS","S/T","PLOMO","S/S","0.30X0.50X0.77","","","","","","","","","","U","",""
"1464","2","","746460170019","MODULO DE MADERA","SANEAR","31/12/2021","1.0","","","1503.020102","MOBILIARIO DE OFICINA","M","S/M","2 NIVELES","S/T","MARRON","S/S","0.60X1.35X0.75","","","","","","","","","","U","",""
"1465","2","","746460850013","MODULO DE MADERA PARA MICROCOMPUTADORA","SANEAR","31/12/2021","1.0","","","1503.020102","MOBILIARIO DE OFICINA","M","S/M","S/M","S/T","CAFE","S/S","1.33X0.65X0.59","","","","","","","","","","U","",""
"1466","2","","952258120023","MONITOR (OTROS)","SANEAR","31/12/2021","1.0","","","1503.020303","EQUIPOS DE TELECOMUNICACIONES","R","SAMSUNG","LS20CMZKSVA","S/T","NEGRO","S/S","S/D","","","","","","","","","","U","",""
"1467","2","","952258120027","MONITOR (OTROS)","O/C N° 8-00106-2010","23/04/2010","662.23","","","1503.020303","EQUIPOS DE TELECOMUNICACIONES","M","HYUNDAI","V96W","S/T","NEGRO","V960WDSR9B00588","S/D"," "," "," "," "," "," ","",""," ","U","",""
"1468","2","","952258120046","MONITOR (OTROS)","SANEAR","31/12/2021","1.0","","","1503.020303","EQUIPOS DE TELECOMUNICACIONES","R","SAMSUNG","LS200300NS","S/T","NEGRO","68OYZVP7H4LC700","S/D","","","","","","","","","","U","",""
"1469","2","","952258120053","MONITOR (OTROS)","O/C Nº 000532-2013","23/07/2013","754.32","","","1503.020303","EQUIPOS DE TELECOMUNICACIONES","R","LG","22EA53VA","S/T","NEGRO","303NDZJ5D579","S/D","","","","","","","","","","U","",""
"1470","2","","952258120073","MONITOR (OTROS)","SANEAR","31/12/2021","1.0","","","1503.020303","EQUIPOS DE TELECOMUNICACIONES","R","SAMGUNG","S22F350FHL","S/T","NEGRO","ZSXH4ZH800568L","S/D","","","","","","","","","","U","",""
"1471","2","","740882240014","MOUSE INALAMBRICO","O/C N° 175-2016","17/06/2016","14.34","","","1503.020301","EQUIPOS COMPUTACIONALES Y PERIFERICOS","M","MICROSOFT","LANDBYTE","S/T","NEGRO","S/S","S/D","","","","","","","","","","U","",""
"1472","2","","952260580034","PARLANTES EN GENERAL (MAYOR A 1/8 UIT)","O/C N° 352-2011","13/10/2011","40.32","","","1503.020303","EQUIPOS DE TELECOMUNICACIONES","M","GENIUS","S/M","S/T","NEGRO","ZF113B001811","S/D","","","","","","","","","","U","",""
"1473","2","","952260580043","PARLANTES EN GENERAL (MAYOR A 1/8 UIT)","O/C N° 352-2012","04/12/2012","180.0","","","1503.020303","EQUIPOS DE TELECOMUNICACIONES","M","MICRONICS","S/M","S/T","NEGRO","22995402T0501","S/D","","","","","","","","","","U","",""
"1474","2","","746473050011","PIZARRA ACRILICA","O/C Nº 026-1991","27/12/1991","105.0","","","1503.020102","MOBILIARIO DE OFICINA","M","S/M","S/M","S/T","BLANCO","S/S","0.82X1.20","","","","","","","","","","D","",""
"1475","2","","746473050014","PIZARRA ACRILICA","O/C N° 172-1993","26/11/1993","80.0","","","1503.020102","MOBILIARIO DE OFICINA","R","S/M","S/M","S/T","BLANCO","S/S","0.80X1.20","","","","","","","","","","U","",""
"1476","2","","746473050015","PIZARRA ACRILICA","O/C N° 89-1997","30/09/1997","38.0","","","1503.020102","MOBILIARIO DE OFICINA","M","S/M","S/M","S/T","BLANCO","S/S","0.82X1.22","","","","","","","","","","D","",""
"1477","2","","746481190018","SILLA FIJA DE MADERA","O/C N° 318-1995","30/06/1995","65.0","","","1503.020102","MOBILIARIO DE OFICINA","R","S/M","TAPIZ COROFAN","S/T","CAFÉ","S/S","0.43X0.43X0.83","","","","","","","","","","U","",""
"1478","2","","746481190020","SILLA FIJA DE MADERA","O/C N° 318-1995","30/06/1995","65.0","","","1503.020102","MOBILIARIO DE OFICINA","R","S/M","TAPIZ COROFAN","S/T","CAFE","S/S","0.43X0.42X0.95","","","","","","","","","","U","",""
"1479","2","","746481190026","SILLA FIJA DE MADERA","O/C N° 318-1995","30/06/1995","65.0","","","1503.020102","MOBILIARIO DE OFICINA","M","S/M","TAPIZ COROFAN","S/T","MARRON","S/S","0.43X0.43X0.83","","","","","","","","","","U","",""
"1480","2","","746481190042","SILLA FIJA DE MADERA","O/C N°  295-2012","06/11/2012","94.5","","","1503.020102","MOBILIARIO DE OFICINA","M","S/M","S/M","S/T","CAFE","S/S","0.43X0.45X0.85","","","","","","","","","","U","",""
"1481","2","","746481190046","SILLA FIJA DE MADERA","O/C N°  295-2012","06/11/2012","94.5","","","1503.020102","MOBILIARIO DE OFICINA","R","S/M","S/M","S/T","CAFE","S/S","0.42X0.42X0.85","","","","","","","","","","U","",""
"1482","2","","746481190126","SILLA FIJA DE MADERA","O/C N° 8-00215-2010","289/06/2010","90.0","","","1503.020102","MOBILIARIO DE OFICINA","R","S/M","S/M","S/T","CAFE","S/S","0.41X0.42X0.84"," "," "," "," "," "," ","",""," ","D","",""
"1483","2","","746481190128","SILLA FIJA DE MADERA","O/C N° 8-00215-2010","28/06/2010","90.0","","","1503.020102","MOBILIARIO DE OFICINA","R","S/M","S/M","S/T","CAFE","S/S","0.41X0.42X0.84"," "," "," "," "," "," ","",""," ","U","",""
"1484","2","","746481190130","SILLA FIJA DE MADERA","O/C N° 8-00215-2010","28/06/2010","90.0","","","1503.020102","MOBILIARIO DE OFICINA","R","S/M","S/M","S/T","CAFE","S/S","0.45X0.37X0.89"," "," "," "," "," "," ","",""," ","U","",""
"1485","2","","746481870014","SILLA FIJA DE METAL","O/C N° 111-1987","14/04/1987","470.0","","","1503.020102","MOBILIARIO DE OFICINA","R","S/M","TAPIZ","S/T","NEGRO","S/S","S/D","","","","","","","","","","U","",""
"1486","2","","746481870079","SILLA FIJA DE METAL","SANEAR","31/12/2021","1.0","","","1503.020102","MOBILIARIO DE OFICINA","R","S/M","S/M","S/T","CAFE","S/S","S/D","","","","","","","","","","U","",""
"1487","2","","746481870080","SILLA FIJA DE METAL","SANEAR","31/12/2021","1.0","","","1503.020102","MOBILIARIO DE OFICINA","R","S/M","S/M","S/T","NEGRO","S/S","S/D","","","","","","","","","","U","",""
"1488","2","","746481870098","SILLA FIJA DE METAL","SANEAR","31/12/2021","1.0","","","1503.020102","MOBILIARIO DE OFICINA","M","S/M","S/M","S/T","MARRON","S/S","S/D","","","","","","","","","","U","",""
"1489","2","","746482550009","SILLA FIJA DE OTRO MATERIAL","SANEAR","31/12/2021","1.0","","","1503.020102","MOBILIARIO DE OFICINA","R","S/M","PLASTICO","S/T","BLANCO","S/S","S/D","","","","","","","","","","U","",""
"1490","2","","746482550016","SILLA FIJA DE OTRO MATERIAL","O/C N° 44-2000","22/02/2000","21.7","","","1503.020102","MOBILIARIO DE OFICINA","R","S/M","S/M","S/T","CELESTE","S/S","S/D","","","","","","","","","","U","",""
"1491","2","","746483900066","SILLA GIRATORIA DE METAL","O/C N°000047-2013","07/02/2013","200.0","","","1503.020102","MOBILIARIO DE OFICINA","R","S/M","S/M","S/T","NEGRO","S/S","0.60X0.50X0.95","","","","","","","","","","U","",""
"1492","2","","746483900067","SILLA GIRATORIA DE METAL","O/C N°000047-2013","07/02/2013","200.0","","","1503.020102","MOBILIARIO DE OFICINA","R","S/M","S/M","S/T","CAFE","S/S","0.55X0.60X1.20","","","","","","","","","","U","",""
"1493","2","","746483900109","SILLA GIRATORIA DE METAL","O/C Nº 520-2013","24/07/2013","280.0","","","1503.020102","MOBILIARIO DE OFICINA","R","","","","NEGRO","","0.44X0.61X0.98","","","","","","","","","","U","",""
"1494","2","","746483900112","SILLA GIRATORIA DE METAL","O/C Nº 161-2013","12/04/2013","220.0","","","1503.020102","MOBILIARIO DE OFICINA","M","S/M","S/M","S/T","NEGRO","S/S","S/D","","","","","","","","","","U","",""
"1495","2","","746483900116","SILLA GIRATORIA DE METAL","O/C Nº 346-2013","13/06/2013","220.0","","","1503.020102","MOBILIARIO DE OFICINA","M","S/M","S/M","S/T","NEGRO","S/S","S/D","","","","","","","","","","D","",""
"1496","2","","746485260003","SILLA PLEGABLE DE METAL","SANEAR","31/12/2021","1.0","","","1503.020102","MOBILIARIO DE OFICINA","R","ZTKETO ZK-INDIA","S/M","S/T","ROJO","S/S","S/D","","","","","","","","","","U","",""
"1497","2","","746485260004","SILLA PLEGABLE DE METAL","SANEAR","31/12/2021","1.0","","","1503.020102","MOBILIARIO DE OFICINA","R","S/M","S/M","S/T","ROJO","S/S","S/D","","","","","","","","","","U","",""
"1498","2","","746489330015","SILLON GIRATORIO DE METAL","O/C N° 266-2015","08/09/2015","498.0","","","1503.020102","MOBILIARIO DE OFICINA","B","S/M","RECLINABLE","CROMADO","NEGRO","S/S","0.62X0.65X1.14","","","","","","","","","","U","",""
"1499","2","","746489330018","SILLON GIRATORIO DE METAL","O/C N° 266-2015","08/09/2015","498.0","","","1503.020102","MOBILIARIO DE OFICINA","M","S/M","S/M","CROMADO","NEGRO","S/S","0.50X0.46X0.95","","","","","","","","","","U","",""
"1500","2","","740895000103","TECLADO - KEYBOARD","SANEAR","09/11/2012","57.76","","","1503.020301","EQUIPOS COMPUTACIONALES Y PERIFERICOS","R","GENIUS","K639","S/T","NEGRO","S/S","S/D","","","","","","","","","","U","",""
"1501","2","","740895000107","TECLADO - KEYBOARD","O/C N° 000175-2013","19/04/2013","54.9","","","1503.020301","EQUIPOS COMPUTACIONALES Y PERIFERICOS","R","GENIUS","S/M","S/T","NEGRO","ZEC293002878","S/D","","","","","","","","","","U","",""
"1502","2","","740895000115","TECLADO - KEYBOARD","O/C Nº 000532-2013","23/07/2013","47.14","","","1503.020301","EQUIPOS COMPUTACIONALES Y PERIFERICOS","R","CYBERTEL","CYB K201","S/T","NEGRO","S/S","S/D","","","","","","","","","","U","",""
"1503","2","","740895000189","TECLADO - KEYBOARD","SANEAR","31/12/2021","1.0","","","1503.020301","EQUIPOS COMPUTACIONALES Y PERIFERICOS","M","DATAONE","DAT425C","S/T","NEGRO","S/S","S/D","","","","","","","","","","U","",""
"1504","2","","740895000199","TECLADO - KEYBOARD","SANEAR","31/12/2021","1.0","","","1503.020301","EQUIPOS COMPUTACIONALES Y PERIFERICOS","R","DATAONE","DAT-425C","S/T","NEGRO","S/S","S/D","","","","","","","","","","U","",""
"1505","2","","462299500013","TRANSFORMADOR (MAYOR A 1/8 UIT)","VERIFICAR","31/12/2021","1.0","","","1503.020904","ELECTRICIDAD Y ELECTRONICA","M","S/M","S/M","S/T","BLANCO","S/S","S/D","","","","","","","","","","U","",""
"1506","2","","740899500068","UNIDAD CENTRAL DE PROCESO - CPU","SANEAR","31/12/2021","1.0","","","1503.020301","EQUIPOS COMPUTACIONALES Y PERIFERICOS","R","ALTRON","S/M","S/T","PLOMO/NEGRO","S/S","S/D","","","","","","","","","","U","",""
"1507","2","","740899500095","UNIDAD CENTRAL DE PROCESO - CPU","O/C N° 301-2012","09/11/2012","3339.0","","","1503.020301","EQUIPOS COMPUTACIONALES Y PERIFERICOS","R","INTEL THERMALTE","CORE I7","S/T","NEGRO","WE27920C6853","S/D","","","","","","","","","","U","",""
"1508","2","","740899500108","UNIDAD CENTRAL DE PROCESO - CPU","O/C Nº 000532-2013","23/07/2013","2247.25","","","1503.020301","EQUIPOS COMPUTACIONALES Y PERIFERICOS","R","INTEL","CORE I7","S/T","NEGRO","S/S","S/D","","","","","","","","","","U","",""
"1509","2","","740899500147","UNIDAD CENTRAL DE PROCESO - CPU","O/C N° 495-2016","30/12/2016","3650.0","","","1503.020301","EQUIPOS COMPUTACIONALES Y PERIFERICOS","R","HALION","I 7","S/T","NEGRO","S/S","S/D","","","","","","","","","","U","",""
"1510","2","","670491990001","VEHICULO AEREO NO TRIPULADO - DRONE","O/C Nº 496","30/12/2016","9000.0","","","1503.0102","VEHICULOS PARA TRANSPORTE AEREO","M","PHANTOM","GL 300F","S/T","BLANCO","0AXDDBF-0A20637","S/D","","","","","","","","","","D","",""
"1511","2","","746498140001","VITRINA DE MADERA","SANEAR","31/12/2021","1.0","","","1503.020102","MOBILIARIO DE OFICINA","R","S/M","S/M","S/T","AMARILLO","S/S","0.20X0.80X0.95","","","","","","","","","","D","",""
"1512","37","","602230480004","DETERMINADOR DE DENSIDAD","O/C N° 000650-2013","05/09/2013","595.0","","","1503.020905","EQUIPOS E INSTRUMENTOS DE MEDICION","R","FORNEY","EB-30","","PLOMO/BLANCO","101","","","","","","","","","","","U","",""
"1513","37","","602231050002","DETERMINADOR DE HUMEDAD","O/C N° 000527-2013","23/07/2013","8300.0","","","1503.020905","EQUIPOS E INSTRUMENTOS DE MEDICION","R","BAUKER","SPEEDY","S/T","PLOMO","331","S/D","","","","","","","","","","U","",""
"1514","37","","740832000043","IMPRESORA (OTRAS)","O/C N° 359-2012","05/12/2012","659.0","","","1503.020301","EQUIPOS COMPUTACIONALES Y PERIFERICOS","R","EPSON","L350","INYECCION A TINTA","NEGRO","Q8DK001000","S/D","","","","","","","","","","U","",""
"1515","37","","675080890048","MEZCLADORA DE CONCRETO TIPO TROMPO","O/C N° 110-2012","29/05/2012","6593.0","","","1503.020999","MAQUINARIAS, EQUIPOS Y MOBILIARIOS DE OTRAS INSTALACIONES","M","DYNAMIC KOHLER","MDCP","S/T","AMARILLO","4110902958","S/D","","","","","","","","","","D","",""
"1516","37","","46436500091","MIRA TOPOGRAFICA","O/C Nº 424-2013","05/07/2013","138.0","","","1503.020501","MOBILIARIO DE USO AGRICOLA Y PESQUERO","R","S/M","S/M","S/T","BLANCO/ROJO","76132O9138","5 MTS","","","","","","","","","","U","",""
"1517","37","","678268000024","MOTOCICLETA","O/C N°182-2017","27/12/2017","4800.0","","","1503.0101","VEHICULOS PARA TRANSPORTE TERRESTRE","R","RONCO","X - PLORER 2005","S/T","NEGRO/BLANCO","LY4YCMLE8HOA41552","S/D","","163FML8H700347","LY4YCMLE8HOA41552","","2017","","","","","U","",""
"1518","37","","462261830008","GENERADOR (OTROS)","O/C Nº 240-2013","21/05/2013","6400.0","","","1503.020904","ELECTRICIDAD Y ELECTRONICA","R","HONDA","EG6500CXS","S/T","ROJO/NEGRO","GCAFH-0261554","S/D","","","","","","","","","","U","",""
"1519","37","","740832000088","IMPRESORA (OTRAS)","O/C Nº 0000451","29/12/2021","1350.0","","","1503.020301","EQUIPOS COMPUTACIONALES Y PERIFERICOS","B","EPSON","C634F","S/T","NEGRO","XAEY060641","S/D","","","","","","","","","","U","",""
"1520","37","","740841000033","IMPRESORA LASER","O/C Nº 0000451","29/12/2021","1350.0","","","1503.020301","EQUIPOS COMPUTACIONALES Y PERIFERICOS","B","KYOCERA","ECOSYS","S/T","BLANCO","MEMORIA: 1024 MB","S/D","","","","","","","","","","U","",""
"1521","37","","678268000023","MOTOCICLETA","O/C N°182-2017","27/12/2017","4800.0","","","1503.0101","VEHICULOS PARA TRANSPORTE TERRESTRE","R","RONCO","X - PLORER 2005","S/T","ROJO/BLANCO","LY4YCMLEGHOA41615","S/D","","163FML8H700310","LY4YCMLEGHOA41615","","2017","","","","","U","",""
"1522","37","","678268000028","MOTOCICLETA","O/C Nº 0000436","28/12/2021","16000.0","","","1503.0101","VEHICULOS PARA TRANSPORTE TERRESTRE","R","HERO","XPULSE 200","S/T","BLANCO/NEGRO","S/S","S/D","EW-9819","MC20ABLGM00639","MBLLDL020MGZ01239","","2021","SI TIENE FICHA","","","EW-9819","U","",""
"1523","37","","602255370005","MEDIDOR (OTROS)","SANEAR","31/12/2021","1.0","","","1503.020905","EQUIPOS E INSTRUMENTOS DE MEDICION","M","HP METER","S/M","S/T","ROJO","S/S","S/D","","","","","","","","","","U","",""
"1524","37","","952231860012","EQUIPO DE POSICIONAMIENTO - GPS","O/C N° 346-2015","18/11/2015","3150.0","","","1503.020303","EQUIPOS DE TELECOMUNICACIONES","B","GARMIN","MONTERRA","","NEGRO","2TG024568","","","","","","","","","","","U","",""
"1525","37","","746437120053","ESCRITORIO DE MADERA","SANEAR","31/12/2021","1.0","","","1503.020102","MOBILIARIO DE OFICINA","M","S/M","3 GAVETAS","S/T","BEIGE/NEGRO","S/S","0.58X0.40X1.30","","","","","","","","","","U","",""
"1526","37","","746494080006","TABURETE FIJO DE MADERA","SANEAR","31/12/2021","1.0","","","1503.020102","MOBILIARIO DE OFICINA","R","S/M","S/M","S/T","MADERA","S/S","0.29X0.30X0.64","","","","","","","","","","U","",""
"1527","37","","678202750002","AUTOHORMIGONERA","O/C N° 464-2012","27/12/2012","219000.0","","","1503.0101","VEHICULOS PARA TRANSPORTE TERRESTRE","R","AUSA","X1100RH","S/T","NARANJA/PLOMO","54268745","S/D","0","560","54268745/223113","","0","SI TIENE FICHA","","","","U","",""
"1528","37","","673616620013","COMPACTADOR VIBRATORIO TIPO PLANCHA","O/C N° 8-00145-2010","30/04/2010","4545.0","","","1503.020999","MAQUINARIAS, EQUIPOS Y MOBILIARIOS DE OTRAS INSTALACIONES","R","DYNAMIC KOHLER","DYNAMIC","S/T","NARANJA","PC-453-10/4012100079","S/D"," "," "," "," "," "," ","",""," ","U","",""
"1529","37","","462261830022","GENERADOR (OTROS)","O/C N° 00192-2021","14/05/2021","7900.0","","","1503.020904","ELECTRICIDAD Y ELECTRONICA","R","HONDA","EG-5000X","S/T","ROJO/NEGRO","20T24","S/D","","","","","","","","","","U","",""
"1530","37","","672275090003","MARTILLO DEMOLEDOR ELECTRICO","O/C N° 00113-2020","17/04/2020","7800.0","","","1503.020906","EQUIPOS PARA VEHICULOS","R","BOSCH","GSH-27VC","S/T","VERDE/PLOMO","3611C0A0E0902000203","S/D","","","","","","","","","","U","",""
"1531","37","","675080890051","MEZCLADORA DE CONCRETO TIPO TROMPO","O/C N° 110-2012","29/05/2012","6593.0","","","1503.020999","MAQUINARIAS, EQUIPOS Y MOBILIARIOS DE OTRAS INSTALACIONES","R","DYNAMIC KOHLER","MDCP/M12","S/T","AMARILLO","M11-551-12/420690039","S/D","","","","","","","","","","U","",""
"1532","37","","675080890079","MEZCLADORA DE CONCRETO TIPO TROMPO","O/C N° 28 ","26/02/2016","4600.0","","","1503.020999","MAQUINARIAS, EQUIPOS Y MOBILIARIOS DE OTRAS INSTALACIONES","M","S/M","S/M","S/T","ANARANJADO","S/S","S/D","","","","","","","","","","D","",""
"1533","37","","46436500049","MIRA TOPOGRAFICA","O/C N° 43-2011","20/04/2011","2674.86","","","1503.020501","MOBILIARIO DE USO AGRICOLA Y PESQUERO","R","KOLIDA","AGR5","5 MTS","PLOMO","S/S","S/D","","","","","","","","","","U","",""
"1534","37","","678268000019","MOTOCICLETA","SANEAR","31/12/2021","1.0","","","1503.0101","VEHICULOS PARA TRANSPORTE TERRESTRE","R","HONDA","XR-150","S/T","BLANCO","S/S","S/D","","","0LTMKD0790FS1041790","","0","","","","","U","",""
"1535","37","","602264990032","NIVEL TOPOGRAFICO","O/C N° 312-2013","10/06/2013","933.0","","","1503.020905","EQUIPOS E INSTRUMENTOS DE MEDICION","R","LEICA","NA728","S/T","ROJO","5653120","S/D","","","","","","","","","","U","",""
"1536","37","","602273050025","PRISMA CIRCULAR","O/C N° 377-2015","23/11/2015","520.0","","","1503.020905","EQUIPOS E INSTRUMENTOS DE MEDICION","R","LEICA","GPR 111","S/T","ROJO","16180902","S/D","","","","","","","","","","U","",""
"1537","37","","602289320009","TEODOLITO ELECTRONICO","O/C Nº 424-2013","05/07/2013","3435.0","","","1503.020905","EQUIPOS E INSTRUMENTOS DE MEDICION","R","CTS BERGER","DGT2","S/T","AMARILLO","127296","S/D","","","","","","","","","","U","",""
"1538","37","","676478660011","TRIPODE METALICO","O/C Nº 3-00048","22/07/2009","1074.83","","","1503.020102","MOBILIARIO DE OFICINA","R","S/M","S/M","S/T","PLOMO/AMARILLO","S/S","S/D","","","","","","","","","","U","",""
"1539","37","","746440330003","ESTANTE ARCHIVADOR DE MELAMINA","O/C Nº 283-2015","23/09/2015","730.0","","","1503.020102","MOBILIARIO DE OFICINA","R","S/M","5 NIVELES","S/T","CAOBA/NEGRO","S/S","0.30X0.90X1.90","","","","","","","","","","U","",""
"1540","37","","740832000090","IMPRESORA (OTRAS)","O/C Nº 0000112-2022","22/02/2022","1250.0","","","1503.020301","EQUIPOS COMPUTACIONALES Y PERIFERICOS","B","EPSON","L4260","S/T","NEGRO","XAEY011607","S/D","","","","","","C634F","","","","U","",""
"1541","37","","740832000091","IMPRESORA (OTRAS)","O/C Nº 0000112-2022","22/02/2022","1250.0","","","1503.020301","EQUIPOS COMPUTACIONALES Y PERIFERICOS","B","EPSON","L4260","S/T","NEGRO","XAEY010182","S/D","","","","","","","","","","U","",""
"1542","37","","602292810001","TERMOMETRO INFRARROJO","O/C N° 00117","19/03/2021","195.9","","","1503.020402","EQUIPO MEDICO","R","FAMIDOC","FDIR-V22/IR122","S/T","BLANCO","S/S","S/D","","","","","","","","","","U","",""
"1543","37","","602292810004","TERMOMETRO INFRARROJO","O/C Nº 00140","07/03/2022","138.0","","","1503.020402","EQUIPO MEDICO","R","YUWELL","YT-1","S/T","BLANCO","S/S","S/D","","","","","","","","","","U","",""
"1544","23","","462200500021","ACUMULADOR DE ENERGIA - EQUIPO DE UPS","O/C Nº 000532-2013","23/07/2013","56.57","","","1503.020904","ELECTRICIDAD Y ELECTRONICA","R","APC RS 550","S/M","S/T","NEGRO","130312-1020446","S/D","","","","","","","","","","U","",""
"1545","23","","746405920010","ARMARIO DE MADERA","SANEAR","31/12/2021","1.0","","","1503.020102","MOBILIARIO DE OFICINA","R","S/M","4 NIVELES","S/T","CAFE","S/S","0.54X0.87X1.60","","","","","","","","","","U","",""
"1546","23","","746437790031","ESCRITORIO DE METAL","SANEAR","31/12/2021","1.0","","","1503.020102","MOBILIARIO DE OFICINA","R","S/M","7 GAVETAS","S/T","PLOMO","S/S","0.80X1.80X0.74","","","","","","","","","","U","",""
"1547","23","","462252150053","ESTABILIZADOR","O/C N° 00239-2011","09/08/2011","60.08","","","1503.020904","ELECTRICIDAD Y ELECTRONICA","R","AVR OUTLETS","S/M","S/T","NEGRO","S/S","S/D","","","","","","","","","","U","",""
"1548","23","","746441180017","ESTANTE DE MADERA","O/C N° 8-00251-2010","08/03/2010","530.0","","","1503.020102","MOBILIARIO DE OFICINA","R","S/M","2 PUERTAS","S/T","CAFE","S/S","0.40X0.80X1.80"," "," "," "," "," "," ","",""," ","U","",""
"1549","23","","746441180020","ESTANTE DE MADERA","SANEAR","31/12/2021","1.0","","","1503.020102","MOBILIARIO DE OFICINA","R","S/M","3 DIVISIONES","S/T","NATURAL","S/S","0.40X0.84X1.22","","","","","","","","","","U","",""
"1550","23","","322239390002","ESTUFA ELECTRICA","SANEAR","31/12/2021","1.0","","","1503.020902","ASEO, LIMPIEZA Y COCINA","M","IMACO","05RFR7AC","S/T","BLANCO","211241","S/D","","","","","","","","","","D","",""
"1551","23","","740832000047","IMPRESORA (OTRAS)","O/C N° 108-2013","03/08/2013","1050.0","","","1503.020301","EQUIPOS COMPUTACIONALES Y PERIFERICOS","R","HP","M1536DNFM","LASERJET","NEGRO","CNF9DCXF9C","S/D","","","","","","","","","","U","",""
"1552","23","","740841000017","IMPRESORA LASER","O/C N° 000762-2013","07/11/2013","383.54","","","1503.020301","EQUIPOS COMPUTACIONALES Y PERIFERICOS","R","HP","CE658A","S/T","NEGRO","BRBSF7MMPP","S/D","","","","","","","","","","U","",""
"1553","23","","740872500010","MODEM EXTERNO","SANEAR","31/12/2021","1.0","","","1503.020301","EQUIPOS COMPUTACIONALES Y PERIFERICOS","B","TP - LINK","TDW8960N","S/T","AZUL/PLOMO","4597306034","S/D","","","","","","","","","","D","",""
"1554","23","","746460850009","MODULO DE MADERA PARA MICROCOMPUTADORA","O/C N° 072-1995","30/03/1995","345.0","","","1503.020102","MOBILIARIO DE OFICINA","R","S/M","S/M","S/T","ROBLE CLARO","S/S","0.64X1.24X0.83","","","","","","","","","","U","",""
"1555","23","","746461240005","MODULO DE MELAMINA PARA COMPUTADORA","O/C Nº 346-2013","13/06/2013","340.0","","","1503.020102","MOBILIARIO DE OFICINA","B","S/M","S/M","S/T","CEDRO/CAFE","S/S","0.54X1.08X1.80","","","","","","","","","","U","",""
"1556","23","","952258120008","MONITOR (OTROS)","O/C N° 3-00060-2009","10/08/2009","766.15","","","1503.020303","EQUIPOS DE TELECOMUNICACIONES","M","LG","S/M","S/T","NEGRO","904MBRFGQ582","S/D","","","","","","","","","","D","",""
"1557","23","","952258120034","MONITOR (OTROS)","O/C N° 9-00084-2010","14/07/2010","507.6","","","1503.020303","EQUIPOS DE TELECOMUNICACIONES","R","LG","S/M","S/T","NEGRO","003UXPH4H376","S/D","","","","","","","","","","U","",""
"1558","23","","952260580008","PARLANTES EN GENERAL (MAYOR A 1/8 UIT)","O/C N° 375 -2003","30/12/2003","31.42","","","1503.020303","EQUIPOS DE TELECOMUNICACIONES","R","MICRONICS","CYBS213","S/T","NEGRO","S/S","S/D","","","","","","","","","","U","",""
"1559","23","","952260580056","PARLANTES EN GENERAL (MAYOR A 1/8 UIT)","O/C Nº 000532-2013","23/07/2013","37.72","","","1503.020303","EQUIPOS DE TELECOMUNICACIONES","R","CYBERTEL","C Y B","S/T","NEGRO","2497","S/D","","","","","","","","","","U","",""
"1560","23","","746473050005","PIZARRA ACRILICA","O/C N° 172-1993","26/11/1993","80.0","","","1503.020102","MOBILIARIO DE OFICINA","R","S/M","S/M","S/T","BLANCO","S/S","0.80X1.20","","","","","","","","","","U","",""
"1561","23","","746481190021","SILLA FIJA DE MADERA","O/C N° 318-1995","30/06/1995","65.0","","","1503.020102","MOBILIARIO DE OFICINA","M","S/M","TAPIZ COROFAN","S/T","CAFE","S/S","0.43X0.43X0.85","","","","","","","","","","D","",""
"1562","23","","746481190039","SILLA FIJA DE MADERA","O/C N°  295-2012","06/11/2012","94.5","","","1503.020102","MOBILIARIO DE OFICINA","M","S/M","MADERA","S/T","CAFE","S/S","0.42X0.42X0.85","","","","","","","","","","D","",""
"1563","23","","746481870037","SILLA FIJA DE METAL","SANEAR","31/12/2021","1.0","","","1503.020102","MOBILIARIO DE OFICINA","R","S/M","S/M","S/T","NEGRO","S/S","0.38X0.40X0.84","","","","","","","","","","U","",""
"1564","23","","746482550001","SILLA FIJA DE OTRO MATERIAL","SANEAR","31/12/2021","1.0","","","1503.020102","MOBILIARIO DE OFICINA","R","POLIN PLAST SIN","PLASTICO","S/T","BLANCO","S/S","0.54X0.64X0.84","","","","","","","","","","U","",""
"1565","23","","746483900023","SILLA GIRATORIA DE METAL","O/C N° 310-2012","15/11/2012","180.0","","","1503.020102","MOBILIARIO DE OFICINA","R","S/M","S/M","S/T","NEGRO","S/S","0.68X0.85X1.00","","","","","","","","","","U","",""
"1566","23","","746487970005","SILLON FIJO DE METAL","SANEAR","31/12/2021","1.0","","","1503.020102","MOBILIARIO DE OFICINA","R","S/M","S/M","S/T","NEGRO","S/S","0.64X0.50X1.84","","","","","","","","","","U","",""
"1567","23","","746489330025","SILLON GIRATORIO DE METAL","O/C N° 30-2016","04/03/2016","510.0","","","1503.020102","MOBILIARIO DE OFICINA","R","S/M","S/M","S/T","NEGRO","S/S","0.58X0.60X1.10","","","","","","","","","","U","",""
"1568","23","","740895000081","TECLADO - KEYBOARD","O/C N° 3-00060-2009","10/08/2009","41.08","","","1503.020301","EQUIPOS COMPUTACIONALES Y PERIFERICOS","R","GENIUS","GK-10011","S/T","NEGRO","WE150WD37783","S/D","","","","","","","","","","U","",""
"1569","23","","740895000114","TECLADO - KEYBOARD","O/C Nº 000532-2013","23/07/2013","47.14","","","1503.020301","EQUIPOS COMPUTACIONALES Y PERIFERICOS","R","CYBERTEL","CBYT100","S/T","PLOMO","S/S","S/D","","","","","","","","","","U","",""
"1570","23","","952282870015","TELEFONO","SANEAR","31/12/2021","1.0","","","1503.020303","EQUIPOS DE TELECOMUNICACIONES","M","CLARO","ITC-6009","S/T","BLANCO","TF12092000149","S/D","","","","","","","","","","D","",""
"1571","23","","740899500094","UNIDAD CENTRAL DE PROCESO - CPU","O/C N° 301-2012","09/11/2012","3339.0","","","1503.020301","EQUIPOS COMPUTACIONALES Y PERIFERICOS","R","INTEL THERMALTE","CORE I7","S/T","NEGRO","S/S","S/D","","","","","","","","","","U","",""
"1572","23","","740899500107","UNIDAD CENTRAL DE PROCESO - CPU","O/C Nº 000532-2013","23/07/2013","2247.25","","","1503.020301","EQUIPOS COMPUTACIONALES Y PERIFERICOS","R","INTEL CYBERTEL","CORE I7","S/T","NEGRO","S/S","S/D","","","","","","","","","","U","",""
"1573","24","","746405920002","ARMARIO DE MADERA","SANEAR","31/12/2021","1.0","","","1503.020102","MOBILIARIO DE OFICINA","R","S/M","3 NIVELES 3GAVE","S/T","CAOBA","S/S","0.40X0.59X1.07","","","","","","","","","","U","",""
"1574","24","","746405920006","ARMARIO DE MADERA","O/C N° 8-00053-2010","16/04/2010","450.0","","","1503.020102","MOBILIARIO DE OFICINA","R","S/M","5 NIVELES 2PUER","S/T","CAOBA/NEGRO","S/S","0.40X0.80X1.80","","","","","","","","","MELAMINA","U","",""
"1575","24","","112204460001","CALEFACTOR","O/C N° 6-00070-2010","26/07/2010","320.0","","","1503.020901","AIRE ACONDICIONADO Y REFRIGERACION","M","IMACO","CFR7A0","S/T","BLANCO","7.76E+12","S/D","","","","","","","","","","U","",""
"1576","24","","740805000006","COMPUTADORA PERSONAL PORTATIL","O/C N° 3-00057-2009","08/10/2009","3120.0","","","1503.020301","EQUIPOS COMPUTACIONALES Y PERIFERICOS","M","HP","DV6","S/T","NEGRO","4CA9133YSO","S/D","","","","","","","","","","U","",""
"1577","24","","672238180005","ENGRAPADORA DE TENAZA NEUMATICA","O/C N° 233-2012","09/04/2012","288.0","","","1503.020906","EQUIPOS PARA VEHICULOS","M","KW-TRIO","5000","S/T","PLOMO/NEGRO","S/S","S/D","","","","","","","","","","U","",""
"1578","24","","742223580025","EQUIPO MULTIFUNCIONAL COPIADORA IMPRESORA SCANNER Y/O FAX","O/C Nº 295-2015","29/09/2015","1120.0","","","1503.020101","MAQUINAS Y EQUIPOS DE OFICINA","M","EPSON","L565","S/T","NEGRO","VJFY004796","S/D","","","","","","","","","","U","",""
"1579","24","","746437120045","ESCRITORIO DE MADERA","O/C N° 8-00053-2010","16/04/2010","370.0","","","1503.020102","MOBILIARIO DE OFICINA","R","S/M","3 GAVETAS","S/T","BEIGE","S/S","0.66X1.24X0.78","","","","","","","","","","U","",""
"1580","24","","746437450009","ESCRITORIO DE MELAMINA","O/C N° 00570-2011","29/12/2011","1460.0","","","1503.020102","MOBILIARIO DE OFICINA","R","S/M","GERENCIAL","S/T","NEGRO/AMARILLO","S/S","2.07X0.51X0.76","","","","","","","","","","U","",""
"1581","24","","462252150031","ESTABILIZADOR","O/C N° 0101-2008","24/09/2008","105.0","","","1503.020904","ELECTRICIDAD Y ELECTRONICA","R","ALTRON","S/M","S/T","NEGRO","S/S","S/D","","","","","","","","","","U","",""
"1582","24","","462252150105","ESTABILIZADOR","SANEAR","31/12/2021","1.0","","","1503.020904","ELECTRICIDAD Y ELECTRONICA","R","VOLT SYSTEM","6 ENTRADAS","S/T","NEGRO","S/S","S/D","","","","","","","","","","U","",""
"1583","24","","746441520002","ESTANTE DE MELAMINA","O/C Nº 520-2013","24/07/2013","2300.0","","","1503.020102","MOBILIARIO DE OFICINA","R","S/M","3 PUERTAS","S/T","CAFE CEDRO","S/S","0.38X0.80X2.00","","","","","","","","","","U","",""
"1584","24","","882225250006","EXTINTOR","O/C N° 150-2015","06/07/2015","128.0","","","1503.020903","SEGURIDAD INDUSTRIAL","R","PQS KAZO","S/M","S/T","ROJO","S/S","S/D","","","","","","","","","","U","",""
"1585","24","","742227260011","FOTOCOPIADORA EN GENERAL","O/C N° 227-2016","23/08/2016","3150.0","","","1503.020101","MAQUINAS Y EQUIPOS DE OFICINA","R","KONICA MINOLTA","BZ 283","S/T","BLANCO/PLOMO","AIUF011101488","S/D","","","","","","","","","","U","",""
"1586","24","","740832000050","IMPRESORA (OTRAS)","O/C N° 000762-2013","07/11/2013","383.54","","","1503.020301","EQUIPOS COMPUTACIONALES Y PERIFERICOS","R","HP","CE658A","S/T","NEGRO","BRBSF7MMQT","S/D","","","","","","","","","","U","",""
"1587","24","","740836500031","IMPRESORA A INYECCION DE TINTA","O/C N° 213-2016","12/08/2016","1239.0","","","1503.020301","EQUIPOS COMPUTACIONALES Y PERIFERICOS","R","EPSON","L575","MULTIFUNCIONAL","NEGRO","W9AY014959","S/D","","","","","","","","","","U","",""
"1588","24","","746448420001","MESA (OTRAS)","O/C Nº 520-2013","24/07/2013","1980.0","","","1503.020102","MOBILIARIO DE OFICINA","R","S/M","GERENCIAL /2GVT","S/T","CAFE CEDRO","S/S","0.77X1.80X0.90","","","","","","","","","","U","",""
"1589","24","","746449320012","MESA DE MADERA","SANEAR","31/12/2021","1.0","","","1503.020102","MOBILIARIO DE OFICINA","R","S/M","S/M","S/T","CAOBA","S/S","0.63X0.68X0.84","","","","","","","","","","U","",""
"1590","24","","746449320013","MESA DE MADERA","SANEAR","31/12/2021","1.0","","","1503.020102","MOBILIARIO DE OFICINA","R","S/M","S/M","S/T","CAOBA","S/S","0.35X0.85X0.44","","","","","","","","","","U","",""
"1591","24","","746452030001","MESA DE REUNIONES","O/C Nº 520-2013","24/07/2013","2900.0","","","1503.020102","MOBILIARIO DE OFICINA","R","S/M","S/M","S/T","MADERA","S/S","1.20X3.00X7","","","","","","","","","","U","",""
"1592","24","","746456100001","MESITA DE MADERA PARA TELEFONO","O/C Nª 5","30/01/1997","90.0","","","1503.020102","MOBILIARIO DE OFICINA","R","S/M","2 NIVELES","S/T","MADERA","S/S","0.42X0.49X0.65","","","","","","","","","","U","",""
"1593","24","","746456160001","MESITA DE MELAMINA","SANEAR","31/12/2021","1.0","","","1503.020102","MOBILIARIO DE OFICINA","R","S/M","2 NIVELES","S/T","CAOBA","S/S","0.43X0.76X0.65","","","","","","","","","","U","",""
"1594","24","","740872500009","MODEM EXTERNO","SANEAR","31/12/2021","1.0","","","1503.020301","EQUIPOS COMPUTACIONALES Y PERIFERICOS","M","MITRASTAR","DSL-2401HY2-E1C","S/T","BLANCO/PLOMO/GS","84AA9C751BD","S/D","","","","","","","","","","U","",""
"1595","24","","740872500011","MODEM EXTERNO","SANEAR","31/12/2021","1.0","","","1503.020301","EQUIPOS COMPUTACIONALES Y PERIFERICOS","M","ARIS","TN6086","S/T","NEGRO","F27BWPCDG901682","S/D","","","","","","","","","","U","",""
"1596","24","","746460850019","MODULO DE MADERA PARA MICROCOMPUTADORA","O/C N° 008-1996 ","29/01/1996","212.4","","","1503.020102","MOBILIARIO DE OFICINA","R","S/M","3 GAVETAS","S/T","CAOBA","S/S","0.66X1.25X0.75","","","","","","","","","","U","",""
"1597","24","","952258120075","MONITOR (OTROS)","SANEAR","31/12/2021","1.0","","","1503.020303","EQUIPOS DE TELECOMUNICACIONES","B","SAMGUNG","SF350","S/T","NEGRO","ZZSXH4ZH800419L","S/D","","","","","","","","","","U","",""
"1598","24","","952260580007","PARLANTES EN GENERAL (MAYOR A 1/8 UIT)","O/C N° 015-C-2004","11/08/2004","37.8","","","1503.020303","EQUIPOS DE TELECOMUNICACIONES","R","MICRONICS","S/M","S/T","NEGRO","S/S","S/D","","","","","","","","","","U","",""
"1599","24","","746473050001","PIZARRA ACRILICA","O/C N° 093-2005","30/05/2005","110.0","","","1503.020102","MOBILIARIO DE OFICINA","R","S/M","S/M","S/T","BLANCO","S/S","1.20X2.17","","","","","","","","","","U","",""
"1600","24","","952266440004","PROYECTOR","O/C N° 130-2011","21/06/2011","1900.0","","","1503.020303","EQUIPOS DE TELECOMUNICACIONES","M","EPSON","POWERLITE S10 H369A","S/T","NEGRO","NE6F09V013L","S/D","","","","","","","","","","U","",""
"1601","24","","952275360005","RUTEADOR DE RED - ROUTER","SANEAR","31/12/2021","1.0","","","1503.020303","EQUIPOS DE TELECOMUNICACIONES","R","TP LINK","TL-SF1016D","S/T","NEGRO","13CA7103437","S/D","","","","","","","","","","U","",""
"1602","24","","952275360006","RUTEADOR DE RED - ROUTER","SANEAR","31/12/2021","1.0","","","1503.020303","EQUIPOS DE TELECOMUNICACIONES","M","TP LINK","TL-SC 1016D","","BLANCO","2.16E+12","","","","","","","","","","","U","",""
"1603","24","","746481190004","SILLA FIJA DE MADERA","O/C N° 1016-1995","29/12/1995","65.0","","","1503.020102","MOBILIARIO DE OFICINA","R","S/M","TAPIZ","S/T","CAFÉ","S/S","0.45X0.47X0.85","","","","","","","","","","U","",""
"1604","24","","746481190031","SILLA FIJA DE MADERA","O/C N° 294-2012","06/11/2012","94.0","","","1503.020102","MOBILIARIO DE OFICINA","R","S/M","S/M","S/T","CAOBA","S/S","0.41X0.42X0.84","","","","","","","","","","U","",""
"1605","24","","746481190033","SILLA FIJA DE MADERA","O/C N° 294-2012","06/11/2012","94.0","","","1503.020102","MOBILIARIO DE OFICINA","R","S/M","S/M","S/T","CAOBA","S/S","0.45X0.47X0.85","","","","","","","","","","U","",""
"1606","24","","746481190109","SILLA FIJA DE MADERA","SANEAR","31/12/2021","1.0","","","1503.020102","MOBILIARIO DE OFICINA","R","S/M","S/M","S/T","CAOBA","S/S","0.45X0.47X0.85","","","","","","","","","","U","",""
"1607","24","","746481190137","SILLA FIJA DE MADERA","O/C N° 153-2012","04/07/2012","97.0","","","1503.020102","MOBILIARIO DE OFICINA","R","S/M","S/M","TAPIZADA","CAOBA","S/S","0.45X0.47X0.85","","","","","","","","","","U","",""
"1608","24","","746481190138","SILLA FIJA DE MADERA","O/C N° 153-2012","04/07/2012","97.0","","","1503.020102","MOBILIARIO DE OFICINA","R","S/M","TAPIZ TELA","TAPIZADA","CAOBA","S/S","0.45X0.47X0.85","","","","","","","","","","U","",""
"1609","24","","746483900011","SILLA GIRATORIA DE METAL","O/C N°143-2014","07/07/2014","370.0","","","1503.020102","MOBILIARIO DE OFICINA","M","MONTHY","TAPIZ MARROQUIN","S/T","NEGRO","S/S","0.60X0.56X0.93","","","","","","","","","","U","",""
"1610","24","","746483900012","SILLA GIRATORIA DE METAL","O/C N°143-2014","07/07/2014","370.0","","","1503.020102","MOBILIARIO DE OFICINA","R","MONTHY","TAPIZ MARROQUIN","S/T","NEGRO","S/S","0.60X0.56X0.93","","","","","","","","","","U","",""
"1611","24","","746483900013","SILLA GIRATORIA DE METAL","O/C N°143-2014","07/07/2014","370.0","","","1503.020102","MOBILIARIO DE OFICINA","R","MONTHY","TAPIZ MARROQUIN","S/T","NEGRO","S/S","0.60X0.56X0.93","","","","","","","","","","U","",""
"1612","24","","746483900014","SILLA GIRATORIA DE METAL","O/C N°143-2014","07/07/2014","370.0","","","1503.020102","MOBILIARIO DE OFICINA","R","MONTHY","TAPIZ MARROQUIN","S/T","NEGRO","S/S","0.60X0.56X0.93","","","","","","","","","","U","",""
"1613","24","","746483900015","SILLA GIRATORIA DE METAL","O/C N°00144-2014","07/07/2014","370.0","","","1503.020102","MOBILIARIO DE OFICINA","M","MONTHY","TAPIZ MARROQUIN","S/T","NEGRO","S/S","0.57X0.50X0.93","","","","","","","","","","U","",""
"1614","24","","746483900016","SILLA GIRATORIA DE METAL","O/C N°00144-2014","07/07/2014","370.0","","","1503.020102","MOBILIARIO DE OFICINA","M","MONTHY","TAPIZ MARROQUIN","S/T","NEGRO","S/S","0.57X0.50X0.93","","","","","","","","","","U","",""
"1615","24","","746483900017","SILLA GIRATORIA DE METAL","O/C N°00144-2014","07/07/2014","370.0","","","1503.020102","MOBILIARIO DE OFICINA","R","MONTHY","TAPIZ MARROQUIN","S/T","NEGRO","S/S","0.57X0.50X0.93","","","","","","","","","","U","",""
"1616","24","","746483900018","SILLA GIRATORIA DE METAL","O/C N°00144-2014","","370.0","","","1503.020102","MOBILIARIO DE OFICINA","M","MONTHY","TAPIZ MARROQUIN","S/T","NEGRO","S/S","0.57X0.50X0.93","","","","","","","","","","U","",""
"1617","24","","746483900053","SILLA GIRATORIA DE METAL","O/C N° 310-2012","15/11/2012","180.0","","","1503.020102","MOBILIARIO DE OFICINA","R","MONTHY","TAPIZ MARROQUIN","S/T","NEGRO","S/S","0.57X0.50X0.93","","","","","","","","","","U","",""
"1618","24","","746483900055","SILLA GIRATORIA DE METAL","O/C N° 310-2012","15/11/2012","180.0","","","1503.020102","MOBILIARIO DE OFICINA","M","MONTHY","TAPIZ MARROQUIN","S/T","NEGRO","S/S","0.57X0.50X0.93","","","","","","","","","","U","",""
"1619","24","","746483900093","SILLA GIRATORIA DE METAL","O/C N°000047-2013","07/02/2013","200.0","","","1503.020102","MOBILIARIO DE OFICINA","R","MONTHY","TAPIZ MARROQUIN","S/T","NEGRO","S/S","0.44X0.62X0.99","","","","","","","","","","U","",""
"1620","24","","746487970012","SILLON FIJO DE METAL","O/C N° 318-1995","30/06/1995","290.0","","","1503.020102","MOBILIARIO DE OFICINA","R","S/M","TAPIZ TELA","S/T","BEIG CLARO","S/S","0.47X1.50X0.88","","","","","","","","","BANCA DE ASIENTOS MULTIPLES","U","",""
"1621","24","","746487970013","SILLON FIJO DE METAL","SANEAR","31/12/2021","1.0","","","1503.020102","MOBILIARIO DE OFICINA","R","S/M","TAPIZ TELA","S/T","BEIG CLARO","S/S","0.47X1.50X0.88","","","","","","","","","BANCA DE ASIENTOS MULTIPLES","U","",""
"1622","24","","746488310012","SILLON GIRATORIO (OTROS)","O/C Nº 520-2013","24/07/2013","600.0","","","1503.020102","MOBILIARIO DE OFICINA","R","S/M","S/M","S/T","CAFE","S/S","0.57X0.67X1.15","","","","","","","","","","U","",""
"1623","24","","462289810001","SUPRESOR DE VOLTAJE TRANSITORIO - TVSS","SANEAR","31/12/2021","1.0","","","1503.020904","ELECTRICIDAD Y ELECTRONICA","R","OPALUX","6 PUERTOS","S/T","NEGRO/NARANJA","S/S","S/D","","","","","","","","","","U","",""
"1624","24","","740895000160","TECLADO - KEYBOARD","O/C N° 166-2015","10/07/2015","71.0","","","1503.020301","EQUIPOS COMPUTACIONALES Y PERIFERICOS","R","LOGITECH","S/M","S/T","NEGRO","S/S","S/D","","","","","","","","","","U","",""
"1625","24","","952282870032","TELEFONO","SANEAR","31/12/2021","1.0","","","1503.020303","EQUIPOS DE TELECOMUNICACIONES","M","CID","ITCG-009","S/T","BLANCO","20150810629","S/D","","","","","","","","","","D","",""
"1626","24","","952282870033","TELEFONO","SANEAR","31/12/2021","1.0","","","1503.020303","EQUIPOS DE TELECOMUNICACIONES","M","MOVISTAR","QUALT E429QU CLIP PHONE","S/T","NEGRO","10401500172","S/D","","","","","","","","","","D","",""
"1627","24","","952285140001","TELEVISOR A COLORES","SANEAR","31/12/2021","1.0","","","1503.020303","EQUIPOS DE TELECOMUNICACIONES","M","SONY","K1321R0C","S/T","NEGRO","S/S","S/D","","","","","","","","","","D","",""
"1628","24","","322292280001","TERMO HERVIDOR ELECTRICO","SANEAR","31/12/2021","1.0","","","1503.020902","ASEO, LIMPIEZA Y COCINA","M","VISIONEER","3L.","S/T","PLATA NEGRO","S/S","S/D","","","","","","","","","","U","",""
"1629","24","","952291370001","TV LCD DIGITAL PORTATIL","O/C N° 483-2016","29/12/2016","3500.0","","","1503.020303","EQUIPOS DE TELECOMUNICACIONES","R","SAMSUNG","UN60J6300AGXPE","TV LED SMART CINEMA","NEGRO","044M3CDH900204V","S/D","","","","","","","","","","U","",""
"1630","24","","740899500150","UNIDAD CENTRAL DE PROCESO - CPU","O/C N° 495-2016","30/12/2016","2800.0","","","1503.020301","EQUIPOS COMPUTACIONALES Y PERIFERICOS","B","HALION","I 5","S/T","NEGRO","64 BITS","S/D","","","","","","","","","","U","",""
"1631","24","","112283660001","VENTILADOR ELECTRICO PARA PARED","SANEAR","31/12/2021","1.0","","","1503.020901","AIRE ACONDICIONADO Y REFRIGERACION","M","CKRYSANTHEMUN","S/M","S/T","VERDE","S/S","S/D","","","","","","","","","","U","",""
"1632","38","","952213350002","CAJA ACUSTICA","SANEAR","31/12/2021","1.0","","","1503.020303","EQUIPOS DE TELECOMUNICACIONES","M","HARMAN","","","PLOMO","0.20X0.37X0.65","","","","","","","","","","","U","",""
"1633","38","","952213350003","CAJA ACUSTICA","SANEAR","31/12/2021","1.0","","","1503.020303","EQUIPOS DE TELECOMUNICACIONES","R","HARMAN","","","PLOMO","0.40X0.40X0.70","","","","","","","","","","","U","",""
"1634","38","","952213350004","CAJA ACUSTICA","SANEAR","11/03/2004","157.0","","","1503.020303","EQUIPOS DE TELECOMUNICACIONES","M","HARMAN","","","PLOMO","4953","","","","","","","","","","","U","",""
"1635","38","","532222990007","CONCENTRADOR DE OXIGENO","SANEAR","31/12/2021","1.0","","","1503.020402","EQUIPO MEDICO","M","","","","","","","","","","","","","","","","U","",""
"1636","38","","602230480014","DETERMINADOR DE DENSIDAD","SANEAR","31/12/2021","1.0","","","1503.020905","EQUIPOS E INSTRUMENTOS DE MEDICION","R","ORION","","","BLANCO/PLATA","","","","","","","","","","","","U","",""
"1637","38","","742223580027","EQUIPO MULTIFUNCIONAL COPIADORA IMPRESORA SCANNER Y/O FAX","SANEAR","31/12/2021","1.0","","","1503.020101","MAQUINAS Y EQUIPOS DE OFICINA","B","EPSON","L565","","NEGRO","S4XY068584","","","","","","","","","","","U","",""
"1638","38","","742223580034","EQUIPO MULTIFUNCIONAL COPIADORA IMPRESORA SCANNER Y/O FAX","SANEAR","31/12/2021","1.0","","","1503.020101","MAQUINAS Y EQUIPOS DE OFICINA","R","","","","","","","","","","","","","","","","U","",""
"1639","38","","746441180031","ESTANTE DE MADERA","SANEAR","31/12/2021","1.0","","","1503.020102","MOBILIARIO DE OFICINA","R","","4 NIVELES","","CAFE","","","","","","","","","","","","U","",""
"1640","38","","746441180032","ESTANTE DE MADERA","SANEAR","31/12/2021","1.0","","","1503.020102","MOBILIARIO DE OFICINA","R","","4 NIVELES","","CAFE","","","","","","","","","","","","U","",""
"1641","38","","746441180033","ESTANTE DE MADERA","SANEAR","31/12/2021","1.0","","","1503.020102","MOBILIARIO DE OFICINA","R","","5 NIVELES","","CAFE","","","","","","","","","","","","U","",""
"1642","38","","746441180034","ESTANTE DE MADERA","SANEAR","31/12/2021","1.0","","","1503.020102","MOBILIARIO DE OFICINA","R","","5 NIVELES","","CAFE","","","","","","","","","","","","U","",""
"1643","38","","746441180035","ESTANTE DE MADERA","SANEAR","31/12/2021","1.0","","","1503.020102","MOBILIARIO DE OFICINA","R","","5 NIVELES","","CAFE","","","","","","","","","","","","U","",""
"1644","38","","746441180036","ESTANTE DE MADERA","SANEAR","31/12/2021","1.0","","","1503.020102","MOBILIARIO DE OFICINA","R","","5 NIVELES","","CAFE","","","","","","","","","","","","U","",""
"1645","38","","746441180037","ESTANTE DE MADERA","SANEAR","31/12/2021","1.0","","","1503.020102","MOBILIARIO DE OFICINA","R","","5 NIVELES","","CAFE","","","","","","","","","","","","U","",""
"1646","38","","746441180038","ESTANTE DE MADERA","SANEAR","31/12/2021","1.0","","","1503.020102","MOBILIARIO DE OFICINA","R","","5 NIVELES","","CAFE","","","","","","","","","","","","U","",""
"1647","38","","746441180039","ESTANTE DE MADERA","SANEAR","31/12/2021","1.0","","","1503.020102","MOBILIARIO DE OFICINA","R","","5 NIVELES","","CAFE","","","","","","","","","","","","U","",""
"1648","38","","746441180046","ESTANTE DE MADERA","SANEAR","31/12/2021","1.0","","","1503.020102","MOBILIARIO DE OFICINA","R","","","","","","","","","","","","","","","","U","",""
"1649","38","","746441180047","ESTANTE DE MADERA","SANEAR","31/12/2021","1.0","","","1503.020102","MOBILIARIO DE OFICINA","R","","","","","","","","","","","","","","","","U","",""
"1650","38","","746441860062","ESTANTE DE METAL","SANEAR","31/12/2021","1.0","","","1503.020102","MOBILIARIO DE OFICINA","M","","2 NIVELES","","PLOMO","","","","","","","","","","","","U","",""
"1651","38","","746441860063","ESTANTE DE METAL","O/C N° 9-00058-2010","30/06/2010","150.0","","","1503.020102","MOBILIARIO DE OFICINA","R","","4 NIVELES","","PLOMO","","","","","","","","","","","","U","",""
"1652","38","","746441860064","ESTANTE DE METAL","O/C N° 9-00058-2010","30/06/2010","150.0","","","1503.020102","MOBILIARIO DE OFICINA","R","","4 NIVELES","","PLOMO","","","","","","","","","","","","U","",""
"1653","38","","746441860065","ESTANTE DE METAL","O/C N° 9-00058-2010","30/06/2010","150.0","","","1503.020102","MOBILIARIO DE OFICINA","R","","4 NIVELES","","PLOMO","","","","","","","","","","","","U","",""
"1654","38","","746441860066","ESTANTE DE METAL","O/C N° 9-00058-2010","30/06/2010","150.0","","","1503.020102","MOBILIARIO DE OFICINA","R","","4 NIVELES","","PLOMO","","","","","","","","","","","","U","",""
"1655","38","","746441860067","ESTANTE DE METAL","O/C N° 9-00058-2010","30/06/2010","150.0","","","1503.020102","MOBILIARIO DE OFICINA","R","","4 NIVELES","","PLOMO","","","","","","","","","","","","U","",""
"1656","38","","746441860068","ESTANTE DE METAL","O/C N° 9-00058-2010","30/06/2010","150.0","","","1503.020102","MOBILIARIO DE OFICINA","R","","4 NIVELES","","PLOMO","","","","","","","","","","","","U","",""
"1657","38","","746441860069","ESTANTE DE METAL","SANEAR","31/12/2021","1.0","","","1503.020102","MOBILIARIO DE OFICINA","R","","4 NIVELES","","PLOMO","","","","","","","","","","","","U","",""
"1658","38","","746441860070","ESTANTE DE METAL","SANEAR","31/12/2021","1.0","","","1503.020102","MOBILIARIO DE OFICINA","R","","4 NIVELES","","PLOMO","","","","","","","","","","","","U","",""
"1659","38","","746441860071","ESTANTE DE METAL","SANEAR","31/12/2021","1.0","","","1503.020102","MOBILIARIO DE OFICINA","R","","4 NIVELES","","PLOMO","","","","","","","","","","","","U","",""
"1660","38","","746441860072","ESTANTE DE METAL","SANEAR","31/12/2021","1.0","","","1503.020102","MOBILIARIO DE OFICINA","R","","5 NIVELES","","PLOMO","","","","","","","","","","","","U","",""
"1661","38","","746441860073","ESTANTE DE METAL","SANEAR","31/12/2021","1.0","","","1503.020102","MOBILIARIO DE OFICINA","R","","5 NIVELES","","PLOMO","","","","","","","","","","","","U","",""
"1662","38","","746441860074","ESTANTE DE METAL","SANEAR","31/12/2021","1.0","","","1503.020102","MOBILIARIO DE OFICINA","R","","5 NIVELES","","PLOMO","","","","","","","","","","","","U","",""
"1663","38","","746441860075","ESTANTE DE METAL","SANEAR","31/12/2021","1.0","","","1503.020102","MOBILIARIO DE OFICINA","R","","6 DIVISIONES","","PLOMO/BLANCO","","","","","","","","","","","","U","",""
"1664","38","","746441860076","ESTANTE DE METAL","SANEAR","31/12/2021","1.0","","","1503.020102","MOBILIARIO DE OFICINA","R","","6 DIVISIONES","S/T","PLOMO/BLANCO","","","","","","","","","","","","U","",""
"1665","38","","322250000008","HERVIDOR ELECTRICO","SANEAR","31/12/2021","1.0","","","1503.020902","ASEO, LIMPIEZA Y COCINA","M","RECORD","HK","S/T","PLATA","S/S","S/D","","","","","","","","","","D","",""
"1666","38","","675079700002","MARTILLO NEUMATICO","O/C N° 113-2020","17/04/2020","7800.0","","","1503.020999","MAQUINARIAS, EQUIPOS Y MOBILIARIOS DE OTRAS INSTALACIONES","R","BOSH","GSH 27 VC","S/T","PLOMO/VERDE","24008280103611C0A0E08011031000033","S/D","","","","","","","","","MARTILLO DEMOLEDOR","U","",""
"1667","38","","675079700003","MARTILLO NEUMATICO","SANEAR","31/12/2021","1.0","","","1503.020999","MAQUINARIAS, EQUIPOS Y MOBILIARIOS DE OTRAS INSTALACIONES","M","BOSCH","GSH 27V","S/T","VERDE","502000209","S/D","","","","","","","","","","D","",""
"1668","38","","675079700004","MARTILLO NEUMATICO","SANEAR","31/12/2021","1.0","","","1503.020999","MAQUINARIAS, EQUIPOS Y MOBILIARIOS DE OTRAS INSTALACIONES","R","ELE INTERNACIOL","","","","","","","","","","","","","","","U","",""
"1669","38","","675079700005","MARTILLO NEUMATICO","SANEAR","31/12/2021","1.0","","","1503.020999","MAQUINARIAS, EQUIPOS Y MOBILIARIOS DE OTRAS INSTALACIONES","M","BOSCH","GSH - 27 VC","S/T","VERDE/PLOMO","110232","S/D","","","","","","","","","","U","",""
"1670","38","","740880370002","MONITOR LED","SANEAR","31/12/2021","1.0","","","1503.020301","EQUIPOS COMPUTACIONALES Y PERIFERICOS","B","","","","","","","","","","","","","","","","U","",""
"1671","38","","952260580065","PARLANTES EN GENERAL (MAYOR A 1/8 UIT)","O/C N° 494-2001","02/12/2001","69.0","","","1503.020303","EQUIPOS DE TELECOMUNICACIONES","R","STEREO CREATIVE","","","","","","","","","","","","","","","U","",""
"1672","38","","952260580066","PARLANTES EN GENERAL (MAYOR A 1/8 UIT)","O/C N° 494-2001","02/12/2001","69.0","","","1503.020303","EQUIPOS DE TELECOMUNICACIONES","R","STEREO CREATIVE","","","","","","","","","","","","","","","U","",""
"1673","38","","952260580067","PARLANTES EN GENERAL (MAYOR A 1/8 UIT)","SANEAR","31/12/2021","1.0","","","1503.020303","EQUIPOS DE TELECOMUNICACIONES","M","HALION","S/M","S/T","NEGRO","S/S","S/D","","","","","","","","","","U","",""
"1674","38","","952260580068","PARLANTES EN GENERAL (MAYOR A 1/8 UIT)","O/C N° 494-2001","02/12/2001","69.0","","","1503.020303","EQUIPOS DE TELECOMUNICACIONES","R","STEREO CREATIVE","","","","","","","","","","","","","","","U","",""
"1675","38","","952260580069","PARLANTES EN GENERAL (MAYOR A 1/8 UIT)","O/C N° 494-2001","02/12/2001","69.0","","","1503.020303","EQUIPOS DE TELECOMUNICACIONES","R","STEREO CREATIVE","","","","","","","","","","","","","","","U","",""
"1676","38","","952260580070","PARLANTES EN GENERAL (MAYOR A 1/8 UIT)","SANEAR","31/12/2021","1.0","","","1503.020303","EQUIPOS DE TELECOMUNICACIONES","R","","","","","","","","","","","","","","","","U","",""
"1677","38","","952260580071","PARLANTES EN GENERAL (MAYOR A 1/8 UIT)","SANEAR","31/12/2021","1.0","","","1503.020303","EQUIPOS DE TELECOMUNICACIONES","M","HALION","S/M","S/T","NEGRO","S/S","S/D","","","","","","","","","","U","",""
"1678","38","","952260580072","PARLANTES EN GENERAL (MAYOR A 1/8 UIT)","SANEAR","31/12/2021","1.0","","","1503.020303","EQUIPOS DE TELECOMUNICACIONES","R","","","","","","","","","","","","","","","","U","",""
"1679","38","","952269650010","RADIO TRANSMISOR RECEPTOR","SANEAR","31/12/2021","1.0","","","1503.020303","EQUIPOS DE TELECOMUNICACIONES","R","MOTOROLA","","","NEGRO","","","","","","","","","","","","U","",""
"1680","38","","746482550021","SILLA FIJA DE OTRO MATERIAL","O/C N° 44-2000","22/02/2000","21.7","","","1503.020102","MOBILIARIO DE OFICINA","R","S/M","S/M","S/T","","","","","","","","","","","","","U","",""
"1681","38","","746482550022","SILLA FIJA DE OTRO MATERIAL","SANEAR","31/12/2021","1.0","","","1503.020102","MOBILIARIO DE OFICINA","M","S/M","S/M","S/T","BLANCO","S/S","S/D","","","","","","","","","","D","",""
"1682","38","","676466670001","TANQUE DE POLIETILENO PARA AGUA","O/C N° 381-2015","25/11/2015","538.0","","","1503.020102","MOBILIARIO DE OFICINA","R","S/M","IBC1000","S/T","NEGRO","S/S","1.20X1.00X1.10","","","","","","","","","","D","",""
"1683","38","","676466670002","TANQUE DE POLIETILENO PARA AGUA","O/C N° 381-2015","25/11/2015","538.0","","","1503.020102","MOBILIARIO DE OFICINA","R","S/M","IBC1000","S/T","BLANCO","S/S","1.20X1.00X1.10","","","","","","","","","","D","",""
"1684","38","","676466670003","TANQUE DE POLIETILENO PARA AGUA","O/C N° 422-2015","04/12/2015","538.0","","","1503.020102","MOBILIARIO DE OFICINA","R","S/M","IBC1000","S/T","BLANCO","S/S","1.20X1.00X1.10","","","","","","","","","","D","",""
"1685","38","","322292280002","TERMO HERVIDOR ELECTRICO","SANEAR","31/12/2021","1.0","","","1503.020902","ASEO, LIMPIEZA Y COCINA","R","VISIONEER","VX-ED749","S/T","NEGRO/PLOMO","S/S","S/D","","","","","","","","","","D","",""
"1686","25","","812215970006","BICICLETA","O/C N° 445-1995","27/07/1995","336.0","","","1503.020701","EQUIPO DE DEPORTES Y RECREACION","M","ANDA","S/M","S/T","ROJO","10938","S/D","","","","","","","","","","D","",""
"1687","25","","536417630001","CAMA DE METAL","O/C N° 577-1996","28/08/1996","88.0","","","1503.020401","MOBILIARIO MEDICO","M","COMODOY","PLEGABLE","METAL","ROJO","S/S","0.61X1.05X1.80","","","","","","","","","","D","",""
"1688","25","","746437120008","ESCRITORIO DE MADERA","O/C N° 18-1984","10/02/1984","130000.0","","","1503.020102","MOBILIARIO DE OFICINA","M","S/M","S/M","S/T","CAFE","S/S","S/D","","","","","","","","","","D","",""
"1689","25","","746437120015","ESCRITORIO DE MADERA","O/C N° 1016-1995","29/12/1995","265.51","","","1503.020102","MOBILIARIO DE OFICINA","M","S/M","3 GAVETAS","S/T","CAFE","S/S","1.20X0.65","","","","","","","","","","D","",""
"1690","25","","746437120018","ESCRITORIO DE MADERA","O/C N° 18-1984","10/02/1984","175000.0","","","1503.020102","MOBILIARIO DE OFICINA","M","S/M","2 GAVETAS","S/T","CAFE","S/S","S/D","","","","","","","","","","D","",""
"1691","25","","746437120020","ESCRITORIO DE MADERA","SANEAR","31/12/2021","1.0","","","1503.020102","MOBILIARIO DE OFICINA","M","S/M","S/M","S/T","CAFE","S/S","0.60X0.91X0.63","","","","","","","","","","D","",""
"1692","25","","746437120024","ESCRITORIO DE MADERA","SANEAR","31/12/2021","1.0","","","1503.020102","MOBILIARIO DE OFICINA","M","S/M","S/M","S/T","CAOBA","S/S","0.75x1.00x0.76","","","","","","","","","","D","",""
"1693","25","","746437120025","ESCRITORIO DE MADERA","SANEAR","31/12/2021","1.0","","","1503.020102","MOBILIARIO DE OFICINA","M","S/M","S/M","S/T","CAOBA","S/S","0.60X0.90X0.65","","","","","","","","","","D","",""
"1694","25","","746437120027","ESCRITORIO DE MADERA","SANEAR","31/12/2021","1.0","","","1503.020102","MOBILIARIO DE OFICINA","M","S/M","S/M","S/T","CAQUI","S/S","0.60X0.90.X0.75","","","","","","","","","","D","",""
"1695","25","","746437120029","ESCRITORIO DE MADERA","OBS","30/01/1984","130000.0","","","1503.020102","MOBILIARIO DE OFICINA","M","","","","MADERA","","","","","","","","","","","","U","",""
"1696","25","","746437120030","ESCRITORIO DE MADERA","SANEAR","31/12/2021","1.0","","","1503.020102","MOBILIARIO DE OFICINA","M","","","","CAFE","","","","","","","","","","","","U","",""
"1697","25","","746437120031","ESCRITORIO DE MADERA","SANEAR","31/12/2021","1.0","","","1503.020102","MOBILIARIO DE OFICINA","M","S/M","S/M","S/T","CAOBA","S/S","S/D","","","","","","","","","","D","",""
"1698","25","","746437120036","ESCRITORIO DE MADERA","SANEAR","31/12/2021","1.0","","","1503.020102","MOBILIARIO DE OFICINA","M","S/M","S/M","S/T","CAFE","S/S","0.80x1.22x0.78","","","","","","","","","","D","",""
"1699","25","","746437120037","ESCRITORIO DE MADERA","O/C N° 008-1996","29/01/1996","212.4","","","1503.020102","MOBILIARIO DE OFICINA","M","S/M","3 GAVETAS","S/T","CAFE","S/S","0.75X1.32X0.80","","","","","","","","","","D","",""
"1700","25","","746437120051","ESCRITORIO DE MADERA","O/C N° 000352-2013","14/06/2013","300.0","","","1503.020102","MOBILIARIO DE OFICINA","M","S/M","4 GAVETAS","S/T","CAOBA","S/S","S/D","","","","","","","","","","D","",""
"1701","25","","746437790001","ESCRITORIO DE METAL","SANEAR","31/12/2021","1.0","","","1503.020102","MOBILIARIO DE OFICINA","M","S/M","3 GAVETAS","S/T","PLOMO/BEIGE/NEGRO","S/S","S/D","","","","","","","","","","D","",""
"1702","25","","746437790002","ESCRITORIO DE METAL","O/C N° 118-1996","29/02/1996","250.0","","","1503.020102","MOBILIARIO DE OFICINA","M","S/M","04 GAVETAS","METALICO","PLOMO/NEGRO","S/S","1.20X0.70","","","","","","","","","","D","",""
"1703","25","","746437790005","ESCRITORIO DE METAL","O/C Nª 000773","29/10/1995","240.0","","","1503.020102","MOBILIARIO DE OFICINA","M","S/M","S/M","S/T","PLOMO/CAFE/NEGRO","S/S","1.05X0.69X0.70","","","","","","","","","","D","",""
"1704","25","","746437790007","ESCRITORIO DE METAL","SANEAR","31/12/2021","1.0","","","1503.020102","MOBILIARIO DE OFICINA","M","S/M","3 GAVETAS","S/T","BEIGE/PLOMO","S/S","S/D","","","","","","","","","","D","",""
"1705","25","","746437790014","ESCRITORIO DE METAL","O/C N° 175-1987","26/05/1987","4100.0","","","1503.020102","MOBILIARIO DE OFICINA","M","S/M","4 GAVETAS","S/T","PLOMO/NEGRO","S/S","0.72X0.58X0.94","","","","","","","","","","D","",""
"1706","25","","746437790017","ESCRITORIO DE METAL","SANEAR","31/12/2021","1.0","","","1503.020102","MOBILIARIO DE OFICINA","M","S/M","3 GAVETAS","S/T","PLOMO/NEGRO","S/S","S/D","","","","","","","","","","D","",""
"1707","25","","746437790021","ESCRITORIO DE METAL","SANEAR","31/12/2021","1.0","","","1503.020102","MOBILIARIO DE OFICINA","M","S/M","3 GAVETAS","S/T","PLOMO","S/S","S/D","","","","","","","","","","D","",""
"1708","25","","746437790023","ESCRITORIO DE METAL","SANEAR","31/12/2021","1.0","","","1503.020102","MOBILIARIO DE OFICINA","M","","3 GAVETAS","","PLOMO/NEGRO","","","","","","","","","","","","U","",""
"1709","25","","746437790026","ESCRITORIO DE METAL","SANEAR","31/12/2021","1.0","","","1503.020102","MOBILIARIO DE OFICINA","M","S/M","3 GAVETAS","S/T","PLOMO/NEGRO","S/S","S/D","","","","","","","","","","D","",""
"1710","25","","746437790027","ESCRITORIO DE METAL","SANEAR","31/12/2021","1.0","","","1503.020102","MOBILIARIO DE OFICINA","M","S/M","3 GAVETAS","S/T","PLOMO/NEGRO","S/S","S/D","","","","","","","","","","D","",""
"1711","25","","746437790035","ESCRITORIO DE METAL","SANEAR","31/12/2021","1.0","","","1503.020102","MOBILIARIO DE OFICINA","M","S/M","3 GAVETAS","S/T","PLOMO/NEGRO","S/S","S/D","","","","","","","","","","D","",""
"1712","25","","746437790036","ESCRITORIO DE METAL","SANEAR","31/12/2021","1.0","","","1503.020102","MOBILIARIO DE OFICINA","M","S/M","3 GAVETAS","S/T","PLOMO/NEGRO","S/S","S/D","","","","","","","","","","D","",""
"1713","25","","746437790038","ESCRITORIO DE METAL","SANEAR","31/12/2021","1.0","","","1503.020102","MOBILIARIO DE OFICINA","M","S/M","3 GAVETAS","S/T","PLOMO/NEGRO","S/S","S/D","","","","","","","","","","D","",""
"1714","25","","746437790041","ESCRITORIO DE METAL","SANEAR","31/12/2021","1.0","","","1503.020102","MOBILIARIO DE OFICINA","M","S/M","3 GAVETAS","S/T","PLOMO/NEGRO","S/S","S/D","","","","","","","","","","D","",""
"1715","25","","746437790042","ESCRITORIO DE METAL","O/C N° 381-1995","27/07/1995","270.0","","","1503.020102","MOBILIARIO DE OFICINA","M","S/M","4 GAVETAS","S/T","PLOMO/CAQUI","S/S","0.72X0.58X0.94","","","","","","","","","","D","",""
"1716","25","","746437790045","ESCRITORIO DE METAL","O/C N° 381-1995","27/07/1995","270.0","","","1503.020102","MOBILIARIO DE OFICINA","M","S/M","4 GAVETAS","S/T","PLOMO","S/S","0.72X0.58X0.94","","","","","","","","","","D","",""
"1717","25","","746441180005","ESTANTE DE MADERA","O/C N° 8-00166-2010","25/05/2010","150.0","","","1503.020102","MOBILIARIO DE OFICINA","M","S/M","3 NIVELES","2 PUERTAS","CAFE","S/S","S/D"," "," "," "," "," "," ","",""," ","D","",""
"1718","25","","746441180007","ESTANTE DE MADERA","SANEAR","31/12/2021","1.0","","","1503.020102","MOBILIARIO DE OFICINA","M","S/M","2 NIVELES","S/T","CAFE","S/S","0.48x1.x0.90","","","","","","","","","","D","",""
"1719","25","","746449320004","MESA DE MADERA","SANEAR","31/12/2021","1.0","","","1503.020102","MOBILIARIO DE OFICINA","M","S/M","S/M","S/T","CAFE","S/S","0.87X1.35X0.80","","","","","","","","","","D","",""
"1720","25","","746451360007","MESA DE METAL PARA DIBUJO","SANEAR","31/12/2021","1.0","","","1503.020102","MOBILIARIO DE OFICINA","M","S/M","S/M","S/T","PLOMO","S/S","0.70x0.95.x0.76","","","","","","","","","","D","",""
"1721","25","","746481190032","SILLA FIJA DE MADERA","O/C N° 294-2012","06/11/2012","94.0","","","1503.020102","MOBILIARIO DE OFICINA","M","S/M","S/M","S/T","CAFE","S/S","0.41X0.42X0.84","","","","","","","","","","D","",""
"1722","25","","462265070002","GRUPO ELECTROGENO","SANEAR","31/12/2021","1.0","","","1503.020904","ELECTRICIDAD Y ELECTRONICA","M","S/M","S135D-3","S/T","PLOMO","82028","S/D","","","","","","","","","","D","",""
"1723","25","","462265070003","GRUPO ELECTROGENO","SANEAR","31/12/2021","1.0","","","1503.020904","ELECTRICIDAD Y ELECTRONICA","M","DONG FENG","461350-3","S/T","CELESTE","S310050","S/D","","","","","","","","","","D","",""
"1724","25","","462290890004","TABLERO DE CONTROL","SANEAR","31/12/2021","1.0","","","1503.020904","ELECTRICIDAD Y ELECTRONICA","M","S/M","S/M","S/T","PLOMO","55C14137","S/D","","","","","","","","","","D","",""
"1725","25","","462290890005","TABLERO DE CONTROL","SANEAR","31/12/2021","1.0","","","1503.020904","ELECTRICIDAD Y ELECTRONICA","M","S/M","12753","S/T","PLOMO","SSCI4137","S/D","","","","","","","","","","D","",""
"1726","25","","462290890006","TABLERO DE CONTROL","SANEAR","31/12/2021","1.0","","","1503.020904","ELECTRICIDAD Y ELECTRONICA","M","S/M","S/M","S/T","PLOMO","S/S","S/D","","","","","","","","","","D","",""
"1727","26","","746406600007","ARMARIO DE METAL","SANEAR","31/12/2021","1.0","","","1503.020102","MOBILIARIO DE OFICINA","M","S/M","2 PUERTAS 2NIVE","S/T","PLOMO/NEGRO","S/S","0.89X0.45X1.80","","","","","","","","","","U","",""
"1728","26","","746411350011","BANCA DE MADERA","SANEAR","31/12/2021","1.0","","","1503.020102","MOBILIARIO DE OFICINA","R","S/M","S/M","S/T","BLANCO","S/S","2.00X0.30x","","","","","","","","","","U","",""
"1729","26","","536417630009","CAMA DE METAL","O/C N° 579-1996","28/08/1996","98.0","","","1503.020401","MOBILIARIO MEDICO","M","COMODOY","S/M","S/T","VERDE","S/S","1.00X0.86X0.80","","","","","","","","","","U","",""
"1730","26","","746432370001","CREDENZA DE MADERA","O/C N° 161-1987","20/05/1987","3500.0","","","1503.020102","MOBILIARIO DE OFICINA","M","S/M","S/M","S/T","CAFE","S/S","0.88X0.42X0.68","","","","","","","","","MESA ","U","",""
"1731","26","","746437120011","ESCRITORIO DE MADERA","O/C N° 149-1991","23/10/1991","126.5","","","1503.020102","MOBILIARIO DE OFICINA","M","S/M","4 GAVETAS","S/T","CAFE","S/S","1.00X0.68X0.80","","","","","","","","","","U","",""
"1732","26","","746441180029","ESTANTE DE MADERA","SANEAR","31/12/2021","1.0","","","1503.020102","MOBILIARIO DE OFICINA","M","S/M","3 NIVELES","S/T","MADERA","S/S","0.7X0.57X1.11","","","","","","","","","","U","",""
"1733","26","","746449320002","MESA DE MADERA","SANEAR","31/12/2021","1.0","","","1503.020102","MOBILIARIO DE OFICINA","M","S/M","S/M","S/T","CAFE","S/S","0.75X1.25X0.76","","","","","","","","","","D","",""
"1734","26","","746473050017","PIZARRA ACRILICA","O/C N° 138-2021","29/03/2021","360.0","","","1503.020102","MOBILIARIO DE OFICINA","M","S/M","S/M","S/T","BLANCO","S/S","1.10X1.70","","","","","","","","","","D","",""
"1735","26","","746475090002","PIZARRA MURAL - FRANELOGRAFO","SANEAR","31/12/2021","1.0","","","1503.020102","MOBILIARIO DE OFICINA","M","S/M","S/M","S/T","CAFE","S/S","1.30X1.13X0.045","","","","","","","","","","U","",""
"1736","26","","746481190012","SILLA FIJA DE MADERA","O/C N° 6-00071-2010","26/07/2010","90.0","","","1503.020102","MOBILIARIO DE OFICINA","M","S/M","S/M","S/T","CAFE","S/S","0.45X0.47X0.85","","","","","","","","","","D","",""
"1737","26","","746481190027","SILLA FIJA DE MADERA","O/C N° 318-1995","30/06/1995","65.0","","","1503.020102","MOBILIARIO DE OFICINA","M","S/M","TAPIZ COROFAN","S/T","CAFE","S/S","0.40X0.42X0.84","","","","","","","","","","U","",""
"1738","26","","746481190029","SILLA FIJA DE MADERA","O/C N° 294-2012","06/11/2012","94.0","","","1503.020102","MOBILIARIO DE OFICINA","M","S/M","S/M","S/T","MADERA","S/S","0.45X0.47X0.85","","","","","","","","","","U","",""
"1739","26","","746481190145","SILLA FIJA DE MADERA","O/C N 6-00071-2010","26/07/2010","90.0","","","1503.020102","MOBILIARIO DE OFICINA","M","S/M","S/M","S/T","CAFE","S/S","0.41X0.42X0.84","","","","","","","","","","D","",""
"1740","26","","746481870008","SILLA FIJA DE METAL","O/C N° 142-1987","04/05/1987","550.0","","","1503.020102","MOBILIARIO DE OFICINA","M","S/M","S/M","S/T","AMARILLO","S/S","S/D","","","","","","","","","","D","",""
"1741","26","","746481870089","SILLA FIJA DE METAL","SANEAR","31/12/2021","1.0","","","1503.020102","MOBILIARIO DE OFICINA","M","S/M","S/M","S/T","NEGRO","S/S","S/D","","","","","","","","","","D","",""
"1742","26","","676466670022","TANQUE DE POLIETILENO PARA AGUA","O/C N° 556-1995","29/08/1995","450.0","","","1503.020102","MOBILIARIO DE OFICINA","M","S/M","PLASTICO","S/T","AZUL","S/S","1.35X1.23X0.95","","","","","","","","","TACHO","D","",""
"1743","27","","462200500023","ACUMULADOR DE ENERGIA - EQUIPO DE UPS","O/C Nº 000532-2013","23/07/2013","56.57","","","1503.020904","ELECTRICIDAD Y ELECTRONICA","M","CDP","S/M","6 ENTRADAS","NEGRO","130312-1020445","S/D","","","","","","","","","","U","",""
"1744","27","","746406600003","ARMARIO DE METAL","O/C N° 014-2002","24/01/2002","190.0","","","1503.020102","MOBILIARIO DE OFICINA","M","S/M","2 PUERTAS","S/T","PLOMO","S/S","0.37X0.86X1.68","","","","","","","","","","U","",""
"1745","27","","742208530017","CAMARA FOTOGRAFICA","O/C N° 258-2012","01/10/2012","1930.0","","","1503.020101","MAQUINAS Y EQUIPOS DE OFICINA","M","NIKON","D3000","DIGITAL","NEGRO","8232628","S/D","","","","","","","","","","U","",""
"1746","27","","746437790010","ESCRITORIO DE METAL","O/C N° 183-1991","31/08/1991","126.5","","","1503.020102","MOBILIARIO DE OFICINA","R","S/M","4 GAVETAS","S/T","PLOMO/NEGRO/CAF","S/S","0.83X1.85X0.75","","","","","","","","","","U","",""
"1747","27","","746437790020","ESCRITORIO DE METAL","O/C N° 652-1995","29/09/1995","295.0","","","1503.020102","MOBILIARIO DE OFICINA","R","S/M","4 GAVETAS","S/T","PLOMO/NEGRO","S/S","0.75X0.75X1.20","","","","","","","","","","U","",""
"1748","27","","462252150102","ESTABILIZADOR","SANEAR","31/12/2021","1.0","","","1503.020904","ELECTRICIDAD Y ELECTRONICA","M","LAB POWER","FP102","4 PUERTOS","PLOMO","S/S","S/D","","","","","","","","","","U","",""
"1749","27","","740841000026","IMPRESORA LASER","O/C N° 242-2014","22/08/2014","412.82","","","1503.020301","EQUIPOS COMPUTACIONALES Y PERIFERICOS","R","HP","P1102W","CE658A","NEGRO","BRBSG76F9K","S/D","","","","","","","","","","U","",""
"1750","27","","746456780006","MESITA DE METAL PARA MAQUINA DE ESCRIBIR","SANEAR","31/12/2021","1.0","","","1503.020102","MOBILIARIO DE OFICINA","R","S/M","3 GAVETAS","S/T","NEGRO","S/S","0.40X0.86X0.72","","","","","","","","","","U","",""
"1751","27","","952254720001","MEZCLADORA DIGITAL DE SONIDO","O/C N° 297-2015","30/09/2015","1315.0","","","1503.020303","EQUIPOS DE TELECOMUNICACIONES","B","BEHRINGER XENYB","S/M","S/T","NEGRO","1502085A01","S/D","","","","","","","","","","U","",""
"1752","27","","952254910002","MICROFONO (OTROS)","O/C N° 297-2015","30/09/2015","228.0","","","1503.020303","EQUIPOS DE TELECOMUNICACIONES","R","BEHRINGER","C-1","CON PEDESTAL","NEGRO/PLOMO","S1407786226","S/D","","","","","","","","","","U","",""
"1753","27","","952258120010","MONITOR (OTROS)","O/C N° 3-00060-2009","10/08/2009","766.15","","","1503.020303","EQUIPOS DE TELECOMUNICACIONES","R","LG","W20435V","LED","NEGRO","904NDHBGQ561","S/D","","","","","","","","","","U","",""
"1754","27","","740880370001","MONITOR LED","O/C N° 166-2015","10/07/2015","1104.06","","","1503.020301","EQUIPOS COMPUTACIONALES Y PERIFERICOS","B","BENQ","GW 2265","PLASMA LED 21.5","NEGRO","ET57DO1405019","S/D","","","","","","","","","","U","",""
"1755","27","","746466270002","PANEL PUBLICITARIO","SANEAR","31/12/2021","1.0","","","1503.020102","MOBILIARIO DE OFICINA","M","S/M","FRANELOGRAFO","S/T","AZUL","S/S","1.56X1.70","","","","","","","","","","U","",""
"1756","27","","746466950002","PANTALLA ECRAN","SANEAR","31/12/2021","1.0","","","1503.020102","MOBILIARIO DE OFICINA","R","S/M","S/M","S/T","BLANCO","S/S","1.50X1.82","","","","","","","","","","U","",""
"1757","27","","952260580032","PARLANTES EN GENERAL (MAYOR A 1/8 UIT)","O/C N° 00239-2011","09/08/2011","42.41","","","1503.020303","EQUIPOS DE TELECOMUNICACIONES","R","GENIUS","S/M","S/T","NEGRO","2F1338111425","S/D","","","","","","","","","","U","",""
"1758","27","","952260580081","PARLANTES EN GENERAL (MAYOR A 1/8 UIT)","O/C N° 297-2015","30/09/2015","74.8","","","1503.020303","EQUIPOS DE TELECOMUNICACIONES","R","LOGITECH","S-00147","WOFFER SPEAKER1","NEGRO","1521CP004928","S/D","","","","","","","","","","U","",""
"1759","27","","746473050018","PIZARRA ACRILICA","O/C N° 147-2022","09/03/2022","395.0","","","1503.020102","MOBILIARIO DE OFICINA","R","S/M","S/M","S/T","BLANCO","S/S","1.20X1.56","","","","","","","","","","U","",""
"1760","27","","746475090003","PIZARRA MURAL - FRANELOGRAFO","O/C N° 173-1995","28/04/1995","50.0","","","1503.020102","MOBILIARIO DE OFICINA","R","S/M","MADERA","S/T","AZUL","S/S","1.47X2.47","","","","","","","","","","U","",""
"1761","27","","746475090004","PIZARRA MURAL - FRANELOGRAFO","O/C N° 173-1995","28/04/1995","50.0","","","1503.020102","MOBILIARIO DE OFICINA","M","S/M","MADERA","S/T","AZUL","S/S","0.87X1.23","","","","","","","","","","U","",""
"1762","27","","952266440007","PROYECTOR","O/C N° 477-2016","28/12/2016","3024.21","","","1503.020303","EQUIPOS DE TELECOMUNICACIONES","R","EPSON","H723A","POWERLITE X36+","BLANCO","WFVAF5705441","S/D","","","","","","","","","","U","",""
"1763","27","","746481190119","SILLA FIJA DE MADERA","O/C N° 8-00053-2010","16/04/2010","80.0","","","1503.020102","MOBILIARIO DE OFICINA","R","S/M","TAPIZ DE LONA","S/T","CAOBA","S/S","0.45X0.46X0.87","","","","","","","","","","U","",""
"1764","27","","746481190120","SILLA FIJA DE MADERA","O/C N° 8-00053-2010","16/04/2010","80.0","","","1503.020102","MOBILIARIO DE OFICINA","R","S/M","TAPIZ DE LONA","S/T","CAOBA","S/S","0.45X0.46X0.87","","","","","","","","","","U","",""
"1765","27","","746481190121","SILLA FIJA DE MADERA","O/C N° 8-00053-2010","16/04/2010","80.0","","","1503.020102","MOBILIARIO DE OFICINA","R","S/M","TAPIZ DE LONA","S/T","CAOBA","S/S","0.45X0.46X0.87","","","","","","","","","","U","",""
"1766","27","","746481190122","SILLA FIJA DE MADERA","O/C N° 8-00053-2010","16/04/2010","80.0","","","1503.020102","MOBILIARIO DE OFICINA","R","S/M","TAPIZ DE LONA","S/T","CAOBA","S/S","0.45X0.46X0.87","","","","","","","","","","U","",""
"1767","27","","746485260002","SILLA PLEGABLE DE METAL","SANEAR","31/12/2021","1.0","","","1503.020102","MOBILIARIO DE OFICINA","R","S/M","S/M","S/T","ROJO","S/S","0.40X0.42X0.84","","","","","","","","","","U","",""
"1768","27","","740895000200","TECLADO - KEYBOARD","SANEAR","31/12/2021","1.0","","","1503.020301","EQUIPOS COMPUTACIONALES Y PERIFERICOS","R","DATAONE","DAT-425C","S/T","NEGRO","S/S","S/D","","","","","","","","","","U","",""
"1769","27","","740895000202","TECLADO - KEYBOARD","SANEAR","31/12/2021","86.1","","","1503.020301","EQUIPOS COMPUTACIONALES Y PERIFERICOS","M","MICRONICS","FOLIE","GAMER","NEGRO/ROJO","S/S","S/D","","","","","","","","","","U","",""
"1770","27","","740899500069","UNIDAD CENTRAL DE PROCESO - CPU","SANEAR","31/12/2021","1.0","","","1503.020301","EQUIPOS COMPUTACIONALES Y PERIFERICOS","M","LG","COREL I7","RAM: 4GB","NEGRO","32 BITS","S/D","","","","","","","","","","U","",""
"1771","27","","740899500128","UNIDAD CENTRAL DE PROCESO - CPU","O/C N° 297-2015","30/09/2015","5064.52","","","1503.020301","EQUIPOS COMPUTACIONALES Y PERIFERICOS","R","THERMALTAKE","CORE I7","RAM: 8GB","NEGRO","64 BITS","S/D","","","","","","","","","","U","",""
"1772","28","","532201600001","AGITADOR (OTROS)","SANEAR","31/12/2021","1.0","","","1503.020402","EQUIPO MEDICO","M","SOILTEST","CL300A82728","CL300A82728","NEGRO","S/S","S/D","","","","","","","","","","U","",""
"1773","28","","746406600008","ARMARIO DE METAL","SANEAR","31/12/2021","1.0","","","1503.020102","MOBILIARIO DE OFICINA","R","ODEXIONO","2 DIVISIONES","S/T","BLANCO/PLOMO","S/S","0.30X2.30X1.60","","","","","","","","","","U","",""
"1774","28","","602206860001","BALANZA DE PRECISION","O/C N° 278-2014","16/10/2014","2500.0","","","1503.020905","EQUIPOS E INSTRUMENTOS DE MEDICION","R","A&D","EK-6100I","EK-B1001","CREMA","6A4412883","S/D","","","","","","","","","","U","",""
"1775","28","","602207850001","BALANZA ELECTRONICA","O/C N° 881-1995","29/10/1995","3849.16","","","1503.020905","EQUIPOS E INSTRUMENTOS DE MEDICION","M","METLER TOLEDO","PB1502","S/T","BLANCO","1114371821","S/D","","","","","","","","","","U","",""
"1776","28","","602207850002","BALANZA ELECTRONICA","O/C Nº 00160","18/12/2019","2569.32","","","1503.020905","EQUIPOS E INSTRUMENTOS DE MEDICION","B","S/M","WT60001GF","S/T","BLANCO/CELESTE","S/S","S/D","","","","","","","","","","U","",""
"1777","28","","602207850003","BALANZA ELECTRONICA","O/C Nº 00160","18/12/2019","2569.32","","","1503.020905","EQUIPOS E INSTRUMENTOS DE MEDICION","M","OHAUS","RANGER","S/T","PLOMO","S/S","S/D","","","","","","","","","","U","",""
"1778","28","","602207850005","BALANZA ELECTRONICA","O/C N° 037-2012","20/03/2012","1800.0","","","1503.020905","EQUIPOS E INSTRUMENTOS DE MEDICION","R","OHAUS","NVL20000/1","S/T","BLANCO","8332326359","S/D","","","","","","","","","","U","",""
"1779","28","","602207850009","BALANZA ELECTRONICA","O/C N° 0418-2004","24/11/2004","2390.3","","","1503.020905","EQUIPOS E INSTRUMENTOS DE MEDICION","R","OHAUS","SP-4001","S/T","PLOMO","8340220414","S/D","","","","","","RANGER 3000 R30","","","","U","",""
"1780","28","","602208420002","BALANZA MECANICA","SANEAR","31/12/2021","1.0","","","1503.020905","EQUIPOS E INSTRUMENTOS DE MEDICION","M","OHAUS - SOILTET","HEAVY DIETY","S/T","CREMA","S/S","S/D","","","","","","","","","","D","",""
"1781","28","","672217740003","CALIBRADOR DE DILUCION DE GAS","SANEAR","31/12/2021","1.0","","","1503.020906","EQUIPOS PARA VEHICULOS","R","SOILTEST","RAD 80/CT-320","DE ESCLEROMETRO","DORADO","S/S","S/D","","","","","","","","","","U","",""
"1782","28","","322225250001","COCINA ELECTRICA","SANEAR","31/12/2021","1.0","","","1503.020902","ASEO, LIMPIEZA Y COCINA","R","PREMIER","S/M","DOS HORNILLAS","BLANCO","S/S","S/D","","","","","","","","","","U","",""
"1783","28","","322225250002","COCINA ELECTRICA","O/C N° 231-1993","30/11/1993","370.6","","","1503.020902","ASEO, LIMPIEZA Y COCINA","M","PREMIER","S/M","02 HORNILLAS","BLANCO","S/S","S/D","","","","","","","","","","U","",""
"1784","28","","602223970001","COPA DE CASA GRANDE - LIMITE LIQUIDO","SANEAR","31/12/2021","1.0","","","1503.020905","EQUIPOS E INSTRUMENTOS DE MEDICION","M","SOILTEST","CL-206","FALTA PROBETA","NEGRO","S/S","S/D","","","","","","","","","","U","",""
"1785","28","","602223970004","COPA DE CASA GRANDE - LIMITE LIQUIDO","O/C Nª 114","10/07/2007","114.5","","","1503.020905","EQUIPOS E INSTRUMENTOS DE MEDICION","M","S/M","TCPOO5","FALTA PROBETA","NEGRO","S/S","S/D","","","","","","","","","","U","",""
"1786","28","","602223970005","COPA DE CASA GRANDE - LIMITE LIQUIDO","O/C N° 225-2016","23/08/2016","2448.0","","","1503.020905","EQUIPOS E INSTRUMENTOS DE MEDICION","M","ORION","COP 02 - (AASH)","CAZUELA DE COPA","NEGRO","15012108","S/D","","","","","","","","","","U","",""
"1787","28","","602230480011","DETERMINADOR DE DENSIDAD","SANEAR","31/12/2021","1.0","","","1503.020905","EQUIPOS E INSTRUMENTOS DE MEDICION","R","ORION","CONO DE ARENA","S/T","BLANCO/PLATA","S/S","S/D","","","","","","","","","","U","",""
"1788","28","","602230480012","DETERMINADOR DE DENSIDAD","O/C N° 339-1995","30/06/1995","207.91","","","1503.020905","EQUIPOS E INSTRUMENTOS DE MEDICION","R","ORION","S/M","S/T","BLANCO/PLATA","S/S","S/D","","","","","","","","","","U","",""
"1789","28","","602230480013","DETERMINADOR DE DENSIDAD","O/C N° 339-1995","30/06/1995","207.91","","","1503.020905","EQUIPOS E INSTRUMENTOS DE MEDICION","R","ORION","S/M","S/T","BLANCO/PLATA","S/S","S/D","","","","","","","","","","U","",""
"1790","28","","602236920002","EQUIPO DE NIVELACION DE SUELOS","O/C N° 278-2014","16/10/2014","61039.0","","","1503.020905","EQUIPOS E INSTRUMENTOS DE MEDICION","R","ELE INTERNATIONA","S/M","CORTE DIRECTO","PLOMO","1885-1-3230","1.25X0.55X1.29","","","","","","","","","","U","",""
"1791","28","","42240480003","EQUIPO PARA ANALISIS DE SUELOS","SANEAR","31/12/2021","1.0","","","1503.020502","EQUIPO DE USO AGRICOLA Y PESQUERO","B","S/M","PROCTOR MODIFIC","MARTILLO","TRANSPARENTE","STANDAR","S/D","","","","","","","","","","U","",""
"1792","28","","42240480005","EQUIPO PARA ANALISIS DE SUELOS","O/C N° 154-2012 ","31/12/2021","50.0","","","1503.020502","EQUIPO DE USO AGRICOLA Y PESQUERO","R","BOROSILICATE","W-GERMANY","(FIOLA O PROBE)","PLOMO","S/S","S/D","","","","","","","","","","U","",""
"1793","28","","42240480006","EQUIPO PARA ANALISIS DE SUELOS","O/C N° 154-2012 ","31/12/2021","50.0","","","1503.020502","EQUIPO DE USO AGRICOLA Y PESQUERO","R","IRIS INSTRUMENT","EQUIPO GEOFISI.","(FIOLA O PROBE)","TRANSPARENTE","1168782184-358","S/D","","","","","","","","","","U","",""
"1794","28","","42240480007","EQUIPO PARA ANALISIS DE SUELOS","O/C N° 154-2012 ","31/12/2021","50.0","","","1503.020502","EQUIPO DE USO AGRICOLA Y PESQUERO","R","NORMAX","PORTUGAL - BOR3","(FIOLA O PROBE)","TRANSPARENTE","7 UNIDADES","S/D","","","","","","","","","","U","",""
"1795","28","","42240480008","EQUIPO PARA ANALISIS DE SUELOS","SANEAR","31/12/2021","1.0","","","1503.020502","EQUIPO DE USO AGRICOLA Y PESQUERO","R","NORMAX","PORTUGAL","MATRAS DE 500 L","TRANSPARENTE","S/S","S/D","","","","","","","","","","U","",""
"1796","28","","42240480009","EQUIPO PARA ANALISIS DE SUELOS","SANEAR","31/12/2021","1.0","","","1503.020502","EQUIPO DE USO AGRICOLA Y PESQUERO","R","S/M","S/M","MORTERO GRANDE","TRANSPARENTE","S/S","S/D","","","","","","","","","","U","",""
"1797","28","","42240480015","EQUIPO PARA ANALISIS DE SUELOS","O/C N° 225-2016","23/08/2016","485.0","","","1503.020502","EQUIPO DE USO AGRICOLA Y PESQUERO","R","ORION","DIAMETRO 4 ½ N,","TAMIZ DE 08"" M.","TRANSPARENTE","16AF16","S/D","","","","","","","","","","U","",""
"1798","28","","42240480016","EQUIPO PARA ANALISIS DE SUELOS","O/C N° 225-2016","23/08/2016","485.0","","","1503.020905","EQUIPOS E INSTRUMENTOS DE MEDICION","R","ORION","DIAMETRO 4 ½ N,","TAMIZ DE 08"" M.","TRANSPARENTE","16AF17","S/D","","","","","","","","","","U","",""
"1799","28","","42240480017","EQUIPO PARA ANALISIS DE SUELOS","O/C N° 154-2012 ","31/12/2021","50.0","","","1503.020502","EQUIPO DE USO AGRICOLA Y PESQUERO","M","GERMANY","500ML","FIOLA O PROBETL","TRANSPARENTE","FIOLA","S/D","","","","","","","","","","U","",""
"1800","28","","42240480018","EQUIPO PARA ANALISIS DE SUELOS","O/C N° 154-2012 ","31/12/2021","50.0","","","1503.020502","EQUIPO DE USO AGRICOLA Y PESQUERO","B","GERMANY","500ML","FIOLA O PROBETL","TRANSPARENTE","S/S","S/D","","","","","","","","","","U","",""
"1801","28","","42240480019","EQUIPO PARA ANALISIS DE SUELOS","O/C N° 154-2012 ","31/12/2021","50.0","","","1503.020502","EQUIPO DE USO AGRICOLA Y PESQUERO","M","GERMANY","500ML","FIOLA O PROBETL","TRANSPARENTE","S/S","S/D","","","","","","","","","","U","",""
"1802","28","","42240480022","EQUIPO PARA ANALISIS DE SUELOS","SANEAR","31/12/2021","1.0","","","1503.020502","EQUIPO DE USO AGRICOLA Y PESQUERO","R","S/M","MEDIANO","MORTERO","TRANSPARENTE","S/S","S/D","","","","","","","","","","U","",""
"1803","28","","42240480023","EQUIPO PARA ANALISIS DE SUELOS","SANEAR","31/12/2021","1.0","","","1503.020502","EQUIPO DE USO AGRICOLA Y PESQUERO","R","TECNICAS CP","1000ML","S/T","TRANSPARENTE","S/S","S/D","","","","","","","","","","U","",""
"1804","28","","42240480024","EQUIPO PARA ANALISIS DE SUELOS","SANEAR","31/12/2021","1.0","","","1503.020502","EQUIPO DE USO AGRICOLA Y PESQUERO","M","TECNICAS CP","1000ML","S/T","TRANSPARENTE","S/S","S/D","","","","","","","","","","U","",""
"1805","28","","42240480025","EQUIPO PARA ANALISIS DE SUELOS","SANEAR","31/12/2021","1.0","","","1503.020502","EQUIPO DE USO AGRICOLA Y PESQUERO","R","TECNICAS CP","1000ML","S/T","TRANSPARENTE","S/S","S/D","","","","","","","","","","U","",""
"1806","28","","42240480026","EQUIPO PARA ANALISIS DE SUELOS","SANEAR","31/12/2021","1.0","","","1503.020502","EQUIPO DE USO AGRICOLA Y PESQUERO","M","TECNICAS CP","1000ML","S/T","TRANSPARENTE","S/S","S/D","","","","","","","","","","U","",""
"1807","28","","42240480027","EQUIPO PARA ANALISIS DE SUELOS","SANEAR","31/12/2021","1.0","","","1503.020502","EQUIPO DE USO AGRICOLA Y PESQUERO","R","BOECO","GERMANY","MATRAZ DE 500ML","TRANSPARENTE","S/S","S/D","","","","","","","","","","U","",""
"1808","28","","602237420001","EQUIPO PARA DETERMINAR EQUIVALENTE DE ARENA","O/C Nº 154","04/07/2012","1586.0","","","1503.020905","EQUIPOS E INSTRUMENTOS DE MEDICION","R","FORNEY","S/M","ESTUCHE CAJA","CAFE","1629","S/D","","","","","","","","","","U","",""
"1809","28","","746437450023","ESCRITORIO DE MELAMINA","O/C N° 30-2016","04/03/2016","990.0","","","1503.020102","MOBILIARIO DE OFICINA","B","S/M","GERENCIAL","S/T","NEGRO/BEIGE","S/S","1.43X0.70X0.77","","","","","","","","","","U","",""
"1810","28","","746437790047","ESCRITORIO DE METAL","O/C N° 161-1996","29/02/1996","255.0","","","1503.020102","MOBILIARIO DE OFICINA","R","S/M","4 GAVETAS","S/T","PLOMO/NEGRO","S/S","0.73X1.20X0.74","","","","","","","","","","D","",""
"1811","28","","462252150126","ESTABILIZADOR","SANEAR","31/12/2021","1.0","","","1503.020904","ELECTRICIDAD Y ELECTRONICA","M","BELTRON","AVR","1000W","ROJO","S/S","S/D","","","","","","","","","","U","",""
"1812","28","","746441520007","ESTANTE DE MELAMINA","O/C N° 30-2016","04/03/2016","950.0","","","1503.020102","MOBILIARIO DE OFICINA","B","S/M","5 NIVELES/2 DIS","S/T","NEGRO/BEIGE","S/S","1.23X0.32X2.01","","","","","","","","","","U","",""
"1813","28","","882225250001","EXTINTOR","O/C N° 332-2015","11/11/2015","92.0","","","1503.020903","SEGURIDAD INDUSTRIAL","M","FADEX","S/M","S/T","ROJO","S/S","S/D","","","","","","","","","","U","",""
"1814","28","","462261830013","GENERADOR (OTROS)","O/C N° 311-2015","22/10/2015","3350.0","","","1503.020904","ELECTRICIDAD Y ELECTRONICA","M","HONDA","EP 2500 CX","ELECTRICO","ROJO/NEGRO","JH168F GCAAH-4491462","S/D","","","","","","","","","","U","",""
"1815","28","","322257950003","HORNO ELECTRICO","SANEAR","31/12/2021","1.0","","","1503.020902","ASEO, LIMPIEZA Y COCINA","M","P SELECTA","ZZ0","FALTA VARILEJO","BLANCO","2A2651","S/D","","","","","","","","","","U","",""
"1816","28","","322257950006","HORNO ELECTRICO","SANEAR","31/12/2021","1.0","","","1503.020902","ASEO, LIMPIEZA Y COCINA","M","MEMMERT","DIU-4005-1P20","DIU-40050-1P20","PLOMO","ZTE A302","S/D","","","","","","","","","","U","",""
"1817","28","","742232610004","MAQUINA ANILLADORA PERFORADORA","O/C N° 316-2014","21/11/2014","798.0","","","1503.020101","MAQUINAS Y EQUIPOS DE OFICINA","R","JAAMSA","ESPIRIMATIC","S/T","PLOMO","S/S","S/D","","","","","","","","","","U","",""
"1818","28","","675060580001","MAQUINA PARA MOLDEAR","SANEAR","31/12/2021","1.0","","","1503.020999","MAQUINARIAS, EQUIPOS Y MOBILIARIOS DE OTRAS INSTALACIONES","M","S/M","S/M","P´ HALLAR PESOO","PLOMO","S/S","S/D","","","","","","","","","","U","",""
"1819","28","","675060580002","MAQUINA PARA MOLDEAR","SANEAR","31/12/2021","1.0","","","1503.020999","MAQUINARIAS, EQUIPOS Y MOBILIARIOS DE OTRAS INSTALACIONES","M","S/M","S/M","P´ HALLAR PESOO","PLOMO","S/S","S/D","","","","","","","","","","U","",""
"1820","28","","602255370004","MEDIDOR (OTROS)","O/C N° 278-2014","16/10/2014","3287.0","","","1503.020905","EQUIPOS E INSTRUMENTOS DE MEDICION","R","ELE INTERNACIONAL","315-X8","MEDIDOR DIGITAL","PLATEADO","221315","S/D","","","","","","","","","","U","",""
"1821","28","","746450680004","MESA DE METAL","SANEAR","31/12/2021","1.0","","","1503.020102","MOBILIARIO DE OFICINA","R","S/M","S/M","S/T","CAFE/PLOMO","S/S","0.50X1.80X0.50","","","","","","","","","","U","",""
"1822","28","","746454580004","MESITA DE MADERA","SANEAR","31/12/2021","1.0","","","1503.020102","MOBILIARIO DE OFICINA","M","S/M","S/M","S/T","PLOMO","S/S","0.50X0.67X0.74","","","","","","","","","","U","",""
"1823","28","","746456780010","MESITA DE METAL PARA MAQUINA DE ESCRIBIR","SANEAR","31/12/2021","1.0","","","1503.020102","MOBILIARIO DE OFICINA","M","S/M","RODANTE","S/T","NEGRO/CAFE","S/S","0.40X0.90X0.67","","","","","","","","","","D","",""
"1824","28","","746460850014","MODULO DE MADERA PARA MICROCOMPUTADORA","SANEAR","31/12/2021","1.0","","","1503.020102","MOBILIARIO DE OFICINA","M","S/M","S/M","S/T","BLANCO","S/S","0.54X1.12X0.75","","","","","","","","","","U","",""
"1825","28","","746460850018","MODULO DE MADERA PARA MICROCOMPUTADORA","SANEAR","31/12/2021","1.0","","","1503.020102","MOBILIARIO DE OFICINA","R","S/M","S/M","S/T","CAFE","S/S","0.49X1.20X0.79","","","","","","","","","","U","",""
"1826","28","","602263960001","MUESTRADOR DE CAMPO MOTORIZADO","O/C N° 004-2013","11/01/2013","38350.0","","","1503.020905","EQUIPOS E INSTRUMENTOS DE MEDICION","R","ELE SOILTETS","ELE SOILTEST","INCLUYE CABESTA","ANARANJADO","1.20218E+12","S/D","","","","","","","","","","U","",""
"1827","28","","952260580041","PARLANTES EN GENERAL (MAYOR A 1/8 UIT)","SANEAR","31/12/2021","1.0","","","1503.020303","EQUIPOS DE TELECOMUNICACIONES","M","MICROSOFT","S/M","S/T","NEGRO","90810001050","S/D","","","","","","","","","","U","",""
"1828","28","","602268290001","PICNOMETRO","O/C N° 278-2014","16/10/2014","231.0","","","1503.020905","EQUIPOS E INSTRUMENTOS DE MEDICION","R","ELE INTERNACIONAL","S/M","S/T","DORADO","S/S","S/D","","","","","","","","","","U","",""
"1829","28","","746473050019","PIZARRA ACRILICA","O/C N° 145-2022","09/03/2022","395.0","","","1503.020102","MOBILIARIO DE OFICINA","M","S/M","S/M","S/T","BLANCO","S/S","1.20X1.65","","","","","","","","","","U","",""
"1830","28","","746475770001","PLANOTECA DE MADERA","SANEAR","31/12/2021","1.0","","","1503.020102","MOBILIARIO DE OFICINA","M","S/M","5 GAV","S/T","CAFE","S/S","0.81X1.40X0.90","","","","","","","","","","U","",""
"1831","28","","675083000001","PRENSA HIDRAULICA","SANEAR","31/12/2021","1.0","","","1503.020999","MAQUINARIAS, EQUIPOS Y MOBILIARIOS DE OTRAS INSTALACIONES","M","S/M","S/M","S/T","PLOMO","CT-750-234","S/D","","","","","","","","","","U","",""
"1832","28","","742280770002","REFRENDADOR","SANEAR","31/12/2021","1.0","","","1503.020101","MAQUINAS Y EQUIPOS DE OFICINA","M","TAMI EQUIPO LTA","S/M","S/T","PLATA/NEGRO","S/S","S/D","","","","","","","","","","U","",""
"1833","28","","746481190017","SILLA FIJA DE MADERA","O/C N° 318-1995","30/06/1995","65.0","","","1503.020102","MOBILIARIO DE OFICINA","M","S/M","TAPIZ COROFAN","S/T","CAFÉ","S/S","0.40X0.41X0.90","","","","","","","","","","U","",""
"1834","28","","746481870032","SILLA FIJA DE METAL","SANEAR","31/12/2021","1.0","","","1503.020102","MOBILIARIO DE OFICINA","M","S/M","S/M","S/T","NEGRO","S/S","0.37X0.37X0.82","","","","","","","","","","U","",""
"1835","28","","746481870035","SILLA FIJA DE METAL","SANEAR","31/12/2021","1.0","","","1503.020102","MOBILIARIO DE OFICINA","R","S/M","S/M","S/T","NEGRO","S/S","0.42X0.42X0.87","","","","","","","","","","U","",""
"1836","28","","675090150001","TAMIZADOR ELECTRICO","O/C Nº 114","10/07/2007","206.17","","","1503.020999","MAQUINARIAS, EQUIPOS Y MOBILIARIOS DE OTRAS INSTALACIONES","R","S/M","TAMIZ NRO 30","TAMIZ DE ACERO""","PLATEADO","S/S","S/D","","","","","","","","","","U","",""
"1837","28","","675090150002","TAMIZADOR ELECTRICO","O/C N° 278-2014","16/10/2014","1162.0","","","1503.020999","1501.080501","M","ELE INTERNACIOL","TAMIZ NRO 200","TAMIZ  LAVADO","DORADO","S/S","S/D","","","","","","","","","","U","",""
"1838","28","","676466670028","TANQUE DE POLIETILENO PARA AGUA","O/C N° 275-2015","19/08/2015","460.0","","","1503.020102","MOBILIARIO DE OFICINA","M","ROTOPLAS","1100 LTS.","S/T","NEGRO","S/S","S/D","","","","","","","","","","U","",""
"1839","29","","746441180009","ESTANTE DE MADERA","O/C N° 301-1993","30/11/1993","210.0","","","1503.020102","MOBILIARIO DE OFICINA","M","S/M","2 PUERTAS","S/T","MARRON","S/S","0.81X1.03X0.26","","","","","","","","","","D","",""
"1840","29","","746481190003","SILLA FIJA DE MADERA","O/C N° 1016-1995","29/12/1995","65.0","","","1503.020102","MOBILIARIO DE OFICINA","M","S/M","TAPIZ","S/T","CAFE","S/S","0.45X0.47X0.85","","","","","","","","","","D","",""
"1841","29","","746481870012","SILLA FIJA DE METAL","O/C N° 175-1987","26/05/1987","600.0","","","1503.020102","MOBILIARIO DE OFICINA","M","S/M","S/M","S/T","NEGRO","S/S","S/D","","","","","","","","","","D","",""
"1842","29","","746481870016","SILLA FIJA DE METAL","O/C N° 142-1987","04/05/1987","550.0","","","1503.020102","MOBILIARIO DE OFICINA","M","S/M","S/M","S/T","NEGRO","S/S","S/D","","","","","","","","","","D","",""
"1843","29","","746481870017","SILLA FIJA DE METAL","O/C N° 142-1987","04/05/1987","550.0","","","1503.020102","MOBILIARIO DE OFICINA","M","S/M","S/M","S/T","NEGRO","S/S","S/D","","","","","","","","","","D","",""
"1844","29","","746481870018","SILLA FIJA DE METAL","O/C N° 087-1991","19/09/1991","20.0","","","1503.020102","MOBILIARIO DE OFICINA","M","S/M","MARROQUIN","S/T","NEGRO/BEIGE","S/S","S/D","","","","","","","","","","D","",""
"1845","29","","746481870019","SILLA FIJA DE METAL","O/C N° 087-1991","19/09/1991","20.0","","","1503.020102","MOBILIARIO DE OFICINA","M","S/M","MARROQUIN","S/T","NEGRO/BEIGE","S/S","S/D","","","","","","","","","","D","",""
"1846","29","","746481870021","SILLA FIJA DE METAL","O/C N° 087-1991","19/09/1991","20.0","","","1503.020102","MOBILIARIO DE OFICINA","M","S/M","MARROQUIN","S/T","NEGRO/BEIGE","S/S","S/D","","","","","","","","","","D","",""
"1847","29","","746481870023","SILLA FIJA DE METAL","O/C N° 087-1991","19/09/1991","20.0","","","1503.020102","MOBILIARIO DE OFICINA","M","S/M","MARROQUIN","S/T","NEGRO/BEIGE","S/S","S/D","","","","","","","","","","D","",""
"1848","29","","746481870028","SILLA FIJA DE METAL","O/C N° 172-1996","29/02/1996","55.0","","","1503.020102","MOBILIARIO DE OFICINA","M","S/M","S/M","S/T","NEGRO","S/S","S/D","","","","","","","","","","D","",""
"1849","29","","746481870029","SILLA FIJA DE METAL","O/C N° 172-1996","29/02/1996","55.0","","","1503.020102","MOBILIARIO DE OFICINA","M","S/M","S/M","S/T","NEGRO","S/S","S/D","","","","","","","","","","D","",""
"1850","29","","746481870030","SILLA FIJA DE METAL","O/C N° 172-1996","29/02/1996","55.0","","","1503.020102","MOBILIARIO DE OFICINA","M","S/M","S/M","S/T","NEGRO","S/S","S/D","","","","","","","","","","D","",""
"1851","29","","746481870031","SILLA FIJA DE METAL","O/C N° 172-1996","29/02/1996","55.0","","","1503.020102","MOBILIARIO DE OFICINA","M","S/M","S/M","S/T","NEGRO","S/S","S/D","","","","","","","","","","D","",""
"1852","29","","746481870038","SILLA FIJA DE METAL","O/C N° 172-1996","29/02/1996","55.0","","","1503.020102","MOBILIARIO DE OFICINA","M","S/M","S/M","S/T","NEGRO","S/S","S/D","","","","","","","","","","D","",""
"1853","29","","746481870047","SILLA FIJA DE METAL","O/C N° 172-1996","29/02/1996","55.0","","","1503.020102","MOBILIARIO DE OFICINA","M","S/M","S/M","S/T","NEGRO","S/S","S/D","","","","","","","","","","D","",""
"1854","29","","746481870048","SILLA FIJA DE METAL","O/C N° 83-1987","27/03/1987","510.0","","","1503.020102","MOBILIARIO DE OFICINA","M","S/M","S/M","S/T","NEGRO","S/S","S/D","","","","","","","","","","D","",""
"1855","29","","746481870066","SILLA FIJA DE METAL","O/C N° 149-1991","23/10/1991","45.0","","","1503.020102","MOBILIARIO DE OFICINA","M","S/M","S/M","S/T","NEGRO","S/S","S/D","","","","","","","","","","D","",""
"1856","29","","746481870067","SILLA FIJA DE METAL","SANEAR","31/12/2021","1.0","","","1503.020102","MOBILIARIO DE OFICINA","M","S/M","S/M","S/T","NEGRO","S/S","S/D","","","","","","","","","","D","",""
"1857","29","","746481870071","SILLA FIJA DE METAL","SANEAR","31/12/2021","1.0","","","1503.020102","MOBILIARIO DE OFICINA","M","S/M","S/M","S/T","NEGRO","S/S","S/D","","","","","","","","","","D","",""
"1858","29","","746481870074","SILLA FIJA DE METAL","SANEAR","31/12/2021","1.0","","","1503.020102","MOBILIARIO DE OFICINA","M","S/M","S/M","S/T","NEGRO","S/S","S/D","","","","","","","","","","D","",""
"1859","29","","746481870077","SILLA FIJA DE METAL","SANEAR","31/12/2021","1.0","","","1503.020102","MOBILIARIO DE OFICINA","M","S/M","S/M","S/T","NEGRO","S/S","S/D","","","","","","","","","","D","",""
"1860","29","","746481870081","SILLA FIJA DE METAL","SANEAR","31/12/2021","1.0","","","1503.020102","MOBILIARIO DE OFICINA","M","S/M","S/M","S/T","NEGRO","S/S","S/D","","","","","","","","","","D","",""
"1861","29","","746481870082","SILLA FIJA DE METAL","SANEAR","31/12/2021","1.0","","","1503.020102","MOBILIARIO DE OFICINA","M","S/M","S/M","S/T","NEGRO","S/S","S/D","","","","","","","","","","D","",""
"1862","29","","746481870092","SILLA FIJA DE METAL","SANEAR","31/12/2021","1.0","","","1503.020102","MOBILIARIO DE OFICINA","M","S/M","S/M","S/T","NEGRO","S/S","S/D","","","","","","","","","","D","",""
"1863","29","","746481870093","SILLA FIJA DE METAL","SANEAR","31/12/2021","1.0","","","1503.020102","MOBILIARIO DE OFICINA","M","S/M","S/M","S/T","NEGRO","S/S","S/D","","","","","","","","","","D","",""
"1864","29","","746481870095","SILLA FIJA DE METAL","SANEAR","31/12/2021","1.0","","","1503.020102","MOBILIARIO DE OFICINA","M","S/M","S/M","S/T","NEGRO","S/S","S/D","","","","","","","","","","D","",""
"1865","29","","746481870103","SILLA FIJA DE METAL","SANEAR","31/12/2021","1.0","","","1503.020102","MOBILIARIO DE OFICINA","M","S/M","S/M","S/T","NEGRO","S/S","S/D","","","","","","","","","","D","",""
"1866","29","","746481870111","SILLA FIJA DE METAL","O/C N° 355-1991","","24.0","","","1503.020102","MOBILIARIO DE OFICINA","M","S/M","S/M","S/T","NEGRO","S/S","S/D","","","","","","","","","","D","",""
"1867","29","","746483900108","SILLA GIRATORIA DE METAL","O/C Nº 161-2013","12/04/2013","220.0","","","1503.020102","MOBILIARIO DE OFICINA","M","S/M","S/M","S/T","NEGRO","S/S","S/D","","","","","","","","","","D","",""
"1868","29","","746487970009","SILLON FIJO DE METAL","SANEAR","31/12/2021","1.0","","","1503.020102","MOBILIARIO DE OFICINA","M","S/M","S/M","S/T","NEGRO","S/S","S/D","","","","","","","","","","D","",""
"1869","29","","746489330003","SILLON GIRATORIO DE METAL","O/C N° 310-2012","15/11/2012","180.0","","","1503.020102","MOBILIARIO DE OFICINA","M","S/M","S/M","S/T","AMARILLO","S/S","S/D","","","","","","","","","","D","",""
"1870","39","","675001050002","AMOLADORA","O/C N° 00220","17/08/2020","280.0","","","1503.020999","MAQUINARIAS, EQUIPOS Y MOBILIARIOS DE OTRAS INSTALACIONES","M","CROWN","CT15031","S/T","PLOMO","12060200177","S/D","","","","","","","","","","U","",""
"1871","39","","602207850004","BALANZA ELECTRONICA","O/C Nº 00177","27/07/2020","190.0","","","1503.020905","EQUIPOS E INSTRUMENTOS DE MEDICION","M","OHAUS","NVL20000/1","S/T","CREMA","S/S","S/D","","","","","","","","","","U","",""
"1872","39","","676466670011","TANQUE DE POLIETILENO PARA AGUA","O/C Nº 00023","31/12/2021","420.0","","","1503.020102","MOBILIARIO DE OFICINA","R","S/M","IBC1000","S/T","BLANCO","S/S","1.20X1.00X1.10","","","","","","","","","","D","",""
"1873","39","","676466670012","TANQUE DE POLIETILENO PARA AGUA","O/C Nº 00023","31/12/2021","420.0","","","1503.020102","MOBILIARIO DE OFICINA","R","S/M","IBC1000","S/T","AMARILLO","S/S","1.20X1.00X1.10","","","","","","","","","","D","",""
"1874","39","","676466670015","TANQUE DE POLIETILENO PARA AGUA","O/C N° 459-2015","16/12/2015","538.0","","","1503.020102","MOBILIARIO DE OFICINA","R","S/M","IBC1000","S/T","ROJO","S/S","1.20X1.00X1.10","","","","","","","","","","D","",""
"1875","39","","602292810002","TERMOMETRO INFRARROJO","O/C N° 00117","19/03/2021","195.9","","","1503.020402","EQUIPO MEDICO","R","YUWELL","YT-1","S/T","BLANCO","S/S","S/D","","","","","","","","","","U","",""
"1876","39","","532288390001","OXIMETRO","O/C-00117","19/03/2021","165.0","","","1503.020301","EQUIPOS COMPUTACIONALES Y PERIFERICOS","R","S/M","MD 300C11","S/T","NEGRO/VIOLETA","1.91607E+11","S/D","","","","","","","","","","U","",""
"1877","39","","532288390002","OXIMETRO","O/C-00117","19/03/2021","165.0","","","1503.020301","EQUIPOS COMPUTACIONALES Y PERIFERICOS","R","S/M","C101A3","S/T","BLANCO","S/S","S/D","","","","","","","","","","U","",""
"1878","39","","672237960001","ENGRAPADOR INDUSTRIAL","O/C Nº 81","17/10/2022","320.0","","","1503.020999","MAQUINARIAS, EQUIPOS Y MOBILIARIOS DE OTRAS INSTALACIONES","","","","","","","","","","","","","","","","","U","",""
"1879","39","","602292810003","TERMOMETRO INFRARROJO","O/C N° 00169-2022","21/03/2022","138.0","","","1503.020402","EQUIPO MEDICO","R","FAMIDOC","FDIR-V22/IR122","S/T","BLANCO","S/S","S/D","","","","","","","","","","U","",""
"1880","39","","673615470001","COMPACTADOR","O/C Nº 153","03/11/2022","4100.0","","","1503.020999","MAQUINARIAS, EQUIPOS Y MOBILIARIOS DE OTRAS INSTALACIONES","","HONDA","","","","","","","","","","","","","","","U","",""
"1881","39","","602292810005","TERMOMETRO INFRARROJO","O/C Nº 00127","26/02/2022","79.9","","","1503.020301","EQUIPOS COMPUTACIONALES Y PERIFERICOS","","","","","","","","","","","","","","","","","U","",""
"1882","39","","672237960002","ENGRAPADOR INDUSTRIAL","O/C Nº 95","17/02/2022","190.0","","","1503.020999","MAQUINARIAS, EQUIPOS Y MOBILIARIOS DE OTRAS INSTALACIONES","","","","","","","","","","","","","","","","","U","",""
"1883","39","","672282100001","PERFORADORA INDUSTRIAL","O/C Nª 000095","17/02/2022","280.0","","","1503.020101","MAQUINAS Y EQUIPOS DE OFICINA","","ARTESCO","","","","","","","","","","","","","","","U","",""
"1884","39","","672282100001","PERFORADORA INDUSTRIAL","O/C Nª 000083","15/02/2022","280.0","","","1503.020101","MAQUINAS Y EQUIPOS DE OFICINA","","ARTESCO","","","","","","","","","","","","","","","U","",""
"1885","39","","672237960003","ENGRAPADOR INDUSTRIAL","O/C Nº 290","26/05/2022","220.0","","","1503.020999","MAQUINARIAS, EQUIPOS Y MOBILIARIOS DE OTRAS INSTALACIONES","","","","","","","","","","","","","","","","","U","",""
"1886","39","","672237960004","ENGRAPADOR INDUSTRIAL","O/C Nº 271","16/05/2022","220.0","","","1503.020999","MAQUINARIAS, EQUIPOS Y MOBILIARIOS DE OTRAS INSTALACIONES","","","","","","","","","","","","","","","","","U","",""
"1887","39","","672237960005","ENGRAPADOR INDUSTRIAL","O/C Nº 264","12/05/2022","220.0","","","1503.020301","EQUIPOS COMPUTACIONALES Y PERIFERICOS","","","","","","","","","","","","","","","","","U","",""
"1888","30","","746403890010","ARCHIVADOR DE METAL","SANEAR","31/12/2021","1.0","","","1503.020102","MOBILIARIO DE OFICINA","R","S/M","4 GAVETAS","S/T","PLOMO","S/S","0.49X0.66X1.32","","","","","","","","","","U","",""
"1889","30","","746405920003","ARMARIO DE MADERA","SANEAR","31/12/2021","1.0","","","1503.020102","MOBILIARIO DE OFICINA","R","S/M","2 PUERTAS","S/T","CAFE/AMARILLO","S/S","0.42X0.80X1.75","","","","","","","","","","U","",""
"1890","30","","746406260001","ARMARIO DE MELAMINA","O/C N° 8-00053-2010","16/04/2010","450.0","","","1503.020102","MOBILIARIO DE OFICINA","R","S/M","2 PUERTAS","S/T","CAOBA/NEGRO","S/S","0.40X0.80X1.83","","","","","","","","","","U","",""
"1891","30","","742208970015","CAMARA FOTOGRAFICA DIGITAL","O/C Nº 151-2015","07/07/2015","1650.0","","","1503.020101","MAQUINAS Y EQUIPOS DE OFICINA","R","SONY","DC-H400","","NEGRO","148285","","","","","","","","","","","U","",""
"1892","30","","742223580026","EQUIPO MULTIFUNCIONAL COPIADORA IMPRESORA SCANNER Y/O FAX","O/C Nº 162-2015","09/07/2015","1087.0","","","1503.020101","MAQUINAS Y EQUIPOS DE OFICINA","R","EPSON","L 555","C463B","NEGRO","S4XY068584","S/D","","","","","","","","","","U","",""
"1893","30","","746437120016","ESCRITORIO DE MADERA","SANEAR","31/12/2021","1.0","","","1503.020102","MOBILIARIO DE OFICINA","M","S/M","4 GAVETAS","S/T","CAFE","S/S","1.45X0.68X0.75","","","","","","","","","","U","",""
"1894","30","","746437120046","ESCRITORIO DE MADERA","O/C N° 8-00053-2010","16/04/2010","370.0","","","1503.020102","MOBILIARIO DE OFICINA","R","S/M","3 GAVETAS","S/T","BEIGE","S/S","S/D","","","","","","","","","","U","",""
"1895","30","","746437790018","ESCRITORIO DE METAL","SANEAR","31/12/2021","1.0","","","1503.020102","MOBILIARIO DE OFICINA","R","S/M","S/M","S/T","PLOMO/NEGRO","S/S","1.20X0.75X0.75","","","","","","","","","","U","",""
"1896","30","","462252150014","ESTABILIZADOR","SANEAR","31/12/2021","1.0","","","1503.020904","ELECTRICIDAD Y ELECTRONICA","R","ALTRON","S/M","CUÑA","NEGRO","80509673","S/D","","","","","","","","","","U","",""
"1897","30","","462252150046","ESTABILIZADOR","SANEAR","31/12/2021","1.0","","","1503.020904","ELECTRICIDAD Y ELECTRONICA","R","POWER","PU1200","S/T","NEGRO","S/S","S/D","","","","","","","","","","U","",""
"1898","30","","462252150130","ESTABILIZADOR","SANEAR","31/12/2021","1.0","","","1503.020904","ELECTRICIDAD Y ELECTRONICA","R","S/M","LE601","S/T","BLANCO","S/S","S/D","","","","","","","","","","U","",""
"1899","30","","746441860039","ESTANTE DE METAL","O/C N°287-2014","27/10/2014","205.0","","","1503.020102","MOBILIARIO DE OFICINA","R","S/M","6 NIV RANURADO","S/T","BLANCO/PLOMO","S/S","0.30X1.14X2.40","","","","","","","","","","U","",""
"1900","30","","746441860040","ESTANTE DE METAL","O/C N°287-2014","27/10/2014","205.0","","","1503.020102","MOBILIARIO DE OFICINA","R","S/M","6 NIV RANURADO","S/T","BLANCO/PLOMO","S/S","0.30X1.14X2.40","","","","","","","","","","U","",""
"1901","30","","746441860041","ESTANTE DE METAL","O/C N°287-2014","27/10/2014","205.0","","","1503.020102","MOBILIARIO DE OFICINA","R","S/M","6 NIV RANURADO","S/T","BLANCO/NARANJA","S/S","0.30X1.14X2.40","","","","","","","","","","U","",""
"1902","30","","746441860042","ESTANTE DE METAL","O/C N°287-2014","27/10/2014","205.0","","","1503.020102","MOBILIARIO DE OFICINA","R","S/M","6 NIV RANURADO","S/T","BLANCO/NARANJA","S/S","0.30X1.14X2.40","","","","","","","","","","U","",""
"1903","30","","746441860043","ESTANTE DE METAL","O/C N°287-2014","27/10/2014","205.0","","","1503.020102","MOBILIARIO DE OFICINA","R","S/M","6 NIV RANURADO","S/T","BLANCO/PLOMO","S/S","0.30X1.14X2.40","","","","","","","","","","U","",""
"1904","30","","746441860044","ESTANTE DE METAL","O/C N°287-2014","27/10/2014","205.0","","","1503.020102","MOBILIARIO DE OFICINA","R","S/M","6 NIV RANURADO","S/T","BLANCO/PLOMO","S/S","0.30X1.14X2.40","","","","","","","","","","U","",""
"1905","30","","746441860045","ESTANTE DE METAL","O/C N°287-2014","27/10/2014","205.0","","","1503.020102","MOBILIARIO DE OFICINA","R","S/M","6 NIV RANURADO","S/T","BLANCO/PLOMO","S/S","0.30X1.14X2.40","","","","","","","","","","U","",""
"1906","30","","746441860046","ESTANTE DE METAL","O/C N°287-2014","27/10/2014","205.0","","","1503.020102","MOBILIARIO DE OFICINA","R","S/M","6 DIVI RANURAD","S/T","BLANCO/PLOMO","S/S","2.40X0.30X1.14","","","","","","","","","","U","",""
"1907","30","","740832000018","IMPRESORA (OTRAS)","O/C N° 0005-2009","24/04/2009","452.4","","","1503.020301","EQUIPOS COMPUTACIONALES Y PERIFERICOS","M","HP","LASERJET P1006","S/T","PLOMO/NEGRO","VNC4B62020P1006","S/D","","","","","","","","","","U","",""
"1908","30","","740832000024","IMPRESORA (OTRAS)","O/C Nª 8-00002","24/02/2010","475.0","","","1503.020301","EQUIPOS COMPUTACIONALES Y PERIFERICOS","R","HP","LASERJET P1006","","NEGRO/PLOMO","VNF35677","","","","","","","","","","","U","",""
"1909","30","","746460170020","MODULO DE MADERA","SANEAR","31/12/2021","1.0","","","1503.020102","MOBILIARIO DE OFICINA","R","S/M","2 NIVELES","S/T","CAFE","S/S","0.30X1.23X0.80","","","","","","","","","","U","",""
"1910","30","","746460980001","MODULO DE MELAMINA","O/C N° 199-2012","01/08/2012","350.0","","","1503.020102","MOBILIARIO DE OFICINA","R","S/M","3 GAVETAS","S/T","CEDRO/NEGRO","S/S","0.50X1.13X1.80","","","","","","","","","","U","",""
"1911","30","","746460980005","MODULO DE MELAMINA","O/C N° 199-2012","01/08/2012","350.0","","","1503.020102","MOBILIARIO DE OFICINA","R","S/M","3 GAVETAS","S/T","CEDRO/NEGRO","S/S","0.50X1.13X1.80","","","","","","","","","","U","",""
"1912","30","","952258120021","MONITOR (OTROS)","SANEAR","31/12/2021","1.0","","","1503.020303","EQUIPOS DE TELECOMUNICACIONES","M","SAMSUNG","2033 SWPLUS","S/T","NEGRO","CM20H9LSB16596L","S/D","","","","","","","","","","U","",""
"1913","30","","952258120025","MONITOR (OTROS)","SANEAR","31/12/2021","1.0","","","1503.020303","EQUIPOS DE TELECOMUNICACIONES","M","LG","20M474A","S/T","NEGRO","507NTCZD6723","S/D","","","","","","","","","","U","",""
"1914","30","","952258120072","MONITOR (OTROS)","O/C N° 278-2016","14/10/2016","614.0","","","1503.020303","EQUIPOS DE TELECOMUNICACIONES","M","SAMSUNG","L52CM2KIVA","S/T","NEGRO","605NTEP742476","S/D","","","","","","","","","","U","",""
"1915","30","","952260580059","PARLANTES EN GENERAL (MAYOR A 1/8 UIT)","O/C N° 533-2013","23/07/2013","37.72","","","1503.020303","EQUIPOS DE TELECOMUNICACIONES","R","CYBERTEL","CYB S213","","NEGRO","","","","","","","","","","","","U","",""
"1916","30","","746481870034","SILLA FIJA DE METAL","SANEAR","31/12/2021","1.0","","","1503.020102","MOBILIARIO DE OFICINA","R","S/M","S/M","S/T","NEGRO","S/S","0.44X0.42X0.87","","","","","","","","","","U","",""
"1917","30","","746481870057","SILLA FIJA DE METAL","SANEAR","31/12/2021","1.0","","","1503.020102","MOBILIARIO DE OFICINA","M","S/M","S/M","S/T","NEGRO","S/S","0.44X0.44X0.76","","","","","","","","","","U","",""
"1918","30","","746481870075","SILLA FIJA DE METAL","SANEAR","31/12/2021","1.0","","","1503.020102","MOBILIARIO DE OFICINA","M","S/M","S/M","S/T","NEGRO","S/S","S/D","","","","","","","","","","U","",""
"1919","30","","746481870083","SILLA FIJA DE METAL","SANEAR","31/12/2021","1.0","","","1503.020102","MOBILIARIO DE OFICINA","R","S/M","S/M","S/T","PLOMO/NEGRO","S/S","S/D","","","","","","","","","","U","",""
"1920","30","","746482550012","SILLA FIJA DE OTRO MATERIAL","O/C N° 44-2000","22/02/2000","21.7","","","1503.020102","MOBILIARIO DE OFICINA","R","S/M","S/M","S/T","CELESTE","S/S","S/D","","","","","","","","","","U","",""
"1921","30","","746482550013","SILLA FIJA DE OTRO MATERIAL","O/C N° 44-2000","22/02/2000","21.7","","","1503.020102","MOBILIARIO DE OFICINA","R","S/M","S/M","S/T","CELESTE","S/S","S/D","","","","","","","","","","U","",""
"1922","30","","746482550015","SILLA FIJA DE OTRO MATERIAL","O/C N° 44-2000","22/02/2000","21.7","","","1503.020102","MOBILIARIO DE OFICINA","R","REY","S/M","S/T","CELESTE","S/S","S/D","","","","","","","","","","U","",""
"1923","30","","746482550020","SILLA FIJA DE OTRO MATERIAL","SANEAR","31/12/2021","1.0","","","1503.020102","MOBILIARIO DE OFICINA","R","S/M","PLASTICO","S/T","BLANCO","S/S","S/D","","","","","","","","","","U","",""
"1924","30","","746483900084","SILLA GIRATORIA DE METAL","O/C N°000047-2013","07/02/2013","200.0","","","1503.020102","MOBILIARIO DE OFICINA","R","S/M","S/M","S/T","NEGRO","S/S","0.49X.45X0.87","","","","","","","","","","U","",""
"1925","30","","746483900085","SILLA GIRATORIA DE METAL","O/C N°000047-2013","07/02/2013","200.0","","","1503.020102","MOBILIARIO DE OFICINA","R","S/M","S/M","S/T","NEGRO","S/S","0.63X0.46X0.40","","","","","","","","","","U","",""
"1926","30","","746483900102","SILLA GIRATORIA DE METAL","O/C N° 310-2012","15/11/2012","180.0","","","1503.020102","MOBILIARIO DE OFICINA","M","S/M","S/M","S/T","NEGRO","S/S","0.43X0.46X0.72","","","","","","","","","","U","",""
"1927","30","","746489330024","SILLON GIRATORIO DE METAL","O/C N° 30-2016","04/03/2016","510.0","","","1503.020102","MOBILIARIO DE OFICINA","R","S/M","S/M","S/T","NEGRO","S/S","0.60X0.50X1.15","","","","","","","","","","U","",""
"1928","30","","952281170004","SWITCH PARA RED","O/C N° 8-00266-2010","14/08/2010","145.0","","","1503.020303","EQUIPOS DE TELECOMUNICACIONES","R","TP-LINK","TLSF 1016D","S/T","BLANCO","S/S","S/D"," "," "," "," "," "," ","",""," ","U","",""
"1929","30","","746494750004","TABURETE FIJO DE METAL","SANEAR","31/12/2021","1.0","","","1503.020102","MOBILIARIO DE OFICINA","M","S/M","S/M","S/T","NEGRO","S/S","S/D","","","","","","","","","","U","",""
"1930","30","","740895000105","TECLADO - KEYBOARD","O/C N° 3-00043-2010","25/05/2010","20.0","","","1503.020301","EQUIPOS COMPUTACIONALES Y PERIFERICOS","R","GENIUS","S/M","S/T","NEGRO","XEC907012164","S/D"," "," "," "," "," "," ","",""," ","U","",""
"1931","30","","740895000166","TECLADO - KEYBOARD","O/C N° 155-2012","04/07/2012","54.26","","","1503.020301","EQUIPOS COMPUTACIONALES Y PERIFERICOS","M","GENIUS","S/M","S/T","NEGRO","S/S","S/D","","","","","","","","","","U","",""
"1932","30","","740895000192","TECLADO - KEYBOARD","O/C N° 359-2001","13/09/2001","35.0","","","1503.020301","EQUIPOS COMPUTACIONALES Y PERIFERICOS","R","GENIUS","AT","S/T","NEGRO","WE27920C686D","S/D","","","","","","","","","","U","",""
"1933","30","","740899500076","UNIDAD CENTRAL DE PROCESO - CPU","O/C N° 8-00107-2010","29/04/2010","1962.38","","","1503.020301","EQUIPOS COMPUTACIONALES Y PERIFERICOS","M","INTEL","S/M","S/T","NEGRO","S/S","S/D","","","","","","","","","","U","",""
"1934","30","","740899500145","UNIDAD CENTRAL DE PROCESO - CPU","O/C N° 278-2016","14/10/2016","3175.0","","","1503.020301","EQUIPOS COMPUTACIONALES Y PERIFERICOS","R","ADVANCE","I 7","S/T","NEGRO","S/S","S/D","","","","","","","","","","U","",""
"1935","30","","740899500146","UNIDAD CENTRAL DE PROCESO - CPU","O/C N° 495-2016","30/12/2016","3650.0","","","1503.020301","EQUIPOS COMPUTACIONALES Y PERIFERICOS","R","HALION","I 7","6700","NEGRO","S/S","S/D","","","","","","","","","","U","",""
"1936","31","","675079700001","MARTILLO NEUMATICO","SANEAR","31/12/2021","1.0","","","1503.020999","MAQUINARIAS, EQUIPOS Y MOBILIARIOS DE OTRAS INSTALACIONES","M","S/M","C41-75","S/T","VERDE","S/S","S/D","","","","","","","","","","D","",""
"1937","31","","672217000003","BOMBA (OTRAS)","SANEAR","31/12/2021","1.0","","","1503.020906","EQUIPOS PARA VEHICULOS","M","S/M","S/M","S/T","VERDE","S/S","S/D","","","","","","","","","","D","",""
"1938","31","","746417450004","CABINA - CASETA","SANEAR","31/12/2021","1.0","","","1503.020102","MOBILIARIO DE OFICINA","M","CHINA","S/M","S/T","VERDE","S/S","2.70X5.20X2.75","","","","","","","","","","D","",""
"1939","31","","746417450005","CABINA - CASETA","SANEAR","31/12/2021","1.0","","","1503.020102","MOBILIARIO DE OFICINA","M","CHINA","S/M","S/T","VERDE","S/S","2.70X5.20X2.75","","","","","","","","","","D","",""
"1940","31","","746417450006","CABINA - CASETA","SANEAR","31/12/2021","1.0","","","1503.020102","MOBILIARIO DE OFICINA","M","CHINA","S/M","S/T","VERDE","S/S","2.70X5.20X2.75","","","","","","","","","","D","",""
"1941","31","","746417450007","CABINA - CASETA","SANEAR","31/12/2021","1.0","","","1503.020102","MOBILIARIO DE OFICINA","M","CHINA","S/M","S/T","VERDE","S/S","2.70X5.20X2.75","","","","","","","","","","D","",""
"1942","31","","746417450008","CABINA - CASETA","SANEAR","31/12/2021","1.0","","","1503.020102","MOBILIARIO DE OFICINA","M","CHINA","S/M","S/T","VERDE","S/S","2.70X5.20X2.75","","","","","","","","","","D","",""
"1943","31","","746417450009","CABINA - CASETA","SANEAR","31/12/2021","1.0","","","1503.020102","MOBILIARIO DE OFICINA","M","CHINA","S/M","S/T","VERDE","S/S","2.70X5.20X2.75","","","","","","","","","","D","",""
"1944","31","","746417450010","CABINA - CASETA","SANEAR","31/12/2021","1.0","","","1503.020102","MOBILIARIO DE OFICINA","M","CHINA","S/M","S/T","VERDE","S/S","2.70X5.20X2.75","","","","","","","","","","D","",""
"1945","31","","746417450012","CABINA - CASETA","SANEAR","31/12/2021","1.0","","","1503.020102","MOBILIARIO DE OFICINA","M","CHINA","S/M","S/T","VERDE","S/S","2.70X5.20X2.75","","","","","","","","","","D","",""
"1946","31","","746417450015","CABINA - CASETA","SANEAR","31/12/2021","1.0","","","1503.020102","MOBILIARIO DE OFICINA","M","CHINA","CASETA 3","S/T","VERDE","S/S","2.70X5.20X2.75","","","","","","","","","","D","",""
"1947","31","","746417450018","CABINA - CASETA","SANEAR","31/12/2021","1.0","","","1503.020102","MOBILIARIO DE OFICINA","M","CHINA","S/M","S/T","VERDE","S/S","2.70X5.20X2.75","","","","","","","","","","D","",""
"1948","31","","746417450019","CABINA - CASETA","SANEAR","31/12/2021","1.0","","","1503.020102","MOBILIARIO DE OFICINA","M","CHINA","S/M","S/T","VERDE","S/S","2.70X5.20X2.75","","","","","","","","","","D","",""
"1949","31","","746417450021","CABINA - CASETA","SANEAR","31/12/2021","1.0","","","1503.020102","MOBILIARIO DE OFICINA","M","CHINA","S/M","S/T","VERDE","S/S","2.70X5.20X2.75","","","","","","","","","","D","",""
"1950","31","","746417450022","CABINA - CASETA","SANEAR","31/12/2021","1.0","","","1503.020102","MOBILIARIO DE OFICINA","M","CHINA","S/M","S/T","VERDE","S/S","2.70X5.20X2.75","","","","","","","","","","D","",""
"1951","31","","746417450023","CABINA - CASETA","SANEAR","31/12/2021","1.0","","","1503.020102","MOBILIARIO DE OFICINA","M","CHINA","S/M","S/T","VERDE","S/S","2.70X5.20X2.75","","","","","","","","","","D","",""
"1952","31","","746417450024","CABINA - CASETA","SANEAR","31/12/2021","1.0","","","1503.020102","MOBILIARIO DE OFICINA","M","CHINA","S/M","S/T","VERDE","S/S","2.70X5.20X2.75","","","","","","","","","","D","",""
"1953","31","","746417450025","CABINA - CASETA","SANEAR","31/12/2021","1.0","","","1503.020102","MOBILIARIO DE OFICINA","M","CHINA","S/M","S/T","VERDE","S/S","2.70X5.20X2.75","","","","","","","","","","D","",""
"1954","31","","746417450029","CABINA - CASETA","SANEAR","31/12/2021","1.0","","","1503.020102","MOBILIARIO DE OFICINA","M","CHINA","S/M","S/T","VERDE","S/S","2.70X5.20X2.75","","","","","","","","","","D","",""
"1955","31","","746417450030","CABINA - CASETA","SANEAR","31/12/2021","1.0","","","1503.020102","MOBILIARIO DE OFICINA","M","CHINA","S/M","S/T","VERDE","S/S","2.70X5.20X2.75","","","","","","","","","","D","",""
"1956","31","","746417450031","CABINA - CASETA","SANEAR","31/12/2021","1.0","","","1503.020102","MOBILIARIO DE OFICINA","M","CHINA","S/M","S/T","VERDE","S/S","2.70X5.20X2.75","","","","","","","","","","D","",""
"1957","31","","678209500001","CAMION (OTROS)","SANEAR","31/12/2021","1.0","","","1503.0101","VEHICULOS PARA TRANSPORTE TERRESTRE","M","DODGE","D-300","MEDIO CAMION","AZUL NOCTURNO","D32235P039823","S/D","WQ-2115","PT501977","D32235P039823","","","","","","WQ-2115","D","",""
"1958","31","","678209500002","CAMION (OTROS)","DONADO","31/12/2021","1.0","","","1503.0101","VEHICULOS PARA TRANSPORTE TERRESTRE","M","PRASTER","JN-150","PERF. POZO","AMARILLO","S/S","S/D","WU-213","S308981","49734","","","","","","","D","",""
"1959","31","","678209500003","CAMION (OTROS)","DONADO","31/12/2021","1.0","","","1503.0101","VEHICULOS PARA TRANSPORTE TERRESTRE","M","HUANGHE","JN 150","S/T","CELESTE","S/S","S/D","WU-2136","","502385, 56741","","","","","","","D","",""
"1960","31","","678209500004","CAMION (OTROS)","DONADO","31/12/2021","1.0","","","1503.0101","VEHICULOS PARA TRANSPORTE TERRESTRE","M","RIO AMARILLO","JN-150","PERF. POZO","ANARANJADO","54047115","S/D","WU-2132","130","","","","","","","WU-2132","D","",""
"1961","31","","678209500005","CAMION (OTROS)","DONADO","31/12/2021","1.0","","","1503.0101","VEHICULOS PARA TRANSPORTE TERRESTRE","M","DONG FENG","61350","PERF. POZO","ANARANJADO","5502370","S/D","WU-2135","","502370, 56742","","1985","","","","","D","",""
"1962","31","","678214000001","CAMION CISTERNA","O/C N° 218-1995","28/04/1995","15820.0","","","1503.0101","VEHICULOS PARA TRANSPORTE TERRESTRE","M","DODGE","D-500",".","BEIGE MARFIL","D575356P052316","S/D","WH-5053","PT86004154","D575356P052316","","","","","","WH-5053","D","",""
"1963","31","","678214000002","CAMION CISTERNA","DONADO","31/12/2021","1.0","","","1503.0101","VEHICULOS PARA TRANSPORTE TERRESTRE","M","RIO AMARILLO","JN-150","S/T","AZUL/VERDE","S/S","S/D","WU-2129","","","","","","","","WU-2129","D","",""
"1964","31","","678214000003","CAMION CISTERNA","DONADO","31/12/2021","1.0","","","1503.0101","VEHICULOS PARA TRANSPORTE TERRESTRE","M","DONG FENG","61350","S/T","CELESTE","531115","S/D","WU-2125","","","","","","","","","D","",""
"1965","31","","678214000004","CAMION CISTERNA","SANEAR","31/12/2021","1.0","","","1503.0101","VEHICULOS PARA TRANSPORTE TERRESTRE","M","S/M","EQ-140","1700 GLS.","CREMA","2982","S/D","WU-7975","10603053","","","","","","","WU-7975","D","",""
"1966","31","","678227500001","CAMION GRUA","DONADO","31/12/2021","1.0","","","1503.0101","VEHICULOS PARA TRANSPORTE TERRESTRE","M","DONG FENG","JNQ 28","S/T","CELESTE","S/S","S/D","WU-2133","","177","","1985","","","","","D","",""
"1967","31","","678227500002","CAMION GRUA","DONADO","31/12/2021","1.0","","","1503.0101","VEHICULOS PARA TRANSPORTE TERRESTRE","M","RIO AMARILLO","JN-150","INQ82","AZUL","S/S","S/D","WU-2137","S311147","149","","","","","","WU-2137","D","",""
"1968","31","","678227500003","CAMION GRUA","DONADO","31/12/2021","1.0","","","1503.0101","VEHICULOS PARA TRANSPORTE TERRESTRE","M","HUANGHE","RIO AMARILLO 150","S/T","CELESTE","S/S","S/D","WU-2134","","178","","1985","","","","WU-2134","D","",""
"1969","31","","678245500001","CAMION VOLQUETE","SANEAR","31/12/2021","1.0","","","1503.0101","VEHICULOS PARA TRANSPORTE TERRESTRE","M","VOLVO","F-12 (4X2)","1984","VERDE/BLANCO/GRIS","6A83472172","S/D","XU-2885","TD120GA83472172","F106X2010064","","","","","","XU-2885","D","",""
"1970","31","","678245500002","CAMION VOLQUETE","DONADO","31/12/2021","1.0","","","1503.0101","VEHICULOS PARA TRANSPORTE TERRESTRE","M","HUANGHE","CD-352","S/T","AMARILLO","S/S","S/D","WU-2130","852649","864297","","1988","","","","WU-2130","D","",""
"1971","31","","678245500003","CAMION VOLQUETE","DONADO","31/12/2021","1.0","","","1503.0101","VEHICULOS PARA TRANSPORTE TERRESTRE","M","RIO AMARILLO","QD-352","S/T","AMARILLO","S/S","S/D","WU-2128","208525","5502385","","","INOPERATIVO LE FALTAN VARIAS PARTES","","","WU-2128","D","",""
"1972","31","","678245500004","CAMION VOLQUETE","SANEAR","31/12/2021","1.0","","","1503.0101","VEHICULOS PARA TRANSPORTE TERRESTRE","M","DODGE","D-500","S/T","CELESTE","DS 2353PO22417","S/D","WQ-2922","PT306251","PT306251","","","","","","WQ-2922","D","",""
"1973","31","","678245500005","CAMION VOLQUETE","O/C Nº 247","22/05/2013","528000.0","","","1503.0101","VEHICULOS PARA TRANSPORTE TERRESTRE","R","VOLVO","FMX ","EGL-122","BLANCO/AZUL","859092AIE","S/D","EGL-122","D13","93KJS02D2CE792636","","2013","SI TIENE FICHA","","","EGL-122","U","",""
"1974","31","","678245500006","CAMION VOLQUETE","SANEAR","31/12/2021","1.0","","","1503.0101","VEHICULOS PARA TRANSPORTE TERRESTRE","M","VOLVO","N-86","S/T","ANARANJADO","607014","S/D","WU-1023","A","527924","","","","","","","D","",""
"1975","31","","678245500007","CAMION VOLQUETE","SANEAR","31/12/2021","1.0","","","1503.0101","VEHICULOS PARA TRANSPORTE TERRESTRE","M","CHEVROLET","C7D042-BT-RS","S/T","ROJO","S/S","S/D","WU-2070","BDV204487","784025","","","","","","WU-2070","D","",""
"1976","31","","678250000001","CAMIONETA","O/C N° 339-1991","31/12/1991","7164.0","","","1503.0101","VEHICULOS PARA TRANSPORTE TERRESTRE","M","TOYOTA","STOUT","01-1512","BLANCO","2207458","S/D","OI-1512","5R","RK110612314","","","","","","OI-1512","D","",""
"1977","31","","678250000002","CAMIONETA","SANEAR","31/12/2021","1.0","","","1503.0101","VEHICULOS PARA TRANSPORTE TERRESTRE","M","TOYOTA","RN 41L","S/T","BLANCO/ANARANJADO/ROJO","2130554","S/D","PU-2035","18R","RN41-024537","","","","","","PU-2035","D","",""
"1978","31","","678250000006","CAMIONETA","SANEAR","31/12/2021","1.0","","","1503.0101","VEHICULOS PARA TRANSPORTE TERRESTRE","M","DODGE","D-100-114","S/T","BLANCO","502312","S/D","PI-7403","PT","D11115P040238","","","","","","PI-7403","D","",""
"1979","31","","678250000007","CAMIONETA","SANEAR","31/12/2021","1.0","","","1503.0101","VEHICULOS PARA TRANSPORTE TERRESTRE","M","DODGE","D-100","S/T","AZUL/MEDIANO","500290","S/D","PG-6538","PI","D11115P036664","","","","","","PG-6538","D","",""
"1980","31","","678250000008","CAMIONETA","SANEAR","31/12/2021","1.0","","","1503.0101","VEHICULOS PARA TRANSPORTE TERRESTRE","M","NISSAN","NLMD21SF","OI-7934","CELESTE","785217","S/D","OI-7934","Z24785217","NMD21A08199","","","","","","OI-7934","D","",""
"1981","31","","678250000009","CAMIONETA","SANEAR","31/12/2021","1.0","","","1503.0101","VEHICULOS PARA TRANSPORTE TERRESTRE","M","NISSAN","UNLMD21SF","OI-9088","CREMA","B118710255","S/D","OI-9088","Z24795335","A1015","","","","","","OI-9088","D","",""
"1982","31","","678250000010","CAMIONETA","DONADO","31/12/2021","1.0","","","1503.0101","VEHICULOS PARA TRANSPORTE TERRESTRE","M","JEEP","BJ2120",".","CELESTE","S/S","S/D","RU-1557","","","","","","","","","D","",""
"1983","31","","678250000011","CAMIONETA","DONADO","31/12/2021","1.0","","","1503.0101","VEHICULOS PARA TRANSPORTE TERRESTRE","M","JEEP","CHEROKE","JEEP RURAL","VERDE CLARO","S/S","S/D","RU-1558","163688","9843","","","","","","RU-1558","D","",""
"1984","31","","678250000012","CAMIONETA","DONADO","31/12/2021","1.0","","","1503.0101","VEHICULOS PARA TRANSPORTE TERRESTRE","M","JEEP","CHEROKE","JEEP RURAL","CELESTE","S/S","S/D","RU-1559","5104627","20243","","","","","","","D","",""
"1985","31","","678250000013","CAMIONETA","SANEAR","31/12/2021","1.0","","","1503.0101","VEHICULOS PARA TRANSPORTE TERRESTRE","M","JEEP","BJ21-2A","JEEP RURAL","VERDE CLARO","S/S","S/D","RQ-6898","803686","19843","","","","","","RQ-6898","D","",""
"1986","31","","678250000014","CAMIONETA","SANEAR","31/12/2021","1.0","","","1503.0101","VEHICULOS PARA TRANSPORTE TERRESTRE","M","TOYOTA","HILUX","CAB. SIMPLE","ROJO","2144879","S/D","OG-8225","18R2144879","RN41027115","","","","","","OG-8225","D","",""
"1987","31","","678250000024","CAMIONETA","SANEAR","31/12/2021","1.0","","","1503.0101","VEHICULOS PARA TRANSPORTE TERRESTRE","M","TOYOTA","HILUX 4X4 ","HILUX","BLANCO","546096","S/D","PU-2159","3Y","YN57-0073295","","1998","","","","","D","",""
"1988","31","","678250000025","CAMIONETA","SANEAR","31/12/2021","1.0","","","1503.0101","VEHICULOS PARA TRANSPORTE TERRESTRE","M","NISSAN","UNLM 215F","2400CC","COBRE FUERTE","714662","S/D","PU-2141","Z24","UNMD21A01404","","","","","","","D","",""
"1989","31","","678250000026","CAMIONETA","SANEAR","31/12/2021","1.0","","","1503.0101","VEHICULOS PARA TRANSPORTE TERRESTRE","M","TOYOTA","S/M","SIN TOLVA","CREMA","S/S","S/D","PU-198","","","","","","","","","D","",""
"1990","31","","678250000027","CAMIONETA","SANEAR","31/12/2021","1.0","","","1503.0101","VEHICULOS PARA TRANSPORTE TERRESTRE","M","TOYOTA","RN46L-KRP","HILUX","BLANCO/ANARANJADO","2058941","S/D","PU-1986","18R","RN46060580","","","","","","PU-1986","D","",""
"1991","31","","678250000028","CAMIONETA","SANEAR","31/12/2021","1.0","","","1503.0101","VEHICULOS PARA TRANSPORTE TERRESTRE","M","NISSAN","UNLM-D 21 SF","S/T","ANARANJADO","B128810161","S/D","OQ-6670","Z24-037509W","UNMD21A01404","","","","","","","D","",""
"1992","31","","678250000029","CAMIONETA","SANEAR","31/12/2021","1.0","","","1503.0101","VEHICULOS PARA TRANSPORTE TERRESTRE","M","TOYOTA","HILUX","S/T","CREMA","117745","S/D","PU-2155","4Y","YN67-00111969","","","","","","PU-2155","D","",""
"1993","31","","672227260001","COMPRESORA DE AIRE","O/C N° 259-1999","22/11/1999","2386.8","","","1503.020906","EQUIPOS PARA VEHICULOS","M","S/M","S/M","S/T","AMARILLO","72-251","S/D","","","","","","","","","","D","",""
"1994","31","","672227260004","COMPRESORA DE AIRE","O/C N° 136-2020","28/05/2020","450.0","","","1503.020906","EQUIPOS PARA VEHICULOS","M","SAFARI","6135K-1","S/T","AMARILLO ","5608684","S/D","","","","","","","","","","D","",""
"1995","31","","672227260007","COMPRESORA DE AIRE","SANEAR","31/12/2021","1.0","","","1503.020906","EQUIPOS PARA VEHICULOS","M","DONGFELG","6135K-1","S/T","AMARILLO","S608686","S/D","","","","","","","","","","D","",""
"1996","31","","673618920002","CONTENEDOR","SANEAR","31/12/2021","1.0","","","1503.020999","MAQUINARIAS, EQUIPOS Y MOBILIARIOS DE OTRAS INSTALACIONES","M","CHINA","S/M","OXIDADO","CELESTE","S/S","2.43X1.92X2.38","","","","","","","","","","D","",""
"1997","31","","673618920003","CONTENEDOR","SANEAR","31/12/2021","1.0","","","1503.020999","MAQUINARIAS, EQUIPOS Y MOBILIARIOS DE OTRAS INSTALACIONES","M","CHINA","S/M","OXIDADO","CELESTE","S/S","2.43X1.92X2.38","","","","","","","","","","D","",""
"1998","31","","673618920004","CONTENEDOR","SANEAR","31/12/2021","1.0","","","1503.020999","MAQUINARIAS, EQUIPOS Y MOBILIARIOS DE OTRAS INSTALACIONES","M","CHINA","S/M","OXIDADO","CELESTE","S/S","2.43X1.92X2.38","","","","","","","","","","D","",""
"1999","31","","673618920005","CONTENEDOR","SANEAR","31/12/2021","1.0","","","1503.020999","MAQUINARIAS, EQUIPOS Y MOBILIARIOS DE OTRAS INSTALACIONES","M","CHINA","S/M","S/T","CELESTE","S/S","2.43X1.92X2.38","","","","","","","","","","D","",""
"2000","31","","673618920006","CONTENEDOR","SANEAR","31/12/2021","1.0","","","1503.020999","MAQUINARIAS, EQUIPOS Y MOBILIARIOS DE OTRAS INSTALACIONES","M","CHINA","S/M","S/T","CELESTE","S/S","2.43X1.92X2.38","","","","","","","","","","D","",""
"2001","31","","673618920007","CONTENEDOR","SANEAR","31/12/2021","1.0","","","1503.020999","MAQUINARIAS, EQUIPOS Y MOBILIARIOS DE OTRAS INSTALACIONES","M","CHINA","S/M","S/T","CELESTE","S/S","2.43X1.92X2.38","","","","","","","","","","D","",""
"2002","31","","673618920008","CONTENEDOR","SANEAR","31/12/2021","1.0","","","1503.020999","MAQUINARIAS, EQUIPOS Y MOBILIARIOS DE OTRAS INSTALACIONES","M","CHINA","S/M","S/T","CELESTE","S/S","2.43X1.92X2.38","","","","","","","","","","D","",""
"2003","31","","673618920009","CONTENEDOR","SANEAR","31/12/2021","1.0","","","1503.020999","MAQUINARIAS, EQUIPOS Y MOBILIARIOS DE OTRAS INSTALACIONES","M","CHINA","S/M","S/T","CELESTE","S/S","2.43X1.92X2.38","","","","","","","","","","D","",""
"2004","31","","673618920010","CONTENEDOR","O/C N° 6-00011-2009","30/10/2009","2100.0","","","1503.020999","MAQUINARIAS, EQUIPOS Y MOBILIARIOS DE OTRAS INSTALACIONES","M","CHINA","S/M","S/T","CELESTE","S/S","2.43X1.92X2.38","","","","","","","","","","D","",""
"2005","31","","673618920011","CONTENEDOR","O/C N° 6-00011-2009","30/10/2009","2100.0","","","1503.020999","MAQUINARIAS, EQUIPOS Y MOBILIARIOS DE OTRAS INSTALACIONES","M","CHINA","S/M","S/T","CELESTE","S/S","2.43X1.92X2.38","","","","","","","","","","D","",""
"2006","31","","673618920012","CONTENEDOR","SANEAR","31/12/2021","1.0","","","1503.020999","MAQUINARIAS, EQUIPOS Y MOBILIARIOS DE OTRAS INSTALACIONES","M","CHINA","S/M","S/T","CELESTE","S/S","2.43X1.92X2.38","","","","","","","","","","D","",""
"2007","31","","673618920013","CONTENEDOR","SANEAR","31/12/2021","1.0","","","1503.020999","MAQUINARIAS, EQUIPOS Y MOBILIARIOS DE OTRAS INSTALACIONES","M","CHINA","S/M","S/T","CELESTE","S/S","2.43X1.92X2.38","","","","","","","","","","D","",""
"2008","31","","672231040002","DEPURADOR NEUTRALIZADOR DE VAPORES ACIDOS","SANEAR","31/12/2021","1.0","","","1503.020906","EQUIPOS PARA VEHICULOS","M","S/M","DS-2","S/T","AMARILLO","100392","S/D","","","","","","","","","","D","",""
"2009","31","","672231040003","DEPURADOR NEUTRALIZADOR DE VAPORES ACIDOS","SANEAR","31/12/2021","1.0","","","1503.020906","EQUIPOS PARA VEHICULOS","M","S/M","DS-2","S/T","AMARILLO","S/S","S/D","","","","","","","","","","D","",""
"2010","31","","672231040004","DEPURADOR NEUTRALIZADOR DE VAPORES ACIDOS","SANEAR","31/12/2021","1.0","","","1503.020906","EQUIPOS PARA VEHICULOS","M","S/M","DS-2","S/T","AMARILLO","S/S","S/D","","","","","","","","","","D","",""
"2011","31","","672231040005","DEPURADOR NEUTRALIZADOR DE VAPORES ACIDOS","SANEAR","31/12/2021","1.0","","","1503.020906","EQUIPOS PARA VEHICULOS","M","S/M","DS-2","S/T","AMARILLO","S/S","S/D","","","","","","","","","","D","",""
"2012","31","","462265070005","GRUPO ELECTROGENO","SANEAR","31/12/2021","1.0","","","1503.020904","ELECTRICIDAD Y ELECTRONICA","M","S/M","S/M","S/T","AMARILLO","84003","S/D","","","","","","","","","","D","",""
"2013","31","","462265070006","GRUPO ELECTROGENO","SANEAR","31/12/2021","1.0","","","1503.020904","ELECTRICIDAD Y ELECTRONICA","M","S/M","S/M","S/T","VERDE","8602006","S/D","","","","","","","","","","D","",""
"2014","31","","462265070007","GRUPO ELECTROGENO","SANEAR","31/12/2021","1.0","","","1503.020904","ELECTRICIDAD Y ELECTRONICA","M","S/M","S/M","S/T","VERDE OSCURO","8602004","S/D","","","","","","","","","","D","",""
"2015","31","","675080800001","MEZCLADOR (OTROS)","SANEAR","31/12/2021","1.0","","","1503.020999","MAQUINARIAS, EQUIPOS Y MOBILIARIOS DE OTRAS INSTALACIONES","M","S/M","NJ-600","S/T","CELESTE","S/S","S/D","","","","","","","","","","D","",""
"2016","31","","675080800002","MEZCLADOR (OTROS)","SANEAR","31/12/2021","1.0","","","1503.020999","MAQUINARIAS, EQUIPOS Y MOBILIARIOS DE OTRAS INSTALACIONES","M","S/M","NJ-600","S/T","CELESTE","125","S/D","","","","","","","","","","D","",""
"2017","31","","675080890003","MEZCLADORA DE CONCRETO TIPO TROMPO","SANEAR","31/12/2021","1.0","","","1503.020999","MAQUINARIAS, EQUIPOS Y MOBILIARIOS DE OTRAS INSTALACIONES","M","INHOPRESA","MAGNUM 12","HP 12","ANARANJADO","3720600689","S/D","","","","","","","","","","D","",""
"2018","31","","675080890004","MEZCLADORA DE CONCRETO TIPO TROMPO","O/C Nª 392","28/01/2003","6247.6","","","1503.020999","MAQUINARIAS, EQUIPOS Y MOBILIARIOS DE OTRAS INSTALACIONES","M","INHOPRESA","MAGNUM 12","HP 12","AMARILLO","3720600689","S/D","","","","","","","","","","D","",""
"2019","31","","675080890006","MEZCLADORA DE CONCRETO TIPO TROMPO","SANEAR","31/12/2021","1.0","","","1503.020999","MAQUINARIAS, EQUIPOS Y MOBILIARIOS DE OTRAS INSTALACIONES","M","IMETSA","S/M","S/T","ANARANJADO","861165","S/D","","","","","","","","","","D","",""
"2020","31","","675080890008","MEZCLADORA DE CONCRETO TIPO TROMPO","O/C N° 313-2003","28/11/2003","6247.5","","","1503.020999","MAQUINARIAS, EQUIPOS Y MOBILIARIOS DE OTRAS INSTALACIONES","M","DYNAMIC","S/M","S/T","AMARILLO","S/S","S/D","","","","","","","","","","D","",""
"2021","31","","675080890011","MEZCLADORA DE CONCRETO TIPO TROMPO","O/C N° 91-2004","27/02/2004","6247.5","","","1503.020999","MAQUINARIAS, EQUIPOS Y MOBILIARIOS DE OTRAS INSTALACIONES","M","BRIGG & STRATTON","245432","1.71E+03","AMARILLO","030401YD","S/D","","","","","","","","","","D","",""
"2022","31","","675080890015","MEZCLADORA DE CONCRETO TIPO TROMPO","SANEAR","31/12/2021","1.0","","","1503.020999","MAQUINARIAS, EQUIPOS Y MOBILIARIOS DE OTRAS INSTALACIONES","M","KHOLER","S/M","S/T","ANARANJADO","3622302215","S/D","","","","","","","","","","D","",""
"2023","31","","675080890016","MEZCLADORA DE CONCRETO TIPO TROMPO","O/C N° 0131-2007","10/07/2007","6720.0","","","1503.020999","MAQUINARIAS, EQUIPOS Y MOBILIARIOS DE OTRAS INSTALACIONES","M","KHOLER","CS23T","S/T","ANARANJADO","3622302645","S/D","","","","","","","","","","D","",""
"2024","31","","675080890017","MEZCLADORA DE CONCRETO TIPO TROMPO","O/C N° 0131-2007","10/07/2007","6720.0","","","1503.020999","MAQUINARIAS, EQUIPOS Y MOBILIARIOS DE OTRAS INSTALACIONES","M","KHOLER","CS23T","MOTOR","ANARANJADO","3622302215","S/D","","","","","","","","","","D","",""
"2025","31","","675080890023","MEZCLADORA DE CONCRETO TIPO TROMPO","O/C N° 0148-2008","05/11/2008","8930.0","","","1503.020999","MAQUINARIAS, EQUIPOS Y MOBILIARIOS DE OTRAS INSTALACIONES","M","S/M","S/M","S/T","ANARANJADO","S/S","S/D","","","","","","","","","","D","",""
"2026","31","","675080890025","MEZCLADORA DE CONCRETO TIPO TROMPO","SANEAR","29/05/2009","9790.0","","","1503.020999","MAQUINARIAS, EQUIPOS Y MOBILIARIOS DE OTRAS INSTALACIONES","M","KOHLER","MDC9P/M12","N/S M9-480-09 5","AMARILLO","KOHLER 4206900269","S/D","","","","","","","","","","D","",""
"2027","31","","675080890027","MEZCLADORA DE CONCRETO TIPO TROMPO","O/C N° 0-00117-2009","26/08/2009","9430.0","","","1503.020999","MAQUINARIAS, EQUIPOS Y MOBILIARIOS DE OTRAS INSTALACIONES","M","KOHLER","MAGNUM 12","S/T","ANARANJADO","3919490119","S/D","","","","","","","","","789-094003590469","D","",""
"2028","31","","675080890032","MEZCLADORA DE CONCRETO TIPO TROMPO","O/C N° 3-00026-2010","23/04/2010","9790.0","","","1503.020999","MAQUINARIAS, EQUIPOS Y MOBILIARIOS DE OTRAS INSTALACIONES","M","DYNAMIC KOHLER","MC9P/M12 M9-567","S/T","AMARILLO","4003590169","S/D"," "," "," "," "," "," ","",""," ","D","",""
"2029","31","","675080890037","MEZCLADORA DE CONCRETO TIPO TROMPO","O/C N° 6-00030-2010","27/01/2010","8651.0","","","1503.020999","MAQUINARIAS, EQUIPOS Y MOBILIARIOS DE OTRAS INSTALACIONES","M","KOHLER DYNAMIC","GCBDT","S/T","AMARILLO","4022590069","S/D","","","","","","","","","","D","",""
"2030","31","","675080890041","MEZCLADORA DE CONCRETO TIPO TROMPO","O/C N° 360-2011","17/10/2011","7100.0","","","1503.020999","MAQUINARIAS, EQUIPOS Y MOBILIARIOS DE OTRAS INSTALACIONES","M","KHOLER","L512T","S/T","AMARILLO","4029300788","S/D","","","","","","","","","","D","",""
"2031","31","","675080890063","MEZCLADORA DE CONCRETO TIPO TROMPO","O/C Nº 629-2013","27/08/2013","4985.0","","","1503.020999","MAQUINARIAS, EQUIPOS Y MOBILIARIOS DE OTRAS INSTALACIONES","M","HONDA","GX-270","S/T","ANARANJADO","104294","S/D","","","","","","","","","","D","",""
"2032","31","","675080890085","MEZCLADORA DE CONCRETO TIPO TROMPO","O/C N° 0069-2006","30/06/2006","6040.0","","","1503.020999","MAQUINARIAS, EQUIPOS Y MOBILIARIOS DE OTRAS INSTALACIONES","M","KHOLER","GX390","S/T","ANARANJADO","S/S","S/D","","","","","","","","","","D","",""
"2033","31","","675080890088","MEZCLADORA DE CONCRETO TIPO TROMPO","O/C N° 481-2016","29/12/2016","7700.0","","","1503.020999","MAQUINARIAS, EQUIPOS Y MOBILIARIOS DE OTRAS INSTALACIONES","M","DYNAMIC","GX390-389 CM2","TROMPO","ANARANJADO","1604050234","S/D","","","","","","","","","","D","",""
"2034","31","","675080890092","MEZCLADORA DE CONCRETO TIPO TROMPO","O/C N° 492-2016.","30/12/2016","4000.0","","","1503.020999","MAQUINARIAS, EQUIPOS Y MOBILIARIOS DE OTRAS INSTALACIONES","R","DYNAMIC HONDA","SUI7OF","TROMPO","ANARANJADO","1604051015","S/D","","","","","","","","","","D","",""
"2035","31","","678259000001","MICROBUS","SANEAR","31/12/2021","1.0","","","1503.0101","VEHICULOS PARA TRANSPORTE TERRESTRE","M","SHANG HAY","EQ-140","FORD","CREMA FRANJA AZUL ","S/S","S/D","RQ-6881","94974","83915","","0","","","","RQ-6881","D","",""
"2036","31","","673660360001","RETROEXCAVADORA","SANEAR","31/12/2021","1.0","","","1503.020999","MAQUINARIAS, EQUIPOS Y MOBILIARIOS DE OTRAS INSTALACIONES","M","MASEV FERGUSON","MOD NF - 86","S/T","AMARILLO","S/S","S/D","","HOSAKD","","","","","","","","D","",""
"2037","31","","673677470001","TANQUE DE FERMENTACION","SANEAR","31/12/2021","1.0","","","1503.020999","MAQUINARIAS, EQUIPOS Y MOBILIARIOS DE OTRAS INSTALACIONES","M","S/M","S/M","S/T","AMARILLO","S/S","S/D","","","","","","","","","","D","",""
"2038","31","","536498070001","TANQUE DE HIDROTERAPIA","SANEAR","31/12/2021","1.0","","","1503.020401","MOBILIARIO MEDICO","M","S/M","S/M","S/T","AMARILLO ","S/S","S/D","","","","","","","","","","D","",""
"2039","31","","673677630004","TANQUE DE METAL - CISTERNA","SANEAR","31/12/2021","1.0","","","1503.020999","MAQUINARIAS, EQUIPOS Y MOBILIARIOS DE OTRAS INSTALACIONES","M","S/M","S/M","S/T","CELESTE","S/S","S/D","","","","","","","","","","D","",""
"2040","31","","673687990001","TRACTOR AGRICOLA","O/C N° 034-1995","28/02/1995","15960.0","","","1503.020999","MAQUINARIAS, EQUIPOS Y MOBILIARIOS DE OTRAS INSTALACIONES","M","ZETOR","5511","S/T","ROJO","S/S","S/D","","X854134","17870","","","","","","","D","",""
"2041","31","","673687990002","TRACTOR AGRICOLA","SANEAR","31/12/2021","1.0","","","1503.020999","MAQUINARIAS, EQUIPOS Y MOBILIARIOS DE OTRAS INSTALACIONES","M","SYNCHRON","2140","S/T","VERDE","1981","S/D","","L50","421039L","","","","","","","D","",""
"2042","31","","673687990004","TRACTOR AGRICOLA","SANEAR","31/12/2021","1.0","","","1503.020999","MAQUINARIAS, EQUIPOS Y MOBILIARIOS DE OTRAS INSTALACIONES","M","PERKIN","C70280051","S/T","ROJO","S/S","S/D","","F8552B0070","","","","","","","","D","",""
"2043","31","","602210680026","BOMBA DE SUCCION","SANEAR","31/12/2021","1.0","","","1503.020905","EQUIPOS E INSTRUMENTOS DE MEDICION","M","CLUTCH-INDUSTRL","4120 ST","L-60","VERDE","8703507","S/D","","","","","","","","","","D","",""
"2044","40","","462200500001","ACUMULADOR DE ENERGIA - EQUIPO DE UPS","O/C N° 109-1993","27/08/1993","1538.91","","","1503.020904","ELECTRICIDAD Y ELECTRONICA","M","STAND BY","SAY-EVASA","","","","","","","","","","","","","","U","",""
"2045","40","","462200500011","ACUMULADOR DE ENERGIA - EQUIPO DE UPS","O/C N° 276-1996","29/04/1996","2460.0","","","1503.020904","ELECTRICIDAD Y ELECTRONICA","R","APC","1000 WATS","","","","","","","","","","","","","","U","",""
"2046","40","","462200500013","ACUMULADOR DE ENERGIA - EQUIPO DE UPS","SANEAR","31/12/2021","1.0","","","1503.020904","ELECTRICIDAD Y ELECTRONICA","R","","","","","","","","","","","","","","","","U","",""
"2047","40","","462200500015","ACUMULADOR DE ENERGIA - EQUIPO DE UPS","SANEAR","31/12/2021","1.0","","","1503.020904","ELECTRICIDAD Y ELECTRONICA","R","","","","","","","","","","","","","","","","U","",""
"2048","40","","462200500019","ACUMULADOR DE ENERGIA - EQUIPO DE UPS","SANEAR","31/12/2021","1.0","","","1503.020904","ELECTRICIDAD Y ELECTRONICA","M","","","","","","","","","","","","","","","","U","",""
"2049","40","","462200500026","ACUMULADOR DE ENERGIA - EQUIPO DE UPS","SANEAR","31/12/2021","1.0","","","1503.020904","ELECTRICIDAD Y ELECTRONICA","M","","","","","","","","","","","","","","","","U","",""
"2050","40","","462200500028","ACUMULADOR DE ENERGIA - EQUIPO DE UPS","SANEAR","31/12/2021","1.0","","","1503.020904","ELECTRICIDAD Y ELECTRONICA","R","","","","","","","","","","","","","","","","U","",""
"2051","40","","462200500029","ACUMULADOR DE ENERGIA - EQUIPO DE UPS","SANEAR","31/12/2021","1.0","","","1503.020904","ELECTRICIDAD Y ELECTRONICA","R","","","","","","","","","","","","","","","","U","",""
"2052","40","","42204310001","ARADOS EN GENERAL","O/C N° 0623-1996","29/10/1996","9100.0","","","1503.020502","EQUIPO DE USO AGRICOLA Y PESQUERO","M","FAMAI","S/M","HIDRAULICO REVERSIBLE","NARANJA","S/S","S/D","","","","","","","","","","D","",""
"2053","40","","746403210003","ARCHIVADOR DE MADERA","SANEAR","31/12/2021","1.0","","","1503.020102","MOBILIARIO DE OFICINA","R","","","","","","","","","","","","","","","","U","",""
"2054","40","","746403210004","ARCHIVADOR DE MADERA","SANEAR","31/12/2021","1.0","","","1503.020102","MOBILIARIO DE OFICINA","R","","","","","","","","","","","","","","","","U","",""
"2055","40","","746403550001","ARCHIVADOR DE MELAMINA","SANEAR","31/12/2021","1.0","","","1503.020102","MOBILIARIO DE OFICINA","R","","","","","","","","","","","","","","","","U","",""
"2056","40","","746405920001","ARMARIO DE MADERA","O/C N° 663-1997","28/11/1997","360.0","","","1503.020102","MOBILIARIO DE OFICINA","R","S/M","S/M","S/T","CAFE","S/S","S/D","","","","","","","","","","U","",""
"2057","40","","746405920007","ARMARIO DE MADERA","O/C N° 6-00127","30/09/2010","550.0","","","1503.020102","MOBILIARIO DE OFICINA","R","","","","NEGRO/CAOBA","","","","","","","","","","","","U","",""
"2058","40","","746405920008","ARMARIO DE MADERA","SANEAR","31/12/2021","1.0","","","1503.020102","MOBILIARIO DE OFICINA","R","","","","NEGRO/CAOBA","","","","","","","","","","","","U","",""
"2059","40","","746405920009","ARMARIO DE MADERA","SANEAR","31/12/2021","1.0","","","1503.020102","MOBILIARIO DE OFICINA","R","","","","","","","","","","","","","","","","U","",""
"2060","40","","746405920011","ARMARIO DE MADERA","SANEAR","31/12/2021","1.0","","","1503.020102","MOBILIARIO DE OFICINA","R","","","","","","","","","","","","","","","","U","",""
"2061","40","","746405920012","ARMARIO DE MADERA","SANEAR","31/12/2021","1.0","","","1503.020102","MOBILIARIO DE OFICINA","R","","","","","","","","","","","","","","","","U","",""
"2062","40","","746406260002","ARMARIO DE MELAMINA","SANEAR","31/12/2021","1.0","","","1503.020102","MOBILIARIO DE OFICINA","R","","","","","","","","","","","","","","","","U","",""
"2063","40","","746406260003","ARMARIO DE MELAMINA","SANEAR","31/12/2021","1.0","","","1503.020102","MOBILIARIO DE OFICINA","R","","","","","","","","","","","","","","","","U","",""
"2064","40","","746406260004","ARMARIO DE MELAMINA","SANEAR","31/12/2021","1.0","","","1503.020102","MOBILIARIO DE OFICINA","R","","","","","","","","","","","","","","","","U","",""
"2065","40","","746406260005","ARMARIO DE MELAMINA","SANEAR","31/12/2021","1.0","","","1503.020102","MOBILIARIO DE OFICINA","R","","","","","","","","","","","","","","","","U","",""
"2066","40","","746406260006","ARMARIO DE MELAMINA","SANEAR","31/12/2021","1.0","","","1503.020102","MOBILIARIO DE OFICINA","R","","","","","","","","","","","","","","","","U","",""
"2067","40","","532209720001","BALON INTRA AORTICO","SANEAR","31/12/2021","1.0","","","1503.020402","EQUIPO MEDICO","R","","","","","","","","","","","","","","","","U","",""
"2068","40","","532209720002","BALON INTRA AORTICO","SANEAR","31/12/2021","1.0","","","1503.020402","EQUIPO MEDICO","R","","","","","","","","","","","","","","","","U","",""
"2069","40","","532209720003","BALON INTRA AORTICO","SANEAR","31/12/2021","1.0","","","1503.020402","EQUIPO MEDICO","R","","","","","","","","","","","","","","","","U","",""
"2070","40","","532209720004","BALON INTRA AORTICO","SANEAR","31/12/2021","1.0","","","1503.020402","EQUIPO MEDICO","R","","","","","","","","","","","","","","","","U","",""
"2071","40","","746411350001","BANCA DE MADERA","SANEAR","31/12/2021","1.0","","","1503.020102","MOBILIARIO DE OFICINA","M","S/M","S/M","S/T","BLANCO","S/S","2.00X0.30x0.50","","","","","","","","","","D","",""
"2072","40","","746411350002","BANCA DE MADERA","SANEAR","31/12/2021","1.0","","","1503.020102","MOBILIARIO DE OFICINA","M","S/M","S/M","S/T","CAFE","S/S","3.05X0.15X0.38","","","","","","","","","","D","",""
"2073","40","","746411350003","BANCA DE MADERA","O/C N° 303-1993","31/12/1993","31.5","","","1503.020102","MOBILIARIO DE OFICINA","R","S/M","S/M","S/T","CAFE","S/S","1.53X0.28X0.45","","","","","","","","","","U","",""
"2074","40","","746411350004","BANCA DE MADERA","SANEAR","31/12/2021","1.0","","","1503.020102","MOBILIARIO DE OFICINA","M","S/M","S/M","S/T","CAFE","S/S","2.98X0.48X0.32","","","","","","","","","","D","",""
"2075","40","","746411350005","BANCA DE MADERA","SANEAR","31/12/2021","1.0","","","1503.020102","MOBILIARIO DE OFICINA","M","S/M","S/M","S/T","CAFE","S/S","2.98X0.48X0.32","","","","","","","","","","D","",""
"2076","40","","746411350006","BANCA DE MADERA","SANEAR","31/12/2021","1.0","","","1503.020102","MOBILIARIO DE OFICINA","M","S/M","S/M","S/T","CAFE","S/S","3.07X0.33X0.44","","","","","","","","","","D","",""
"2077","40","","746411350007","BANCA DE MADERA","O/C N° 303-1993","31/12/1993","31.5","","","1503.020102","MOBILIARIO DE OFICINA","M","S/M","S/M","S/T","CAFE","S/S","1.19X0.33X0.44","","","","","","","","","","D","",""
"2078","40","","746411350008","BANCA DE MADERA","O/C N° 303-1993","31/12/1993","31.5","","","1503.020102","MOBILIARIO DE OFICINA","M","S/M","S/M","S/T","CAFE","S/S","1.53X0.28X0.45","","","","","","","","","","D","",""
"2079","40","","746411350009","BANCA DE MADERA","O/C N° 303-1993","31/12/1993","31.5","","","1503.020102","MOBILIARIO DE OFICINA","R","S/M","S/M","S/T","CAFÉ","S/S","1.53X0.28X0.45","","","","","","","","","","D","",""
"2080","40","","746411350010","BANCA DE MADERA","O/C N° 303-1993","31/12/1993","31.5","","","1503.020102","MOBILIARIO DE OFICINA","M","S/M","S/M","S/T","CAFE","S/S","1.85X0.33X0.45","","","","","","","","","","D","",""
"2081","40","","812215970001","BICICLETA","O/C N° 445-1995","27/07/1995","336.0","","","1503.020701","EQUIPO DE DEPORTES Y RECREACION","R","ANDA","","","VERDE","","","","","","","","","","","","U","",""
"2082","40","","812215970003","BICICLETA","O/C N° 445-1995","27/07/1995","336.0","","","1503.020701","EQUIPO DE DEPORTES Y RECREACION","R","ANDA","","","VERDE","","","","","","","","","","","","U","",""
"2083","40","","812215970004","BICICLETA","O/C N° 174-1991","11/12/1992","150.0","","","1503.020701","EQUIPO DE DEPORTES Y RECREACION","R","ANDA","S/M","S/T","","","","","","","","","","","","","U","",""
"2084","40","","812215970005","BICICLETA","O/C N° 174-1991","11/12/1992","150.0","","","1503.020701","EQUIPO DE DEPORTES Y RECREACION","R","ANDA","S/M","S/T","","","","","","","","","","","","","U","",""
"2085","40","","672217000001","BOMBA (OTRAS)","SANEAR","31/12/2021","1.0","","","1503.020906","EQUIPOS PARA VEHICULOS","M","TRUPER","EXTRACTOR DE ACEITE","S/T","ANARANJADO","S/S","S/D","","","","","","","","","","U","",""
"2086","40","","672217000002","BOMBA (OTRAS)","SANEAR","31/12/2021","1.0","","","1503.020906","EQUIPOS PARA VEHICULOS","M","HS 25","EXTRACTOR DE ACEITE","S/T","ROJO","S/S","S/D","","","","","","","","","","U","",""
"2087","40","","42206210001","BRUJULA","SANEAR","31/12/2021","1.0","","","1503.020502","EQUIPO DE USO AGRICOLA Y PESQUERO","B","ELE INTERNATIONAL","S/M","S/T","PLATEADO","76-0260-02158","0.25X0.27X0.10","","","","","","","","","","U","",""
"2088","40","","42206210002","BRUJULA","SANEAR","31/12/2021","1.0","","","1503.020502","EQUIPO DE USO AGRICOLA Y PESQUERO","R","THE BRUNTON","S/M","S/T","PLOMO","5063118004","S/D","","","","","","","","","","U","",""
"2089","40","","42206210003","BRUJULA","O/C N° 205-1991","SIN FECHA","340.0","","","1503.020502","EQUIPO DE USO AGRICOLA Y PESQUERO","M","TOKISHA","","","","","","","","","","","","","","","U","",""
"2090","40","","42206210004","BRUJULA","SANEAR","31/12/2021","1.0","","","1503.020502","EQUIPO DE USO AGRICOLA Y PESQUERO","M","","","","","","","","","","","","","","","","U","",""
"2091","40","","746417450001","CABINA - CASETA","SANEAR","31/12/2021","1.0","","","1503.020102","MOBILIARIO DE OFICINA","R","","","","","","","","","","","","","","","","U","",""
"2092","40","","746417450002","CABINA - CASETA","SANEAR","31/12/2021","1.0","","","1503.020102","MOBILIARIO DE OFICINA","R","","","","","","","","","","","","","","","","U","",""
"2093","40","","746417450003","CABINA - CASETA","SANEAR","31/12/2021","1.0","","","1503.020102","MOBILIARIO DE OFICINA","R","","","","","","","","","","","","","","","","U","",""
"2094","40","","746417450013","CABINA - CASETA","SANEAR","31/12/2021","1.0","","","1503.020102","MOBILIARIO DE OFICINA","R","","","","","","","","","","","","","","","","U","",""
"2095","40","","746417450017","CABINA - CASETA","SANEAR","31/12/2021","1.0","","","1503.020102","MOBILIARIO DE OFICINA","R","","","","","","","","","","","","","","","","U","",""
"2096","40","","746417450020","CABINA - CASETA","SANEAR","31/12/2021","1.0","","","1503.020102","MOBILIARIO DE OFICINA","R","","","","","","","","","","","","","","","","U","",""
"2097","40","","746417450026","CABINA - CASETA","SANEAR","31/12/2021","1.0","","","1503.020102","MOBILIARIO DE OFICINA","R","","","","","","","","","","","","","","","","U","",""
"2098","40","","746417450027","CABINA - CASETA","SANEAR","31/12/2021","1.0","","","1503.020102","MOBILIARIO DE OFICINA","R","","","","","","","","","","","","","","","","U","",""
"2099","40","","746417450032","CABINA - CASETA","SANEAR","31/12/2021","1.0","","","1503.020102","MOBILIARIO DE OFICINA","R","","","","","","","","","","","","","","","","U","",""
"2100","40","","742200500003","CALCULADORA CIENTIFICA","O/C N° 34-2004","29/03/2004","157.0","","","1503.020101","MAQUINAS Y EQUIPOS DE OFICINA","M","CASIO","FX-6300","","","","","","","","","","","","","","U","",""
"2101","40","","742200500005","CALCULADORA CIENTIFICA","O/C N° 005E-2004","31/08/2004","285.0","","","1503.020101","MAQUINAS Y EQUIPOS DE OFICINA","M","CASIO","FX-9850","","","","","","","","","","","","","","U","",""
"2102","40","","742200500006","CALCULADORA CIENTIFICA","O/C N° 005E-2004","31/08/2004","285.0","","","1503.020101","MAQUINAS Y EQUIPOS DE OFICINA","M","CASIO","FX-9850","","","","","","","","","","","","","","U","",""
"2103","40","","742200500007","CALCULADORA CIENTIFICA","O/C N° 34-2004","29/03/2004","157.0","","","1503.020101","MAQUINAS Y EQUIPOS DE OFICINA","M","CASIO","FX-6300","","","","","","","","","","","","","","U","",""
"2104","40","","742200500008","CALCULADORA CIENTIFICA","O/C N° 34-2004","29/03/2004","157.0","","","1503.020101","MAQUINAS Y EQUIPOS DE OFICINA","M","CASIO","FX-6300","","","","","","","","","","","","","","U","",""
"2105","40","","742200500009","CALCULADORA CIENTIFICA","O/C N° 34-2004","29/03/2004","157.0","","","1503.020101","MAQUINAS Y EQUIPOS DE OFICINA","M","CASIO","FX-6300","","","","","","","","","","","","","","U","",""
"2106","40","","742200500010","CALCULADORA CIENTIFICA","SANEAR","31/12/2021","1.0","","","1503.020101","MAQUINAS Y EQUIPOS DE OFICINA","R","CATIGA","CD-2449","S/T","PLOMO","S/S","S/D","","","","","","","","","","U","",""
"2107","40","","742200500014","CALCULADORA CIENTIFICA","O/C N° 345-2004","25/10/2004","150.0","","","1503.020101","MAQUINAS Y EQUIPOS DE OFICINA","M","CASIO","FX-4000P","","","","","","","","","","","","","","U","",""
"2108","40","","742200500016","CALCULADORA CIENTIFICA","O/C N° 203-2004","28/06/2004","110.0","","","1503.020101","MAQUINAS Y EQUIPOS DE OFICINA","M","CASIO","FX-6300","","","","","","","","","","","","","","U","",""
"2109","40","","112204460003","CALEFACTOR","SANEAR","31/12/2021","1.0","","","1503.020901","AIRE ACONDICIONADO Y REFRIGERACION","M","","","","","","","","","","","","","","","","U","",""
"2110","40","","672217740001","CALIBRADOR DE DILUCION DE GAS","SANEAR","31/12/2021","1.0","","","1503.020906","EQUIPOS PARA VEHICULOS","R","","","","","","","","","","","","","","","","U","",""
"2111","40","","672217740002","CALIBRADOR DE DILUCION DE GAS","SANEAR","31/12/2021","1.0","","","1503.020906","EQUIPOS PARA VEHICULOS","R","","","","","","","","","","","","","","","","U","",""
"2112","40","","536417630005","CAMA DE METAL","O/C N° 579-1996","28/08/1996","98.0","","","1503.020401","MOBILIARIO MEDICO","M","COMODOY","","","VERDE","","","","","","","","","","","","U","",""
"2113","40","","536417630006","CAMA DE METAL","O/C N° 579-1996","28/08/1996","98.0","","","1503.020401","MOBILIARIO MEDICO","M","COMODOY","","","VERDE","","","","","","","","","","","","U","",""
"2114","40","","742208530002","CAMARA FOTOGRAFICA","O/C N° 279-2004","31/04/2004","600.0","","","1503.020101","MAQUINAS Y EQUIPOS DE OFICINA","M","CYBER SHOT","","5.0 MM","","","","","","","","","","","","","U","",""
"2115","40","","742208530006","CAMARA FOTOGRAFICA","O/C N° 61-1987","10/12/1987","74490.0","","","1503.020101","MAQUINAS Y EQUIPOS DE OFICINA","M","","","","","","","","","","","","","","","","U","",""
"2116","40","","742208530007","CAMARA FOTOGRAFICA","O/C N° 062-1991","27/08/1991","130.0","","","1503.020101","MAQUINAS Y EQUIPOS DE OFICINA","M","ZENIT","122","","","91010373","","","","","","","","","","","U","",""
"2117","40","","742208530009","CAMARA FOTOGRAFICA","SANEAR","31/12/2021","1.0","","","1503.020101","MAQUINAS Y EQUIPOS DE OFICINA","M","","","","","","","","","","","","","","","","U","",""
"2118","40","","742208530012","CAMARA FOTOGRAFICA","O/C N° 6-00025-2009","20/11/2009","2219.0","","","1503.020101","MAQUINAS Y EQUIPOS DE OFICINA","M","SONY","CYBER SHOT W300","","","","","","","","","","","","","","U","",""
"2119","40","","742208530014","CAMARA FOTOGRAFICA","O/C N° 6-00032-2009","25/11/2009","980.0","","","1503.020101","MAQUINAS Y EQUIPOS DE OFICINA","M","","","","","","","","","","","","","","","","U","",""
"2120","40","","742208530016","CAMARA FOTOGRAFICA","O/C N° 131-2011","21/06/2011","480.0","","","1503.020101","MAQUINAS Y EQUIPOS DE OFICINA","M","SONY","12.1 MP","","","","","","","","","","","","","","U","",""
"2121","40","","742208530018","CAMARA FOTOGRAFICA","SANEAR","31/12/2021","1.0","","","1503.020101","MAQUINAS Y EQUIPOS DE OFICINA","R","","","","","","","","","","","","","","","","U","",""
"2122","40","","742208530019","CAMARA FOTOGRAFICA","SANEAR","31/12/2021","1.0","","","1503.020101","MAQUINAS Y EQUIPOS DE OFICINA","R","","","","","","","","","","","","","","","","U","",""
"2123","40","","742208970001","CAMARA FOTOGRAFICA DIGITAL","O/C Nº 168-2013","17/04/2013","299.0","","","1503.020101","MAQUINAS Y EQUIPOS DE OFICINA","R","SONY","DSC-W610/BLACK","14 MP","","S015567053H","","","","","","","","","","","U","",""
"2124","40","","742208970002","CAMARA FOTOGRAFICA DIGITAL","O/C N° 106-2013","08/03/2013","349.0","","","1503.020101","MAQUINAS Y EQUIPOS DE OFICINA","R","SONY","W620","LCD","","","","","","","","","","","","","U","",""
"2125","40","","742208970003","CAMARA FOTOGRAFICA DIGITAL","O/C N° 178-2004","25/05/2004","330.0","","","1503.020101","MAQUINAS Y EQUIPOS DE OFICINA","R","OLYMPUS","STYLUS EPIC","","","","","","","","","","","","","","U","",""
"2126","40","","742208970004","CAMARA FOTOGRAFICA DIGITAL","O/C N° 178-2004","25/05/2004","120.0","","","1503.020101","MAQUINAS Y EQUIPOS DE OFICINA","R","OLYMPUS","TRIP AF 44","","","","","","","","","","","","","","U","",""
"2127","40","","742208970006","CAMARA FOTOGRAFICA DIGITAL","O/C N° 289","31/12/1993","142.35","","","1503.020101","MAQUINAS Y EQUIPOS DE OFICINA","M","ZENIT","MD 122","S/T","NEGRO","92222750","S/D","","","","","","","","","","U","",""
"2128","40","","742208970009","CAMARA FOTOGRAFICA DIGITAL","O/C N° 235-2013","16/05/2013","370.0","","","1503.020101","MAQUINAS Y EQUIPOS DE OFICINA","R","SONY","CYBER-SHOT DSC-W710/S","SUPER HAD CCD","","","","","","","","","","","","","U","",""
"2129","40","","742208970010","CAMARA FOTOGRAFICA DIGITAL","O/C N° 006E-2004","31/08/2004","1400.0","","","1503.020101","MAQUINAS Y EQUIPOS DE OFICINA","R","SONY","CCD-TRV 128","","","3854413","","","","","","","","","","","U","",""
"2130","40","","742208970011","CAMARA FOTOGRAFICA DIGITAL","O/C N° 288","31/12/1993","142.35","","","1503.020101","MAQUINAS Y EQUIPOS DE OFICINA","R","ZENIT","MD 122","S/T","NEGRO","93008860","S/D","","","","","","","","","","U","",""
"2131","40","","678250000015","CAMIONETA","O/C N° 018-1993","27/10/1993","69552.0","","","1503.0101","VEHICULOS PARA TRANSPORTE TERRESTRE","M","TOYOTA","RUNNER 4X4","","GRIS METALICO","","","RU-5223","22R-3707826","RN135-0006353","","1993","","","","","U","",""
"2132","40","","462213410005","CARGADOR DE BATERIA EN GENERAL","SANEAR","31/12/2021","1.0","","","1503.020904","ELECTRICIDAD Y ELECTRONICA","M","12JD 230X4 CHIA","S/M","S/T","NEGRO","S/S","S/D","","","","","","","","","","U","",""
"2133","40","","952215610001","CENTRAL TELEFONICA","SANEAR","31/12/2021","1.0","","","1503.020303","EQUIPOS DE TELECOMUNICACIONES","M","","","","","","","","","","","","","","","","U","",""
"2134","40","","673616620006","COMPACTADOR VIBRATORIO TIPO PLANCHA","O/C N° 0091-2007","22/06/2007","3997.0","","","1503.020999","MAQUINARIAS, EQUIPOS Y MOBILIARIOS DE OTRAS INSTALACIONES","M","KOHLER","","","","3711700289","","","","","","","","","","","U","",""
"2135","40","","673616620007","COMPACTADOR VIBRATORIO TIPO PLANCHA","O/C N° 0091-2007","22/06/2007","3997.0","","","1503.020999","MAQUINARIAS, EQUIPOS Y MOBILIARIOS DE OTRAS INSTALACIONES","M","KOHLER","","","","3712001029","","","","","","","","","","","U","",""
"2136","40","","673616620008","COMPACTADOR VIBRATORIO TIPO PLANCHA","SANEAR","31/12/2021","1.0","","","1503.020999","MAQUINARIAS, EQUIPOS Y MOBILIARIOS DE OTRAS INSTALACIONES","M","","","","","","","","","","","","","","","","U","",""
"2137","40","","673616620010","COMPACTADOR VIBRATORIO TIPO PLANCHA","SANEAR","31/12/2021","1.0","","","1503.020999","MAQUINARIAS, EQUIPOS Y MOBILIARIOS DE OTRAS INSTALACIONES","M","","","","","","","","","","","","","","","","U","",""
"2138","40","","672227260008","COMPRESORA DE AIRE","O/C Nª 150","05/06/2020","450.0","","","1503.020906","EQUIPOS PARA VEHICULOS","R","TRUPER","201V","1.5HP","","","","","","","","","","","","","U","",""
"2139","40","","740805000001","COMPUTADORA PERSONAL PORTATIL","O/C N° 278-2016","14/10/2016","3300.0","","","1503.020301","EQUIPOS COMPUTACIONALES Y PERIFERICOS","R","LENOVO","","","","","","","","","","","","","","","U","",""
"2140","40","","740805000003","COMPUTADORA PERSONAL PORTATIL","O/C N° 045-2012","29/03/2012","6800.0","","","1503.020301","EQUIPOS COMPUTACIONALES Y PERIFERICOS","R","ND SONY","Z235GL/B","LAPTO CORE - I5","NEGRO","S013000127","S/D","","","","","","","","","","U","",""
"2141","40","","740805000004","COMPUTADORA PERSONAL PORTATIL","SANEAR","31/12/2021","1.0","","","1503.020301","EQUIPOS COMPUTACIONALES Y PERIFERICOS","R","","","","","","","","","","","","","","","","U","",""
"2142","40","","740805000005","COMPUTADORA PERSONAL PORTATIL","SANEAR","31/12/2021","1.0","","","1503.020301","EQUIPOS COMPUTACIONALES Y PERIFERICOS","R","ASUS","X555Q","S/T","NEGRO","B6317A-RTL8723BE","S/D","","","","","","","","","","U","",""
"2143","40","","740805000007","COMPUTADORA PERSONAL PORTATIL","SANEAR","31/12/2021","1.0","","","1503.020301","EQUIPOS COMPUTACIONALES Y PERIFERICOS","R","","","","","","","","","","","","","","","","U","",""
"2144","40","","740805000010","COMPUTADORA PERSONAL PORTATIL","SANEAR","31/12/2021","1.0","","","1503.020301","EQUIPOS COMPUTACIONALES Y PERIFERICOS","R","","","","","","","","","","","","","","","","U","",""
"2145","40","","532222990001","CONCENTRADOR DE OXIGENO","O/C N° 136-1987","30/04/1987","7500.0","","","1503.020402","EQUIPO MEDICO","R","","","","","","","","","","","","","","","","U","",""
"2146","40","","462234930001","CONVERTIDOR DE CORRIENTE","SANEAR","31/12/2021","1.0","","","1503.020904","ELECTRICIDAD Y ELECTRONICA","R","","","","","","","","","","","","","","","","U","",""
"2147","40","","602223970003","COPA DE CASA GRANDE - LIMITE LIQUIDO","SANEAR","31/12/2021","1.0","","","1503.020905","EQUIPOS E INSTRUMENTOS DE MEDICION","R","INSIZE","TC POOS","S/T","DORADO","106","S/D","","","","","","","","","","U","",""
"2148","40","","672231040001","DEPURADOR NEUTRALIZADOR DE VAPORES ACIDOS","SANEAR","31/12/2021","1.0","","","1503.020906","EQUIPOS PARA VEHICULOS","R","","","","","","","","","","","","","","","","U","",""
"2149","40","","602230480001","DETERMINADOR DE DENSIDAD","SANEAR","31/12/2021","1.0","","","1503.020905","EQUIPOS E INSTRUMENTOS DE MEDICION","R","","","","","","","","","","","","","","","","U","",""
"2150","40","","602230480007","DETERMINADOR DE DENSIDAD","SANEAR","31/12/2021","1.0","","","1503.020905","EQUIPOS E INSTRUMENTOS DE MEDICION","R","","","","","","","","","","","","","","","","U","",""
"2151","40","","602230480008","DETERMINADOR DE DENSIDAD","SANEAR","31/12/2021","1.0","","","1503.020905","EQUIPOS E INSTRUMENTOS DE MEDICION","R","","","","","","","","","","","","","","","","U","",""
"2152","40","","602230480009","DETERMINADOR DE DENSIDAD","SANEAR","31/12/2021","1.0","","","1503.020905","EQUIPOS E INSTRUMENTOS DE MEDICION","R","","","","","","","","","","","","","","","","U","",""
"2153","40","","602233450001","DISTANCIOMETRO LASER","SANEAR","31/12/2021","1.0","","","1503.020905","EQUIPOS E INSTRUMENTOS DE MEDICION","R","","","","","","","","","","","","","","","","U","",""
"2154","40","","672235280003","ELECTROBOMBA","O/C N° 128-2019","11/08/2019","420.0","","","1503.020906","EQUIPOS PARA VEHICULOS","M","","2HP","","","","","","","","","","","","","","U","",""
"2155","40","","672238180002","ENGRAPADORA DE TENAZA NEUMATICA","O/C N° 063-1993","19/07/1993","43.0","","","1503.020906","EQUIPOS PARA VEHICULOS","M","S/M","S/M","S/T","PLOMO","S/S","S/D","","","","","","","","","","U","",""
"2156","40","","672238180003","ENGRAPADORA DE TENAZA NEUMATICA","O/C N° 063-1993","19/07/1993","43.0","","","1503.020906","EQUIPOS PARA VEHICULOS","B","","","","","","","","","","","","","","","","U","",""
"2157","40","","672244200002","EQUIPO DE CARBURO","SANEAR","31/12/2021","1.0","","","1503.020906","EQUIPOS PARA VEHICULOS","M","","","","","","","","","","","","","","","","U","",""
"2158","40","","602236920001","EQUIPO DE NIVELACION DE SUELOS","SANEAR","31/12/2021","1.0","","","1503.020905","EQUIPOS E INSTRUMENTOS DE MEDICION","R","",".","","","","","","","","","","","","","","U","",""
"2159","40","","952231860001","EQUIPO DE POSICIONAMIENTO - GPS","O/C N° 001E-2004","31/08/2004","2044.0","","","1503.020303","EQUIPOS DE TELECOMUNICACIONES","R","GARMIN","ETREX VISTA GPSMAP76S","","","93671873","","","","","","","","","","","U","",""
"2160","40","","952231860002","EQUIPO DE POSICIONAMIENTO - GPS","O/C N° 465-2011","12/05/2011","1590.05","","","1503.020303","EQUIPOS DE TELECOMUNICACIONES","R","GARMIN","OREGON 450","","","","","","","","","","","","","","U","",""
"2161","40","","952231860003","EQUIPO DE POSICIONAMIENTO - GPS","O/C N° 051-2012","02/04/2012","2546.1","","","1503.020303","EQUIPOS DE TELECOMUNICACIONES","R","GARMIN","MONTANA 650","NAVEGADOR ","NEGRO","28UD16591","S/D","","","","","","","","","","U","",""
"2162","40","","952231860004","EQUIPO DE POSICIONAMIENTO - GPS","O/C N° 051-2012","02/04/2012","1826.42","","","1503.020303","EQUIPOS DE TELECOMUNICACIONES","R","GARMIN","OREGON 550","NAVEGADOR ","NEGRO/PLOMO","1MW092710","S/D","","","","","","","","","","U","",""
"2163","40","","952231860005","EQUIPO DE POSICIONAMIENTO - GPS","O/C N° 003-2013","11/01/2013","12350.0","","","1503.020303","EQUIPOS DE TELECOMUNICACIONES","R","ASHTECH","PROMARX100","S/T","AZUL","6681","S/D","","","","","","","","","","U","",""
"2164","40","","952231860011","EQUIPO DE POSICIONAMIENTO - GPS","SANEAR","31/12/2021","1.0","","","1503.020303","EQUIPOS DE TELECOMUNICACIONES","B","","","","","","","","","","","","","","","","U","",""
"2165","40","","672249550001","EQUIPO DE SOLDADURA","SANEAR","31/12/2021","1.0","","","1503.020906","EQUIPOS PARA VEHICULOS","M","","","","","","","","","","","","","","","","U","",""
"2166","40","","672249550002","EQUIPO DE SOLDADURA","SANEAR","31/12/2021","1.0","","","1503.020906","EQUIPOS PARA VEHICULOS","M","","","","","","","","","","","","","","","","U","",""
"2167","40","","742223580004","EQUIPO MULTIFUNCIONAL COPIADORA IMPRESORA SCANNER Y/O FAX","O/C N° 232-2011","31/12/2021","575.0","","","1503.020101","MAQUINAS Y EQUIPOS DE OFICINA","R","HP","LASER JET PRO M1132","S/T","","CE847A","","","","","","","","","","","U","",""
"2168","40","","742223580005","EQUIPO MULTIFUNCIONAL COPIADORA IMPRESORA SCANNER Y/O FAX","O/C N° 28-2011","15/04/2011","245.0","","","1503.020101","MAQUINAS Y EQUIPOS DE OFICINA","R","EPSON","STYTUS TX125","","","","","","","","","","","","","","U","",""
"2169","40","","742223580006","EQUIPO MULTIFUNCIONAL COPIADORA IMPRESORA SCANNER Y/O FAX","SANEAR","31/12/2021","1.0","","","1503.020101","MAQUINAS Y EQUIPOS DE OFICINA","R","","","","","","","","","","","","","","","","U","",""
"2170","40","","742223580007","EQUIPO MULTIFUNCIONAL COPIADORA IMPRESORA SCANNER Y/O FAX","SANEAR","31/12/2021","1.0","","","1503.020101","MAQUINAS Y EQUIPOS DE OFICINA","R","","","","","","","","","","","","","","","","U","",""
"2171","40","","742223580008","EQUIPO MULTIFUNCIONAL COPIADORA IMPRESORA SCANNER Y/O FAX","SANEAR","31/12/2021","1.0","","","1503.020101","MAQUINAS Y EQUIPOS DE OFICINA","R","","","","","","","","","","","","","","","","U","",""
"2172","40","","742223580009","EQUIPO MULTIFUNCIONAL COPIADORA IMPRESORA SCANNER Y/O FAX","SANEAR","31/12/2021","1.0","","","1503.020101","MAQUINAS Y EQUIPOS DE OFICINA","R","","","","","","","","","","","","","","","","U","",""
"2173","40","","742223580010","EQUIPO MULTIFUNCIONAL COPIADORA IMPRESORA SCANNER Y/O FAX","SANEAR","31/12/2021","1.0","","","1503.020101","MAQUINAS Y EQUIPOS DE OFICINA","R","","","","","","","","","","","","","","","","U","",""
"2174","40","","742223580011","EQUIPO MULTIFUNCIONAL COPIADORA IMPRESORA SCANNER Y/O FAX","SANEAR","31/12/2021","1.0","","","1503.020101","MAQUINAS Y EQUIPOS DE OFICINA","R","","","","","","","","","","","","","","","","U","",""
"2175","40","","742223580012","EQUIPO MULTIFUNCIONAL COPIADORA IMPRESORA SCANNER Y/O FAX","SANEAR","31/12/2021","1.0","","","1503.020101","MAQUINAS Y EQUIPOS DE OFICINA","R","","","","","","","","","","","","","","","","U","",""
"2176","40","","742223580013","EQUIPO MULTIFUNCIONAL COPIADORA IMPRESORA SCANNER Y/O FAX","SANEAR","31/12/2021","1.0","","","1503.020101","MAQUINAS Y EQUIPOS DE OFICINA","R","","","","","","","","","","","","","","","","U","",""
"2177","40","","742223580014","EQUIPO MULTIFUNCIONAL COPIADORA IMPRESORA SCANNER Y/O FAX","SANEAR","31/12/2021","1.0","","","1503.020101","MAQUINAS Y EQUIPOS DE OFICINA","R","","","","","","","","","","","","","","","","U","",""
"2178","40","","742223580015","EQUIPO MULTIFUNCIONAL COPIADORA IMPRESORA SCANNER Y/O FAX","SANEAR","31/12/2021","1.0","","","1503.020101","MAQUINAS Y EQUIPOS DE OFICINA","R","","","","","","","","","","","","","","","","U","",""
"2179","40","","742223580016","EQUIPO MULTIFUNCIONAL COPIADORA IMPRESORA SCANNER Y/O FAX","SANEAR","31/12/2021","1.0","","","1503.020101","MAQUINAS Y EQUIPOS DE OFICINA","R","","","","","","","","","","","","","","","","U","",""
"2180","40","","742223580017","EQUIPO MULTIFUNCIONAL COPIADORA IMPRESORA SCANNER Y/O FAX","SANEAR","31/12/2021","1.0","","","1503.020101","MAQUINAS Y EQUIPOS DE OFICINA","R","","","","","","","","","","","","","","","","U","",""
"2181","40","","742223580018","EQUIPO MULTIFUNCIONAL COPIADORA IMPRESORA SCANNER Y/O FAX","SANEAR","31/12/2021","1.0","","","1503.020101","MAQUINAS Y EQUIPOS DE OFICINA","R","","","","","","","","","","","","","","","","U","",""
"2182","40","","742223580019","EQUIPO MULTIFUNCIONAL COPIADORA IMPRESORA SCANNER Y/O FAX","SANEAR","31/12/2021","1.0","","","1503.020101","MAQUINAS Y EQUIPOS DE OFICINA","R","","","","","","","","","","","","","","","","U","",""
"2183","40","","742223580020","EQUIPO MULTIFUNCIONAL COPIADORA IMPRESORA SCANNER Y/O FAX","SANEAR","31/12/2021","1.0","","","1503.020101","MAQUINAS Y EQUIPOS DE OFICINA","R","","","","","","","","","","","","","","","","U","",""
"2184","40","","742223580021","EQUIPO MULTIFUNCIONAL COPIADORA IMPRESORA SCANNER Y/O FAX","SANEAR","31/12/2021","1.0","","","1503.020101","MAQUINAS Y EQUIPOS DE OFICINA","R","","","","","","","","","","","","","","","","U","",""
"2185","40","","742223580023","EQUIPO MULTIFUNCIONAL COPIADORA IMPRESORA SCANNER Y/O FAX","SANEAR","31/12/2021","1.0","","","1503.020101","MAQUINAS Y EQUIPOS DE OFICINA","R","","","","","","","","","","","","","","","","U","",""
"2186","40","","742223580024","EQUIPO MULTIFUNCIONAL COPIADORA IMPRESORA SCANNER Y/O FAX","SANEAR","31/12/2021","1.0","","","1503.020101","MAQUINAS Y EQUIPOS DE OFICINA","R","","","","","","","","","","","","","","","","U","",""
"2187","40","","742223580028","EQUIPO MULTIFUNCIONAL COPIADORA IMPRESORA SCANNER Y/O FAX","SANEAR","31/12/2021","1.0","","","1503.020101","MAQUINAS Y EQUIPOS DE OFICINA","B","","","","","","","","","","","","","","","","U","",""
"2188","40","","742223580031","EQUIPO MULTIFUNCIONAL COPIADORA IMPRESORA SCANNER Y/O FAX","SANEAR","31/12/2021","1.0","","","1503.020101","MAQUINAS Y EQUIPOS DE OFICINA","R","","","","","","","","","","","","","","","","U","",""
"2189","40","","42240480013","EQUIPO PARA ANALISIS DE SUELOS","SANEAR","31/12/2021","1.0","","","1503.020502","EQUIPO DE USO AGRICOLA Y PESQUERO","B","","","","","","","","","","","","","","","","U","",""
"2190","40","","602238120001","ESCLEROMETRO PARA PRUEBA DE CONCRETO","SANEAR","31/12/2021","1.0","","","1503.020905","EQUIPOS E INSTRUMENTOS DE MEDICION","R","","","","","","","","","","","","","","","","U","",""
"2191","40","","746437120001","ESCRITORIO DE MADERA","SANEAR","31/12/2021","1.0","","","1503.020102","MOBILIARIO DE OFICINA","B","","","","","","","","","","","","","","","","U","",""
"2192","40","","746437120032","ESCRITORIO DE MADERA","OBS","30/01/1984","120000.0","","","1503.020102","MOBILIARIO DE OFICINA","M","","","","","","","","","","","","","","","","U","",""
"2193","40","","746437120034","ESCRITORIO DE MADERA","O/C N° 163-1987","20/05/1987","5300.0","","","1503.020102","MOBILIARIO DE OFICINA","M","","","PANORAMICO","","","","","","","","","","","","","U","",""
"2194","40","","746437120040","ESCRITORIO DE MADERA","SANEAR","31/12/2021","1.0","","","1503.020102","MOBILIARIO DE OFICINA","M","","","","","","","","","","","","","","","","U","",""
"2195","40","","746437120041","ESCRITORIO DE MADERA","SANEAR","31/12/2021","1.0","","","1503.020102","MOBILIARIO DE OFICINA","M","","","","","","","","","","","","","","","","U","",""
"2196","40","","746437120052","ESCRITORIO DE MADERA","SANEAR","31/12/2021","1.0","","","1503.020102","MOBILIARIO DE OFICINA","M","","","","","","","","","","","","","","","","U","",""
"2197","40","","746437120056","ESCRITORIO DE MADERA","SANEAR","31/12/2021","1.0","","","1503.020102","MOBILIARIO DE OFICINA","R","","","","","","","","","","","","","","","","U","",""
"2198","40","","746437120057","ESCRITORIO DE MADERA","SANEAR","31/12/2021","1.0","","","1503.020102","MOBILIARIO DE OFICINA","R","","","","","","","","","","","","","","","","U","",""
"2199","40","","746437450001","ESCRITORIO DE MELAMINA","SANEAR","31/12/2021","1.0","","","1503.020102","MOBILIARIO DE OFICINA","R","","","","","","","","","","","","","","","","U","",""
"2200","40","","746437450002","ESCRITORIO DE MELAMINA","SANEAR","31/12/2021","1.0","","","1503.020102","MOBILIARIO DE OFICINA","R","","","","","","","","","","","","","","","","U","",""
"2201","40","","746437450003","ESCRITORIO DE MELAMINA","O/C N° 6-00127","30/09/2010","650.0","","","1503.020102","MOBILIARIO DE OFICINA","R","","","","","","","","","","","","","","","","U","",""
"2202","40","","746437450004","ESCRITORIO DE MELAMINA","O/C N° 6-00127","30/09/2010","650.0","","","1503.020102","MOBILIARIO DE OFICINA","R","","","","","","","","","","","","","","","","U","",""
"2203","40","","746437450005","ESCRITORIO DE MELAMINA","O/C N° 0-00041-2010","24/02/2010","550.0","","","1503.020102","MOBILIARIO DE OFICINA","R"," ","GERENCIAL","L"," "," ","1.50X1.50"," "," "," "," "," "," ","",""," ","U","",""
"2204","40","","746437450006","ESCRITORIO DE MELAMINA","O/C N° 3-00131-2010","30/09/2010","650.0","","","1503.020102","MOBILIARIO DE OFICINA","R","MOVOKOR"," ","L"," "," "," "," "," "," "," "," "," ","",""," ","U","",""
"2205","40","","746437450007","ESCRITORIO DE MELAMINA","O/C N° 3-00131-2010","31/12/2021","650.0","","","1503.020102","MOBILIARIO DE OFICINA","R","MOVOKOR"," ","L"," "," "," "," "," "," "," "," "," ","",""," ","U","",""
"2206","40","","746437450008","ESCRITORIO DE MELAMINA","O/C N° 3-00131-2010","31/12/2021","650.0","","","1503.020102","MOBILIARIO DE OFICINA","R","MOVOKOR"," ","L"," "," "," "," "," "," "," "," "," ","",""," ","U","",""
"2207","40","","746437450021","ESCRITORIO DE MELAMINA","O/C N° 6-00127","30/09/2010","650.0","","","1503.020102","MOBILIARIO DE OFICINA","R","","","","","","","","","","","","","","","","U","",""
"2208","40","","746437790003","ESCRITORIO DE METAL","SANEAR","31/12/2021","1.0","","","1503.020102","MOBILIARIO DE OFICINA","M","","","","","","","","","","","","","","","","U","",""
"2209","40","","746437790006","ESCRITORIO DE METAL","SANEAR","31/12/2021","1.0","","","1503.020102","MOBILIARIO DE OFICINA","M","","","","","","","","","","","","","","","","U","",""
"2210","40","","746437790008","ESCRITORIO DE METAL","SANEAR","31/12/2021","1.0","","","1503.020102","MOBILIARIO DE OFICINA","M","","3 GAVETAS","","","","","","","","","","","","","","U","",""
"2211","40","","462252150001","ESTABILIZADOR","O/C N° 030-1991","26/06/1991","175.56","","","1503.020904","ELECTRICIDAD Y ELECTRONICA","R","","","","","","","","","","","","","","","","U","",""
"2212","40","","462252150003","ESTABILIZADOR","O/C N° 166-2015","10/07/2015","30.0","","","1503.020904","ELECTRICIDAD Y ELECTRONICA","R","ELISE","LCR-10","","","","","","","","","","","","","","U","",""
"2213","40","","462252150026","ESTABILIZADOR","O/C N° 0252-2007","11/12/2007","124.0","","","1503.020904","ELECTRICIDAD Y ELECTRONICA","R","","","","","","","","","","","","","","","","U","",""
"2214","40","","462252150028","ESTABILIZADOR","O/C N° 172-2021","27/05/2021","150.0","","","1503.020904","ELECTRICIDAD Y ELECTRONICA","M","S/M","500 VOLTIOS","","","","","","","","","","","","","","U","",""
"2215","40","","462252150042","ESTABILIZADOR","O/C N°0-00038-2010","24/02/2010","199.74","","","1503.020904","ELECTRICIDAD Y ELECTRONICA","M","","","","","","","","","","","","","","","","U","",""
"2216","40","","462252150044","ESTABILIZADOR","O/C N° 3-00057-2009","08/10/2009","54.27","","","1503.020904","ELECTRICIDAD Y ELECTRONICA","R","ALTRON","","","","","","","","","","","","","","","U","",""
"2217","40","","462252150048","ESTABILIZADOR","O/C N° 3-00057-2009","08/10/2009","54.27","","","1503.020904","ELECTRICIDAD Y ELECTRONICA","R","ALTRON","","","","","","","","","","","","","","","U","",""
"2218","40","","462252150059","ESTABILIZADOR","O/C N° 3-00057-2009","08/10/2009","54.27","","","1503.020904","ELECTRICIDAD Y ELECTRONICA","R","ALTRON","","","","","","","","","","","","","","","U","",""
"2219","40","","462252150064","ESTABILIZADOR","O/C N° 172-2021","27/05/2021","150.0","","","1503.020904","ELECTRICIDAD Y ELECTRONICA","M","S/M","500 VOLTIOS","","","","","","","","","","","","","","U","",""
"2220","40","","462252150065","ESTABILIZADOR","O/C N° 172-2021","27/05/2021","150.0","","","1503.020904","ELECTRICIDAD Y ELECTRONICA","M","S/M","500 VOLTIOS","","","","","","","","","","","","","","U","",""
"2221","40","","462252150066","ESTABILIZADOR","O/C N° 275-1996","29/04/1996","197.5","","","1503.020904","ELECTRICIDAD Y ELECTRONICA","M","ANVIL","200/110 V","SOLIDO","","0246-96","","","","","","","","","","","U","",""
"2222","40","","462252150067","ESTABILIZADOR","O/C N° 107- 1994","29/04/1994","439.0","","","1503.020904","ELECTRICIDAD Y ELECTRONICA","M","ELCOTRONIOG","","","","","","","","","","","","","","","U","",""
"2223","40","","462252150069","ESTABILIZADOR","O/C N° 327-1995","30/06/1995","214.7","","","1503.020904","ELECTRICIDAD Y ELECTRONICA","M","LAB POWER","1000W","ESTADO SOLIDO","","","","","","","","","","","","","U","",""
"2224","40","","462252150070","ESTABILIZADOR","SANEAR","31/12/2021","1.0","","","1503.020904","ELECTRICIDAD Y ELECTRONICA","M","","","","","","","","","","","","","","","","U","",""
"2225","40","","462252150071","ESTABILIZADOR","SANEAR","31/12/2021","1.0","","","1503.020904","ELECTRICIDAD Y ELECTRONICA","M","","","","","","","","","","","","","","","","U","",""
"2226","40","","462252150073","ESTABILIZADOR","SANEAR","31/12/2021","1.0","","","1503.020904","ELECTRICIDAD Y ELECTRONICA","R","","","","","","","","","","","","","","","","U","",""
"2227","40","","462252150074","ESTABILIZADOR","SANEAR","31/12/2021","1.0","","","1503.020904","ELECTRICIDAD Y ELECTRONICA","R","","","","","","","","","","","","","","","","U","",""
"2228","40","","462252150075","ESTABILIZADOR","SANEAR","31/12/2021","1.0","","","1503.020904","ELECTRICIDAD Y ELECTRONICA","R","","","","","","","","","","","","","","","","U","",""
"2229","40","","462252150076","ESTABILIZADOR","SANEAR","31/12/2021","1.0","","","1503.020904","ELECTRICIDAD Y ELECTRONICA","R","","","","","","","","","","","","","","","","U","",""
"2230","40","","462252150081","ESTABILIZADOR","SANEAR","31/12/2021","1.0","","","1503.020904","ELECTRICIDAD Y ELECTRONICA","M","","","","","","","","","","","","","","","","U","",""
"2231","40","","462252150084","ESTABILIZADOR","O/C N° 189-1993","30/10/1993","308.64","","","1503.020904","ELECTRICIDAD Y ELECTRONICA","M","GENIUS BELTRON","1000W","","","","","","","","","","","","","","U","",""
"2232","40","","462252150085","ESTABILIZADOR","SANEAR","31/12/2021","1.0","","","1503.020904","ELECTRICIDAD Y ELECTRONICA","M","ENERGIT","","","CREMA","","","","","","","","","","","","U","",""
"2233","40","","462252150100","ESTABILIZADOR","SANEAR","31/12/2021","1.0","","","1503.020904","ELECTRICIDAD Y ELECTRONICA","M","","","","","","","","","","","","","","","","U","",""
"2234","40","","462252150106","ESTABILIZADOR","SANEAR","31/12/2021","1.0","","","1503.020904","ELECTRICIDAD Y ELECTRONICA","R","","","","","","","","","","","","","","","","U","",""
"2235","40","","462252150111","ESTABILIZADOR","O/C Nº 365-1991","31/12/1991","222.2","","","1503.020904","ELECTRICIDAD Y ELECTRONICA","M","TECNOMUNDO","","","","","","","","","","","","","","","U","",""
"2236","40","","746441860053","ESTANTE DE METAL","SANEAR","31/12/2021","1.0","","","1503.020102","MOBILIARIO DE OFICINA","R","","5 NIVELES","","BLANCO","","","","","","","","","","","","U","",""
"2237","40","","746441860054","ESTANTE DE METAL","SANEAR","31/12/2021","1.0","","","1503.020102","MOBILIARIO DE OFICINA","R","","","","","","","","","","","","","","","","U","",""
"2238","40","","952238290001","FILMADORA","SANEAR","31/12/2021","1.0","","","1503.020303","EQUIPOS DE TELECOMUNICACIONES","M","PANASONIC","PV-GS320","","PLOMO/NEGRO","","","","","","","","","","","","U","",""
"2239","40","","952238290003","FILMADORA","SANEAR","31/12/2021","1.0","","","1503.020303","EQUIPOS DE TELECOMUNICACIONES","M","","","","","","","","","","","","","","","","U","",""
"2240","40","","952238290005","FILMADORA","SANEAR","31/12/2021","1.0","","","1503.020303","EQUIPOS DE TELECOMUNICACIONES","M","","","","","","","","","","","","","","","","U","",""
"2241","40","","952238290007","FILMADORA","O/C N° 0-00096-2009","31/07/2009","1935.0","","","1503.020303","EQUIPOS DE TELECOMUNICACIONES","M","SONY","DCR-SR45","","PLOMO","2661811","","","","","","","","","","","U","",""
"2242","40","","952238290009","FILMADORA","SANEAR","31/12/2021","1.0","","","1503.020303","EQUIPOS DE TELECOMUNICACIONES","M","","","","","","","","","","","","","","","","U","",""
"2243","40","","462260760001","FUENTE DE PODER","SANEAR","31/12/2021","1.0","","","1503.020904","ELECTRICIDAD Y ELECTRONICA","M","","","","","","","","","","","","","","","","U","",""
"2244","40","","462260760002","FUENTE DE PODER","SANEAR","31/12/2021","1.0","","","1503.020904","ELECTRICIDAD Y ELECTRONICA","M","","","","","","","","","","","","","","","","U","",""
"2245","40","","462260760003","FUENTE DE PODER","SANEAR","31/12/2021","1.0","","","1503.020904","ELECTRICIDAD Y ELECTRONICA","M","","","","","","","","","","","","","","","","U","",""
"2246","40","","672263370001","GATA HIDRAULICA DE ALUMINIO PARA RESCATE","O/C N° 730-1996","11/12/1996","280.0","","","1503.020906","EQUIPOS PARA VEHICULOS","R","","32 TONELADAS","","","","","","","","","","","","","","U","",""
"2247","40","","672263370002","GATA HIDRAULICA DE ALUMINIO PARA RESCATE","O/C N° 730-1996","11/12/1996","280.0","","","1503.020906","EQUIPOS PARA VEHICULOS","R","","32 TONELADAS","","","","","","","","","","","","","","U","",""
"2248","40","","672263370003","GATA HIDRAULICA DE ALUMINIO PARA RESCATE","O/C N° 730-1996","11/12/1996","280.0","","","1503.020906","EQUIPOS PARA VEHICULOS","R","","32 TONELADAS","","","","","","","","","","","","","","U","",""
"2249","40","","462261830002","GENERADOR (OTROS)","O/C N° 374-2012","12/06/2022","6430.0","","","1503.020904","ELECTRICIDAD Y ELECTRONICA","M","HONDA","JYK50A","ELECTRICO","","EBDC-1022116","","","","","","","","","","","U","",""
"2250","40","","462261830007","GENERADOR (OTROS)","O/C Nº 00192","14/05/2021","1.0","","","1503.020904","ELECTRICIDAD Y ELECTRONICA","M","","","","","","","","","","","","","","","","U","",""
"2251","40","","462261830009","GENERADOR (OTROS)","O/C N° 192-2021","14/05/2021","7900.0","","","1503.020904","ELECTRICIDAD Y ELECTRONICA","R","HONDA","S/M","S/T","","","","","","","","","","","","","U","",""
"2252","40","","462261830010","GENERADOR (OTROS)","O/C N° 192-2021","14/05/2021","7900.0","","","1503.020904","ELECTRICIDAD Y ELECTRONICA","R","HONDA","S/M","S/T","","","","","","","","","","","","","U","",""
"2253","40","","462261830011","GENERADOR (OTROS)","O/C N° 192-2021","14/05/2021","7900.0","","","1503.020904","ELECTRICIDAD Y ELECTRONICA","R","HONDA","S/M","S/T","","","","","","","","","","","","","U","",""
"2254","40","","672264720001","GENERADOR (OTROS)","O/C N° 192-2021","14/05/2021","7900.0","","","1503.020904","ELECTRICIDAD Y ELECTRONICA","R","HONDA","S/M","S/T","","","","","","","","","","","","","U","",""
"2255","40","","672264720003","GENERADOR EOLICO","SANEAR","31/12/2021","1.0","","","1503.020906","EQUIPOS PARA VEHICULOS","M","","","","","","","","","","","","","","","","U","",""
"2256","40","","462265070001","GRUPO ELECTROGENO","SANEAR","31/12/2012","1.0","","","1503.020904","ELECTRICIDAD Y ELECTRONICA","M","UVWN","24GF40","S/T","PLOMO","886","S/D","","","","","","","","","","D","",""
"2257","40","","742229930001","GUILLOTINA","O/C N° 179-1991","31/08/1991","105.1","","","1503.020101","MAQUINAS Y EQUIPOS DE OFICINA","M","LOBOGRAPH","S/M","S/T","NEGRO","S/S","S/D","","","","","","","","","","D","",""
"2258","40","","742229930002","GUILLOTINA","SANEAR","31/12/2021","1.0","","","1503.020101","MAQUINAS Y EQUIPOS DE OFICINA","M","","","","PLOMO","","","","","","","","","","","","U","",""
"2259","40","","742229930003","GUILLOTINA","SANEAR","31/12/2021","1.0","","","1503.020101","MAQUINAS Y EQUIPOS DE OFICINA","M","","","","","","","","","","","","","","","","U","",""
"2260","40","","322257950001","HORNO ELECTRICO","SANEAR","31/12/2021","1.0","","","1503.020902","ASEO, LIMPIEZA Y COCINA","R","S/M","PT-H76","S/T","PLOMO-AZUL","S/S","S/D","","","","","","","","","","U","",""
"2261","40","","322257950002","HORNO ELECTRICO","SANEAR","31/12/2021","1.0","","","1503.020902","ASEO, LIMPIEZA Y COCINA","M","","","","","","","","","","","","","","","","U","",""
"2262","40","","740832000003","IMPRESORA (OTRAS)","SANEAR","12/09/2016","850.0","","","1503.020301","EQUIPOS COMPUTACIONALES Y PERIFERICOS","","EPSON","L375","","","","","","","","","","","","","","U","",""
"2263","40","","740832000005","IMPRESORA (OTRAS)","O/C N° 764-1995","29/09/1995","1406.25","","","1503.020301","EQUIPOS COMPUTACIONALES Y PERIFERICOS","M","EPSON","FX 1170","","","6211498673","","","","","","","","","","","U","",""
"2264","40","","740832000006","IMPRESORA (OTRAS)","O/C N° 764-1995","29/09/1995","1406.25","","","1503.020301","EQUIPOS COMPUTACIONALES Y PERIFERICOS","M","EPSON","FX 1170","","","6211498667","","","","","","","","","","","U","",""
"2265","40","","740832000007","IMPRESORA (OTRAS)","O/C N° 360-1991","12/01/1991","680.0","","","1503.020301","EQUIPOS COMPUTACIONALES Y PERIFERICOS","M","EPSON","FX-1050","","","","","","","","","","","","","","U","",""
"2266","40","","740832000009","IMPRESORA (OTRAS)","O/N 3-00129-2010","30/09/2010","945.0","","","1503.020301","EQUIPOS COMPUTACIONALES Y PERIFERICOS","M","XEROX","3100FP","","","L510134LE551990","","","","","","","","","","","U","",""
"2267","40","","740832000014","IMPRESORA (OTRAS)","O/C N° 0067-2007","29/05/2007","460.0","","","1503.020301","EQUIPOS COMPUTACIONALES Y PERIFERICOS","M","HP","LASER JET 1020","","","","","","","","","","","","","","U","",""
"2268","40","","740832000022","IMPRESORA (OTRAS)","O/C Nº 000065","10/02/2022","1118.56","","","1503.020301","EQUIPOS COMPUTACIONALES Y PERIFERICOS","R","EPSON","","","","","","","","","","","","","","","U","",""
"2269","40","","740832000026","IMPRESORA (OTRAS)","O/C N° 8-00162-2010","21/05/2010","485.0","","","1503.020301","EQUIPOS COMPUTACIONALES Y PERIFERICOS","M","","","","","","","","","","","","","","","","U","",""
"2270","40","","740832000027","IMPRESORA (OTRAS)","SANEAR","31/12/2021","1.0","","","1503.020301","EQUIPOS COMPUTACIONALES Y PERIFERICOS","M","","","","","","","","","","","","","","","","U","",""
"2271","40","","740832000029","IMPRESORA (OTRAS)","O/C N° 8-00003-2010","26/02/2010","1040.0","","","1503.020301","EQUIPOS COMPUTACIONALES Y PERIFERICOS","M","HP","LASERJET 1319","","PLOMO/NEGRO","CNL89D003L","","","","","","","","","","","U","",""
"2272","40","","740832000032","IMPRESORA (OTRAS)","SANEAR","31/12/2021","1.0","","","1503.020301","EQUIPOS COMPUTACIONALES Y PERIFERICOS","M","","","","","","","","","","","","","","","","U","",""
"2273","40","","740832000034","IMPRESORA (OTRAS)","SANEAR","31/12/2021","1.0","","","1503.020301","EQUIPOS COMPUTACIONALES Y PERIFERICOS","M","","","","","","","","","","","","","","","","U","",""
"2274","40","","740832000035","IMPRESORA (OTRAS)","SANEAR","31/12/2021","1.0","","","1503.020301","EQUIPOS COMPUTACIONALES Y PERIFERICOS","M","","","","","","","","","","","","","","","","U","",""
"2275","40","","740832000039","IMPRESORA (OTRAS)","SANEAR","31/12/2021","1.0","","","1503.020301","EQUIPOS COMPUTACIONALES Y PERIFERICOS","R","","","","","","","","","","","","","","","","U","",""
"2276","40","","740832000042","IMPRESORA (OTRAS)","SANEAR","31/12/2021","1.0","","","1503.020301","EQUIPOS COMPUTACIONALES Y PERIFERICOS","R","","","","","","","","","","","","","","","","U","",""
"2277","40","","740832000053","IMPRESORA (OTRAS)","SANEAR","31/12/2021","1.0","","","1503.020301","EQUIPOS COMPUTACIONALES Y PERIFERICOS","R","","","","","","","","","","","","","","","","U","",""
"2278","40","","740832000054","IMPRESORA (OTRAS)","SANEAR","31/12/2021","1.0","","","1503.020301","EQUIPOS COMPUTACIONALES Y PERIFERICOS","R","","","","","","","","","","","","","","","","U","",""
"2279","40","","740832000057","IMPRESORA (OTRAS)","SANEAR","31/12/2021","1.0","","","1503.020301","EQUIPOS COMPUTACIONALES Y PERIFERICOS","M","","","","","","","","","","","","","","","","U","",""
"2280","40","","740832000058","IMPRESORA (OTRAS)","SANEAR","31/12/2021","1.0","","","1503.020301","EQUIPOS COMPUTACIONALES Y PERIFERICOS","M","","","","","","","","","","","","","","","","U","",""
"2281","40","","740832000059","IMPRESORA (OTRAS)","SANEAR","31/12/2021","1.0","","","1503.020301","EQUIPOS COMPUTACIONALES Y PERIFERICOS","M","","","","","","","","","","","","","","","","U","",""
"2282","40","","740832000060","IMPRESORA (OTRAS)","SANEAR","31/12/2021","1.0","","","1503.020301","EQUIPOS COMPUTACIONALES Y PERIFERICOS","M","","","","","","","","","","","","","","","","U","",""
"2283","40","","740832000061","IMPRESORA (OTRAS)","SANEAR","31/12/2021","1.0","","","1503.020301","EQUIPOS COMPUTACIONALES Y PERIFERICOS","M","","","","","","","","","","","","","","","","U","",""
"2284","40","","740832000062","IMPRESORA (OTRAS)","SANEAR","31/12/2021","1.0","","","1503.020301","EQUIPOS COMPUTACIONALES Y PERIFERICOS","M","","","","","","","","","","","","","","","","U","",""
"2285","40","","740832000063","IMPRESORA (OTRAS)","SANEAR","31/12/2021","1.0","","","1503.020301","EQUIPOS COMPUTACIONALES Y PERIFERICOS","M","","","","","","","","","","","","","","","","U","",""
"2286","40","","740832000064","IMPRESORA (OTRAS)","SANEAR","31/12/2021","1.0","","","1503.020301","EQUIPOS COMPUTACIONALES Y PERIFERICOS","M","","","","","","","","","","","","","","","","U","",""
"2287","40","","740832000066","IMPRESORA (OTRAS)","SANEAR","31/12/2021","1.0","","","1503.020301","EQUIPOS COMPUTACIONALES Y PERIFERICOS","R","","","","","","","","","","","","","","","","U","",""
"2288","40","","740832000069","IMPRESORA (OTRAS)","SANEAR","31/12/2021","1.0","","","1503.020301","EQUIPOS COMPUTACIONALES Y PERIFERICOS","M","","","","","","","","","","","","","","","","U","",""
"2289","40","","740832000073","IMPRESORA (OTRAS)","SANEAR","31/12/2021","1.0","","","1503.020301","EQUIPOS COMPUTACIONALES Y PERIFERICOS","M","","","","","","","","","","","","","","","","U","",""
"2290","40","","740832000074","IMPRESORA (OTRAS)","SANEAR","31/12/2021","1.0","","","1503.020301","EQUIPOS COMPUTACIONALES Y PERIFERICOS","M","EPSON","","","","","","","","","","","","","","","U","",""
"2291","40","","740832000075","IMPRESORA (OTRAS)","O/C N° 112-2020","22/02/2022","1250.0","","","1503.020301","EQUIPOS COMPUTACIONALES Y PERIFERICOS","M","EPSON","C634F","","","","","","","","","","","","","","U","",""
"2292","40","","740832000085","IMPRESORA (OTRAS)","O/C N° 87-2019","25/07/2019","1241.55","","","1503.020301","EQUIPOS COMPUTACIONALES Y PERIFERICOS","R","EPSON","ECOTANK L6171","INYECCION DE TINTA","NEGRO","X4ET009769","","","","","","","","","","","U","",""
"2293","40","","740836500005","IMPRESORA A INYECCION DE TINTA","O/C N° 298-1993","30/11/1993","1308.0","","","1503.020301","EQUIPOS COMPUTACIONALES Y PERIFERICOS","M","EPSON","1170","S/T","BLANCO","S/S","S/D","","","","","","","","","","U","",""
"2294","40","","740836500014","IMPRESORA A INYECCION DE TINTA","O/C N° 021E-2004","15/09/2004","260.0","","","1503.020301","EQUIPOS COMPUTACIONALES Y PERIFERICOS","M","HP","3550","","","","","","","","","","","","","","U","",""
"2295","40","","740836500016","IMPRESORA A INYECCION DE TINTA","SANEAR","31/12/2021","1.0","","","1503.020301","EQUIPOS COMPUTACIONALES Y PERIFERICOS","R","","","","","","","","","","","","","","","","U","",""
"2296","40","","740836500017","IMPRESORA A INYECCION DE TINTA","SANEAR","31/12/2021","1.0","","","1503.020301","EQUIPOS COMPUTACIONALES Y PERIFERICOS","R","","","","","","","","","","","","","","","","U","",""
"2297","40","","740836500018","IMPRESORA A INYECCION DE TINTA","SANEAR","31/12/2021","1.0","","","1503.020301","EQUIPOS COMPUTACIONALES Y PERIFERICOS","R","","","","","","","","","","","","","","","","U","",""
"2298","40","","740836500019","IMPRESORA A INYECCION DE TINTA","SANEAR","31/12/2021","1.0","","","1503.020301","EQUIPOS COMPUTACIONALES Y PERIFERICOS","R","","","","","","","","","","","","","","","","U","",""
"2299","40","","740836500020","IMPRESORA A INYECCION DE TINTA","SANEAR","31/12/2021","1.0","","","1503.020301","EQUIPOS COMPUTACIONALES Y PERIFERICOS","R","","","","","","","","","","","","","","","","U","",""
"2300","40","","740836500021","IMPRESORA A INYECCION DE TINTA","SANEAR","31/12/2021","1.0","","","1503.020301","EQUIPOS COMPUTACIONALES Y PERIFERICOS","R","","","","","","","","","","","","","","","","U","",""
"2301","40","","740836500022","IMPRESORA A INYECCION DE TINTA","SANEAR","31/12/2021","1.0","","","1503.020301","EQUIPOS COMPUTACIONALES Y PERIFERICOS","R","","","","","","","","","","","","","","","","U","",""
"2302","40","","740836500023","IMPRESORA A INYECCION DE TINTA","SANEAR","31/12/2021","1.0","","","1503.020301","EQUIPOS COMPUTACIONALES Y PERIFERICOS","R","","","","","","","","","","","","","","","","U","",""
"2303","40","","740836500024","IMPRESORA A INYECCION DE TINTA","SANEAR","31/12/2021","1.0","","","1503.020301","EQUIPOS COMPUTACIONALES Y PERIFERICOS","R","","","","","","","","","","","","","","","","U","",""
"2304","40","","740836500025","IMPRESORA A INYECCION DE TINTA","SANEAR","31/12/2021","1.0","","","1503.020301","EQUIPOS COMPUTACIONALES Y PERIFERICOS","R","","","","","","","","","","","","","","","","U","",""
"2305","40","","740836500026","IMPRESORA A INYECCION DE TINTA","SANEAR","31/12/2021","1.0","","","1503.020301","EQUIPOS COMPUTACIONALES Y PERIFERICOS","R","","","","","","","","","","","","","","","","U","",""
"2306","40","","740836500027","IMPRESORA A INYECCION DE TINTA","SANEAR","31/12/2021","1.0","","","1503.020301","EQUIPOS COMPUTACIONALES Y PERIFERICOS","R","","","","","","","","","","","","","","","","U","",""
"2307","40","","740836500028","IMPRESORA A INYECCION DE TINTA","SANEAR","31/12/2021","1.0","","","1503.020301","EQUIPOS COMPUTACIONALES Y PERIFERICOS","R","","","","","","","","","","","","","","","","U","",""
"2308","40","","740836500029","IMPRESORA A INYECCION DE TINTA","SANEAR","31/12/2021","1.0","","","1503.020301","EQUIPOS COMPUTACIONALES Y PERIFERICOS","R","","","","","","","","","","","","","","","","U","",""
"2309","40","","740836500030","IMPRESORA A INYECCION DE TINTA","SANEAR","31/12/2021","1.0","","","1503.020301","EQUIPOS COMPUTACIONALES Y PERIFERICOS","R","","","","","","","","","","","","","","","","U","",""
"2310","40","","740841000007","IMPRESORA LASER","O/C N° 000451","29/12/2021","4500.0","","","1503.020301","EQUIPOS COMPUTACIONALES Y PERIFERICOS","R","KYOCERA","ECOSYS","","","","","","","","","","","","","","U","",""
"2311","40","","740841000010","IMPRESORA LASER","O/C N° 30-2013","05/02/2013","345.0","","","1503.020301","EQUIPOS COMPUTACIONALES Y PERIFERICOS","R","HP","LASER JET 1102W","","","","","","","","","","","","","","U","",""
"2312","40","","740841000018","IMPRESORA LASER","O/C N° 333-2012","23/11/2012","348.0","","","1503.020301","EQUIPOS COMPUTACIONALES Y PERIFERICOS","R","HP","1102","","","BRBSD9FMDD","","","","","","","","","","","U","",""
"2313","40","","740841000021","IMPRESORA LASER","SANEAR","31/12/2021","1.0","","","1503.020301","EQUIPOS COMPUTACIONALES Y PERIFERICOS","M","","","","","","","","","","","","","","","","U","",""
"2314","40","","740845500017","IMPRESORA MATRIZ DE PUNTO","SANEAR","31/12/2021","1.0","","","1503.020301","EQUIPOS COMPUTACIONALES Y PERIFERICOS","M","EPSON","LQ3070","S/T","BLANCO","2YQY006832","S/D","","","","","","","","","","D","",""
"2315","40","","742237960011","MAQUINA DE ESCRIBIR ELECTRICA","O/C N° 92-1987","02/04/1987","10918.0","","","1503.020101","MAQUINAS Y EQUIPOS DE OFICINA","M","FACIT","","","","","","","","","","","","","","","U","",""
"2316","40","","742237960015","MAQUINA DE ESCRIBIR ELECTRICA","O/C N° 92-1987","02/04/1987","10918.0","","","1503.020101","MAQUINAS Y EQUIPOS DE OFICINA","M","FACIT","","","",".","","","","","","","","","","","U","",""
"2317","40","","742243310001","MAQUINA DE ESCRIBIR MECANICA","O/C N° 34-1987","20/02/1987","19600.0","","","1503.020101","MAQUINAS Y EQUIPOS DE OFICINA","M","OLIVETTI","FP-111","","","","","","","","","","","","","","U","",""
"2318","40","","742243310003","MAQUINA DE ESCRIBIR MECANICA","SANEAR","31/12/2021","1.0","","","1503.020101","MAQUINAS Y EQUIPOS DE OFICINA","M","","","","","","","","","","","","","","","","U","",""
"2319","40","","742243310004","MAQUINA DE ESCRIBIR MECANICA","SANEAR","31/12/2021","1.0","","","1503.020101","MAQUINAS Y EQUIPOS DE OFICINA","M","ERIKA","S/M","S/T","NEGRO/BLANCO","S/S","S/D","","","","","","","","","","D","",""
"2320","40","","742243310005","MAQUINA DE ESCRIBIR MECANICA","SANEAR","31/12/2021","1.0","","","1503.020101","MAQUINAS Y EQUIPOS DE OFICINA","M","","","","","","","","","","","","","","","","U","",""
"2321","40","","742243310009","MAQUINA DE ESCRIBIR MECANICA","SANEAR","31/12/2021","1.0","","","1503.020101","MAQUINAS Y EQUIPOS DE OFICINA","M","FACIT","S/M","S/T","NEGRO/BLANCO","S/S","S/D","","","","","","","","","","D","",""
"2322","40","","742243310010","MAQUINA DE ESCRIBIR MECANICA","SANEAR","31/12/2021","1.0","","","1503.020101","MAQUINAS Y EQUIPOS DE OFICINA","M","S/M","S/M","S/T","NEGRO","S/S","S/D","","","","","","","","","","D","",""
"2323","40","","675026900005","MAQUINA DE SOLDAR","O/C N° 125-2015","23/06/2015","1020.0","","","1503.020999","MAQUINARIAS, EQUIPOS Y MOBILIARIOS DE OTRAS INSTALACIONES","M","CROWN","250 AMP","","","","","","","","","","","","","","U","",""
"2324","40","","675026900008","MAQUINA DE SOLDAR","SANEAR","31/12/2021","1.0","","","1503.020999","MAQUINARIAS, EQUIPOS Y MOBILIARIOS DE OTRAS INSTALACIONES","R","","","","","","","","","","","","","","","","U","",""
"2325","40","","602255370002","MEDIDOR (OTROS)","O/C N° 416-1997","29/08/1997","3473.28","","","1503.020905","EQUIPOS E INSTRUMENTOS DE MEDICION","M","HACH CO (USA)","CO150","99 A 11090","","9.704E+11","","","","","","","","","","","U","",""
"2326","40","","602255370003","MEDIDOR (OTROS)","O/C N° 457-1997","29/08/1997","3478.64","","","1503.020905","EQUIPOS E INSTRUMENTOS DE MEDICION","M","HP METRO","EC10","50050-00","BLANCO","22992-64","","","","","","","","","","","U","",""
"2327","40","","746450000001","MESA DE MADERA PARA DIBUJO","O/C N° 301-1993","30/11/1993","126.0","","","1503.020102","MOBILIARIO DE OFICINA","M","S/M","S/M","S/T","CAFE","S/S","S/D","","","","","","","","","","U","",""
"2328","40","","746450680001","MESA DE METAL","SANEAR","31/12/2021","1.0","","","1503.020102","MOBILIARIO DE OFICINA","M","","","","","","","","","","","","","","","","U","",""
"2329","40","","746450680005","MESA DE METAL","SANEAR","31/12/2021","1.0","","","1503.020102","MOBILIARIO DE OFICINA","M","S/M","S/M","S/T","PLOMO","S/S","0.85X0.75X1.20","","","","","","","","","","D","",""
"2330","40","","746450680008","MESA DE METAL","SANEAR","31/12/2021","1.0","","","1503.020102","MOBILIARIO DE OFICINA","M","S/M","S/M","S/T","PLOMO","S/S","0.85X1.05X0.84","","","","","","","","","","D","",""
"2331","40","","746450680012","MESA DE METAL","SANEAR","31/12/2021","1.0","","","1503.020102","MOBILIARIO DE OFICINA","M","","","","","","","","","","","","","","","","U","",""
"2332","40","","746450680013","MESA DE METAL","SANEAR","31/12/2021","1.0","","","1503.020102","MOBILIARIO DE OFICINA","M","","","","","","","","","","","","","","","","U","",""
"2333","40","","746450680015","MESA DE METAL","SANEAR","31/12/2021","1.0","","","1503.020102","MOBILIARIO DE OFICINA","M","","","","","","","","","","","","","","","","U","",""
"2334","40","","746450680017","MESA DE METAL","SANEAR","31/12/2021","1.0","","","1503.020102","MOBILIARIO DE OFICINA","M","","","","","","","","","","","","","","","","U","",""
"2335","40","","746454580006","MESITA DE MADERA","SANEAR","31/12/2021","1.0","","","1503.020102","MOBILIARIO DE OFICINA","M","","","","","","","","","","","","","","","","U","",""
"2336","40","","746454580007","MESITA DE MADERA","SANEAR","31/12/2021","1.0","","","1503.020102","MOBILIARIO DE OFICINA","M","","","","","","","","","","","","","","","","U","",""
"2337","40","","673638490001","MEZCLADOR DE CONCRETO","O/C N° 0610-1996","28/09/1996","8067.66","","","1503.020999","MAQUINARIAS, EQUIPOS Y MOBILIARIOS DE OTRAS INSTALACIONES","M","INHORPERSA","301508","","","","","","","","","","","","","","U","",""
"2338","40","","673638490002","MEZCLADOR DE CONCRETO","O/C N° 0610-1996","28/09/1996","8067.66","","","1503.020999","MAQUINARIAS, EQUIPOS Y MOBILIARIOS DE OTRAS INSTALACIONES","M","INHORPERSA","301508","","","","","","","","","","","","","","U","",""
"2339","40","","673638490003","MEZCLADOR DE CONCRETO","O/C N° 0610-1996","28/09/1996","8067.66","","","1503.020999","MAQUINARIAS, EQUIPOS Y MOBILIARIOS DE OTRAS INSTALACIONES","M","INHORPERSA","301508","","","","","","","","","","","","","","U","",""
"2340","40","","673638490004","MEZCLADOR DE CONCRETO","SANEAR","31/12/2021","1.0","","","1503.020999","MAQUINARIAS, EQUIPOS Y MOBILIARIOS DE OTRAS INSTALACIONES","M","","","","","","","","","","","","","","","","U","",""
"2341","40","","673638490005","MEZCLADOR DE CONCRETO","SANEAR","31/12/2021","1.0","","","1503.020999","MAQUINARIAS, EQUIPOS Y MOBILIARIOS DE OTRAS INSTALACIONES","M","HISPA","S/S","S/T","NEGRO","3487775","S/D","","","","","","","","","","D","",""
"2342","40","","673638490006","MEZCLADOR DE CONCRETO","SANEAR","31/12/2021","1.0","","","1503.020999","MAQUINARIAS, EQUIPOS Y MOBILIARIOS DE OTRAS INSTALACIONES","M","","","","","","","","","","","","","","","","U","",""
"2343","40","","673638490007","MEZCLADOR DE CONCRETO","SANEAR","31/12/2021","1.0","","","1503.020999","MAQUINARIAS, EQUIPOS Y MOBILIARIOS DE OTRAS INSTALACIONES","M","","","","","","","","","","","","","","","","U","",""
"2344","40","","673638490008","MEZCLADOR DE CONCRETO","SANEAR","31/12/2021","1.0","","","1503.020999","MAQUINARIAS, EQUIPOS Y MOBILIARIOS DE OTRAS INSTALACIONES","M","","","","","","","","","","","","","","","","U","",""
"2345","40","","673638490009","MEZCLADOR DE CONCRETO","SANEAR","31/12/2021","1.0","","","1503.020999","MAQUINARIAS, EQUIPOS Y MOBILIARIOS DE OTRAS INSTALACIONES","M","","","","","","","","","","","","","","","","U","",""
"2346","40","","673638490010","MEZCLADOR DE CONCRETO","SANEAR","31/12/2021","1.0","","","1503.020999","MAQUINARIAS, EQUIPOS Y MOBILIARIOS DE OTRAS INSTALACIONES","M","","","","","","","","","","","","","","","","U","",""
"2347","40","","673638490011","MEZCLADOR DE CONCRETO","SANEAR","31/12/2021","1.0","","","1503.020999","MAQUINARIAS, EQUIPOS Y MOBILIARIOS DE OTRAS INSTALACIONES","M","","","","","","","","","","","","","","","","U","",""
"2348","40","","673638490012","MEZCLADOR DE CONCRETO","SANEAR","31/12/2021","1.0","","","1503.020999","MAQUINARIAS, EQUIPOS Y MOBILIARIOS DE OTRAS INSTALACIONES","M","","","","","","","","","","","","","","","","U","",""
"2349","40","","673638490014","MEZCLADOR DE CONCRETO","SANEAR","31/12/2021","1.0","","","1503.020999","MAQUINARIAS, EQUIPOS Y MOBILIARIOS DE OTRAS INSTALACIONES","M","","","","","","","","","","","","","","","","U","",""
"2350","40","","673638490016","MEZCLADOR DE CONCRETO","SANEAR","31/12/2021","1.0","","","1503.020999","MAQUINARIAS, EQUIPOS Y MOBILIARIOS DE OTRAS INSTALACIONES","M","","","","","","","","","","","","","","","","U","",""
"2351","40","","673638490017","MEZCLADOR DE CONCRETO","SANEAR","31/12/2021","1.0","","","1503.020999","MAQUINARIAS, EQUIPOS Y MOBILIARIOS DE OTRAS INSTALACIONES","M","","","","","","","","","","","","","","","","U","",""
"2352","40","","673638490018","MEZCLADOR DE CONCRETO","SANEAR","31/12/2021","1.0","","","1503.020999","MAQUINARIAS, EQUIPOS Y MOBILIARIOS DE OTRAS INSTALACIONES","M","","","","","","","","","","","","","","","","U","",""
"2353","40","","673638490019","MEZCLADOR DE CONCRETO","SANEAR","31/12/2021","1.0","","","1503.020999","MAQUINARIAS, EQUIPOS Y MOBILIARIOS DE OTRAS INSTALACIONES","M","","","","","","","","","","","","","","","","U","",""
"2354","40","","673638490020","MEZCLADOR DE CONCRETO","SANEAR","31/12/2021","1.0","","","1503.020999","MAQUINARIAS, EQUIPOS Y MOBILIARIOS DE OTRAS INSTALACIONES","M","","","","","","","","","","","","","","","","U","",""
"2355","40","","673638490021","MEZCLADOR DE CONCRETO","SANEAR","31/12/2021","1.0","","","1503.020999","MAQUINARIAS, EQUIPOS Y MOBILIARIOS DE OTRAS INSTALACIONES","M","","","","","","","","","","","","","","","","U","",""
"2356","40","","673638490022","MEZCLADOR DE CONCRETO","SANEAR","31/12/2021","1.0","","","1503.020999","MAQUINARIAS, EQUIPOS Y MOBILIARIOS DE OTRAS INSTALACIONES","M","","","","","","","","","","","","","","","","U","",""
"2357","40","","673638490023","MEZCLADOR DE CONCRETO","SANEAR","31/12/2021","1.0","","","1503.020999","MAQUINARIAS, EQUIPOS Y MOBILIARIOS DE OTRAS INSTALACIONES","M","","","","","","","","","","","","","","","","U","",""
"2358","40","","673638490024","MEZCLADOR DE CONCRETO","SANEAR","31/12/2021","1.0","","","1503.020999","MAQUINARIAS, EQUIPOS Y MOBILIARIOS DE OTRAS INSTALACIONES","M","","","","","","","","","","","","","","","","U","",""
"2359","40","","673638490025","MEZCLADOR DE CONCRETO","SANEAR","31/12/2021","1.0","","","1503.020999","MAQUINARIAS, EQUIPOS Y MOBILIARIOS DE OTRAS INSTALACIONES","M","","","","","","","","","","","","","","","","U","",""
"2360","40","","673638490026","MEZCLADOR DE CONCRETO","SANEAR","31/12/2021","1.0","","","1503.020999","MAQUINARIAS, EQUIPOS Y MOBILIARIOS DE OTRAS INSTALACIONES","M","","","","","","","","","","","","","","","","U","",""
"2361","40","","673638490027","MEZCLADOR DE CONCRETO","SANEAR","31/12/2021","1.0","","","1503.020999","MAQUINARIAS, EQUIPOS Y MOBILIARIOS DE OTRAS INSTALACIONES","M","","","","","","","","","","","","","","","","U","",""
"2362","40","","673638490028","MEZCLADOR DE CONCRETO","SANEAR","31/12/2021","1.0","","","1503.020999","MAQUINARIAS, EQUIPOS Y MOBILIARIOS DE OTRAS INSTALACIONES","M","","","","","","","","","","","","","","","","U","",""
"2363","40","","675080890001","MEZCLADORA DE CONCRETO TIPO TROMPO","SANEAR","31/12/2021","1.0","","","1503.020999","MAQUINARIAS, EQUIPOS Y MOBILIARIOS DE OTRAS INSTALACIONES","M","","","","","","","","","","","","","","","","U","",""
"2364","40","","675080890005","MEZCLADORA DE CONCRETO TIPO TROMPO","SANEAR","31/12/2021","1.0","","","1503.020999","MAQUINARIAS, EQUIPOS Y MOBILIARIOS DE OTRAS INSTALACIONES","M","","","","","","","","","","","","","","","","U","",""
"2365","40","","675080890010","MEZCLADORA DE CONCRETO TIPO TROMPO","SANEAR","31/12/2021","1.0","","","1503.020999","MAQUINARIAS, EQUIPOS Y MOBILIARIOS DE OTRAS INSTALACIONES","M","","","","","","","","","","","","","","","","U","",""
"2366","40","","675080890013","MEZCLADORA DE CONCRETO TIPO TROMPO","SANEAR","31/12/2021","1.0","","","1503.020999","MAQUINARIAS, EQUIPOS Y MOBILIARIOS DE OTRAS INSTALACIONES","M","","","","","","","","","","","","","","","","U","",""
"2367","40","","675080890018","MEZCLADORA DE CONCRETO TIPO TROMPO","SANEAR","31/12/2021","1.0","","","1503.020999","MAQUINARIAS, EQUIPOS Y MOBILIARIOS DE OTRAS INSTALACIONES","M","","","","","","","","","","","","","","","","U","",""
"2368","40","","675080890019","MEZCLADORA DE CONCRETO TIPO TROMPO","SANEAR","31/12/2021","1.0","","","1503.020999","MAQUINARIAS, EQUIPOS Y MOBILIARIOS DE OTRAS INSTALACIONES","M","","","","","","","","","","","","","","","","U","",""
"2369","40","","675080890021","MEZCLADORA DE CONCRETO TIPO TROMPO","SANEAR","31/12/2021","1.0","","","1503.020999","MAQUINARIAS, EQUIPOS Y MOBILIARIOS DE OTRAS INSTALACIONES","M","","","","","","","","","","","","","","","","U","",""
"2370","40","","675080890022","MEZCLADORA DE CONCRETO TIPO TROMPO","SANEAR","31/12/2021","1.0","","","1503.020999","MAQUINARIAS, EQUIPOS Y MOBILIARIOS DE OTRAS INSTALACIONES","M","","","","","","","","","","","","","","","","U","",""
"2371","40","","675080890052","MEZCLADORA DE CONCRETO TIPO TROMPO","O/C N° 425-2012","17/12/2012","6600.0","","","1503.020999","MAQUINARIAS, EQUIPOS Y MOBILIARIOS DE OTRAS INSTALACIONES","M","DYNAMIC","MDC 11P/GX390","S/T","NARANJA","997","","","","","","","","","","","U","",""
"2372","40","","675080890062","MEZCLADORA DE CONCRETO TIPO TROMPO","O/C N° 447-2013","31/12/2021","5400.0","","","1503.020999","MAQUINARIAS, EQUIPOS Y MOBILIARIOS DE OTRAS INSTALACIONES","R","KHOLER","CH440","S/T","AMARILLO","","S/D","","","","","","","","","","U","",""
"2373","40","","675080890064","MEZCLADORA DE CONCRETO TIPO TROMPO","SANEAR","31/12/2021","1.0","","","1503.020999","MAQUINARIAS, EQUIPOS Y MOBILIARIOS DE OTRAS INSTALACIONES","R","","","","","","","","","","","","","","","","U","",""
"2374","40","","675080890065","MEZCLADORA DE CONCRETO TIPO TROMPO","SANEAR","31/12/2021","1.0","","","1503.020999","MAQUINARIAS, EQUIPOS Y MOBILIARIOS DE OTRAS INSTALACIONES","M","","","","","","","","","","","","","","","","U","",""
"2375","40","","675080890067","MEZCLADORA DE CONCRETO TIPO TROMPO","SANEAR","31/12/2021","1.0","","","1503.020999","MAQUINARIAS, EQUIPOS Y MOBILIARIOS DE OTRAS INSTALACIONES","M","","","","","","","","","","","","","","","","U","",""
"2376","40","","675080890068","MEZCLADORA DE CONCRETO TIPO TROMPO","SANEAR","31/12/2021","1.0","","","1503.020999","MAQUINARIAS, EQUIPOS Y MOBILIARIOS DE OTRAS INSTALACIONES","M","","","","","","","","","","","","","","","","U","",""
"2377","40","","675080890069","MEZCLADORA DE CONCRETO TIPO TROMPO","SANEAR","31/12/2021","1.0","","","1503.020999","MAQUINARIAS, EQUIPOS Y MOBILIARIOS DE OTRAS INSTALACIONES","M","","","","","","","","","","","","","","","","U","",""
"2378","40","","675080890076","MEZCLADORA DE CONCRETO TIPO TROMPO","O/C N° 456-2016","21/12/2016","7500.0","","","1503.020999","MAQUINARIAS, EQUIPOS Y MOBILIARIOS DE OTRAS INSTALACIONES","M","DYNMIC","GX390","TROMPO","ANARANJADO","","","","","","","","","","","","U","",""
"2379","40","","675080890078","MEZCLADORA DE CONCRETO TIPO TROMPO","O/C N° 156-2022","11/03/2022","7490.0","","","1503.020999","MAQUINARIAS, EQUIPOS Y MOBILIARIOS DE OTRAS INSTALACIONES","M","HONDA","","","","","","","","","","","","","","","U","",""
"2380","40","","46436500048","MIRA TOPOGRAFICA","SANEAR","27/10/2012","1.0","","","1503.020501","MOBILIARIO DE USO AGRICOLA Y PESQUERO","M","KOLIDA","AGRS","","","","","","","","","","","","","","U","",""
"2381","40","","46436500077","MIRA TOPOGRAFICA","O/C N° 391-2011","27/10/2011","145.07","","","1503.020501","MOBILIARIO DE USO AGRICOLA Y PESQUERO","M","KOLIDA","AGR5","","","","","","","","","","","","","","U","",""
"2382","40","","46436500088","MIRA TOPOGRAFICA","SANEAR","27/10/2012","1.0","","","1503.020501","MOBILIARIO DE USO AGRICOLA Y PESQUERO","M","KOLIDA","AGRS","","","","","","","","","","","","","","U","",""
"2383","40","","46436500089","MIRA TOPOGRAFICA","O/C N° 391-2011","27/10/2011","145.07","","","1503.020501","MOBILIARIO DE USO AGRICOLA Y PESQUERO","M","KOLIDA","AGR5","","","","","","","","","","","","","","U","",""
"2384","40","","46436500090","MIRA TOPOGRAFICA","O/C N° 391-2011","27/10/2011","145.07","","","1503.020501","MOBILIARIO DE USO AGRICOLA Y PESQUERO","M","KOLIDA","AGR5","","","","","","","","","","","","","","U","",""
"2385","40","","46436500092","MIRA TOPOGRAFICA","O/C N° 388-2011","31/12/2021","361.49","","","1503.020501","MOBILIARIO DE USO AGRICOLA Y PESQUERO","M","KOMBO LEICA","727588","ALUMINIO","","","","","","","","","","","","","U","",""
"2386","40","","46436500093","MIRA TOPOGRAFICA","O/C N° 071-1995","30/03/1995","720.0","","","1503.020501","MOBILIARIO DE USO AGRICOLA Y PESQUERO","M","","","","","","","","","","","","","","","","U","",""
"2387","40","","46436500094","MIRA TOPOGRAFICA","O/C N° 071-1995","30/03/1995","720.0","","","1503.020501","MOBILIARIO DE USO AGRICOLA Y PESQUERO","M","","","","","","","","","","","","","","","","U","",""
"2388","40","","46436500095","MIRA TOPOGRAFICA","O/C N° 071-1995","30/03/1995","720.0","","","1503.020501","MOBILIARIO DE USO AGRICOLA Y PESQUERO","M","","","","","","","","","","","","","","","","U","",""
"2389","40","","740872500003","MODEM EXTERNO","SANEAR","31/12/2021","1.0","","","1503.020301","EQUIPOS COMPUTACIONALES Y PERIFERICOS","R","TP.LINK","TD-W8901G","S/T","BLANCO/NEGRO","1040306003","S/D","","","","","","","","","","U","",""
"2390","40","","740872500004","MODEM EXTERNO","SANEAR","31/12/2021","1.0","","","1503.020301","EQUIPOS COMPUTACIONALES Y PERIFERICOS","M","","","","","","","","","","","","","","","","U","",""
"2391","40","","740872500005","MODEM EXTERNO","SANEAR","31/12/2021","1.0","","","1503.020301","EQUIPOS COMPUTACIONALES Y PERIFERICOS","M","","","","","","","","","","","","","","","","U","",""
"2392","40","","740872500006","MODEM EXTERNO","SANEAR","31/12/2021","1.0","","","1503.020301","EQUIPOS COMPUTACIONALES Y PERIFERICOS","M","","","","","","","","","","","","","","","","U","",""
"2393","40","","746460170001","MODULO DE MADERA","O/C N° 361-1995","26/07/1995","320.0","","","1503.020102","MOBILIARIO DE OFICINA","M","","","","","","","","","","","","","","","","U","",""
"2394","40","","746460170002","MODULO DE MADERA","O/C N° 174-2020","12/06/2020","6300.0","","","1503.020102","MOBILIARIO DE OFICINA","M","","","","","","","","","","","","","","","","U","",""
"2395","40","","746460170003","MODULO DE MADERA","O/C N° 174-2020","12/06/2020","6500.0","","","1503.020102","MOBILIARIO DE OFICINA","M","","","","","","","","","","","","","","","","U","",""
"2396","40","","746460170004","MODULO DE MADERA","O/C N° 270-1995","19/01/1995","322.56","","","1503.020102","MOBILIARIO DE OFICINA","M","","","","","","","","","","","","","","","","U","",""
"2397","40","","746460170005","MODULO DE MADERA","SANEAR","31/12/2021","1.0","","","1503.020102","MOBILIARIO DE OFICINA","M","","","","","","","","","","","","","","","","U","",""
"2398","40","","746460170006","MODULO DE MADERA","SANEAR","31/12/2021","1.0","","","1503.020102","MOBILIARIO DE OFICINA","M","","","","","","","","","","","","","","","","U","",""
"2399","40","","746460170007","MODULO DE MADERA","SANEAR","31/12/2021","1.0","","","1503.020102","MOBILIARIO DE OFICINA","M","","","","","","","","","","","","","","","","U","",""
"2400","40","","746460170008","MODULO DE MADERA","SANEAR","31/12/2021","1.0","","","1503.020102","MOBILIARIO DE OFICINA","M","","","","","","","","","","","","","","","","U","",""
"2401","40","","746460170009","MODULO DE MADERA","SANEAR","31/12/2021","1.0","","","1503.020102","MOBILIARIO DE OFICINA","M","","","","","","","","","","","","","","","","U","",""
"2402","40","","746460170010","MODULO DE MADERA","SANEAR","31/12/2021","1.0","","","1503.020102","MOBILIARIO DE OFICINA","M","","","","","","","","","","","","","","","","U","",""
"2403","40","","746460170011","MODULO DE MADERA","SANEAR","31/12/2021","1.0","","","1503.020102","MOBILIARIO DE OFICINA","M","","","","","","","","","","","","","","","","U","",""
"2404","40","","746460170012","MODULO DE MADERA","SANEAR","31/12/2021","1.0","","","1503.020102","MOBILIARIO DE OFICINA","M","","","","","","","","","","","","","","","","U","",""
"2405","40","","746460170014","MODULO DE MADERA","SANEAR","31/12/2021","1.0","","","1503.020102","MOBILIARIO DE OFICINA","M","","","","","","","","","","","","","","","","U","",""
"2406","40","","746460170015","MODULO DE MADERA","SANEAR","31/12/2021","1.0","","","1503.020102","MOBILIARIO DE OFICINA","M","","","","","","","","","","","","","","","","U","",""
"2407","40","","746460170016","MODULO DE MADERA","SANEAR","31/12/2021","1.0","","","1503.020102","MOBILIARIO DE OFICINA","M","","","","","","","","","","","","","","","","U","",""
"2408","40","","746460170017","MODULO DE MADERA","SANEAR","31/12/2021","1.0","","","1503.020102","MOBILIARIO DE OFICINA","M","","","","","","","","","","","","","","","","U","",""
"2409","40","","746460170018","MODULO DE MADERA","SANEAR","31/12/2021","1.0","","","1503.020102","MOBILIARIO DE OFICINA","M","","","","","","","","","","","","","","","","U","",""
"2410","40","","746460850003","MODULO DE MADERA PARA MICROCOMPUTADORA","SANEAR","31/12/2021","1.0","","","1503.020102","MOBILIARIO DE OFICINA","M","","","","","","","","","","","","","","","","U","",""
"2411","40","","746460850007","MODULO DE MADERA PARA MICROCOMPUTADORA","SANEAR","31/12/2021","1.0","","","1503.020102","MOBILIARIO DE OFICINA","R","S/M","S/M","S/T","BLANCO","S/S","0.98x0.48x0.71","","","","","","","","","","U","",""
"2412","40","","746460850008","MODULO DE MADERA PARA MICROCOMPUTADORA","O/C N° 072-1995","30/03/1995","345.0","","","1503.020102","MOBILIARIO DE OFICINA","M","","","","CAFÉ","","0.65X0.84X1.20","","","","","","","","","","U","",""
"2413","40","","746460850020","MODULO DE MADERA PARA MICROCOMPUTADORA","SANEAR","31/12/2021","1.0","","","1503.020102","MOBILIARIO DE OFICINA","M","","","","","","","","","","","","","","","","U","",""
"2414","40","","746460980011","MODULO DE MELAMINA","SANEAR","31/12/2021","1.0","","","1503.020102","MOBILIARIO DE OFICINA","R","","","","","","","","","","","","","","","","U","",""
"2415","40","","746461240008","MODULO DE MELAMINA PARA COMPUTADORA","O/C N° 0700-1996","29/11/1996","320.0","","","1503.020102","MOBILIARIO DE OFICINA","M","","","","","","","","","","","","","","","","U","",""
"2416","40","","746461240009","MODULO DE MELAMINA PARA COMPUTADORA","SANEAR","31/12/2021","1.0","","","1503.020102","MOBILIARIO DE OFICINA","M","","","","","","","","","","","","","","","","U","",""
"2417","40","","746461240010","MODULO DE MELAMINA PARA COMPUTADORA","SANEAR","31/12/2021","1.0","","","1503.020102","MOBILIARIO DE OFICINA","M","","","","","","","","","","","","","","","","U","",""
"2418","40","","952258120001","MONITOR (OTROS)","O/C N° 8-00162-2010","21/05/2010","580.0","","","1503.020303","EQUIPOS DE TELECOMUNICACIONES","M","LCD","","","","","","","","","","","","","","","U","",""
"2419","40","","952258120005","MONITOR (OTROS)","SANEAR","31/12/2021","1.0","","","1503.020303","EQUIPOS DE TELECOMUNICACIONES","R","","","","","","","","","","","","","","","","U","",""
"2420","40","","952258120013","MONITOR (OTROS)","SANEAR","31/12/2021","1.0","","","1503.020303","EQUIPOS DE TELECOMUNICACIONES","M","","","","","","","","","","","","","","","","U","",""
"2421","40","","952258120024","MONITOR (OTROS)","SANEAR","31/12/2021","1.0","","","1503.020303","EQUIPOS DE TELECOMUNICACIONES","M","","","","","","","","","","","","","","","","U","",""
"2422","40","","952258120038","MONITOR (OTROS)","SANEAR","31/12/2021","1.0","","","1503.020303","EQUIPOS DE TELECOMUNICACIONES","M","","","","","","","","","","","","","","","","U","",""
"2423","40","","952258120039","MONITOR (OTROS)","SANEAR","31/12/2021","1.0","","","1503.020303","EQUIPOS DE TELECOMUNICACIONES","M","","","","","","","","","","","","","","","","U","",""
"2424","40","","952258120048","MONITOR (OTROS)","SANEAR","31/12/2021","1.0","","","1503.020303","EQUIPOS DE TELECOMUNICACIONES","M","","","","","","","","","","","","","","","","U","",""
"2425","40","","952258120066","MONITOR (OTROS)","SANEAR","31/12/2021","1.0","","","1503.020303","EQUIPOS DE TELECOMUNICACIONES","R","","","","","","","","","","","","","","","","U","",""
"2426","40","","740877000018","MONITOR A COLOR","O/C N° 821-2013","20/11/2013","693.16","","","1503.020202","MOBILIARIO EDUCATIVO","M","BENQ","GW2254","21.5''","","","","","","","","","","","","","U","",""
"2427","40","","740877000022","MONITOR A COLOR","O/C N° 0252-2007","11/12/2007","556.0","","","1503.020202","MOBILIARIO EDUCATIVO","M","LG","FLATRON","","","","","","","","","","","","","","U","",""
"2428","40","","740877000052","MONITOR A COLOR","O/C N° 9-00001-2010","26/02/2010","872.8","","","1503.020301","EQUIPOS COMPUTACIONALES Y PERIFERICOS","M","SAMSUNG","SYNCMASTER","S/T","CAQUI","S/S","S/D","","","","","","","","","","U","",""
"2429","40","","740881870005","MONITOR PLANO","SANEAR","31/12/2021","1.0","","","1503.020301","EQUIPOS COMPUTACIONALES Y PERIFERICOS","R","","","","","","","","","","","","","","","","U","",""
"2430","40","","740881870007","MONITOR PLANO","SANEAR","31/12/2021","1.0","","","1503.020301","EQUIPOS COMPUTACIONALES Y PERIFERICOS","M","","","","","","","","","","","","","","","","U","",""
"2431","40","","672275420005","MOTOBOMBA","O/C N° 028-1997","13/08/1997","28312.09","","","1503.020906","EQUIPOS PARA VEHICULOS","M","LISTER","DC3","","","","","","","","","","","","","","U","",""
"2432","40","","672275420007","MOTOBOMBA","O/C N° 030-1997","13/08/1997","24696.78","","","1503.020906","EQUIPOS PARA VEHICULOS","M","","","","ROJO","","","","","","","","","","","","U","",""
"2433","40","","672275420010","MOTOBOMBA","SANEAR","31/12/2021","1.0","","","1503.020906","EQUIPOS PARA VEHICULOS","M","","","","","","","","","","","","","","","","U","",""
"2434","40","","672275420011","MOTOBOMBA","SANEAR","31/12/2021","1.0","","","1503.020906","EQUIPOS PARA VEHICULOS","M","","","","","","","","","","","","","","","","U","",""
"2435","40","","672275420012","MOTOBOMBA","SANEAR","31/12/2021","1.0","","","1503.020906","EQUIPOS PARA VEHICULOS","M","","","","","","","","","","","","","","","","U","",""
"2436","40","","672275420013","MOTOBOMBA","SANEAR","31/12/2021","1.0","","","1503.020906","EQUIPOS PARA VEHICULOS","M","","","","","","","","","","","","","","","","U","",""
"2437","40","","672275420016","MOTOBOMBA","SANEAR","31/12/2021","1.0","","","1503.020906","EQUIPOS PARA VEHICULOS","M","","","","","","","","","","","","","","","","U","",""
"2438","40","","672275420018","MOTOBOMBA","SANEAR","31/12/2021","1.0","","","1503.020906","EQUIPOS PARA VEHICULOS","M","","","","","","","","","","","","","","","","U","",""
"2439","40","","672275420028","MOTOBOMBA","SANEAR","31/12/2021","1.0","","","1503.020906","EQUIPOS PARA VEHICULOS","M","","","","","","","","","","","","","","","","U","",""
"2440","40","","672275420034","MOTOBOMBA","SANEAR","31/12/2021","1.0","","","1503.020906","EQUIPOS PARA VEHICULOS","R","","","","","","","","","","","","","","","","U","",""
"2441","40","","672275420035","MOTOBOMBA","O/C N° 165-2022","16/03/2022","7200.0","","","1503.020906","EQUIPOS PARA VEHICULOS","R","KOHLEMAN","","","","T2410020090190378","","","","","","","","","","","U","",""
"2442","40","","672275420036","MOTOBOMBA","SANEAR","31/12/2021","1.0","","","1503.020906","EQUIPOS PARA VEHICULOS","R","","","","","","","","","","","","","","","","U","",""
"2443","40","","672275420037","MOTOBOMBA","SANEAR","31/12/2021","1.0","","","1503.020906","EQUIPOS PARA VEHICULOS","R","","","","","","","","","","","","","","","","U","",""
"2444","40","","678268000001","MOTOCICLETA","O/C N° 112-2011","09/06/2011","12316.5","","","1503.0101","VEHICULOS PARA TRANSPORTE TERRESTRE","M","HONDA","XL-200","S/T","ROJO","MD2893BR20087","S/D","","MD28E93200867","9C2MD2893BR20087","","","","","","","D","",""
"2445","40","","678268000004","MOTOCICLETA","O/C N° 3-00118-2009","19/10/2009","5300.0","","","1503.0101","VEHICULOS PARA TRANSPORTE TERRESTRE","M","HONDA","CGL125","S/T","ROJO","LWBPCJ1F891005944","","","WH156FMI-2*08K71439","","","0","","","","","U","",""
"2446","40","","678268000005","MOTOCICLETA","O/C N° 76-2012","31/12/2021","10868.21","","","1503.0101","VEHICULOS PARA TRANSPORTE TERRESTRE","M","HONDA","XL-200","S/T","BLANCO","1041015533","","","","","","2012","","","","","U","",""
"2447","40","","678268000008","MOTOCICLETA","O/C N° 0624-1996","29/10/1996","9518.25","","","1503.0101","VEHICULOS PARA TRANSPORTE TERRESTRE","M","HONDA","XL-125","MU-4751; XL125S","S-C","","","","","","","0","","","","","U","",""
"2448","40","","678268000014","MOTOCICLETA","O/C N° 506-2011","21/12/2011","2600.0","","","1503.0101","VEHICULOS PARA TRANSPORTE TERRESTRE","M","WANXIN","WX 150-G","","AZUL","","","","WX162FMJB9051607","LBRSPK109B9051607","","0","","","","","U","",""
"2449","40","","678268000015","MOTOCICLETA","SANEAR","31/12/2021","1.0","","","1503.0101","VEHICULOS PARA TRANSPORTE TERRESTRE","M","S/M","","","","","","","","","","0","","","","","U","",""
"2450","40","","678268000017","MOTOCICLETA","SANEAR","31/12/2021","1.0","","","1503.0101","VEHICULOS PARA TRANSPORTE TERRESTRE","M","","","","","","","","","","","0","","","","","U","",""
"2451","40","","678268000020","MOTOCICLETA","SANEAR","31/12/2021","1.0","","","1503.0101","VEHICULOS PARA TRANSPORTE TERRESTRE","R","RONCO","XL-200","S/T","ROJO","9C2MD2893GR200227","S/D","","","","","0","","","","","U","",""
"2452","40","","672276900002","MOTOR COLGANTE","SANEAR","31/12/2021","1.0","","","1503.020906","EQUIPOS PARA VEHICULOS","M","","","","","","","","","","","","","","","","U","",""
"2453","40","","672276900004","MOTOR COLGANTE","SANEAR","31/12/2021","1.0","","","1503.020906","EQUIPOS PARA VEHICULOS","M","","","","","","","","","","","","","","","","U","",""
"2454","40","","672276900006","MOTOR COLGANTE","SANEAR","31/12/2021","1.0","","","1503.020906","EQUIPOS PARA VEHICULOS","M","","","","","","","","","","","","","","","","U","",""
"2455","40","","672276900007","MOTOR COLGANTE","SANEAR","31/12/2021","1.0","","","1503.020906","EQUIPOS PARA VEHICULOS","M","","","","","","","","","","","","","","","","U","",""
"2456","40","","672276900008","MOTOR COLGANTE","SANEAR","31/12/2021","1.0","","","1503.020906","EQUIPOS PARA VEHICULOS","M","","","","","","","","","","","","","","","","U","",""
"2457","40","","672276900009","MOTOR COLGANTE","SANEAR","31/12/2021","1.0","","","1503.020906","EQUIPOS PARA VEHICULOS","M","","","","","","","","","","","","","","","","U","",""
"2458","40","","672276900010","MOTOR COLGANTE","SANEAR","31/12/2021","1.0","","","1503.020906","EQUIPOS PARA VEHICULOS","M","","","","","","","","","","","","","","","","U","",""
"2459","40","","672276900011","MOTOR COLGANTE","SANEAR","31/12/2021","1.0","","","1503.020906","EQUIPOS PARA VEHICULOS","M","","","","","","","","","","","","","","","","U","",""
"2460","40","","672276900012","MOTOR COLGANTE","SANEAR","31/12/2021","1.0","","","1503.020906","EQUIPOS PARA VEHICULOS","M","","","","","","","","","","","","","","","","U","",""
"2461","40","","672276900013","MOTOR COLGANTE","SANEAR","31/12/2021","1.0","","","1503.020906","EQUIPOS PARA VEHICULOS","M","","","","","","","","","","","","","","","","U","",""
"2462","40","","672276900014","MOTOR COLGANTE","SANEAR","31/12/2021","1.0","","","1503.020906","EQUIPOS PARA VEHICULOS","M","","","","","","","","","","","","","","","","U","",""
"2463","40","","672276900015","MOTOR COLGANTE","SANEAR","31/12/2021","1.0","","","1503.020906","EQUIPOS PARA VEHICULOS","M","","","","","","","","","","","","","","","","U","",""
"2464","40","","672276900016","MOTOR COLGANTE","SANEAR","31/12/2021","1.0","","","1503.020906","EQUIPOS PARA VEHICULOS","M","","","","","","","","","","","","","","","","U","",""
"2465","40","","672276900017","MOTOR COLGANTE","SANEAR","31/12/2021","1.0","","","1503.020906","EQUIPOS PARA VEHICULOS","M","","","","","","","","","","","","","","","","U","",""
"2466","40","","672276900018","MOTOR COLGANTE","SANEAR","31/12/2021","1.0","","","1503.020906","EQUIPOS PARA VEHICULOS","M","","","","","","","","","","","","","","","","U","",""
"2467","40","","672276900019","MOTOR COLGANTE","SANEAR","31/12/2021","1.0","","","1503.020906","EQUIPOS PARA VEHICULOS","M","","","","","","","","","","","","","","","","U","",""
"2468","40","","672276900020","MOTOR COLGANTE","SANEAR","31/12/2021","1.0","","","1503.020906","EQUIPOS PARA VEHICULOS","M","","","","","","","","","","","","","","","","U","",""
"2469","40","","672276900021","MOTOR COLGANTE","SANEAR","31/12/2021","1.0","","","1503.020906","EQUIPOS PARA VEHICULOS","M","","","","","","","","","","","","","","","","U","",""
"2470","40","","672276900022","MOTOR COLGANTE","SANEAR","31/12/2021","1.0","","","1503.020906","EQUIPOS PARA VEHICULOS","M","","","","","","","","","","","","","","","","U","",""
"2471","40","","672276900023","MOTOR COLGANTE","SANEAR","31/12/2021","1.0","","","1503.020906","EQUIPOS PARA VEHICULOS","M","","","","","","","","","","","","","","","","U","",""
"2472","40","","672276900025","MOTOR COLGANTE","SANEAR","31/12/2021","1.0","","","1503.020906","EQUIPOS PARA VEHICULOS","M","","","","","","","","","","","","","","","","U","",""
"2473","40","","672276900027","MOTOR COLGANTE","SANEAR","31/12/2021","1.0","","","1503.020906","EQUIPOS PARA VEHICULOS","M","","","","","","","","","","","","","","","","U","",""
"2474","40","","672276900028","MOTOR COLGANTE","SANEAR","31/12/2021","1.0","","","1503.020906","EQUIPOS PARA VEHICULOS","M","","","","","","","","","","","","","","","","U","",""
"2475","40","","672276900029","MOTOR COLGANTE","SANEAR","31/12/2021","1.0","","","1503.020906","EQUIPOS PARA VEHICULOS","M","","","","","","","","","","","","","","","","U","",""
"2476","40","","672276900030","MOTOR COLGANTE","SANEAR","31/12/2021","1.0","","","1503.020906","EQUIPOS PARA VEHICULOS","M","","","","","","","","","","","","","","","","U","",""
"2477","40","","672276900031","MOTOR COLGANTE","SANEAR","31/12/2021","1.0","","","1503.020906","EQUIPOS PARA VEHICULOS","M","","","","","","","","","","","","","","","","U","",""
"2478","40","","672276900032","MOTOR COLGANTE","SANEAR","31/12/2021","1.0","","","1503.020906","EQUIPOS PARA VEHICULOS","M","ONDA","6X390","","","1025073","","","","","","","","","","","U","",""
"2479","40","","672279880002","MOTORES ESTACIONARIOS Y MARINOS","SANEAR","31/12/2021","1.0","","","1503.020906","EQUIPOS PARA VEHICULOS","M","","","","","","","","","","","","","","","","U","",""
"2480","40","","672279880003","MOTORES ESTACIONARIOS Y MARINOS","SANEAR","31/12/2021","1.0","","","1503.020906","EQUIPOS PARA VEHICULOS","M","","","","","","","","","","","","","","","","U","",""
"2481","40","","672279880004","MOTORES ESTACIONARIOS Y MARINOS","SANEAR","31/12/2021","1.0","","","1503.020906","EQUIPOS PARA VEHICULOS","M","","","","","","","","","","","","","","","","U","",""
"2482","40","","672279880006","MOTORES ESTACIONARIOS Y MARINOS","SANEAR","31/12/2021","1.0","","","1503.020906","EQUIPOS PARA VEHICULOS","M","","","","","","","","","","","","","","","","U","",""
"2483","40","","672279880007","MOTORES ESTACIONARIOS Y MARINOS","SANEAR","31/12/2021","1.0","","","1503.020906","EQUIPOS PARA VEHICULOS","M","","","","","","","","","","","","","","","","U","",""
"2484","40","","672279880008","MOTORES ESTACIONARIOS Y MARINOS","SANEAR","31/12/2021","1.0","","","1503.020906","EQUIPOS PARA VEHICULOS","M","","","","","","","","","","","","","","","","U","",""
"2485","40","","672279880011","MOTORES ESTACIONARIOS Y MARINOS","SANEAR","31/12/2021","1.0","","","1503.020906","EQUIPOS PARA VEHICULOS","M","","","","","","","","","","","","","","","","U","",""
"2486","40","","672279880012","MOTORES ESTACIONARIOS Y MARINOS","SANEAR","31/12/2021","1.0","","","1503.020906","EQUIPOS PARA VEHICULOS","M","","","","","","","","","","","","","","","","U","",""
"2487","40","","672279880013","MOTORES ESTACIONARIOS Y MARINOS","SANEAR","31/12/2021","1.0","","","1503.020906","EQUIPOS PARA VEHICULOS","M","","","","","","","","","","","","","","","","U","",""
"2488","40","","672279880014","MOTORES ESTACIONARIOS Y MARINOS","SANEAR","31/12/2021","1.0","","","1503.020906","EQUIPOS PARA VEHICULOS","M","","","","","","","","","","","","","","","","U","",""
"2489","40","","672279880015","MOTORES ESTACIONARIOS Y MARINOS","SANEAR","31/12/2021","1.0","","","1503.020906","EQUIPOS PARA VEHICULOS","M","","","","","","","","","","","","","","","","U","",""
"2490","40","","672279880016","MOTORES ESTACIONARIOS Y MARINOS","SANEAR","31/12/2021","1.0","","","1503.020906","EQUIPOS PARA VEHICULOS","M","","","","","","","","","","","","","","","","U","",""
"2491","40","","672279880017","MOTORES ESTACIONARIOS Y MARINOS","SANEAR","31/12/2021","1.0","","","1503.020906","EQUIPOS PARA VEHICULOS","M","","","","","","","","","","","","","","","","U","",""
"2492","40","","672279880018","MOTORES ESTACIONARIOS Y MARINOS","SANEAR","31/12/2021","1.0","","","1503.020906","EQUIPOS PARA VEHICULOS","M","","","","","","","","","","","","","","","","U","",""
"2493","40","","672279880019","MOTORES ESTACIONARIOS Y MARINOS","SANEAR","31/12/2021","1.0","","","1503.020906","EQUIPOS PARA VEHICULOS","M","","","","","","","","","","","","","","","","U","",""
"2494","40","","672279880020","MOTORES ESTACIONARIOS Y MARINOS","SANEAR","31/12/2021","1.0","","","1503.020906","EQUIPOS PARA VEHICULOS","M","","","","","","","","","","","","","","","","U","",""
"2495","40","","672279880021","MOTORES ESTACIONARIOS Y MARINOS","SANEAR","31/12/2021","1.0","","","1503.020906","EQUIPOS PARA VEHICULOS","M","","","","","","","","","","","","","","","","U","",""
"2496","40","","672279880022","MOTORES ESTACIONARIOS Y MARINOS","SANEAR","31/12/2021","1.0","","","1503.020906","EQUIPOS PARA VEHICULOS","M","","","","","","","","","","","","","","","","U","",""
"2497","40","","672279880023","MOTORES ESTACIONARIOS Y MARINOS","SANEAR","31/12/2021","1.0","","","1503.020906","EQUIPOS PARA VEHICULOS","M","","","","","","","","","","","","","","","","U","",""
"2498","40","","740882240001","MOUSE INALAMBRICO","O/C N° 297-2015","30/09/2015","6.25","","","1503.020301","EQUIPOS COMPUTACIONALES Y PERIFERICOS","M","LOGITECH","MK 120","","","","","","","","","","","","","","U","",""
"2499","40","","740882240002","MOUSE INALAMBRICO","O/C N° 314-2015","26/10/2015","34.0","","","1503.020301","EQUIPOS COMPUTACIONALES Y PERIFERICOS","M","MICROSOFT","","","","","","","","","","","","","","","U","",""
"2500","40","","740882240003","MOUSE INALAMBRICO","O/C N° 314-2015","26/10/2015","34.0","","","1503.020301","EQUIPOS COMPUTACIONALES Y PERIFERICOS","M","MICROSOFT","","","","","","","","","","","","","","","U","",""
"2501","40","","740882240004","MOUSE INALAMBRICO","O/C N° 314-2015","26/10/2015","34.0","","","1503.020301","EQUIPOS COMPUTACIONALES Y PERIFERICOS","M","MICROSOFT","","","","","","","","","","","","","","","U","",""
"2502","40","","740882240005","MOUSE INALAMBRICO","O/C N° 314-2015","26/10/2015","34.0","","","1503.020301","EQUIPOS COMPUTACIONALES Y PERIFERICOS","M","MICROSOFT","","","","","","","","","","","","","","","U","",""
"2503","40","","740882240006","MOUSE INALAMBRICO","O/C N° 314-2015","26/10/2015","34.0","","","1503.020301","EQUIPOS COMPUTACIONALES Y PERIFERICOS","M","MICROSOFT","","","","","","","","","","","","","","","U","",""
"2504","40","","740882240007","MOUSE INALAMBRICO","O/C N° 275-2016","13/10/2016","48.0","","","1503.020301","EQUIPOS COMPUTACIONALES Y PERIFERICOS","M","MICRONICS","M669","","","","","","","","","","","","","","U","",""
"2505","40","","740882240008","MOUSE INALAMBRICO","O/C N° 166-2015","10/07/2015","25.0","","","1503.020301","EQUIPOS COMPUTACIONALES Y PERIFERICOS","M","NOVOS","OPTICO","CON CABLE","NEGRO","-","-","","","","","","","","","","U","",""
"2506","40","","740882240009","MOUSE INALAMBRICO","O/C N° 0101-2008","24/09/2008","22.5","","","1503.020301","EQUIPOS COMPUTACIONALES Y PERIFERICOS","M","GENIUS","","","NEGRO","","","","","","","","","","","","U","",""
"2507","40","","740882240010","MOUSE INALAMBRICO","O/C N° 0175-2008","17/12/2008","17.51","","","1503.020301","EQUIPOS COMPUTACIONALES Y PERIFERICOS","M","","","","","","","","","","","","","","","","U","",""
"2508","40","","740882240012","MOUSE INALAMBRICO","O/C N° 383-2016","28/11/2016","25.0","","","1503.020301","EQUIPOS COMPUTACIONALES Y PERIFERICOS","M","GENIUS","KM110X","S/T","NEGRO","S/S","S/D","","","","","","","","","","D","",""
"2509","40","","740882240013","MOUSE INALAMBRICO","O/C N° 0252-2007","11/12/2007","36.0","","","1503.020301","EQUIPOS COMPUTACIONALES Y PERIFERICOS","M","BENQ","","","","","","","","","","","","","","","U","",""
"2510","40","","740882240015","MOUSE INALAMBRICO","O/C N° 175-2016","17/06/2016","14.34","","","1503.020301","EQUIPOS COMPUTACIONALES Y PERIFERICOS","M","MICROSOFT","LANDBYTE","S/T","NEGRO","90064000 26 75","S/D","","","","","","","","","","D","",""
"2511","40","","740882240018","MOUSE INALAMBRICO","O/C N° 9-00084-2010","14/07/2010","20.0","","","1503.020301","EQUIPOS COMPUTACIONALES Y PERIFERICOS","M","GENIUS","S/M","S/T","NEGRO","S/S","S/D","","","","","","","","","","U","",""
"2512","40","","740882240019","MOUSE INALAMBRICO","O/C N° 175-2016","17/06/2016","14.34","","","1503.020301","EQUIPOS COMPUTACIONALES Y PERIFERICOS","M","MICROSOFT","LANDBYTE","","NEGRO","","","","","","","","","","","","U","",""
"2513","40","","740882240020","MOUSE INALAMBRICO","O/C N° 175-2016","17/06/2016","14.34","","","1503.020301","EQUIPOS COMPUTACIONALES Y PERIFERICOS","M","MICROSOFT","LANDBYTE","","NEGRO","","","","","","","","","","","","U","",""
"2514","40","","740882240021","MOUSE INALAMBRICO","O/C N° 6-00066-2010","16/07/2010","30.0","","","1503.020301","EQUIPOS COMPUTACIONALES Y PERIFERICOS","M","SCROLL","","","","","","","","","","","","","","","U","",""
"2515","40","","740882240022","MOUSE INALAMBRICO","O/C N° 219-2012","27/08/2012","16.0","","","1503.020301","EQUIPOS COMPUTACIONALES Y PERIFERICOS","M","GENIUS","CROLL","CON CABLE","NEGRO","1.56032E+11","S/D","","","","","","","","","","U","",""
"2516","40","","740882240023","MOUSE INALAMBRICO","O/C N° 175-2016","17/06/2016","14.34","","","1503.020301","EQUIPOS COMPUTACIONALES Y PERIFERICOS","M","MICROSOFT","LANDBYTE","S/T","NEGRO","S/S","S/D","","","","","","","","","","D","",""
"2517","40","","740882240024","MOUSE INALAMBRICO","O/C N° 3-00060-2009","10/08/2009","20.0","","","1503.020301","EQUIPOS COMPUTACIONALES Y PERIFERICOS","M","GENIUS","S/M","S/T","NEGRO","S/S","S/D","","","","","","","","","","U","",""
"2518","40","","740882240025","MOUSE INALAMBRICO","O/C N° 3-00060-2009","10/08/2009","20.0","","","1503.020301","EQUIPOS COMPUTACIONALES Y PERIFERICOS","M","GENIUS","","","","","","","","","","","","","","","U","",""
"2519","40","","740882240026","MOUSE INALAMBRICO","O/C N° 3-00060-2009","10/08/2009","20.0","","","1503.020301","EQUIPOS COMPUTACIONALES Y PERIFERICOS","M","GENIUS","","","","","","","","","","","","","","","U","",""
"2520","40","","740882240027","MOUSE INALAMBRICO","O/C N° 3-00060-2009","10/08/2009","20.0","","","1503.020301","EQUIPOS COMPUTACIONALES Y PERIFERICOS","M","GENIUS","","","","","","","","","","","","","","","U","",""
"2521","40","","740882240028","MOUSE INALAMBRICO","O/C N° 0253-2007","11/12/2007","20.0","","","1503.020301","EQUIPOS COMPUTACIONALES Y PERIFERICOS","M","BENQ","S/M","S/T","NEGRO","S/S","S/D","","","","","","","","","","U","",""
"2522","40","","740882240029","MOUSE INALAMBRICO","O/C N° 0254-2007","11/12/2007","20.0","","","1503.020301","EQUIPOS COMPUTACIONALES Y PERIFERICOS","M","BENQ","","","","","","","","","","","","","","","U","",""
"2523","40","","740882240030","MOUSE INALAMBRICO","O/C N° 0071-2007","08/07/2007","20.0","","","1503.020301","EQUIPOS COMPUTACIONALES Y PERIFERICOS","M","GENIUS","","","","","","","","","","","","","","","U","",""
"2524","40","","740882240032","MOUSE INALAMBRICO","O/C N° 219-2012","27/08/2012","16.0","","","1503.020301","EQUIPOS COMPUTACIONALES Y PERIFERICOS","R","GENIUS","CROLL","CON CABLE","NEGRO","S/S","S/D","","","","","","","","","","U","",""
"2525","40","","740882240033","MOUSE INALAMBRICO","O/C N° 0506-2004","29/12/2004","52.0","","","1503.020301","EQUIPOS COMPUTACIONALES Y PERIFERICOS","R","PCTRONIX","","","","","","","","","","","","","","","U","",""
"2526","40","","740882240035","MOUSE INALAMBRICO","O/C N° 037E-2006","31/12/2004","29.0","","","1503.020301","EQUIPOS COMPUTACIONALES Y PERIFERICOS","M","GENIUS","","","","","","","","","","","","","","","U","",""
"2527","40","","740882240036","MOUSE INALAMBRICO","O/C N° 037E-2006","31/12/2004","29.0","","","1503.020301","EQUIPOS COMPUTACIONALES Y PERIFERICOS","M","GENIUS","","","","","","","","","","","","","","","U","",""
"2528","40","","740882240037","MOUSE INALAMBRICO","O/C N° 068-2005","05/05/2005","25.0","","","1503.020301","EQUIPOS COMPUTACIONALES Y PERIFERICOS","M","GENIUS","","","","","","","","","","","","","","","U","",""
"2529","40","","740882240038","MOUSE INALAMBRICO","O/C N° 132-1999","23/07/1999","54.8","","","1503.020301","EQUIPOS COMPUTACIONALES Y PERIFERICOS","M","GENIUS","POOL","CON CABLE","NEGRO","S/S","S/D","","","","","","","","","","U","",""
"2530","40","","740882240039","MOUSE INALAMBRICO","O/C N° 155-2012","04/07/2012","30.0","","","1503.020301","EQUIPOS COMPUTACIONALES Y PERIFERICOS","M","S/M","S/M","OPTICO","","","","","","","","","","","","","U","",""
"2531","40","","740882240040","MOUSE INALAMBRICO","O/C N° 155-2012","04/07/2012","30.0","","","1503.020301","EQUIPOS COMPUTACIONALES Y PERIFERICOS","M","S/M","S/M","OPTICO","","","","","","","","","","","","","U","",""
"2532","40","","740882240041","MOUSE INALAMBRICO","O/C N° 154-2001","24/04/2001","24.7","","","1503.020301","EQUIPOS COMPUTACIONALES Y PERIFERICOS","M","MICRONICS","","","","","","","","","","","","","","","U","",""
"2533","40","","740882240042","MOUSE INALAMBRICO","O/C N° 335-2003 ","24/04/2001","24.7","","","1503.020301","EQUIPOS COMPUTACIONALES Y PERIFERICOS","M","MICRONICS","","","","","","","","","","","","","","","U","",""
"2534","40","","740882240043","MOUSE INALAMBRICO","O/C N° 335-2003 ","24/04/2001","24.7","","","1503.020301","EQUIPOS COMPUTACIONALES Y PERIFERICOS","M","MICRONICS","","","","","","","","","","","","","","","U","",""
"2535","40","","740882240045","MOUSE INALAMBRICO","O/C N° 159-2003","04/08/2003","17.5","","","1503.020301","EQUIPOS COMPUTACIONALES Y PERIFERICOS","R","","","","","","","","","","","","","","","","U","",""
"2536","40","","740882240046","MOUSE INALAMBRICO","O/C N° 630-1996","29/10/1996","26.0","","","1503.020301","EQUIPOS COMPUTACIONALES Y PERIFERICOS","R","GENIUS","S/M","S/T","NEGRO","S/S","S/D","","","","","","","","","","U","",""
"2537","40","","740882240047","MOUSE INALAMBRICO","O/C N° 049-1997","15/09/1997","35.0","","","1503.020301","EQUIPOS COMPUTACIONALES Y PERIFERICOS","R","CYBERTEL","S/M","PS/2","NEGRO","S/S","S/D","","","","","","","","","","U","",""
"2538","40","","740882240049","MOUSE INALAMBRICO","O/C N°  298-2003 ","18/12/2000","24.5","","","1503.020301","EQUIPOS COMPUTACIONALES Y PERIFERICOS","M","MICRONICS","","","","","","","","","","","","","","","U","",""
"2539","40","","740882240050","MOUSE INALAMBRICO","SANEAR","31/12/2021","1.0","","","1503.020301","EQUIPOS COMPUTACIONALES Y PERIFERICOS","R","HP","MSU1053","S/T","NEGRO","S/S","S/D","","","","","","","","","","U","",""
"2540","40","","740882240051","MOUSE INALAMBRICO","O/C N° 67-2013","15/02/2013","1.0","","","1503.020301","EQUIPOS COMPUTACIONALES Y PERIFERICOS","M","","","","","","","","","","","","","","","","U","",""
"2541","40","","740882240052","MOUSE INALAMBRICO","O/C N° 67-2013","15/02/2013","1.0","","","1503.020301","EQUIPOS COMPUTACIONALES Y PERIFERICOS","M","","","","","","","","","","","","","","","","U","",""
"2542","40","","740882240053","MOUSE INALAMBRICO","O/C N° 67-2013","15/02/2013","1.0","","","1503.020301","EQUIPOS COMPUTACIONALES Y PERIFERICOS","M","","","","","","","","","","","","","","","","U","",""
"2543","40","","740882240054","MOUSE INALAMBRICO","O/C N° 312-2001","07/08/2001","36.0","","","1503.020301","EQUIPOS COMPUTACIONALES Y PERIFERICOS","M","LOGITECH","","","","","","","","","","","","","","","U","",""
"2544","40","","740882240055","MOUSE INALAMBRICO","O/C N° 312-2001","07/08/2001","36.0","","","1503.020301","EQUIPOS COMPUTACIONALES Y PERIFERICOS","M","LOGITECH","","","","","","","","","","","","","","","U","",""
"2545","40","","740882240056","MOUSE INALAMBRICO","O/C N° 157-1996","29/02/1996","23.6","","","1503.020301","EQUIPOS COMPUTACIONALES Y PERIFERICOS","M","IGE","A-3","S/T","BLANCO","S/S","S/D","","","","","","","","","","U","",""
"2546","40","","602264990007","NIVEL TOPOGRAFICO","O/C N°430-2012","18/12/2012","4170.0","","","1503.020905","EQUIPOS E INSTRUMENTOS DE MEDICION","M","LEICA ","NA730","S/T","ROJO/MANTECA","S/S","S/D","","","","","","","","","","U","",""
"2547","40","","602264990045","NIVEL TOPOGRAFICO","O/C N° 391-2011","27/10/2012","1644.12","","","1503.020905","EQUIPOS E INSTRUMENTOS DE MEDICION","B","LEICA ","RUNNER 24","","","","","","","","","","","","","","U","",""
"2548","40","","952260390010","PARLANTE AMPLIFICADOR PORTATIL","O/C N° 0252-2007","11/12/2007","43.0","","","1503.020303","EQUIPOS DE TELECOMUNICACIONES","R","OMEGA","","","","","","","","","","","","","","","U","",""
"2549","40","","952260390011","PARLANTE AMPLIFICADOR PORTATIL","O/C N° 3-00057-2009","08/10/2009","38.31","","","1503.020303","EQUIPOS DE TELECOMUNICACIONES","R","","","","","","","","","","","","","","","","U","",""
"2550","40","","952260390012","PARLANTE AMPLIFICADOR PORTATIL","O/C N° 3-00057-2009","08/10/2009","38.31","","","1503.020303","EQUIPOS DE TELECOMUNICACIONES","M","","","","","","","","","","","","","","","","U","",""
"2551","40","","952260390013","PARLANTE AMPLIFICADOR PORTATIL","O/C N° 3-00057-2009","08/10/2009","38.31","","","1503.020303","EQUIPOS DE TELECOMUNICACIONES","M","OMEGA","683252ABK","S/T","NEGRO","'101160030063","S/D","","","","","","","","","","D","",""
"2552","40","","952260580011","PARLANTES EN GENERAL (MAYOR A 1/8 UIT)","SANEAR","31/12/2021","1.0","","","1503.020303","EQUIPOS DE TELECOMUNICACIONES","M","QC-PASS","S/M","S/T","NEGRO","S/S","S/D","","","","","","","","","","D","",""
"2553","40","","952260580012","PARLANTES EN GENERAL (MAYOR A 1/8 UIT)","O/C N° 375 -2003","30/12/2003","31.42","","","1503.020303","EQUIPOS DE TELECOMUNICACIONES","M","","","","","","","","","","","","","","","","U","",""
"2554","40","","952260580013","PARLANTES EN GENERAL (MAYOR A 1/8 UIT)","SANEAR","31/12/2021","1.0","","","1503.020303","EQUIPOS DE TELECOMUNICACIONES","M","GENIUS","S/M","S/T","NEGRO","","","","","","","","","","","","U","",""
"2555","40","","952260580017","PARLANTES EN GENERAL (MAYOR A 1/8 UIT)","SANEAR","31/12/2021","1.0","","","1503.020303","EQUIPOS DE TELECOMUNICACIONES","M","","","","","","","","","","","","","","","","U","",""
"2556","40","","952260580018","PARLANTES EN GENERAL (MAYOR A 1/8 UIT)","SANEAR","31/12/2021","1.0","","","1503.020303","EQUIPOS DE TELECOMUNICACIONES","M","","","","","","","","","","","","","","","","U","",""
"2557","40","","952260580023","PARLANTES EN GENERAL (MAYOR A 1/8 UIT)","O/C N° 132-1999","23/07/1999","68.89","","","1503.020303","EQUIPOS DE TELECOMUNICACIONES","R","STEREO","CD-RDM48X","S/T","NEGRO","S/S","S/D","","","","","","","","","","U","",""
"2558","40","","952260580027","PARLANTES EN GENERAL (MAYOR A 1/8 UIT)","SANEAR","31/12/2021","1.0","","","1503.020303","EQUIPOS DE TELECOMUNICACIONES","R","","","","","","","","","","","","","","","","U","",""
"2559","40","","952260580031","PARLANTES EN GENERAL (MAYOR A 1/8 UIT)","SANEAR","31/12/2021","1.0","","","1503.020303","EQUIPOS DE TELECOMUNICACIONES","M","CYBERTEL","NEWTON","S/T","NEGRO","S/S","S/D","","","","","","","","","","D","",""
"2560","40","","952260580038","PARLANTES EN GENERAL (MAYOR A 1/8 UIT)","O/C N° 283-1993","31/12/1993","120.0","","","1503.020303","EQUIPOS DE TELECOMUNICACIONES","M","RLI XTREM","PIONER","S/T","NEGRO","S/S","S/D","","","","","","","","","","D","",""
"2561","40","","952260580045","PARLANTES EN GENERAL (MAYOR A 1/8 UIT)","SANEAR","31/12/2021","1.0","","","1503.020303","EQUIPOS DE TELECOMUNICACIONES","R","","","","","","","","","","","","","","","","U","",""
"2562","40","","952260580048","PARLANTES EN GENERAL (MAYOR A 1/8 UIT)","SANEAR","31/12/2021","1.0","","","1503.020303","EQUIPOS DE TELECOMUNICACIONES","M","","","","","","","","","","","","","","","","U","",""
"2563","40","","952260580054","PARLANTES EN GENERAL (MAYOR A 1/8 UIT)","SANEAR","31/12/2021","1.0","","","1503.020303","EQUIPOS DE TELECOMUNICACIONES","M","GENIUS","S/M","S/T","NEGRO","S/S","S/D","","","","","","","","","","D","",""
"2564","40","","952260580055","PARLANTES EN GENERAL (MAYOR A 1/8 UIT)","SANEAR","31/12/2021","1.0","","","1503.020303","EQUIPOS DE TELECOMUNICACIONES","N","","","","","","","","","","","","","","","","U","",""
"2565","40","","952260580061","PARLANTES EN GENERAL (MAYOR A 1/8 UIT)","SANEAR","31/12/2021","1.0","","","1503.020303","EQUIPOS DE TELECOMUNICACIONES","R","","","","","","","","","","","","","","","","U","",""
"2566","40","","952260580078","PARLANTES EN GENERAL (MAYOR A 1/8 UIT)","SANEAR","31/12/2021","1.0","","","1503.020303","EQUIPOS DE TELECOMUNICACIONES","R","","","","","","","","","","","","","","","","U","",""
"2567","40","","952260580094","PARLANTES EN GENERAL (MAYOR A 1/8 UIT)","SANEAR","31/12/2021","1.0","","","1503.020303","EQUIPOS DE TELECOMUNICACIONES","R","CYBERLINK","S/M","S/T","NEGRO","9.081E+11","S/D","","","","","","","","","","D","",""
"2568","40","","532290990004","PERFORADOR MANUAL","O/C N° 064-1996","29/01/1996","45.0","","","1503.020402","EQUIPO MEDICO","M","LEITZ","S/M","S/T","NEGRO","S/S","S/D","","","","","","","","","","U","",""
"2569","40","","746473050002","PIZARRA ACRILICA","O/C N° 311-2013","06/07/2013","280.0","","","1503.020102","MOBILIARIO DE OFICINA","R","","","","","","1.20X2.40","","","","","","","","","","U","",""
"2570","40","","746473050004","PIZARRA ACRILICA","OC N° 425-2013","07/05/2013","135.0","","","1503.020102","MOBILIARIO DE OFICINA","R","S/M","S/M","S/T","BLANCO","S/S","1.50x1.00","","","","","","","","","","U","",""
"2571","40","","746473050006","PIZARRA ACRILICA","OC N° 425-2013","07/05/2013","135.0","","","1503.020102","MOBILIARIO DE OFICINA","R","S/M","S/M","S/T","BLANCO","S/S","1.50x1.00","","","","","","","","","","U","",""
"2572","40","","746473050007","PIZARRA ACRILICA","O/C N° 0108-2007","27/06/2007","110.0","","","1503.020102","MOBILIARIO DE OFICINA","R","","","","","","100X150","","","","","","","","","","U","",""
"2573","40","","746473050008","PIZARRA ACRILICA","O/C N° 47-2020","14/02/2020","225.0","","","1503.020102","MOBILIARIO DE OFICINA","R","","","","","","","","","","","","","","","","U","",""
"2574","40","","746473050009","PIZARRA ACRILICA","O/C Nº 145","09/03/2022","395.0","","","1503.020102","MOBILIARIO DE OFICINA","R","","","","","","","","","","","","","","","","U","",""
"2575","40","","746473050010","PIZARRA ACRILICA","O/C Nº 147","09/03/2022","395.0","","","1503.020102","MOBILIARIO DE OFICINA","R","","","","","","","","","","","","","","","","U","",""
"2576","40","","746475090001","PIZARRA MURAL - FRANELOGRAFO","SANEAR","31/12/2021","1.0","","","1503.020102","MOBILIARIO DE OFICINA","M","","","","","","","","","","","","","","","","U","",""
"2577","40","","602271210001","PLANIMETRO","SANEAR","31/12/2021","1.0","","","1503.020905","EQUIPOS E INSTRUMENTOS DE MEDICION","M","","","","","","","","","","","","","","","","U","",""
"2578","40","","602271210002","PLANIMETRO","SANEAR","31/12/2021","1.0","","","1503.020905","EQUIPOS E INSTRUMENTOS DE MEDICION","M","","","","","","","","","","","","","","","","U","",""
"2579","40","","746475770004","PLANOTECA DE MADERA","SANEAR","31/12/2021","1.0","","","1503.020102","MOBILIARIO DE OFICINA","M","","","","","","","","","","","","","","","","U","",""
"2580","40","","746475770006","PLANOTECA DE MADERA","SANEAR","31/12/2021","1.0","","","1503.020102","MOBILIARIO DE OFICINA","M","","","","","","","","","","","","","","","","U","",""
"2581","40","","746475770007","PLANOTECA DE MADERA","SANEAR","31/12/2021","1.0","","","1503.020102","MOBILIARIO DE OFICINA","M","","","","","","","","","","","","","","","","U","",""
"2582","40","","602273050002","PRISMA CIRCULAR","SANEAR","31/12/2021","1.0","","","1503.020905","EQUIPOS E INSTRUMENTOS DE MEDICION","M","","","","","","","","","","","","","","","","U","",""
"2583","40","","602273050004","PRISMA CIRCULAR","SANEAR","31/12/2021","1.0","","","1503.020905","EQUIPOS E INSTRUMENTOS DE MEDICION","M","","","","","","","","","","","","","","","","U","",""
"2584","40","","602273050005","PRISMA CIRCULAR","SANEAR","31/12/2021","1.0","","","1503.020905","EQUIPOS E INSTRUMENTOS DE MEDICION","M","","","","","","","","","","","","","","","","U","",""
"2585","40","","602273050013","PRISMA CIRCULAR","SANEAR","31/12/2021","1.0","","","1503.020905","EQUIPOS E INSTRUMENTOS DE MEDICION","R","LEICA","S/M","S/T","ROJO","S/S","S/D","","","","","","","","","","U","",""
"2586","40","","602273050023","PRISMA CIRCULAR","SANEAR","31/12/2021","1.0","","","1503.020905","EQUIPOS E INSTRUMENTOS DE MEDICION","R","","","","","","","","","","","","","","","","U","",""
"2587","40","","602273050032","PRISMA CIRCULAR","SANEAR","31/12/2021","1.0","","","1503.020905","EQUIPOS E INSTRUMENTOS DE MEDICION","R","","","","","","","","","","","","","","","","U","",""
"2588","40","","672286120001","PRISMA PENTAGONAL TOPOGRAFICO","O/C N°152-2012","12/07/2012","605.0","","","1503.020906","EQUIPOS PARA VEHICULOS","R","LEICA","GPH3","TRIPLE PRISMA","ROJO/BLANCO","4154001","2,60m","","","","","","","","","","U","",""
"2589","40","","672286120002","PRISMA PENTAGONAL TOPOGRAFICO","SANEAR","31/12/2021","1.0","","","1503.020906","EQUIPOS PARA VEHICULOS","R","","","","","","","","","","","","","","","","U","",""
"2590","40","","952267660005","RADIO FOTOCONTROL","SANEAR","31/12/2021","1.0","","","1503.020303","EQUIPOS DE TELECOMUNICACIONES","M","","","","","","","","","","","","","","","","U","",""
"2591","40","","952267660007","RADIO FOTOCONTROL","SANEAR","31/12/2021","1.0","","","1503.020303","EQUIPOS DE TELECOMUNICACIONES","M","","","","","","","","","","","","","","","","U","",""
"2592","40","","952268140003","RADIO RECEPTOR","SANEAR","31/12/2021","1.0","","","1503.020303","EQUIPOS DE TELECOMUNICACIONES","M","","","","","","","","","","","","","","","","U","",""
"2593","40","","952268140004","RADIO RECEPTOR","SANEAR","31/12/2021","1.0","","","1503.020303","EQUIPOS DE TELECOMUNICACIONES","M","","","","","","","","","","","","","","","","U","",""
"2594","40","","952268890005","RADIO TELEFONO","O/C N° 223-2016","17/08/2016","458.0","","","1503.020303","EQUIPOS DE TELECOMUNICACIONES","M","MOTOROLA   ","","RADIO TELEFONO","","","","","","","","","","","","","U","",""
"2595","40","","952268890006","RADIO TELEFONO","O/C N° 223-2016","17/08/2016","458.0","","","1503.020303","EQUIPOS DE TELECOMUNICACIONES","M","MOTOROLA   ","","","","","","","","","","","","","","","U","",""
"2596","40","","952268890007","RADIO TELEFONO","SANEAR","31/12/2021","1.0","","","1503.020303","EQUIPOS DE TELECOMUNICACIONES","M","","","","","","","","","","","","","","","","U","",""
"2597","40","","952268890009","RADIO TELEFONO","SANEAR","31/12/2021","1.0","","","1503.020303","EQUIPOS DE TELECOMUNICACIONES","M","","","","","","","","","","","","","","","","U","",""
"2598","40","","952268890010","RADIO TELEFONO","SANEAR","31/12/2021","1.0","","","1503.020303","EQUIPOS DE TELECOMUNICACIONES","M","","","","","","","","","","","","","","","","U","",""
"2599","40","","952268890012","RADIO TELEFONO","SANEAR","31/12/2021","1.0","","","1503.020303","EQUIPOS DE TELECOMUNICACIONES","M","","","","","","","","","","","","","","","","U","",""
"2600","40","","952268890013","RADIO TELEFONO","SANEAR","31/12/2021","1.0","","","1503.020303","EQUIPOS DE TELECOMUNICACIONES","M","","","","","","","","","","","","","","","","U","",""
"2601","40","","952268890015","RADIO TELEFONO","SANEAR","31/12/2021","1.0","","","1503.020303","EQUIPOS DE TELECOMUNICACIONES","M","","","","","","","","","","","","","","","","U","",""
"2602","40","","952268890016","RADIO TELEFONO","SANEAR","31/12/2021","1.0","","","1503.020303","EQUIPOS DE TELECOMUNICACIONES","M","","","","","","","","","","","","","","","","U","",""
"2603","40","","952268890017","RADIO TELEFONO","SANEAR","31/12/2021","1.0","","","1503.020303","EQUIPOS DE TELECOMUNICACIONES","M","","","","","","","","","","","","","","","","U","",""
"2604","40","","952268890018","RADIO TELEFONO","SANEAR","31/12/2021","1.0","","","1503.020303","EQUIPOS DE TELECOMUNICACIONES","M","","","","","","","","","","","","","","","","U","",""
"2605","40","","952268890020","RADIO TELEFONO","SANEAR","31/12/2021","1.0","","","1503.020303","EQUIPOS DE TELECOMUNICACIONES","M","","","","","","","","","","","","","","","","U","",""
"2606","40","","952268890022","RADIO TELEFONO","SANEAR","31/12/2021","1.0","","","1503.020303","EQUIPOS DE TELECOMUNICACIONES","M","","","","","","","","","","","","","","","","U","",""
"2607","40","","952269650001","RADIO TRANSMISOR RECEPTOR","SANEAR","31/12/2021","1.0","","","1503.020303","EQUIPOS DE TELECOMUNICACIONES","M","","","","","","","","","","","","","","","","U","",""
"2608","40","","952269650004","RADIO TRANSMISOR RECEPTOR","SANEAR","31/12/2021","1.0","","","1503.020303","EQUIPOS DE TELECOMUNICACIONES","M","","","","","","","","","","","","","","","","U","",""
"2609","40","","952269650005","RADIO TRANSMISOR RECEPTOR","SANEAR","31/12/2021","1.0","","","1503.020303","EQUIPOS DE TELECOMUNICACIONES","M","","","","","","","","","","","","","","","","U","",""
"2610","40","","952269650006","RADIO TRANSMISOR RECEPTOR","SANEAR","31/12/2021","1.0","","","1503.020303","EQUIPOS DE TELECOMUNICACIONES","M","CUBIC","S/M","S/T","PLOMO","S/S","S/D","","","","","","","","","","D","",""
"2611","40","","952270030001","RADIOGRABADORA","SANEAR","31/12/2021","1.0","","","1503.020303","EQUIPOS DE TELECOMUNICACIONES","R","","","","","","","","","","","","","","","","U","",""
"2612","40","","462282280001","REFLECTOR","O/C N° 15-2021","22/01/2021","400.0","","","1503.020904","ELECTRICIDAD Y ELECTRONICA","B","S/M","S/M","S/T","","","","","","","","","","","","","U","",""
"2613","40","","742280770001","REFRENDADOR","SANEAR","31/12/2021","1.0","","","1503.020101","MAQUINAS Y EQUIPOS DE OFICINA","M","","","","","","","","","","","","","","","","U","",""
"2614","40","","742296820002","RELOJ MARCADOR FECHADOR MECANICO","O/C N° 0-00080-2010","26/03/2010","1500.0","","","1503.020101","MAQUINAS Y EQUIPOS DE OFICINA","M","X628 FINGER PRINT","X628","S/T","NEGRO","60919090016","S/D"," "," "," "," "," "," ","",""," ","D","",""
"2615","40","","952275360004","RUTEADOR DE RED - ROUTER","SANEAR","31/12/2021","1.0","","","1503.020303","EQUIPOS DE TELECOMUNICACIONES","R","","","","","","","","","","","","","","","","U","",""
"2616","40","","746481190015","SILLA FIJA DE MADERA","O/C N° 146-1984","30/10/1984","50000.0","","","1503.020102","MOBILIARIO DE OFICINA","R","S/M","AGUANO","","","","","","","","","","","","","","U","",""
"2617","40","","746481190016","SILLA FIJA DE MADERA","O/C N° 146-1984","30/10/1984","50000.0","","","1503.020102","MOBILIARIO DE OFICINA","R","S/M","AGUANO","","","","","","","","","","","","","","U","",""
"2618","40","","746481190049","SILLA FIJA DE MADERA","O/C N° 146-1984","30/10/1984","50000.0","","","1503.020102","MOBILIARIO DE OFICINA","R","S/M","AGUANO","","","","","","","","","","","","","","U","",""
"2619","40","","746481190050","SILLA FIJA DE MADERA","O/C N° 146-1984","30/10/1984","50000.0","","","1503.020102","MOBILIARIO DE OFICINA","R","S/M","AGUANO","","","","","","","","","","","","","","U","",""
"2620","40","","746481190051","SILLA FIJA DE MADERA","O/C N° 146-1984","30/10/1984","50000.0","","","1503.020102","MOBILIARIO DE OFICINA","R","S/M","AGUANO","","","","","","","","","","","","","","U","",""
"2621","40","","746481190052","SILLA FIJA DE MADERA","O/C N° 146-1984","30/10/1984","50000.0","","","1503.020102","MOBILIARIO DE OFICINA","R","S/M","AGUANO","S/T","CAFE","S/S","0.41X0.42X0.84","","","","","","","","","","U","",""
"2622","40","","746481190053","SILLA FIJA DE MADERA","O/C N° 146-1984","30/10/1984","50000.0","","","1503.020102","MOBILIARIO DE OFICINA","R","S/M","AGUANO","","","","","","","","","","","","","","U","",""
"2623","40","","746481190054","SILLA FIJA DE MADERA","O/C N° 146-1984","30/10/1984","50000.0","","","1503.020102","MOBILIARIO DE OFICINA","R","S/M","AGUANO","","","","","","","","","","","","","","U","",""
"2624","40","","746481190055","SILLA FIJA DE MADERA","O/C N° 187-1996","29/02/1996","65.0","","","1503.020102","MOBILIARIO DE OFICINA","R","S/M","TAPIZADO","S/T","CAFE","S/S","","","","","","","","","","","U","",""
"2625","40","","746481190056","SILLA FIJA DE MADERA","O/C N° 187-1996","29/02/1996","65.0","","","1503.020102","MOBILIARIO DE OFICINA","R","S/M","TAPIZADO","S/T","CAFE","S/S","","","","","","","","","","","U","",""
"2626","40","","746481190057","SILLA FIJA DE MADERA","O/C N° 187-1996","29/02/1996","65.0","","","1503.020102","MOBILIARIO DE OFICINA","R","S/M","TAPIZADO","S/T","CAFE","S/S","","","","","","","","","","","U","",""
"2627","40","","746481190058","SILLA FIJA DE MADERA","O/C N° 187-1996","29/02/1996","65.0","","","1503.020102","MOBILIARIO DE OFICINA","R","S/M","TAPIZADO","S/T","CAFE","S/S","","","","","","","","","","","U","",""
"2628","40","","746481190059","SILLA FIJA DE MADERA","O/C N° 54-A-1987","10/03/1987","350.0","","","1503.020102","MOBILIARIO DE OFICINA","R","","MADERA CORRIENTE","","","","","","","","","","","","","","U","",""
"2629","40","","746481190060","SILLA FIJA DE MADERA","O/C N° 54-A-1987","10/03/1987","350.0","","","1503.020102","MOBILIARIO DE OFICINA","R","","MADERA CORRIENTE","","","","","","","","","","","","","","U","",""
"2630","40","","746481190061","SILLA FIJA DE MADERA","O/C N° 54-A-1987","10/03/1987","350.0","","","1503.020102","MOBILIARIO DE OFICINA","R","","MADERA CORRIENTE","","","","","","","","","","","","","","U","",""
"2631","40","","746481190062","SILLA FIJA DE MADERA","O/C N° 54-A-1987","10/03/1987","350.0","","","1503.020102","MOBILIARIO DE OFICINA","R","","MADERA CORRIENTE","","","","","","","","","","","","","","U","",""
"2632","40","","746481190063","SILLA FIJA DE MADERA","O/C N° 54-A-1987","10/03/1987","350.0","","","1503.020102","MOBILIARIO DE OFICINA","R","","MADERA CORRIENTE","","","","","","","","","","","","","","U","",""
"2633","40","","746481190064","SILLA FIJA DE MADERA","O/C N° 54-A-1987","10/03/1987","350.0","","","1503.020102","MOBILIARIO DE OFICINA","R","","MADERA CORRIENTE","","","","","","","","","","","","","","U","",""
"2634","40","","746481190065","SILLA FIJA DE MADERA","O/C N° 361-1995","26/07/1995","50.0","","","1503.020102","MOBILIARIO DE OFICINA","R","","","","","","","","","","","","","","","","U","",""
"2635","40","","746481190066","SILLA FIJA DE MADERA","O/C N° 361-1995","26/07/1995","50.0","","","1503.020102","MOBILIARIO DE OFICINA","R","","","","","","","","","","","","","","","","U","",""
"2636","40","","746481190067","SILLA FIJA DE MADERA","SANEAR","31/12/2021","1.0","","","1503.020102","MOBILIARIO DE OFICINA","R","","","","","","","","","","","","","","","","U","",""
"2637","40","","746481190068","SILLA FIJA DE MADERA","SANEAR","31/12/2021","1.0","","","1503.020102","MOBILIARIO DE OFICINA","R","","","","","","","","","","","","","","","","U","",""
"2638","40","","746481190069","SILLA FIJA DE MADERA","SANEAR","31/12/2021","1.0","","","1503.020102","MOBILIARIO DE OFICINA","R","","","","","","","","","","","","","","","","U","",""
"2639","40","","746481190070","SILLA FIJA DE MADERA","SANEAR","31/12/2021","1.0","","","1503.020102","MOBILIARIO DE OFICINA","R","","","","","","","","","","","","","","","","U","",""
"2640","40","","746481190071","SILLA FIJA DE MADERA","SANEAR","31/12/2021","1.0","","","1503.020102","MOBILIARIO DE OFICINA","R","","","","","","","","","","","","","","","","U","",""
"2641","40","","746481190072","SILLA FIJA DE MADERA","SANEAR","31/12/2021","1.0","","","1503.020102","MOBILIARIO DE OFICINA","R","","","","","","","","","","","","","","","","U","",""
"2642","40","","746481190073","SILLA FIJA DE MADERA","SANEAR","31/12/2021","1.0","","","1503.020102","MOBILIARIO DE OFICINA","R","","","","","","","","","","","","","","","","U","",""
"2643","40","","746481190074","SILLA FIJA DE MADERA","SANEAR","31/12/2021","1.0","","","1503.020102","MOBILIARIO DE OFICINA","R","","","","","","","","","","","","","","","","U","",""
"2644","40","","746481190075","SILLA FIJA DE MADERA","SANEAR","31/12/2021","1.0","","","1503.020102","MOBILIARIO DE OFICINA","R","","","","","","","","","","","","","","","","U","",""
"2645","40","","746481190076","SILLA FIJA DE MADERA","SANEAR","31/12/2021","1.0","","","1503.020102","MOBILIARIO DE OFICINA","R","","","","","","","","","","","","","","","","U","",""
"2646","40","","746481190077","SILLA FIJA DE MADERA","SANEAR","31/12/2021","1.0","","","1503.020102","MOBILIARIO DE OFICINA","R","","","","","","","","","","","","","","","","U","",""
"2647","40","","746481190078","SILLA FIJA DE MADERA","SANEAR","31/12/2021","1.0","","","1503.020102","MOBILIARIO DE OFICINA","R","","","","","","","","","","","","","","","","U","",""
"2648","40","","746481190079","SILLA FIJA DE MADERA","SANEAR","31/12/2021","1.0","","","1503.020102","MOBILIARIO DE OFICINA","R","","","","","","","","","","","","","","","","U","",""
"2649","40","","746481190080","SILLA FIJA DE MADERA","SANEAR","31/12/2021","1.0","","","1503.020102","MOBILIARIO DE OFICINA","R","","","","","","","","","","","","","","","","U","",""
"2650","40","","746481190081","SILLA FIJA DE MADERA","SANEAR","31/12/2021","1.0","","","1503.020102","MOBILIARIO DE OFICINA","R","","","","","","","","","","","","","","","","U","",""
"2651","40","","746481190082","SILLA FIJA DE MADERA","SANEAR","31/12/2021","1.0","","","1503.020102","MOBILIARIO DE OFICINA","R","","","","","","","","","","","","","","","","U","",""
"2652","40","","746481190083","SILLA FIJA DE MADERA","SANEAR","31/12/2021","1.0","","","1503.020102","MOBILIARIO DE OFICINA","R","","","","","","","","","","","","","","","","U","",""
"2653","40","","746481190084","SILLA FIJA DE MADERA","SANEAR","31/12/2021","1.0","","","1503.020102","MOBILIARIO DE OFICINA","R","","","","","","","","","","","","","","","","U","",""
"2654","40","","746481190085","SILLA FIJA DE MADERA","SANEAR","31/12/2021","1.0","","","1503.020102","MOBILIARIO DE OFICINA","R","","","","","","","","","","","","","","","","U","",""
"2655","40","","746481190086","SILLA FIJA DE MADERA","SANEAR","31/12/2021","1.0","","","1503.020102","MOBILIARIO DE OFICINA","R","","","","","","","","","","","","","","","","U","",""
"2656","40","","746481190087","SILLA FIJA DE MADERA","SANEAR","31/12/2021","1.0","","","1503.020102","MOBILIARIO DE OFICINA","R","","","","","","","","","","","","","","","","U","",""
"2657","40","","746481190088","SILLA FIJA DE MADERA","SANEAR","31/12/2021","1.0","","","1503.020102","MOBILIARIO DE OFICINA","R","","","","","","","","","","","","","","","","U","",""
"2658","40","","746481190089","SILLA FIJA DE MADERA","SANEAR","31/12/2021","1.0","","","1503.020102","MOBILIARIO DE OFICINA","R","","","","","","","","","","","","","","","","U","",""
"2659","40","","746481190090","SILLA FIJA DE MADERA","SANEAR","31/12/2021","1.0","","","1503.020102","MOBILIARIO DE OFICINA","R","","","","","","","","","","","","","","","","U","",""
"2660","40","","746481190091","SILLA FIJA DE MADERA","SANEAR","31/12/2021","1.0","","","1503.020102","MOBILIARIO DE OFICINA","R","","","","","","","","","","","","","","","","U","",""
"2661","40","","746481190092","SILLA FIJA DE MADERA","SANEAR","31/12/2021","1.0","","","1503.020102","MOBILIARIO DE OFICINA","R","","","","","","","","","","","","","","","","U","",""
"2662","40","","746481190093","SILLA FIJA DE MADERA","SANEAR","31/12/2021","1.0","","","1503.020102","MOBILIARIO DE OFICINA","R","","","","","","","","","","","","","","","","U","",""
"2663","40","","746481190094","SILLA FIJA DE MADERA","SANEAR","31/12/2021","1.0","","","1503.020102","MOBILIARIO DE OFICINA","R","","","","","","","","","","","","","","","","U","",""
"2664","40","","746481190095","SILLA FIJA DE MADERA","SANEAR","31/12/2021","1.0","","","1503.020102","MOBILIARIO DE OFICINA","R","","","","","","","","","","","","","","","","U","",""
"2665","40","","746481190096","SILLA FIJA DE MADERA","SANEAR","31/12/2021","1.0","","","1503.020102","MOBILIARIO DE OFICINA","R","","","","","","","","","","","","","","","","U","",""
"2666","40","","746481190097","SILLA FIJA DE MADERA","SANEAR","31/12/2021","1.0","","","1503.020102","MOBILIARIO DE OFICINA","R","","","","","","","","","","","","","","","","U","",""
"2667","40","","746481190098","SILLA FIJA DE MADERA","SANEAR","31/12/2021","1.0","","","1503.020102","MOBILIARIO DE OFICINA","R","","","","","","","","","","","","","","","","U","",""
"2668","40","","746481190099","SILLA FIJA DE MADERA","SANEAR","31/12/2021","1.0","","","1503.020102","MOBILIARIO DE OFICINA","R","","","","","","","","","","","","","","","","U","",""
"2669","40","","746481190100","SILLA FIJA DE MADERA","SANEAR","31/12/2021","1.0","","","1503.020102","MOBILIARIO DE OFICINA","R","","","","","","","","","","","","","","","","U","",""
"2670","40","","746481190101","SILLA FIJA DE MADERA","SANEAR","31/12/2021","1.0","","","1503.020102","MOBILIARIO DE OFICINA","R","","","","","","","","","","","","","","","","U","",""
"2671","40","","746481190102","SILLA FIJA DE MADERA","SANEAR","31/12/2021","1.0","","","1503.020102","MOBILIARIO DE OFICINA","R","","","","","","","","","","","","","","","","U","",""
"2672","40","","746481190103","SILLA FIJA DE MADERA","SANEAR","31/12/2021","1.0","","","1503.020102","MOBILIARIO DE OFICINA","R","","","","","","","","","","","","","","","","U","",""
"2673","40","","746481190105","SILLA FIJA DE MADERA","SANEAR","31/12/2021","1.0","","","1503.020102","MOBILIARIO DE OFICINA","R","","","","","","","","","","","","","","","","U","",""
"2674","40","","746481190106","SILLA FIJA DE MADERA","O/C N° 301-1993","30/11/1993","24.15","","","1503.020102","MOBILIARIO DE OFICINA","M","S/M","S/M","S/T","CAFE","S/S","0.41X0.42X0.84","","","","","","","","","","D","",""
"2675","40","","746481190110","SILLA FIJA DE MADERA","SANEAR","31/12/2021","1.0","","","1503.020102","MOBILIARIO DE OFICINA","R","","","","","","","","","","","","","","","","U","",""
"2676","40","","746481190112","SILLA FIJA DE MADERA","SANEAR","31/12/2021","1.0","","","1503.020102","MOBILIARIO DE OFICINA","R","","","","","","","","","","","","","","","","U","",""
"2677","40","","746481190113","SILLA FIJA DE MADERA","SANEAR","31/12/2021","1.0","","","1503.020102","MOBILIARIO DE OFICINA","R","","","","","","","","","","","","","","","","U","",""
"2678","40","","746481190115","SILLA FIJA DE MADERA","SANEAR","31/12/2021","1.0","","","1503.020102","MOBILIARIO DE OFICINA","R","","","","","","","","","","","","","","","","U","",""
"2679","40","","746481190116","SILLA FIJA DE MADERA","SANEAR","31/12/2021","1.0","","","1503.020102","MOBILIARIO DE OFICINA","R","","","","","","","","","","","","","","","","U","",""
"2680","40","","746481190117","SILLA FIJA DE MADERA","SANEAR","31/12/2021","1.0","","","1503.020102","MOBILIARIO DE OFICINA","R","","","","","","","","","","","","","","","","U","",""
"2681","40","","746481190118","SILLA FIJA DE MADERA","SANEAR","31/12/2021","1.0","","","1503.020102","MOBILIARIO DE OFICINA","R","","","","","","","","","","","","","","","","U","",""
"2682","40","","746481190123","SILLA FIJA DE MADERA","O/C N° 8-00053-2010","16/04/2010","80.0","","","1503.020102","MOBILIARIO DE OFICINA","M","S/M","TAPIZ DE LONA","S/T","CAOBA","S/S","0.41X0.42X0.84","","","","","","","","","","U","",""
"2683","40","","746481190124","SILLA FIJA DE MADERA","SANEAR","31/12/2021","1.0","","","1503.020102","MOBILIARIO DE OFICINA","M","","","","","","","","","","","","","","","","U","",""
"2684","40","","746481190132","SILLA FIJA DE MADERA","SANEAR","31/12/2021","1.0","","","1503.020102","MOBILIARIO DE OFICINA","R","S/M","S/M","TAPIZADA","CAFE","S/S","0.45X0.47X0.85","","","","","","","","","","U","",""
"2685","40","","746481190139","SILLA FIJA DE MADERA","SANEAR","04/07/2012","97.0","","","1503.020102","MOBILIARIO DE OFICINA","R","","","TAPIZADA","","","","","","","","","","","","","U","",""
"2686","40","","746481190140","SILLA FIJA DE MADERA","SANEAR","04/07/2012","97.0","","","1503.020102","MOBILIARIO DE OFICINA","R","","","TAPIZADA","","","","","","","","","","","","","U","",""
"2687","40","","746481870024","SILLA FIJA DE METAL","O/C N° 142-1987","04/05/1987","550.0","","","1503.020102","MOBILIARIO DE OFICINA","R","","","","","","","","","","","","","","","","U","",""
"2688","40","","746481870025","SILLA FIJA DE METAL","O/C N° 142-1987","04/05/1987","550.0","","","1503.020102","MOBILIARIO DE OFICINA","R","","","","","","","","","","","","","","","","U","",""
"2689","40","","746481870027","SILLA FIJA DE METAL","O/C N° 111-1987","14/04/1987","470.0","","","1503.020102","MOBILIARIO DE OFICINA","M","","","","","","","","","","","","","","","","U","",""
"2690","40","","746481870036","SILLA FIJA DE METAL","O/C N° 83-1987","27/03/1987","510.0","","","1503.020102","MOBILIARIO DE OFICINA","R","","","","","","","","","","","","","","","","U","",""
"2691","40","","746481870041","SILLA FIJA DE METAL","O/C N° 83-1987","27/03/1987","510.0","","","1503.020102","MOBILIARIO DE OFICINA","M","","","","","","","","","","","","","","","","U","",""
"2692","40","","746481870042","SILLA FIJA DE METAL","O/C N° 83-1987","27/03/1987","510.0","","","1503.020102","MOBILIARIO DE OFICINA","M","","","","","","","","","","","","","","","","U","",""
"2693","40","","746481870046","SILLA FIJA DE METAL","O/C N° 83-1987","27/03/1987","510.0","","","1503.020102","MOBILIARIO DE OFICINA","M","","","","","","","","","","","","","","","","U","",""
"2694","40","","746481870050","SILLA FIJA DE METAL","O/C N° 83-1987","27/03/1987","510.0","","","1503.020102","MOBILIARIO DE OFICINA","M","","","","","","","","","","","","","","","","U","",""
"2695","40","","746481870052","SILLA FIJA DE METAL","SANEAR","31/12/2021","1.0","","","1503.020102","MOBILIARIO DE OFICINA","M","","","","","","","","","","","","","","","","U","",""
"2696","40","","746481870053","SILLA FIJA DE METAL","SANEAR","31/12/2021","1.0","","","1503.020102","MOBILIARIO DE OFICINA","M","","","","","","","","","","","","","","","","U","",""
"2697","40","","746481870054","SILLA FIJA DE METAL","O/C N° 149-1991","23/10/1991","45.0","","","1503.020102","MOBILIARIO DE OFICINA","M","S/M","S/M","S/T","NEGRO","S/S","S/D","","","","","","","","","","D","",""
"2698","40","","746481870055","SILLA FIJA DE METAL","SANEAR","31/12/2021","1.0","","","1503.020102","MOBILIARIO DE OFICINA","M","","","","","","","","","","","","","","","","U","",""
"2699","40","","746481870056","SILLA FIJA DE METAL","SANEAR","31/12/2021","1.0","","","1503.020102","MOBILIARIO DE OFICINA","M","","","","","","","","","","","","","","","","U","",""
"2700","40","","746481870058","SILLA FIJA DE METAL","SANEAR","31/12/2021","1.0","","","1503.020102","MOBILIARIO DE OFICINA","M","","","","","","","","","","","","","","","","U","",""
"2701","40","","746481870061","SILLA FIJA DE METAL","SANEAR","31/12/2021","1.0","","","1503.020102","MOBILIARIO DE OFICINA","M","","","","","","","","","","","","","","","","U","",""
"2702","40","","746481870063","SILLA FIJA DE METAL","SANEAR","31/12/2021","1.0","","","1503.020102","MOBILIARIO DE OFICINA","M","","","","","","","","","","","","","","","","U","",""
"2703","40","","746481870065","SILLA FIJA DE METAL","SANEAR","31/12/2021","1.0","","","1503.020102","MOBILIARIO DE OFICINA","M","","","","","","","","","","","","","","","","U","",""
"2704","40","","746481870073","SILLA FIJA DE METAL","SANEAR","31/12/2021","1.0","","","1503.020102","MOBILIARIO DE OFICINA","M","S/M","S/M","S/T","AMARILLO","S/S","S/D","","","","","","","","","","D","",""
"2705","40","","746481870084","SILLA FIJA DE METAL","SANEAR","31/12/2021","1.0","","","1503.020102","MOBILIARIO DE OFICINA","M","","","","","","","","","","","","","","","","U","",""
"2706","40","","746481870088","SILLA FIJA DE METAL","SANEAR","31/12/2021","1.0","","","1503.020102","MOBILIARIO DE OFICINA","R","","","","","","","","","","","","","","","","U","",""
"2707","40","","746481870106","SILLA FIJA DE METAL","SANEAR","31/12/2021","1.0","","","1503.020102","MOBILIARIO DE OFICINA","M","","","","","","","","","","","","","","","","U","",""
"2708","40","","746481870107","SILLA FIJA DE METAL","SANEAR","31/12/2021","1.0","","","1503.020102","MOBILIARIO DE OFICINA","M","","","","","","","","","","","","","","","","U","",""
"2709","40","","746481870108","SILLA FIJA DE METAL","SANEAR","31/12/2021","1.0","","","1503.020102","MOBILIARIO DE OFICINA","M","","","","","","","","","","","","","","","","U","",""
"2710","40","","746481870109","SILLA FIJA DE METAL","SANEAR","31/12/2021","1.0","","","1503.020102","MOBILIARIO DE OFICINA","M","","","","","","","","","","","","","","","","U","",""
"2711","40","","746481870112","SILLA FIJA DE METAL","SANEAR","31/12/2021","1.0","","","1503.020102","MOBILIARIO DE OFICINA","M","","","","","","","","","","","","","","","","U","",""
"2712","40","","746481870114","SILLA FIJA DE METAL","SANEAR","31/12/2021","1.0","","","1503.020102","MOBILIARIO DE OFICINA","M","","","","","","","","","","","","","","","","U","",""
"2713","40","","746483900025","SILLA GIRATORIA DE METAL","O/C N° 161-1987","20/05/1987","130.0","","","1503.020102","MOBILIARIO DE OFICINA","M","","","","","","","","","","","","","","","","U","",""
"2714","40","","746483900027","SILLA GIRATORIA DE METAL","O/C N° 161-1987","20/05/1987","130.0","","","1503.020102","MOBILIARIO DE OFICINA","M","","","","","","","","","","","","","","","","U","",""
"2715","40","","746483900028","SILLA GIRATORIA DE METAL","O/C N° 161-1987","20/05/1987","130.0","","","1503.020102","MOBILIARIO DE OFICINA","M","","","","","","","","","","","","","","","","U","",""
"2716","40","","746483900031","SILLA GIRATORIA DE METAL","O/C N° 3-00131-2010","30/09/2010","300.0","","","1503.020102","MOBILIARIO DE OFICINA","R"," "," "," ","NEGRO"," "," "," "," "," "," "," "," ","",""," ","U","",""
"2717","40","","746483900032","SILLA GIRATORIA DE METAL","SANEAR","31/12/2021","1.0","","","1503.020102","MOBILIARIO DE OFICINA","R","","","","","","","","","","","","","","","","U","",""
"2718","40","","746483900033","SILLA GIRATORIA DE METAL","SANEAR","31/12/2021","1.0","","","1503.020102","MOBILIARIO DE OFICINA","R","","","","","","","","","","","","","","","","U","",""
"2719","40","","746483900034","SILLA GIRATORIA DE METAL","SANEAR","31/12/2021","1.0","","","1503.020102","MOBILIARIO DE OFICINA","R","","","","","","","","","","","","","","","","U","",""
"2720","40","","746483900035","SILLA GIRATORIA DE METAL","SANEAR","31/12/2021","1.0","","","1503.020102","MOBILIARIO DE OFICINA","R","","","","","","","","","","","","","","","","U","",""
"2721","40","","746483900036","SILLA GIRATORIA DE METAL","SANEAR","31/12/2021","1.0","","","1503.020102","MOBILIARIO DE OFICINA","R","","","","","","","","","","","","","","","","U","",""
"2722","40","","746483900037","SILLA GIRATORIA DE METAL","SANEAR","31/12/2021","1.0","","","1503.020102","MOBILIARIO DE OFICINA","R","","","","","","","","","","","","","","","","U","",""
"2723","40","","746483900038","SILLA GIRATORIA DE METAL","SANEAR","31/12/2021","1.0","","","1503.020102","MOBILIARIO DE OFICINA","R","","","","","","","","","","","","","","","","U","",""
"2724","40","","746483900039","SILLA GIRATORIA DE METAL","SANEAR","31/12/2021","1.0","","","1503.020102","MOBILIARIO DE OFICINA","R","","","","","","","","","","","","","","","","U","",""
"2725","40","","746483900040","SILLA GIRATORIA DE METAL","SANEAR","31/12/2021","1.0","","","1503.020102","MOBILIARIO DE OFICINA","R","","","","","","","","","","","","","","","","U","",""
"2726","40","","746483900041","SILLA GIRATORIA DE METAL","SANEAR","31/12/2021","1.0","","","1503.020102","MOBILIARIO DE OFICINA","R","","","","","","","","","","","","","","","","U","",""
"2727","40","","746483900042","SILLA GIRATORIA DE METAL","SANEAR","31/12/2021","1.0","","","1503.020102","MOBILIARIO DE OFICINA","R","","","","","","","","","","","","","","","","U","",""
"2728","40","","746483900043","SILLA GIRATORIA DE METAL","SANEAR","31/12/2021","1.0","","","1503.020102","MOBILIARIO DE OFICINA","R","","","","","","","","","","","","","","","","U","",""
"2729","40","","746483900044","SILLA GIRATORIA DE METAL","SANEAR","31/12/2021","1.0","","","1503.020102","MOBILIARIO DE OFICINA","R","","","","","","","","","","","","","","","","U","",""
"2730","40","","746483900045","SILLA GIRATORIA DE METAL","SANEAR","31/12/2021","1.0","","","1503.020102","MOBILIARIO DE OFICINA","R","","","","","","","","","","","","","","","","U","",""
"2731","40","","746483900046","SILLA GIRATORIA DE METAL","SANEAR","31/12/2021","1.0","","","1503.020102","MOBILIARIO DE OFICINA","R","","","","","","","","","","","","","","","","U","",""
"2732","40","","746483900047","SILLA GIRATORIA DE METAL","SANEAR","31/12/2021","1.0","","","1503.020102","MOBILIARIO DE OFICINA","R","","","","","","","","","","","","","","","","U","",""
"2733","40","","746483900048","SILLA GIRATORIA DE METAL","SANEAR","31/12/2021","1.0","","","1503.020102","MOBILIARIO DE OFICINA","R","","","","","","","","","","","","","","","","U","",""
"2734","40","","746483900049","SILLA GIRATORIA DE METAL","SANEAR","31/12/2021","1.0","","","1503.020102","MOBILIARIO DE OFICINA","R","","","","","","","","","","","","","","","","U","",""
"2735","40","","746483900050","SILLA GIRATORIA DE METAL","SANEAR","31/12/2021","1.0","","","1503.020102","MOBILIARIO DE OFICINA","R","","","","","","","","","","","","","","","","U","",""
"2736","40","","746483900051","SILLA GIRATORIA DE METAL","SANEAR","31/12/2021","1.0","","","1503.020102","MOBILIARIO DE OFICINA","R","","","","","","","","","","","","","","","","U","",""
"2737","40","","746483900052","SILLA GIRATORIA DE METAL","SANEAR","31/12/2021","1.0","","","1503.020102","MOBILIARIO DE OFICINA","R","","","","","","","","","","","","","","","","U","",""
"2738","40","","746483900054","SILLA GIRATORIA DE METAL","O/C N° 310-2012","15/11/2012","180.0","","","1503.020102","MOBILIARIO DE OFICINA","R","","","","","","","","","","","","","","","","U","",""
"2739","40","","746483900056","SILLA GIRATORIA DE METAL","O/C N° 310-2012","15/11/2012","180.0","","","1503.020102","MOBILIARIO DE OFICINA","R","","","","","","","","","","","","","","","","U","",""
"2740","40","","746483900057","SILLA GIRATORIA DE METAL","SANEAR","31/12/2021","1.0","","","1503.020102","MOBILIARIO DE OFICINA","R","","","","","","","","","","","","","","","","U","",""
"2741","40","","746483900058","SILLA GIRATORIA DE METAL","SANEAR","31/12/2021","1.0","","","1503.020102","MOBILIARIO DE OFICINA","R","","","","","","","","","","","","","","","","U","",""
"2742","40","","746483900059","SILLA GIRATORIA DE METAL","SANEAR","31/12/2021","1.0","","","1503.020102","MOBILIARIO DE OFICINA","R","","","","","","","","","","","","","","","","U","",""
"2743","40","","746483900060","SILLA GIRATORIA DE METAL","SANEAR","31/12/2021","1.0","","","1503.020102","MOBILIARIO DE OFICINA","R","","","","","","","","","","","","","","","","U","",""
"2744","40","","746483900061","SILLA GIRATORIA DE METAL","SANEAR","31/12/2021","1.0","","","1503.020102","MOBILIARIO DE OFICINA","R","","","","","","","","","","","","","","","","U","",""
"2745","40","","746483900062","SILLA GIRATORIA DE METAL","SANEAR","31/12/2021","1.0","","","1503.020102","MOBILIARIO DE OFICINA","R","","","","","","","","","","","","","","","","U","",""
"2746","40","","746483900063","SILLA GIRATORIA DE METAL","SANEAR","31/12/2021","1.0","","","1503.020102","MOBILIARIO DE OFICINA","R","","","","","","","","","","","","","","","","U","",""
"2747","40","","746483900064","SILLA GIRATORIA DE METAL","SANEAR","31/12/2021","1.0","","","1503.020102","MOBILIARIO DE OFICINA","R","","","","","","","","","","","","","","","","U","",""
"2748","40","","746483900069","SILLA GIRATORIA DE METAL","SANEAR","31/12/2021","1.0","","","1503.020102","MOBILIARIO DE OFICINA","M","","","","","","","","","","","","","","","","U","",""
"2749","40","","746483900076","SILLA GIRATORIA DE METAL","SANEAR","31/12/2021","1.0","","","1503.020102","MOBILIARIO DE OFICINA","M","","","","NEGRO","","","","","","","","","","","","U","",""
"2750","40","","746483900080","SILLA GIRATORIA DE METAL","SANEAR","31/12/2021","1.0","","","1503.020102","MOBILIARIO DE OFICINA","R","","","","","","","","","","","","","","","","U","",""
"2751","40","","746483900087","SILLA GIRATORIA DE METAL","SANEAR","31/12/2021","1.0","","","1503.020102","MOBILIARIO DE OFICINA","R","","","","","","","","","","","","","","","","U","",""
"2752","40","","746483900090","SILLA GIRATORIA DE METAL","SANEAR","31/12/2021","1.0","","","1503.020102","MOBILIARIO DE OFICINA","M","","","","","","","","","","","","","","","","U","",""
"2753","40","","746483900091","SILLA GIRATORIA DE METAL","SANEAR","31/12/2021","1.0","","","1503.020102","MOBILIARIO DE OFICINA","M","","","","","","","","","","","","","","","","U","",""
"2754","40","","746483900098","SILLA GIRATORIA DE METAL","SANEAR","31/12/2021","1.0","","","1503.020102","MOBILIARIO DE OFICINA","M","","","","","","","","","","","","","","","","U","",""
"2755","40","","746483900099","SILLA GIRATORIA DE METAL","SANEAR","31/12/2021","1.0","","","1503.020102","MOBILIARIO DE OFICINA","M","","","","","","","","","","","","","","","","U","",""
"2756","40","","746483900100","SILLA GIRATORIA DE METAL","SANEAR","31/12/2021","1.0","","","1503.020102","MOBILIARIO DE OFICINA","M","","","","","","","","","","","","","","","","U","",""
"2757","40","","746483900101","SILLA GIRATORIA DE METAL","SANEAR","31/12/2021","1.0","","","1503.020102","MOBILIARIO DE OFICINA","M","","","","","","","","","","","","","","","","U","",""
"2758","40","","746483900122","SILLA GIRATORIA DE METAL","SANEAR","31/12/2021","1.0","","","1503.020102","MOBILIARIO DE OFICINA","M","","","","","","","","","","","","","","","","U","",""
"2759","40","","746483900123","SILLA GIRATORIA DE METAL","SANEAR","31/12/2021","1.0","","","1503.020102","MOBILIARIO DE OFICINA","M","","","","","","","","","","","","","","","","U","",""
"2760","40","","746483900124","SILLA GIRATORIA DE METAL","SANEAR","31/12/2021","1.0","","","1503.020102","MOBILIARIO DE OFICINA","M","S/M","S/M","S/T","NEGRO","S/S","S/D","","","","","","","","","","U","",""
"2761","40","","746483900125","SILLA GIRATORIA DE METAL","SANEAR","31/12/2021","1.0","","","1503.020102","MOBILIARIO DE OFICINA","M","","","","","","","","","","","","","","","","U","",""
"2762","40","","746487970002","SILLON FIJO DE METAL","O/C N° 08-1984","25/01/1984","59900.0","","","1503.020102","MOBILIARIO DE OFICINA","M","","","","","","","","","","","","","","","","U","",""
"2763","40","","746487970004","SILLON FIJO DE METAL","O/C N° 08-1984","25/01/1984","59900.0","","","1503.020102","MOBILIARIO DE OFICINA","M","","","","","","","","","","","","","","","","U","",""
"2764","40","","746487970008","SILLON FIJO DE METAL","O/C N° 08-1984","25/01/1984","59900.0","","","1503.020102","MOBILIARIO DE OFICINA","M","","","","","","","","","","","","","","","","U","",""
"2765","40","","746487970011","SILLON FIJO DE METAL","SANEAR","31/12/2021","1.0","","","1503.020102","MOBILIARIO DE OFICINA","M","","","","","","","","","","","","","","","","U","",""
"2766","40","","746488310005","SILLON GIRATORIO (OTROS)","O/C Nº 004-1993","29/01/1993","315.0","","","1503.020102","MOBILIARIO DE OFICINA","R","","","A-1K/t","","","","","","","","","","","","","U","",""
"2767","40","","746488310006","SILLON GIRATORIO (OTROS)","O/C Nº 004-1993","29/01/1993","190.0","","","1503.020102","MOBILIARIO DE OFICINA","R","","","GERENTE SG-70","NEGRO","","","","","","","","","","","","U","",""
"2768","40","","746488310008","SILLON GIRATORIO (OTROS)","O/C N° 08-1984","25/01/1984","145900.0","","","1503.020102","MOBILIARIO DE OFICINA","M","","","","","","","","","","","","","","","","U","",""
"2769","40","","746488310009","SILLON GIRATORIO (OTROS)","O/C N° 163-1987","20/05/1987","4050.0","","","1503.020102","MOBILIARIO DE OFICINA","M","","","","","","","","","","","","","","","","U","",""
"2770","40","","746489330011","SILLON GIRATORIO DE METAL","O/C N° 161-1987","20/05/1987","1600.0","","","1503.020102","MOBILIARIO DE OFICINA","M","","","","","","","","","","","","","","","","U","",""
"2771","40","","746489330013","SILLON GIRATORIO DE METAL","O/C N° 161-1987","20/05/1987","1600.0","","","1503.020102","MOBILIARIO DE OFICINA","R","","","","","","","","","","","","","","","","U","",""
"2772","40","","746489330020","SILLON GIRATORIO DE METAL","O/C N° 0-00041-2010","24/02/2010","850.0","","","1503.020102","MOBILIARIO DE OFICINA","R"," ","GRADUABLE","CROMADO"," "," "," "," "," "," "," "," "," ","",""," ","U","",""
"2773","40","","746494080001","TABURETE FIJO DE MADERA","SANEAR","31/12/2021","1.0","","","1503.020102","MOBILIARIO DE OFICINA","R","","","","","","","","","","","","","","","","U","",""
"2774","40","","746494080002","TABURETE FIJO DE MADERA","SANEAR","31/12/2021","1.0","","","1503.020902","ASEO, LIMPIEZA Y COCINA","R","","","","","","","","","","","","","","","","U","",""
"2775","40","","746494080003","TABURETE FIJO DE MADERA","SANEAR","31/12/2021","1.0","","","1503.020102","MOBILIARIO DE OFICINA","R","","","","","","","","","","","","","","","","U","",""
"2776","40","","746494080004","TABURETE FIJO DE MADERA","SANEAR","31/12/2021","1.0","","","1503.020102","MOBILIARIO DE OFICINA","R","","","","","","","","","","","","","","","","U","",""
"2777","40","","673677630003","TANQUE DE METAL - CISTERNA","SANEAR","31/12/2021","1.0","","","1503.020999","MAQUINARIAS, EQUIPOS Y MOBILIARIOS DE OTRAS INSTALACIONES","M","S/M","S/M","S/T","VERDE","S/S","S/D","","","","","","","","","","U","",""
"2778","40","","740895000007","TECLADO - KEYBOARD","O/C N° 0175-2008","17/12/2008","17.51","","","1503.020301","EQUIPOS COMPUTACIONALES Y PERIFERICOS","M","","","","","","","","","","","","","","","","U","",""
"2779","40","","740895000056","TECLADO - KEYBOARD","O/C N° 132-1999","23/07/1999","88.11","","","1503.020301","EQUIPOS COMPUTACIONALES Y PERIFERICOS","M","SUNSHINE","F-21","S/T","BLANCO","S/S","S/D","","","","","","","","","","U","",""
"2780","40","","740895000102","TECLADO - KEYBOARD","O/C N° 494-2001","02/12/2001","57.0","","","1503.020301","EQUIPOS COMPUTACIONALES Y PERIFERICOS","R","WIN 98/2000","","","","","","","","","","","","","","","U","",""
"2781","40","","740895000125","TECLADO - KEYBOARD","O/C N° 494-2001","02/12/2001","57.0","","","1503.020301","EQUIPOS COMPUTACIONALES Y PERIFERICOS","R","WIN 98/2000","","","","","","","","","","","","","","","U","",""
"2782","40","","740895000126","TECLADO - KEYBOARD","O/C N° 494-2001","02/12/2001","57.0","","","1503.020301","EQUIPOS COMPUTACIONALES Y PERIFERICOS","R","WIN 98/2000","","","","","","","","","","","","","","","U","",""
"2783","40","","740895000127","TECLADO - KEYBOARD","SANEAR","31/12/2021","1.0","","","1503.020301","EQUIPOS COMPUTACIONALES Y PERIFERICOS","M","DATAONE","425C","S/T","NEGRO","S/S","S/D","","","","","","","","","","U","",""
"2784","40","","740895000128","TECLADO - KEYBOARD","O/C N° 494-2001","02/12/2001","57.0","","","1503.020301","EQUIPOS COMPUTACIONALES Y PERIFERICOS","R","WIN 98/2000","","","","","","","","","","","","","","","U","",""
"2785","40","","740895000129","TECLADO - KEYBOARD","SANEAR","31/12/2021","1.0","","","1503.020301","EQUIPOS COMPUTACIONALES Y PERIFERICOS","R","","","","","","","","","","","","","","","","U","",""
"2786","40","","740895000130","TECLADO - KEYBOARD","SANEAR","31/12/2021","1.0","","","1503.020301","EQUIPOS COMPUTACIONALES Y PERIFERICOS","R","","","","","","","","","","","","","","","","U","",""
"2787","40","","740895000131","TECLADO - KEYBOARD","SANEAR","31/12/2021","1.0","","","1503.020301","EQUIPOS COMPUTACIONALES Y PERIFERICOS","R","","","","","","","","","","","","","","","","U","",""
"2788","40","","740895000132","TECLADO - KEYBOARD","SANEAR","31/12/2021","1.0","","","1503.020301","EQUIPOS COMPUTACIONALES Y PERIFERICOS","R","","","","","","","","","","","","","","","","U","",""
"2789","40","","740895000133","TECLADO - KEYBOARD","SANEAR","31/12/2021","1.0","","","1503.020301","EQUIPOS COMPUTACIONALES Y PERIFERICOS","R","","","","","","","","","","","","","","","","U","",""
"2790","40","","740895000134","TECLADO - KEYBOARD","SANEAR","31/12/2021","1.0","","","1503.020301","EQUIPOS COMPUTACIONALES Y PERIFERICOS","R","","","","","","","","","","","","","","","","U","",""
"2791","40","","740895000135","TECLADO - KEYBOARD","SANEAR","31/12/2021","1.0","","","1503.020301","EQUIPOS COMPUTACIONALES Y PERIFERICOS","R","","","","","","","","","","","","","","","","U","",""
"2792","40","","740895000136","TECLADO - KEYBOARD","SANEAR","31/12/2021","1.0","","","1503.020301","EQUIPOS COMPUTACIONALES Y PERIFERICOS","R","","","","","9293417","","","","","","","","","","","U","",""
"2793","40","","740895000137","TECLADO - KEYBOARD","SANEAR","31/12/2021","1.0","","","1503.020301","EQUIPOS COMPUTACIONALES Y PERIFERICOS","R","","","","","","","","","","","","","","","","U","",""
"2794","40","","740895000139","TECLADO - KEYBOARD","O/C N° 67-2013","15/02/2013","1.0","","","1503.020301","EQUIPOS COMPUTACIONALES Y PERIFERICOS","M","","","","","","","","","","","","","","","","U","",""
"2795","40","","740895000140","TECLADO - KEYBOARD","O/C N° 67-2013","15/02/2013","1.0","","","1503.020301","EQUIPOS COMPUTACIONALES Y PERIFERICOS","M","","","","","","","","","","","","","","","","U","",""
"2796","40","","740895000141","TECLADO - KEYBOARD","O/C N° 67-2013","15/02/2013","1.0","","","1503.020301","EQUIPOS COMPUTACIONALES Y PERIFERICOS","M","","","","","","","","","","","","","","","","U","",""
"2797","40","","740895000152","TECLADO - KEYBOARD","SANEAR","04/07/2012","1.0","","","1503.020301","EQUIPOS COMPUTACIONALES Y PERIFERICOS","R","","","","","","","","","","","","","","","","U","",""
"2798","40","","740895000156","TECLADO - KEYBOARD","SANEAR","31/12/2021","1.0","","","1503.020301","EQUIPOS COMPUTACIONALES Y PERIFERICOS","R","","","","","","","","","","","","","","","","U","",""
"2799","40","","740895000157","TECLADO - KEYBOARD","SANEAR","31/12/2021","1.0","","","1503.020301","EQUIPOS COMPUTACIONALES Y PERIFERICOS","R","","","","","","","","","","","","","","","","U","",""
"2800","40","","740895000158","TECLADO - KEYBOARD","O/C N° 355-2020","13/11/2020","38.0","","","1503.020301","EQUIPOS COMPUTACIONALES Y PERIFERICOS","R","LOGITECH","","","","","","","","","","","","","","","U","",""
"2801","40","","740895000173","TECLADO - KEYBOARD","O/C N° 355-2020","13/11/2020","38.0","","","1503.020301","EQUIPOS COMPUTACIONALES Y PERIFERICOS","R","LOGITECH","","","","","","","","","","","","","","","U","",""
"2802","40","","740895000182","TECLADO - KEYBOARD","SANEAR","31/12/2021","1.0","","","1503.020301","EQUIPOS COMPUTACIONALES Y PERIFERICOS","M","","","","","","","","","","","","","","","","U","",""
"2803","40","","740895000188","TECLADO - KEYBOARD","O/C Nº 314-2015","26/10/2015","62.5","","","1503.020301","EQUIPOS COMPUTACIONALES Y PERIFERICOS","M","MICROSOFT","","","","","","","","","","","","","","","U","",""
"2804","40","","952283250001","TELEFONO CELULAR","O/C N° 0172-1996","11/08/1996","950.29","","","1503.020303","EQUIPOS DE TELECOMUNICACIONES","R","","","","","","","","","","","","","","","","U","",""
"2805","40","","952283250002","TELEFONO CELULAR","O/C N° 923-1995","29/11/1995","921.69","","","1503.020303","EQUIPOS DE TELECOMUNICACIONES","R","G-ELECTRIC","CT-500","","","157 01517061","","","","","","","","","","","U","",""
"2806","40","","602288190001","TEODOLITO DE MICROMETRO OPTICO","O/C N° 071-1995","30/03/1995","7105.0","","","1503.020905","EQUIPOS E INSTRUMENTOS DE MEDICION","R","CARL ZEISS - JENA","","","","202884","","","","","","","","","","","U","",""
"2807","40","","602288190005","TEODOLITO DE MICROMETRO OPTICO","O/C N° 071-1995","30/03/1995","7105.0","","","1503.020905","EQUIPOS E INSTRUMENTOS DE MEDICION","R","CARL ZEISS - JENA","","","","103814","","","","","","","","","","","U","",""
"2808","40","","602288750001","TEODOLITO DE VERNIER","SANEAR","31/12/2021","1.0","","","1503.020905","EQUIPOS E INSTRUMENTOS DE MEDICION","R","","","","","","","","","","","","","","","","U","",""
"2809","40","","676473450016","TRIPODE DE MADERA","O/C N° 071-1995","30/03/1995","650.0","","","1503.020102","MOBILIARIO DE OFICINA","R","","","","","","","","","","","","","","","","U","",""
"2810","40","","676473450017","TRIPODE DE MADERA","SANEAR","31/12/2021","1.0","","","1503.020102","MOBILIARIO DE OFICINA","R","","","","","","","","","","","","","","","","U","",""
"2811","40","","676473450018","TRIPODE DE MADERA","SANEAR","31/12/2021","1.0","","","1503.020102","MOBILIARIO DE OFICINA","R","","","","","","","","","","","","","","","","U","",""
"2812","40","","676473450019","TRIPODE DE MADERA","SANEAR","31/12/2021","1.0","","","1503.020102","MOBILIARIO DE OFICINA","R","","","","","","","","","","","","","","","","U","",""
"2813","40","","676473450020","TRIPODE DE MADERA","SANEAR","31/12/2021","1.0","","","1503.020102","MOBILIARIO DE OFICINA","R","","","","","","","","","","","","","","","","U","",""
"2814","40","","676473450021","TRIPODE DE MADERA","SANEAR","31/12/2021","1.0","","","1503.020102","MOBILIARIO DE OFICINA","R","","","","","","","","","","","","","","","","U","",""
"2815","40","","676473450022","TRIPODE DE MADERA","SANEAR","31/12/2021","1.0","","","1503.020102","MOBILIARIO DE OFICINA","R","","","","","","","","","","","","","","","","U","",""
"2816","40","","676473450023","TRIPODE DE MADERA","SANEAR","31/12/2021","1.0","","","1503.020102","MOBILIARIO DE OFICINA","R","","","","","","","","","","","","","","","","U","",""
"2817","40","","676473450024","TRIPODE DE MADERA","SANEAR","31/12/2021","1.0","","","1503.020102","MOBILIARIO DE OFICINA","R","","","","","","","","","","","","","","","","U","",""
"2818","40","","676473450025","TRIPODE DE MADERA","SANEAR","31/12/2021","1.0","","","1503.020102","MOBILIARIO DE OFICINA","R","","","","","","","","","","","","","","","","U","",""
"2819","40","","676473450026","TRIPODE DE MADERA","SANEAR","31/12/2021","1.0","","","1503.020102","MOBILIARIO DE OFICINA","R","","","","","","","","","","","","","","","","U","",""
"2820","40","","676473450027","TRIPODE DE MADERA","SANEAR","31/12/2021","1.0","","","1503.020102","MOBILIARIO DE OFICINA","R","","","","","","","","","","","","","","","","U","",""
"2821","40","","676473450028","TRIPODE DE MADERA","O/C N° 071-1995","30/03/1995","650.0","","","1503.020102","MOBILIARIO DE OFICINA","M","S/M","S/M","S/T","ANARANJADO","S/S","S/D","","","","","","","","","","D","",""
"2822","40","","676473450030","TRIPODE DE MADERA","SANEAR","31/12/2021","1.0","","","1503.020102","MOBILIARIO DE OFICINA","M","","","","","","","","","","","","","","","","U","",""
"2823","40","","676473450031","TRIPODE DE MADERA","SANEAR","31/12/2021","1.0","","","1503.020102","MOBILIARIO DE OFICINA","M","","","","","","","","","","","","","","","","U","",""
"2824","40","","676478660020","TRIPODE METALICO","O/C N° 310-2013","07/06/2013","277.0","","","1503.020102","MOBILIARIO DE OFICINA","R","","","","","401115O555","","","","","","","","","","","U","",""
"2825","40","","676478660021","TRIPODE METALICO","O/C N° 388-2011","31/12/2021","361.49","","","1503.020102","MOBILIARIO DE OFICINA","R","KOMBO LEICA","CTP 104","ALUMINIO","","","","","","","","","","","","","U","",""
"2826","40","","676478660025","TRIPODE METALICO","SANEAR","31/12/2021","1.0","","","1503.020102","MOBILIARIO DE OFICINA","R","","","","","","","","","","","","","","","","U","",""
"2827","40","","676478660026","TRIPODE METALICO","SANEAR","31/12/2021","1.0","","","1503.020102","MOBILIARIO DE OFICINA","R","","","","","","","","","","","","","","","","U","",""
"2828","40","","676478660031","TRIPODE METALICO","O/C N° 342-2013","12/06/2013","277.0","","","1503.020102","MOBILIARIO DE OFICINA","M","","","","","401115O573","","","","","","","","","","","U","",""
"2829","40","","676478660032","TRIPODE METALICO","O/C N° 342-2013","12/06/2013","277.0","","","1503.020102","MOBILIARIO DE OFICINA","R","","","","","401115O553","","","","","","","","","","","U","",""
"2830","40","","676478660033","TRIPODE METALICO","O/C N° 342-2013","12/06/2013","277.0","","","1503.020102","MOBILIARIO DE OFICINA","R","","","","","401115O548","","","","","","","","","","","U","",""
"2831","40","","676478660036","TRIPODE METALICO","SANEAR","31/12/2021","1.0","","","1503.020102","MOBILIARIO DE OFICINA","R","","","","","","","","","","","","","","","","U","",""
"2832","40","","676478660038","TRIPODE METALICO","SANEAR","31/12/2021","1.0","","","1503.020102","MOBILIARIO DE OFICINA","R","","","","","","","","","","","","","","","","U","",""
"2833","40","","676478660039","TRIPODE METALICO","SANEAR","31/12/2021","1.0","","","1503.020102","MOBILIARIO DE OFICINA","R","","","","","","","","","","","","","","","","U","",""
"2834","40","","676478660040","TRIPODE METALICO","SANEAR","31/12/2021","1.0","","","1503.020102","MOBILIARIO DE OFICINA","R","","","","","","","","","","","","","","","","U","",""
"2835","40","","676478660041","TRIPODE METALICO","SANEAR","31/12/2021","1.0","","","1503.020102","MOBILIARIO DE OFICINA","R","","","","","","","","","","","","","","","","U","",""
"2836","40","","676478660042","TRIPODE METALICO","SANEAR","31/12/2021","1.0","","","1503.020102","MOBILIARIO DE OFICINA","R","","","","","","","","","","","","","","","","U","",""
"2837","40","","676478660043","TRIPODE METALICO","SANEAR","31/12/2021","1.0","","","1503.020102","MOBILIARIO DE OFICINA","R","","","","","","","","","","","","","","","","U","",""
"2838","40","","676478660044","TRIPODE METALICO","SANEAR","31/12/2021","1.0","","","1503.020102","MOBILIARIO DE OFICINA","R","","","","","","","","","","","","","","","","U","",""
"2839","40","","676478660045","TRIPODE METALICO","SANEAR","31/12/2021","1.0","","","1503.020102","MOBILIARIO DE OFICINA","R","","","","","","","","","","","","","","","","U","",""
"2840","40","","676478660046","TRIPODE METALICO","SANEAR","31/12/2021","1.0","","","1503.020102","MOBILIARIO DE OFICINA","R","","","","","","","","","","","","","","","","U","",""
"2841","40","","676478660047","TRIPODE METALICO","SANEAR","31/12/2021","1.0","","","1503.020102","MOBILIARIO DE OFICINA","R","","","","","","","","","","","","","","","","U","",""
"2842","40","","676478660048","TRIPODE METALICO","SANEAR","31/12/2021","1.0","","","1503.020102","MOBILIARIO DE OFICINA","R","","","","","","","","","","","","","","","","U","",""
"2843","40","","676478660049","TRIPODE METALICO","SANEAR","31/12/2021","1.0","","","1503.020102","MOBILIARIO DE OFICINA","R","","","","","","","","","","","","","","","","U","",""
"2844","40","","676478660050","TRIPODE METALICO","SANEAR","31/12/2021","1.0","","","1503.020102","MOBILIARIO DE OFICINA","R","","","","","","","","","","","","","","","","U","",""
"2845","40","","676478660051","TRIPODE METALICO","SANEAR","31/12/2021","1.0","","","1503.020102","MOBILIARIO DE OFICINA","R","","","","","","","","","","","","","","","","U","",""
"2846","40","","740899500001","UNIDAD CENTRAL DE PROCESO - CPU","O/C N° 349-1991","31/11/1991","520.0","","","1503.020301","EQUIPOS COMPUTACIONALES Y PERIFERICOS","R","ALTRON","AT-286","S/T","PLOMO/NEGRO","S/S","S/D","","","","","","","","","","U","",""
"2847","40","","740899500090","UNIDAD CENTRAL DE PROCESO - CPU","SANEAR","31/12/2021","1.0","","","1503.020301","EQUIPOS COMPUTACIONALES Y PERIFERICOS","R","","","","","","","","","","","","","","","","U","",""
"2848","40","","740899500110","UNIDAD CENTRAL DE PROCESO - CPU","SANEAR","31/12/2021","1.0","","","1503.020301","EQUIPOS COMPUTACIONALES Y PERIFERICOS","R","","","","","","","","","","","","","","","","U","",""
"2849","40","","740899500119","UNIDAD CENTRAL DE PROCESO - CPU","O/C 67-2013","15/02/2013","1.0","","","1503.020301","EQUIPOS COMPUTACIONALES Y PERIFERICOS","1505.01","INTEL","CORE I7","","","","","","","","","","","","","","U","",""
"2850","40","","740899500120","UNIDAD CENTRAL DE PROCESO - CPU","O/C 67-2013","15/02/2013","1.0","","","1503.020301","EQUIPOS COMPUTACIONALES Y PERIFERICOS","1505.01","INTEL","CORE I7","","","","","","","","","","","","","","U","",""
"2851","40","","740899500121","UNIDAD CENTRAL DE PROCESO - CPU","O/C 67-2013","15/02/2013","1.0","","","1503.020301","EQUIPOS COMPUTACIONALES Y PERIFERICOS","1505.01","INTEL","CORE I7","","","","","","","","","","","","","","U","",""
"2852","40","","740899500122","UNIDAD CENTRAL DE PROCESO - CPU","SANEAR","31/12/2021","1.0","","","1503.020301","EQUIPOS COMPUTACIONALES Y PERIFERICOS","R","","","","","","","","","","","","","","","","U","",""
"2853","40","","740899500123","UNIDAD CENTRAL DE PROCESO - CPU","SANEAR","31/12/2021","1.0","","","1503.020301","EQUIPOS COMPUTACIONALES Y PERIFERICOS","R","","","","","","","","","","","","","","","","U","",""
"2854","40","","740899500126","UNIDAD CENTRAL DE PROCESO - CPU","SANEAR","31/12/2021","1.0","","","1503.020301","EQUIPOS COMPUTACIONALES Y PERIFERICOS","R","","","","","","","","","","","","","","","","U","",""
"2855","40","","740899500130","UNIDAD CENTRAL DE PROCESO - CPU","O/C N° 494-2001","02/12/2001","2232.1","","","1503.020301","EQUIPOS COMPUTACIONALES Y PERIFERICOS","B","INTEL","PENTIUM III","","","","","","","","","","","","","","U","",""
"2856","40","","740899500132","UNIDAD CENTRAL DE PROCESO - CPU","SANEAR","31/12/2021","1.0","","","1503.020301","EQUIPOS COMPUTACIONALES Y PERIFERICOS","R","","","","","","","","","","","","","","","","U","",""
"2857","40","","740899500135","UNIDAD CENTRAL DE PROCESO - CPU","SANEAR","31/12/2021","1.0","","","1503.020301","EQUIPOS COMPUTACIONALES Y PERIFERICOS","R","","","","","","","","","","","","","","","","U","",""
"2858","40","","740899500136","UNIDAD CENTRAL DE PROCESO - CPU","SANEAR","31/12/2021","1.0","","","1503.020301","EQUIPOS COMPUTACIONALES Y PERIFERICOS","R","","","","","","","","","","","","","","","","U","",""
"2859","40","","740899500139","UNIDAD CENTRAL DE PROCESO - CPU","SANEAR","31/12/2021","1.0","","","1503.020301","EQUIPOS COMPUTACIONALES Y PERIFERICOS","R","","","","","","","","","","","","","","","","U","",""
"2860","40","","740899500140","UNIDAD CENTRAL DE PROCESO - CPU","SANEAR","31/12/2021","1.0","","","1503.020301","EQUIPOS COMPUTACIONALES Y PERIFERICOS","R","","","","","","","","","","","","","","","","U","",""
"2861","40","","112279700004","VENTILADOR ELECTRICO PARA MESA O DE PIE","SANEAR","31/12/2021","1.0","","","1503.020901","AIRE ACONDICIONADO Y REFRIGERACION","R","","","","","","","","","","","","","","","","U","",""
"2862","40","","112279700005","VENTILADOR ELECTRICO PARA MESA O DE PIE","SANEAR","31/12/2021","1.0","","","1503.020901","AIRE ACONDICIONADO Y REFRIGERACION","R","","","","","","","","","","","","","","","","U","",""
"2863","40","","112279700006","VENTILADOR ELECTRICO PARA MESA O DE PIE","SANEAR","31/12/2021","1.0","","","1503.020901","AIRE ACONDICIONADO Y REFRIGERACION","R","","","","","","","","","","","","","","","","U","",""
"2864","40","","112287620007","VENTILADOR ELECTRICO PARA TECHO","SANEAR","31/12/2021","1.0","","","1503.020901","AIRE ACONDICIONADO Y REFRIGERACION","R","","","","","","","","","","","","","","","","U","",""
"2865","40","","112287620021","VENTILADOR ELECTRICO PARA TECHO","SANEAR","31/12/2021","1.0","","","1503.020901","AIRE ACONDICIONADO Y REFRIGERACION","R","","","","","","","","","","","","","","","","U","",""
"2866","40","","112287620022","VENTILADOR ELECTRICO PARA TECHO","SANEAR","31/12/2021","1.0","","","1503.020901","AIRE ACONDICIONADO Y REFRIGERACION","R","","","","","","","","","","","","","","","","U","",""
"2867","40","","112287620023","VENTILADOR ELECTRICO PARA TECHO","SANEAR","31/12/2021","1.0","","","1503.020901","AIRE ACONDICIONADO Y REFRIGERACION","R","","","","","","","","","","","","","","","","U","",""
"2868","40","","112287620024","VENTILADOR ELECTRICO PARA TECHO","SANEAR","31/12/2021","1.0","","","1503.020901","AIRE ACONDICIONADO Y REFRIGERACION","R","","","","","","","","","","","","","","","","U","",""
"2869","40","","112287620025","VENTILADOR ELECTRICO PARA TECHO","SANEAR","31/12/2021","1.0","","","1503.020901","AIRE ACONDICIONADO Y REFRIGERACION","M","S/M","S/M","S/T","VERDE","S/S","S/D","","","","","","","","","","D","",""
"2870","40","","112287620026","VENTILADOR ELECTRICO PARA TECHO","SANEAR","31/12/2021","1.0","","","1503.020901","AIRE ACONDICIONADO Y REFRIGERACION","R","S/M","S/M","S/T","VERDE","S/S","S/D","","","","","","","","","","D","",""
"2871","40","","112287620027","VENTILADOR ELECTRICO PARA TECHO","SANEAR","31/12/2021","1.0","","","1503.020901","AIRE ACONDICIONADO Y REFRIGERACION","M","S/M","S/M","S/T","VERDE","S/S","S/D","","","","","","","","","","D","",""
"2872","40","","112287620028","VENTILADOR ELECTRICO PARA TECHO","SANEAR","31/12/2021","1.0","","","1503.020901","AIRE ACONDICIONADO Y REFRIGERACION","M","S/M","S/M","S/T","VERDE","S/S","S/D","","","","","","","","","","D","",""
"2873","40","","112287620029","VENTILADOR ELECTRICO PARA TECHO","SANEAR","31/12/2021","1.0","","","1503.020901","AIRE ACONDICIONADO Y REFRIGERACION","M","S/M","S/M","S/T","VERDE","S/S","S/D","","","","","","SE DESINVENTARIO PORQUE NO SE ENCONTRO FISICAMENTE N OTRA VISITA A ILLPA","","","","D","",""
"2874","40","","112287620030","VENTILADOR ELECTRICO PARA TECHO","SANEAR","31/12/2021","1.0","","","1503.020901","AIRE ACONDICIONADO Y REFRIGERACION","M","S/M","S/M","S/T","VERDE","S/S","S/D","","","","","","","","","","D","",""
"2875","40","","112287620031","VENTILADOR ELECTRICO PARA TECHO","SANEAR","31/12/2021","1.0","","","1503.020901","AIRE ACONDICIONADO Y REFRIGERACION","M","S/M","S/M","S/T","VERDE","S/S","S/D","","","","","","","","","","D","",""
"2876","40","","112287620032","VENTILADOR ELECTRICO PARA TECHO","SANEAR","31/12/2021","1.0","","","1503.020901","AIRE ACONDICIONADO Y REFRIGERACION","M","S/M","S/M","S/T","VERDE","S/S","S/D","","","","","","","","","","D","",""
"2877","40","","112287620033","VENTILADOR ELECTRICO PARA TECHO","SANEAR","31/12/2021","1.0","","","1503.020901","AIRE ACONDICIONADO Y REFRIGERACION","M","S/M","S/M","S/T","VERDE","S/S","S/D","","","","","","","","","","D","",""
"2878","40","","112287620034","VENTILADOR ELECTRICO PARA TECHO","SANEAR","31/12/2021","1.0","","","1503.020901","AIRE ACONDICIONADO Y REFRIGERACION","M","S/M","S/M","S/T","VERDE","S/S","S/D","","","","","","","","","","D","",""
"2879","40","","112287620035","VENTILADOR ELECTRICO PARA TECHO","SANEAR","31/12/2021","1.0","","","1503.020901","AIRE ACONDICIONADO Y REFRIGERACION","M","S/M","S/M","S/T","VERDE","S/S","S/D","","","","","","","","","","D","",""
"2880","40","","112287620036","VENTILADOR ELECTRICO PARA TECHO","SANEAR","31/12/2021","1.0","","","1503.020901","AIRE ACONDICIONADO Y REFRIGERACION","M","S/M","S/M","S/T","VERDE","S/S","S/D","","","","","","","","","","D","",""
"2881","40","","112291580001","VENTILADOR ELECTRICO TIPO COLUMNA O TORRE","SANEAR","31/12/2021","1.0","","","1503.020901","AIRE ACONDICIONADO Y REFRIGERACION","M","S/M","S/M","S/T","VERDE","S/S","S/D","","","","","","","","","","D","",""
"2882","40","","675099500003","VIBRADOR DE CONCRETO","SANEAR","31/12/2021","1.0","","","1503.020999","MAQUINARIAS, EQUIPOS Y MOBILIARIOS DE OTRAS INSTALACIONES","M","OHV","INTEKI/C305","S/T","NEGRO","S/S","S/D","","","","","","","","","","D","",""
"2883","40","","675099500004","VIBRADOR DE CONCRETO","SANEAR","31/12/2021","1.0","","","1503.020999","MAQUINARIAS, EQUIPOS Y MOBILIARIOS DE OTRAS INSTALACIONES","M","OHV","INTEKI/C305","S/T","NEGRO","S/S","S/D","","","","","","","","","","D","",""
"2884","40","","675099500005","VIBRADOR DE CONCRETO","O/C N° 0622-1996","29/10/1996","4979.0","","","1503.020999","MAQUINARIAS, EQUIPOS Y MOBILIARIOS DE OTRAS INSTALACIONES","M","KOHLER","S/M","S/T","NEGRO","S/S","S/D","","","","","","","","","","D","",""
"2885","40","","675099500007","VIBRADOR DE CONCRETO","O/C N° 0041-2008","25/07/2008","2632.0","","","1503.020999","MAQUINARIAS, EQUIPOS Y MOBILIARIOS DE OTRAS INSTALACIONES","R","","","","","","","","","","","","","","","","U","",""
"2886","40","","675099500009","VIBRADOR DE CONCRETO","O/C N° 024-2005","31/03/2005","2734.0","","","1503.020999","MAQUINARIAS, EQUIPOS Y MOBILIARIOS DE OTRAS INSTALACIONES","R","HONDA","G200","","","9210073","","","","","","","","","","","U","",""
"2887","40","","675099500015","VIBRADOR DE CONCRETO","O/C N° 0622-1996","29/10/1996","4979.0","","","1503.020999","MAQUINARIAS, EQUIPOS Y MOBILIARIOS DE OTRAS INSTALACIONES","R","KOHLER","","","","","","","","","","","","","","","U","",""
"2888","40","","675099500022","VIBRADOR DE CONCRETO","O/C N° 340-2011","07/10/2011","1999.0","","","1503.020999","MAQUINARIAS, EQUIPOS Y MOBILIARIOS DE OTRAS INSTALACIONES","R","HONDA","","","","93736388","","","","","","","","","","","U","",""
"2889","40","","675099500030","VIBRADOR DE CONCRETO","O/C N° 023-2005","31/03/2005","2734.0","","","1503.020999","MAQUINARIAS, EQUIPOS Y MOBILIARIOS DE OTRAS INSTALACIONES","R","HONDA","G200","","","9210039","","","","","","","","","","","U","",""
"2890","40","","675099500031","VIBRADOR DE CONCRETO","SANEAR","31/12/2021","1.0","","","1503.020999","MAQUINARIAS, EQUIPOS Y MOBILIARIOS DE OTRAS INSTALACIONES","M","KOHLER","MAGNUN 12","S/T","NEGRO","4011890099","S/D","","","","","","","","","","D","",""
"2891","32","","42204310002","ARADOS EN GENERAL","O/C N° 470- 2012","28/12/2012","22075.0","","","1503.020502","EQUIPO DE USO AGRICOLA Y PESQUERO","R","FIA BULLS","ARH-428FB","ENGANCHE - II","AZUL","077-2012","S/D","","","","","","","","","","D","",""
"2892","32","","746403890004","ARCHIVADOR DE METAL","O/C N° 150-1987","20/05/1987","3181.0","","","1503.020102","MOBILIARIO DE OFICINA","M","S/M","4 GAVETAS","S/T","PLOMO/NEGRO","S/S","0.47X0.64X1.33","","","","","","","","","","D","",""
"2893","32","","746403890005","ARCHIVADOR DE METAL","O/C N° 150-1987","20/05/1987","3181.0","","","1503.020102","MOBILIARIO DE OFICINA","M","S/M","4 GAVETAS","S/T","PLOMO/NEGRO","S/S","0.47X0.64X1.33","","","","","","","","","","D","",""
"2894","32","","746403890009","ARCHIVADOR DE METAL","O/C N° 106-1996","29/02/1996","392.0","","","1503.020102","MOBILIARIO DE OFICINA","M","S/M","4 GAVETAS","S/T","PLOMO/NEGRO","S/S","0.61X0.46X1.32","","","","","","","","","","D","",""
"2895","32","","746406600006","ARMARIO DE METAL","SANEAR","31/12/2021","1.0","","","1503.020102","MOBILIARIO DE OFICINA","M","S/M","2 PUERTAS 2NIVE","S/T","PLOMO/NEGRO","S/S","0.45X0.89X1.80","","","","","","","","","","D","",""
"2896","32","","746406600009","ARMARIO DE METAL","O/C N° 161-1996","29/02/1996","310.0","","","1503.020102","MOBILIARIO DE OFICINA","M","S/M","2 PUERTAS","CROMADA","PLOMO/NEGRO","S/S","1.80X0.89X0.45","","","","","","","","","","D","",""
"2897","32","","746406600013","ARMARIO DE METAL","O/C N° 161-1996","29/02/1996","310.0","","","1503.020102","MOBILIARIO DE OFICINA","M","S/M","2 PUERTAS","CROMADA","PLOMO/NEGRO","S/S","1.80X0.89X0.45","","","","","","","","","","D","",""
"2898","32","","746406600015","ARMARIO DE METAL","SANEAR","31/12/2021","1.0","","","1503.020102","MOBILIARIO DE OFICINA","M","S/M","2 DIVISIONES","S/T","PLOMO","S/S","0.50X2.10X1.00","","","","","","","","","","D","",""
"2899","32","","746406600017","ARMARIO DE METAL","O/C N° 163-1987","20/05/1987","4120.0","","","1503.020102","MOBILIARIO DE OFICINA","M","S/M","2 PUERTAS 2NIV","S/T","PLOMO/NEGRO","S/S","0.45X0.89X1.80","","","","","","","","","","D","",""
"2900","32","","746406600018","ARMARIO DE METAL","O/C N° 163-1987","20/05/1987","4120.0","","","1503.020102","MOBILIARIO DE OFICINA","M","S/M","2 DIVISIONES 2N","S/T","PLOMO","S/S","0.50X2.10X1.00","","","","","","","","","","D","",""
"2901","32","","602208420007","BALANZA MECANICA","SANEAR","31/12/2021","1.0","","","1503.020905","EQUIPOS E INSTRUMENTOS DE MEDICION","R","CONDOR","S/M","120 KGS","VERDE","S/S","S/D","","","","","","","","","","D","",""
"2902","32","","602210680012","BOMBA DE SUCCION","SANEAR","31/12/2021","1.0","","","1503.020905","EQUIPOS E INSTRUMENTOS DE MEDICION","M","2JD230X3CHINA","4120ST","S/T","VERDE","8703595","S/D","","","","","","","","","","D","",""
"2903","32","","602210680013","BOMBA DE SUCCION","SANEAR","31/12/2021","1.0","","","1503.020905","EQUIPOS E INSTRUMENTOS DE MEDICION","M","CHINO","4120ST","S/T","VERDE","902732","S/D","","","","","","","","","","D","",""
"2904","32","","602210680028","BOMBA DE SUCCION","O/C N° 11-2020","24/01/2020","90.0","","","1503.020905","EQUIPOS E INSTRUMENTOS DE MEDICION","M","SANBO","21254","S/T","PLOMO/ROJO","0EK536009","S/D","","","","","","","","","","D","",""
"2905","32","","602210680030","BOMBA DE SUCCION","SANEAR","31/12/2021","1.0","","","1503.020905","EQUIPOS E INSTRUMENTOS DE MEDICION","M","SANBO","12943","S/T","PLOMO/ROJO","0EK536009","S/D","","","","","","","","","","D","",""
"2906","32","","602210680031","BOMBA DE SUCCION","SANEAR","31/12/2021","1.0","","","1503.020905","EQUIPOS E INSTRUMENTOS DE MEDICION","M","UYSTOOLS","S/M","S/T","AMARILLO","S/S","S/D","","","","","","","","","","D","",""
"2907","32","","742203180001","CALCULADORA ELECTRICA","SANEAR","31/12/2021","1.0","","","1503.020101","MAQUINAS Y EQUIPOS DE OFICINA","M","CANON","P3211-D","S/T","BLANCO/NEGRO","108731","S/D","","","","","","","","","","D","",""
"2908","32","","742203180006","CALCULADORA ELECTRICA","O/C N° 084-1991","31/06/1991","18.9","","","1503.020101","MAQUINAS Y EQUIPOS DE OFICINA","M","CASIO","DR-120N","S/T","BLANCO/NEGRO","6439812","S/D","","","","","","","","","","D","",""
"2909","32","","678250000003","CAMIONETA","O/C N° 975-1996","29/12/1996","50192.48","","","1503.0101","VEHICULOS PARA TRANSPORTE TERRESTRE","M","TOYOTA","HILUX 4X4","PU-2326","AZUL OSCURO","4129766","S/D","PU-2326","22R4129766","RN105-0006788","","","","","","PU-2326","D","",""
"2910","32","","678250000004","CAMIONETA","SANEAR","31/12/2021","1.0","","","1503.0101","VEHICULOS PARA TRANSPORTE TERRESTRE","M","TOYOTA","HILUX","S/T","ROJO VINO","4123719","S/D","PU-2327","22R","RN105-0006480","","","","","","PU-2327","D","",""
"2911","32","","678250000005","CAMIONETA","O/C N° 975-1996","29/12/1996","50192.48","","","1503.0101","VEHICULOS PARA TRANSPORTE TERRESTRE","M","TOYOTA","HILUX 4X4","S/T","GRIS METALICO","4130135","S/D","PU 2325","22R4130135","RN105-0006804","","","","","","PU-2335","D","",""
"2912","32","","678250000030","CAMIONETA","DONADO","31/12/2021","1.0","","","1503.0101","VEHICULOS PARA TRANSPORTE TERRESTRE","M","JEEP","CHEROKE","S/T","PLOMO PLATEADO","601272","S/D","RU-1556","510H21Y601291","601272","","","","","","RU-1556","D","",""
"2913","32","","740800500002","CAPTURADOR DE IMAGEN - SCANNER","1138","31/12/2021","1.0","","","1503.020301","EQUIPOS COMPUTACIONALES Y PERIFERICOS","M","ACER","6696-OQL","","BLANCO","911675240QL143002030","","","","","","","","","","","U","",""
"2914","32","","675003310001","CARGADOR APILADOR MANUAL - MANUAL STACKER","1138","31/12/2021","1.0","","","1503.020999","MAQUINARIAS, EQUIPOS Y MOBILIARIOS DE OTRAS INSTALACIONES","M","JOYON","KCH-1000","S/T","PLOMO","1224","S/D","","","","","","","","","","D","",""
"2915","32","","952215610002","CENTRAL TELEFONICA","SANEAR","31/12/2021","1.0","","","1503.020303","EQUIPOS DE TELECOMUNICACIONES","M","PANASONIC","S/M","S/T","BLANCO","3HBVD010922","S/D","","","","","","","","","","D","",""
"2916","32","","672224420001","CEPILLADORA ELECTRICA PORTATIL","SANEAR","31/12/2021","1.0","","","1503.020906","EQUIPOS PARA VEHICULOS","M","CHINO","BC6063","S/T","VERDE","1024","S/D","","","","","","","","","","D","",""
"2917","32","","322221710003","COCINA A KEROSENE","O/C N° 192- 1991","09/01/1991","55.5","","","1503.020902","ASEO, LIMPIEZA Y COCINA","M","BURGE","2 HORNILLAS","2 HORNILLAS","VERDE","S/S","S/D","","","","","","","","","","D","",""
"2918","32","","322221710004","COCINA A KEROSENE","O/C N° 015-1997","13/08/1997","200.0","","","1503.020902","ASEO, LIMPIEZA Y COCINA","M","SURGE","3 HORNILLAS","SEMI","VERDE","S/S","S/D","","","","","","","","","","D","",""
"2919","32","","322221710005","COCINA A KEROSENE","O/C N°106-1997","08/09/1997","508.0","","","1503.020902","ASEO, LIMPIEZA Y COCINA","M","INDUSTR","3 HORNILLAS","SEMI","BLANCO/NEGRO","S/S","1.03X0.44X0.76","","","","","","","","","","D","",""
"2920","32","","672227260003","COMPRESORA DE AIRE","SANEAR","31/12/2021","1.0","","","1503.020906","EQUIPOS PARA VEHICULOS","M","JK-HP250","ZB-012/P","250 HP","NEGRO","S/S","S/D","","","","","","","","","","D","",""
"2921","32","","532222990003","CONCENTRADOR DE OXIGENO","SANEAR","31/12/2021","1.0","","","1503.020402","EQUIPO MEDICO","M","S/M","S/M","S/T","VERDE","237932","S/D","","","","","","","","","","D","",""
"2922","32","","952219770001","CONTROL DEL TRANSMISOR Y AUDIO","SANEAR","31/12/2021","1.0","","","1503.020303","EQUIPOS DE TELECOMUNICACIONES","M","PANASONIC","AG-A96","S/T","NEGRO","A5B9383K","S/D","","","","","","","","","","D","",""
"2923","32","","672235280004","ELECTROBOMBA","O/C N° 8-00177-2010","31/05/2010","2050.0","","","1503.020906","EQUIPOS PARA VEHICULOS","M","DELPROSA30HP","S/M","S/T","AMARILLO","128030M2","S/D"," "," "," "," "," "," ","",""," ","D","",""
"2924","32","","672244200001","EQUIPO DE CARBURO","SANEAR","31/12/2021","1.0","","","1503.020906","EQUIPOS PARA VEHICULOS","M","DYNAMIC","S/M","S/T","NEGRO","3186482","S/D","","","","","","","","","","D","",""
"2925","32","","672244200003","EQUIPO DE CARBURO","SANEAR","31/12/2021","1.0","","","1503.020906","EQUIPOS PARA VEHICULOS","M","S/M","S/M","QB1 MOD","ROJO","MOD.Q3-1","S/D","","","","","","","","","","D","",""
"2926","32","","672244200004","EQUIPO DE CARBURO","SANEAR","31/12/2021","1.0","","","1503.020906","EQUIPOS PARA VEHICULOS","M","S/M","S/M","S/T","CELESTE","S/S","S/D","","","","","","","","","","D","",""
"2927","32","","746435760001","ESCALERA METALICA","SANEAR","31/12/2021","1.0","","","1503.020102","MOBILIARIO DE OFICINA","M","S/M","S/M","15 PELDAÑOS","ALUMINIO","S/S","S/D","","","","","","","","","","D","",""
"2928","32","","746435760002","ESCALERA METALICA","SANEAR","31/12/2021","1.0","","","1503.020102","MOBILIARIO DE OFICINA","R","S/M","S/M","15 PELDAÑOS","ALUMINIO","S/S","S/D","","","","","","","","","","D","",""
"2929","32","","746437120013","ESCRITORIO DE MADERA","O/C N° 18-1984","10/02/1984","130000.0","","","1503.020102","MOBILIARIO DE OFICINA","R","S/M","S/M","S/T","CAFE","S/S","S/D","","","","","","","","","","D","",""
"2930","32","","746437120014","ESCRITORIO DE MADERA","O/C N° 18-1984","10/02/1984","130000.0","","","1503.020102","MOBILIARIO DE OFICINA","M","S/M","S/M","S/T","CAFE","S/S","S/D","","","","","","","","","","D","",""
"2931","32","","746437120047","ESCRITORIO DE MADERA","O/C N° 153-2012","04/07/2012","430.0","","","1503.020102","MOBILIARIO DE OFICINA","M","S/M","GERENCIAL","S/T","NARANJA","S/S","S/D","","","","","","","","","","D","",""
"2932","32","","746437790009","ESCRITORIO DE METAL","O/C N° 161-1987","20/05/1987","3200.0","","","1503.020102","MOBILIARIO DE OFICINA","M","S/M","S/M","S/T","PLOMO Y NEGRO","S/S","0.65X0.47X0.72","","","","","","","","","","D","",""
"2933","32","","746437790050","ESCRITORIO DE METAL","SANEAR","31/12/2021","1.0","","","1503.020102","MOBILIARIO DE OFICINA","M","S/M","S/M","S/T","PLOMO/NEGRO","S/S","0.65X0.47X0.72","","","","","","","","","","D","",""
"2934","32","","672254910001","ESMERIL ELECTRICO","O/C N° 136 - 2016","30/05/2016","385.0","","","1503.020906","EQUIPOS PARA VEHICULOS","M","TRUPER","","S/T","NEGRO","","S/D","","","","","","","","","","D","",""
"2935","32","","672254910003","ESMERIL ELECTRICO","SANEAR","31/12/2021","1.0","","","1503.020906","EQUIPOS PARA VEHICULOS","M","GRINDER","S/M","FRONTAL","PLOMO","S1M-125","S/D","","","","","","","","","","D","",""
"2936","32","","746441860001","ESTANTE DE METAL","SANEAR","31/12/2021","1.0","","","1503.020102","MOBILIARIO DE OFICINA","M","S/M","ANDAMIO","S/T","PLOMO","S/S","S/D","","","","","","","","","RANURADO","D","",""
"2937","32","","746441860006","ESTANTE DE METAL","SANEAR","31/12/2021","1.0","","","1503.020102","MOBILIARIO DE OFICINA","M","S/M","S/M","S/T","PLOMO","S/S","120X0.20X100","","","","","","","","","","D","",""
"2938","32","","746441860007","ESTANTE DE METAL","SANEAR","31/12/2021","1.0","","","1503.020102","MOBILIARIO DE OFICINA","M","S/M","S/M","S/T","PLOMO","S/S","100X0.60X130","","","","","","","","","","D","",""
"2939","32","","746441860016","ESTANTE DE METAL","SANEAR","31/12/2021","1.0","","","1503.020102","MOBILIARIO DE OFICINA","R","S/M","ANDAMIO","S/T","PLOMO","S/S","2.51x0.61x1.83","","","","","","","","","","D","",""
"2940","32","","952237910001","FACSIMIL","O/C N° 019-1992","10/08/1992","1374.6","","","1503.020303","EQUIPOS DE TELECOMUNICACIONES","M","PANASONIC","PANAFAX","FAX TELEPHONE","BLANCO","1920202251","S/D","","","","","","","","","","D","",""
"2941","32","","952237910003","FACSIMIL","SANEAR","31/12/2021","1.0","","","1503.020303","EQUIPOS DE TELECOMUNICACIONES","M","PANASONIC","KX-F750","S/T","NEGRO","4JCHB028031","S/D","","","","","","","","","","D","",""
"2942","32","","952237910004","FACSIMIL","O/C N° 0600-1997","21/10/1997","1142.4","","","1503.020303","EQUIPOS DE TELECOMUNICACIONES","M","PANASONIC","KX-FS80LA","S/T","NEGRO","7CBRA031520","S/D","","","","","","","","","","D","",""
"2943","32","","742227260001","FOTOCOPIADORA EN GENERAL","SANEAR","31/12/2021","1.0","","","1503.020101","MAQUINAS Y EQUIPOS DE OFICINA","M","CANON","NP1010F1729000","S/T","CREMA","PTG16446","S/D","","","","","","","","","","D","",""
"2944","32","","742227260006","FOTOCOPIADORA EN GENERAL","O/C N° 003-2007","16/07/2007","3775.39","","","1503.020101","MAQUINAS Y EQUIPOS DE OFICINA","M","KYOCERA","KM-1635","S/T","NEGRO/BLANCO","PMF 6200251","S/D","","","","","","","","","","D","",""
"2945","32","","742227260007","FOTOCOPIADORA EN GENERAL","O/C Nº 3-00058-2009","10/08/2009","4032.45","","","1503.020101","MAQUINAS Y EQUIPOS DE OFICINA","M","RICOH","AFICIO","1045S/P","BLANCO","H7117002783","S/D","","","","","","","","","","D","",""
"2946","32","","742227260008","FOTOCOPIADORA EN GENERAL","O/C N° 3-00163-2010","20/10/2010","3656.0","","","1503.020101","MAQUINAS Y EQUIPOS DE OFICINA","M","KONICA MINOLTA","VISH HUB-350","S/T","BLANCO","S/S","S/D"," "," "," "," "," "," ","",""," ","D","",""
"2947","32","","675010400001","FRESADORA","SANEAR","31/12/2021","1.0","","","1503.020999","MAQUINARIAS, EQUIPOS Y MOBILIARIOS DE OTRAS INSTALACIONES","M","CHINO","X62W","S/T","PLOMO","86296","S/D","","","","","","","","","","D","",""
"2948","32","","462261830014","GENERADOR (OTROS)","SANEAR","05/08/2020","1.0","","","1503.020904","ELECTRICIDAD Y ELECTRONICA","M","HONDA","EG 5000CX","ELECTRICO","ROJO/NEGRO","S/S","S/D","","","","","","","","","","D","",""
"2949","32","","322257950004","HORNO ELECTRICO","SANEAR","31/12/2021","1.0","","","1503.020902","ASEO, LIMPIEZA Y COCINA","M","CHINA","S/S","S/T","VERDE","S/S","S/D","","","","","","","","","","D","",""
"2950","32","","322257950007","HORNO ELECTRICO","SANEAR","31/12/2021","1.0","","","1503.020902","ASEO, LIMPIEZA Y COCINA","M","S/M","601T","S/T","NEGRO","290","S/D","","","","","","","","","","D","",""
"2951","32","","740832000008","IMPRESORA (OTRAS)","O/C N° 054-2004","30/01/2004","1914.0","","","1503.020301","EQUIPOS COMPUTACIONALES Y PERIFERICOS","M","HP","LASERJET 1300","LASER","CREMA","S/S","S/D","","","","","","","","","","D","",""
"2952","32","","740832000012","IMPRESORA (OTRAS)","SANEAR","31/12/2021","1.0","","","1503.020301","EQUIPOS COMPUTACIONALES Y PERIFERICOS","M","HP","DESKJET 2420","LASER","AZUL/PLOMO","S/S","S/D","","","","","","","","","","D","",""
"2953","32","","740832000013","IMPRESORA (OTRAS)","O/C N° 396-2006","14/12/2006","1550.0","","","1503.020301","EQUIPOS COMPUTACIONALES Y PERIFERICOS","M","HP","LASERJET 1320","LASER","NEGRO/CREMA","CNHC66Y664","S/D","","","","","","","","","","D","",""
"2954","32","","740832000017","IMPRESORA (OTRAS)","O/C N° 102-2009","24/09/2008","629.0","","","1503.020301","EQUIPOS COMPUTACIONALES Y PERIFERICOS","M","HP","LASERJET P1505","S/T","PLOMO NEGRO","BRBS820GVH","S/D","","","","","","","","","","D","",""
"2955","32","","740832000040","IMPRESORA (OTRAS)","O/C N° 459-2011","30/11/2011","565.0","","","1503.020301","EQUIPOS COMPUTACIONALES Y PERIFERICOS","M","EPSON","TX220","INYECCION DE TA","NEGRO","MFFK0898G0","S/D","","","","","","","","","","D","",""
"2956","32","","740836500001","IMPRESORA A INYECCION DE TINTA","O/C N° 0204-2001","02/05/2001","301.75","","","1503.020301","EQUIPOS COMPUTACIONALES Y PERIFERICOS","M","CANON","BJC-10000","S/T","BJC-10000","FCJ22453","S/D","","","","","","","","","","D","",""
"2957","32","","740836500002","IMPRESORA A INYECCION DE TINTA","O/C N° 0204-2001","02/05/2001","301.75","","","1503.020301","EQUIPOS COMPUTACIONALES Y PERIFERICOS","M","CANON","BJC-10000","S/T","BJC-10000","FCJ22457","S/D","","","","","","","","","","D","",""
"2958","32","","740836500003","IMPRESORA A INYECCION DE TINTA","O/C N° 458-2001","31/10/2001","1027.84","","","1503.020301","EQUIPOS COMPUTACIONALES Y PERIFERICOS","M","HP","DESKJET 950C","S/T","BLANCO","1X610038/1","S/D","","","","","","","","","","D","",""
"2959","32","","740836500004","IMPRESORA A INYECCION DE TINTA","SANEAR","31/12/2021","1.0","","","1503.020301","EQUIPOS COMPUTACIONALES Y PERIFERICOS","M","HP","840C","S/T","BLANCO/PLOMO","NX12RU10076","S/D","","","","","","","","","","D","",""
"2960","32","","740836500007","IMPRESORA A INYECCION DE TINTA","SANEAR","31/12/2021","1.0","","","1503.020301","EQUIPOS COMPUTACIONALES Y PERIFERICOS","M","HP","DESKJET 810C","S/T","CREMA","S/S","S/D","","","","","","","","","","D","",""
"2961","32","","740836500008","IMPRESORA A INYECCION DE TINTA","O/C N° 554-2001","31/12/2001","785.0","","","1503.020301","EQUIPOS COMPUTACIONALES Y PERIFERICOS","M","HP","DESKJET 842C","S/T","PLOMO","CNDB71P1T7","S/D","","","","","","","","","","D","",""
"2962","32","","740836500009","IMPRESORA A INYECCION DE TINTA","O/C Nª 67","21/06/2003","490.0","","","1503.020301","EQUIPOS COMPUTACIONALES Y PERIFERICOS","M","HP CANON","3820","S/T","NEGRO","S/S","S/D","","","","","","","","","","D","",""
"2963","32","","740836500011","IMPRESORA A INYECCION DE TINTA","O/C N° 376-2003","30/12/2003","385.0","","","1503.020301","EQUIPOS COMPUTACIONALES Y PERIFERICOS","M","HP","DESKJET 1938M-A","S/T","BLANCO","S/S","S/D","","","","","","","","","","D","",""
"2964","32","","740836500012","IMPRESORA A INYECCION DE TINTA","O/C N° 286-2004","31/08/2004","455.0","","","1503.020301","EQUIPOS COMPUTACIONALES Y PERIFERICOS","M","HP","DESKJET 3650","S/T","AZUL/PLOMO","S/S","S/D","","","","","","","","","","D","",""
"2965","32","","740836500013","IMPRESORA A INYECCION DE TINTA","O/C N° 0506-2004","29/12/2004","260.0","","","1503.020301","EQUIPOS COMPUTACIONALES Y PERIFERICOS","M","HP","3550","S/T","CREMA/PLOMO","S/S","S/D","","","","","","","","","","D","",""
"2966","32","","740845500001","IMPRESORA MATRIZ DE PUNTO","O/C N° 112-1995","30/03/1995","1146.72","","","1503.020301","EQUIPOS COMPUTACIONALES Y PERIFERICOS","M","EPSON","FX-1170","S/T","BLANCO","6211209782","S/D","","","","","","","","","","D","",""
"2967","32","","740845500003","IMPRESORA MATRIZ DE PUNTO","SANEAR","31/12/2021","1.0","","","1503.020301","EQUIPOS COMPUTACIONALES Y PERIFERICOS","M","CANON","MG2410","S/T","BLANCO","S/S","S/D","","","","","","","","","","D","",""
"2968","32","","740845500004","IMPRESORA MATRIZ DE PUNTO","O/C Nº 000998","29/12/1995","1427.4","","","1503.020301","EQUIPOS COMPUTACIONALES Y PERIFERICOS","M","EPSON","FX-1170","S/T","BLANCO","6211176919","S/D","","","","","","","","","","D","",""
"2969","32","","740845500006","IMPRESORA MATRIZ DE PUNTO","O/C Nª 000764","29/09/1995","1.0","","","1503.020301","EQUIPOS COMPUTACIONALES Y PERIFERICOS","M","EPSON","FX-1170","S/T","BLANCO","S/S","S/D","","","","","","","","","","D","",""
"2970","32","","740845500007","IMPRESORA MATRIZ DE PUNTO","O/C Nª 764","29/09/1995","1406.25","","","1503.020301","EQUIPOS COMPUTACIONALES Y PERIFERICOS","M","EPSON","FX-1170","S/T","BLANCO","6211141617","S/D","","","","","","","","","","D","",""
"2971","32","","740845500011","IMPRESORA MATRIZ DE PUNTO","SANEAR","31/12/2021","1.0","","","1503.020301","EQUIPOS COMPUTACIONALES Y PERIFERICOS","M","EPSON","FX-1170","S/T","BLANCO","1K01024867","S/D","","","","","","","","","","D","",""
"2972","32","","740845500014","IMPRESORA MATRIZ DE PUNTO","O/C N° 099-1996","29/01/1996","1416.0","","","1503.020301","EQUIPOS COMPUTACIONALES Y PERIFERICOS","M","EPSON","S/M","S/T","BLANCO","C1141700C5417031","S/D","","","","","","","","","","D","",""
"2973","32","","740845500018","IMPRESORA MATRIZ DE PUNTO","O/C N° 552-2001","31/12/2001","2585.15","","","1503.020301","EQUIPOS COMPUTACIONALES Y PERIFERICOS","M","EPSON","LQ2180","S/T","BLANCO","BDXY002549","S/D","","","","","","","","","","D","",""
"2974","32","","740845500019","IMPRESORA MATRIZ DE PUNTO","O/C N° 019-1997","08/05/1997","1342.5","","","1503.020301","EQUIPOS COMPUTACIONALES Y PERIFERICOS","M","EPSON","LQ-2070","S/T","BLANCO","ZYQYDO5112","S/D","","","","","","","","","","D","",""
"2975","32","","740845500022","IMPRESORA MATRIZ DE PUNTO","O/C N° 049-1997","15/09/1997","1558.77","","","1503.020301","EQUIPOS COMPUTACIONALES Y PERIFERICOS","M","EPSON","LQ-2070","S/T","BLANCO","2YQY0033644","S/D","","","","","","","","","","D","",""
"2976","32","","740845500024","IMPRESORA MATRIZ DE PUNTO","SANEAR","31/12/2021","1.0","","","1503.020301","EQUIPOS COMPUTACIONALES Y PERIFERICOS","M","EPSON","LX-200","P850A","BLANCO","1Q6E058222","S/D","","","","","","","","","","D","",""
"2977","32","","740845500025","IMPRESORA MATRIZ DE PUNTO","SANEAR","31/12/2021","1.0","","","1503.020301","EQUIPOS COMPUTACIONALES Y PERIFERICOS","M","EPSON","FX-1170","S/T","BLANCO","6211145930","S/D","","","","","","","","","","D","",""
"2978","32","","740845500026","IMPRESORA MATRIZ DE PUNTO","SANEAR","31/12/2021","1.0","","","1503.020301","EQUIPOS COMPUTACIONALES Y PERIFERICOS","M","EPSON","P631B","S/T","BLANCO","1X61003871","S/D","","","","","","","","","","D","",""
"2979","32","","740845500027","IMPRESORA MATRIZ DE PUNTO","SANEAR","31/12/2021","1.0","","","1503.020301","EQUIPOS COMPUTACIONALES Y PERIFERICOS","M","EPSON","FX-P711A","S/T","BLANCO","6211056352","S/D","","","","","","","","","","D","",""
"2980","32","","740850000002","IMPRESORA PARA PLANOS - PLOTTERS","O/C N° 251-1995","26/06/1995","18660.81","","","1503.020301","EQUIPOS COMPUTACIONALES Y PERIFERICOS","M","HP","DESIGNJET 230","C4695A","PLOMO/BLANCO","ESSA5501213","S/D","","","","","","","","","","D","",""
"2981","32","","740850000006","IMPRESORA PARA PLANOS - PLOTTERS","SANEAR","31/12/2021","1.0","","","1503.020301","EQUIPOS COMPUTACIONALES Y PERIFERICOS","M","S/M","38900","ARQUE II","BLANCO/PLOMO","S/S","S/D","","","","","","","","","","D","",""
"2982","32","","952246980003","INTERCOMUNICADOR","O/C N° 69-1993","05/12/1993","83.26","","","1503.020303","EQUIPOS DE TELECOMUNICACIONES","M","NATIONAL","VL-376","S/T","BLANCO/CAFE","S/S","S/D","","","","","","","","","","D","",""
"2983","32","","952246980004","INTERCOMUNICADOR","SANEAR","31/12/2021","1.0","","","1503.020303","EQUIPOS DE TELECOMUNICACIONES","M","NATIONAL","VL-376","S/T","BLANCO/CAFE","S/S","S/D","","","","","","","","","","D","",""
"2984","32","","952246980012","INTERCOMUNICADOR","SANEAR","31/12/2021","1.0","","","1503.020303","EQUIPOS DE TELECOMUNICACIONES","M","NATIONAL","VL-376","S/T","BLANCO/CAFE","S/S","S/D","","","","","","","","","","D","",""
"2985","32","","742237960005","MAQUINA DE ESCRIBIR ELECTRICA","SANEAR","31/12/2021","1.0","","","1503.020101","MAQUINAS Y EQUIPOS DE OFICINA","M","OLIVETI","ET-111","S/T","NEGRO/BLANCO","604880","S/D","","","","","","","","","","D","",""
"2986","32","","742237960009","MAQUINA DE ESCRIBIR ELECTRICA","SANEAR","31/12/2021","1.0","","","1503.020101","MAQUINAS Y EQUIPOS DE OFICINA","M","OLIVETI","TEKENE-4","S/T","NEGRO/PLOMO","6677274 205 ESP","S/D","","","","","","","","","","D","",""
"2987","32","","742243310006","MAQUINA DE ESCRIBIR MECANICA","SANEAR","31/12/2021","1.0","","","1503.020101","MAQUINAS Y EQUIPOS DE OFICINA","M","OLVETTI","TEKENE-4","S/T","NEGRO/PLOMO","S/S","S/D","","","","","","","","","","D","",""
"2988","32","","675026900001","MAQUINA DE SOLDAR","SANEAR","31/12/2021","1.0","","","1503.020999","MAQUINARIAS, EQUIPOS Y MOBILIARIOS DE OTRAS INSTALACIONES","M","WELDER","BX3-2HT","S/T","PLOMO","857575","S/D","","","","","","","","","","D","",""
"2989","32","","675026900002","MAQUINA DE SOLDAR","SANEAR","31/12/2021","1.0","","","1503.020999","MAQUINARIAS, EQUIPOS Y MOBILIARIOS DE OTRAS INSTALACIONES","M","S/M","/M","S/T","PLOMO","S/S","S/D","","","","","","","","","","D","",""
"2990","32","","675026900003","MAQUINA DE SOLDAR","SANEAR","31/12/2021","1.0","","","1503.020999","MAQUINARIAS, EQUIPOS Y MOBILIARIOS DE OTRAS INSTALACIONES","M","S/M","BX3-2HT","S/T","PLOMO","857581","S/D","","","","","","","","","","D","",""
"2991","32","","675026900004","MAQUINA DE SOLDAR","SANEAR","31/12/2021","1.0","","","1503.020999","MAQUINARIAS, EQUIPOS Y MOBILIARIOS DE OTRAS INSTALACIONES","M","S/M","BX3 300-2HT","S/T","PLOMO","857571","S/D","","","","","","","","","","D","",""
"2992","32","","675026900007","MAQUINA DE SOLDAR","SANEAR","31/12/2021","1.0","","","1503.020999","MAQUINARIAS, EQUIPOS Y MOBILIARIOS DE OTRAS INSTALACIONES","M","SOLCAR","MASA","S/T","CELESTE","499 POTT.DE 25AMP","S/D","","","","","","","","","","D","",""
"2993","32","","672275090001","MARTILLO DEMOLEDOR ELECTRICO","O/C N° 132-2013","26/03/2013","3300.0","","","1503.020906","EQUIPOS PARA VEHICULOS","R","BOSCH","GBH-11DE","S/T","VERDE OSCURO","S/S","S/D","","","","","","","","","","U","",""
"2994","32","","746449320001","MESA DE MADERA","SANEAR","31/12/2021","1.0","","","1503.020102","MOBILIARIO DE OFICINA","M","S/M","S/M","S/T","CAFE","S/S","0.59X1.46X0.84","","","","","","","","","","D","",""
"2995","32","","746449320008","MESA DE MADERA","SANEAR","31/12/2021","1.0","","","1503.020102","MOBILIARIO DE OFICINA","R","S/M","S/S","S/T","PLOMO","S/S","1.00X2.00X0.79","","","","","","","","","","D","",""
"2996","32","","746450680003","MESA DE METAL","SANEAR","31/12/2021","1.0","","","1503.020102","MOBILIARIO DE OFICINA","M","S/M","S/M","S/T","PLOMO","S/S","1.22X2.41X0.70","","","","","","","","","","D","",""
"2997","32","","746450680009","MESA DE METAL","SANEAR","31/12/2021","1.0","","","1503.020102","MOBILIARIO DE OFICINA","M","S/M","S/M","S/T","PLOMO","S/S","0.53X1.90X0.86","","","","","","","","","","D","",""
"2998","32","","746450680011","MESA DE METAL","SANEAR","31/12/2021","1.0","","","1503.020102","MOBILIARIO DE OFICINA","M","S/M","S/M","S/T","PLOMO","S/S","1,45X1,00X1,00","","","","","","","","","","D","",""
"2999","32","","746450680018","MESA DE METAL","SANEAR","31/12/2021","1.0","","","1503.020102","MOBILIARIO DE OFICINA","M","S/M","S/M","S/T","PLOMO","S/S","S/D","","","","","","","","","","D","",""
"3000","32","","746454580008","MESITA DE MADERA","SANEAR","31/12/2021","1.0","","","1503.020102","MOBILIARIO DE OFICINA","M","S/M","GAVETA CON RUED","S/T","PLOMO","S/S","0.65X0.44X0.74","","","","","","","","","","U","",""
"3001","32","","746456440001","MESITA DE METAL","SANEAR","31/12/2021","1.0","","","1503.020102","MOBILIARIO DE OFICINA","M","S/M","S/M","S/T","PLOMO","S/S","0.87X0.45X0.65","","","","","","","","","","D","",""
"3002","32","","746456440002","MESITA DE METAL","SANEAR","31/12/2021","1.0","","","1503.020102","MOBILIARIO DE OFICINA","M","S/M","S/M","S/T","PLOMO","S/S","0.85X0.45X0.70","","","","","","","","","","D","",""
"3003","32","","746456780001","MESITA DE METAL PARA MAQUINA DE ESCRIBIR","SANEAR","31/12/2021","1.0","","","1503.020102","MOBILIARIO DE OFICINA","R","S/M","S/M","S/T","PLOMO/MADERA","S/S","0.83X0.40X0.70","","","","","","","","","","D","",""
"3004","32","","675080890012","MEZCLADORA DE CONCRETO TIPO TROMPO","O/C N° 0074-2006","30/06/2006","6040.0","","","1503.020999","MAQUINARIAS, EQUIPOS Y MOBILIARIOS DE OTRAS INSTALACIONES","M","INTEK","IC305","S/T","AMARILLO","S/S","S/D","","","","","","","","","","D","",""
"3005","32","","675080890028","MEZCLADORA DE CONCRETO TIPO TROMPO","O/C N° 3-00107-2009","29/09/2009","8136.0","","","1503.020999","MAQUINARIAS, EQUIPOS Y MOBILIARIOS DE OTRAS INSTALACIONES","M","DYMANIC KOHLER","M12","S/T","NARANJA","3919490179","S/D","","","","","","HONDA","","","","D","",""
"3006","32","","675080890029","MEZCLADORA DE CONCRETO TIPO TROMPO","O/C N° 3-00107-2009","29/09/2009","8136.0","","","1503.020999","MAQUINARIAS, EQUIPOS Y MOBILIARIOS DE OTRAS INSTALACIONES","M","DYMANIC KOHLER","M12","S/T","NARANJA","3919490199","S/D","","","","","","","","","EN ALMACEN 1","D","",""
"3007","32","","675080890030","MEZCLADORA DE CONCRETO TIPO TROMPO","O/C N° 6-00027-2009","23/11/2009","8320.0","","","1503.020999","MAQUINARIAS, EQUIPOS Y MOBILIARIOS DE OTRAS INSTALACIONES","M","KOHLER","M 12","S/T","AMARILLO","M12","S/D","","","","","","","","","","D","",""
"3008","32","","675080890031","MEZCLADORA DE CONCRETO TIPO TROMPO","O/C Nª 0-00082-2010","31/03/2010","8651.0","","","1503.020999","MAQUINARIAS, EQUIPOS Y MOBILIARIOS DE OTRAS INSTALACIONES","M","DYNAMIC KOHLER","M 12","S/T","NARANJA","4009890149","S/D","","","","","","","","","","D","",""
"3009","32","","675080890033","MEZCLADORA DE CONCRETO TIPO TROMPO","O/C N° 3-00023-2010","23/04/2010","9790.0","","","1503.020999","MAQUINARIAS, EQUIPOS Y MOBILIARIOS DE OTRAS INSTALACIONES","M","DYNAMIC KOHLER","DYNAMIC 9P3 120 M12","S/T","NARANJA","4003590079","S/D"," "," "," "," "," "," ","",""," ","D","",""
"3010","32","","675080890034","MEZCLADORA DE CONCRETO TIPO TROMPO","O/C N° 8-00114-2010","23/04/2010","9790.0","","","1503.020999","MAQUINARIAS, EQUIPOS Y MOBILIARIOS DE OTRAS INSTALACIONES","M","DYNAMIC KOHLER","DYNAMIC 9P312.P","S/T","NARANJA","3924490339","S/D"," "," "," "," "," "," ","",""," ","D","",""
"3011","32","","675080890035","MEZCLADORA DE CONCRETO TIPO TROMPO","O/C N° 8-00117-2010","23/04/2010","9790.0","","","1503.020999","MAQUINARIAS, EQUIPOS Y MOBILIARIOS DE OTRAS INSTALACIONES","M","DYNAMIC KOHLER","M 12","S/T","NARANJA","4003590229","S/D"," "," "," "," "," "," ","",""," ","D","",""
"3012","32","","675080890036","MEZCLADORA DE CONCRETO TIPO TROMPO","O/C N° 6-00024-2010","27/01/2010","8651.0","","","1503.020999","MAQUINARIAS, EQUIPOS Y MOBILIARIOS DE OTRAS INSTALACIONES","M","DYNAMIC","MCD9P/M12","S/T","NARANJA","4022590069","S/D","","","","","","","","","","D","",""
"3013","32","","675080890038","MEZCLADORA DE CONCRETO TIPO TROMPO","O/C N° 6-00034-2010","28/01/2010","8651.0","","","1503.020999","MAQUINARIAS, EQUIPOS Y MOBILIARIOS DE OTRAS INSTALACIONES","M","KOHLER","MDC9P/M12","S/T","AMARILLO","4022290079","S/D"," "," "," "," "," "," ","",""," ","D","",""
"3014","32","","675080890039","MEZCLADORA DE CONCRETO TIPO TROMPO","O/C N° 178-2011","07/07/2011","6000.0","","","1503.020999","MAQUINARIAS, EQUIPOS Y MOBILIARIOS DE OTRAS INSTALACIONES","M","KOHLER","MAGNUN 12","S/T","AMARILLO","4206900279","S/D","","","","","","","","","","D","",""
"3015","32","","675080890042","MEZCLADORA DE CONCRETO TIPO TROMPO","O/C N° 360-2011","17/10/2011","7100.0","","","1503.020999","MAQUINARIAS, EQUIPOS Y MOBILIARIOS DE OTRAS INSTALACIONES","M","KHOLER","M 12","S/T","AMARILLO","4034732218","S/D","","","","","","","","","","D","",""
"3016","32","","675080890043","MEZCLADORA DE CONCRETO TIPO TROMPO","O/C N° 360-2011","17/10/2011","7100.0","","","1503.020999","MAQUINARIAS, EQUIPOS Y MOBILIARIOS DE OTRAS INSTALACIONES","M","KHOLER","S/M","S/T","AMARILLO","40316081981","S/D","","","","","","","","","","D","",""
"3017","32","","675080890044","MEZCLADORA DE CONCRETO TIPO TROMPO","O/C N° 77-2012","23/04/2012","18490.0","","","1503.020999","MAQUINARIAS, EQUIPOS Y MOBILIARIOS DE OTRAS INSTALACIONES","M","DYNAMIC KOH","MCT7P/M16 KHOLER","C/ TOLVA 7P3","NARANJA","4200900239","S/D","","","","","","","","","","D","",""
"3018","32","","675080890045","MEZCLADORA DE CONCRETO TIPO TROMPO","O/C N° 80-2012","26/04/2012","6495.0","","","1503.020999","MAQUINARIAS, EQUIPOS Y MOBILIARIOS DE OTRAS INSTALACIONES","M","DYNAMIC K0H","M12 KHOLER","TROMPO","NARANJA","M9-616-12/4203800329","S/D","","","","","","","","","","D","",""
"3019","32","","675080890047","MEZCLADORA DE CONCRETO TIPO TROMPO","SANEAR","31/12/2021","1.0","","","1503.020999","MAQUINARIAS, EQUIPOS Y MOBILIARIOS DE OTRAS INSTALACIONES","M","KOHLER","M12","S/T","NARANJA","M11-449-12/420690029","S/D","","","","","","","","","","U","",""
"3020","32","","675080890049","MEZCLADORA DE CONCRETO TIPO TROMPO","O/C N° 110-2012","29/05/2012","6593.0","","","1503.020999","MAQUINARIAS, EQUIPOS Y MOBILIARIOS DE OTRAS INSTALACIONES","M","DYNAMIC KOHLER","MDCP","S/T","NARANJA","4206900259","S/D","","","","","","","","","","D","",""
"3021","32","","675080890050","MEZCLADORA DE CONCRETO TIPO TROMPO","O/C N° 110-2012","29/05/2012","6593.0","","","1503.020999","MAQUINARIAS, EQUIPOS Y MOBILIARIOS DE OTRAS INSTALACIONES","M","DYNAMIC KOHLER","MDCP","S/T","NARANJA","M11-450-121/42069009","S/D","","","","","","","","","","D","",""
"3022","32","","675080890053","MEZCLADORA DE CONCRETO TIPO TROMPO","O/C N° 425-2012","17/12/2012","6600.0","","","1503.020999","MAQUINARIAS, EQUIPOS Y MOBILIARIOS DE OTRAS INSTALACIONES","M","DYNAMIC","MDC 11P/GX390","S/T","NARANJA","998","S/D","","","","","","","","","","D","",""
"3023","32","","675080890054","MEZCLADORA DE CONCRETO TIPO TROMPO","O/C N° 424-2012","17/12/2012","6600.0","","","1503.020999","MAQUINARIAS, EQUIPOS Y MOBILIARIOS DE OTRAS INSTALACIONES","M","HONDA DYNAMIC","MCD 11P/GX390","TROMPO","NARANJA","M11-969-12, GCAFH-0.","S/D","","","","","","","","","","D","",""
"3024","32","","675080890055","MEZCLADORA DE CONCRETO TIPO TROMPO","O/C N°123-2013","21/03/2021","4900.0","","","1503.020999","MAQUINARIAS, EQUIPOS Y MOBILIARIOS DE OTRAS INSTALACIONES","R","KOHLER","MDCP/M12","COFERSA","AMARILLO","S-02 - (4229618138)","","","","","","","","","","","D","",""
"3025","32","","675080890056","MEZCLADORA DE CONCRETO TIPO TROMPO","O/C N° 308-2013","07/06/2013","4920.0","","","1503.020999","MAQUINARIAS, EQUIPOS Y MOBILIARIOS DE OTRAS INSTALACIONES","M","DYNAMIC","MDCP/M12","S/T","NARANJA","4225618028","S/D","","","","","","","","","","D","",""
"3026","32","","675080890057","MEZCLADORA DE CONCRETO TIPO TROMPO","O/C N° 308-2013","07/06/2013","4920.0","","","1503.020999","MAQUINARIAS, EQUIPOS Y MOBILIARIOS DE OTRAS INSTALACIONES","M","DYNAMIC KOHLER","MDCP/M12","S/T","NARANJA","4235215398","S/D","","","","","","","","","","D","",""
"3027","32","","675080890058","MEZCLADORA DE CONCRETO TIPO TROMPO","O/C N° 345-2013","13/06/2013","5350.0","","","1503.020999","MAQUINARIAS, EQUIPOS Y MOBILIARIOS DE OTRAS INSTALACIONES","R","DYNAMIC KOHLER","MDCP/M12","S/T","NARANJA","4223000238","S/D","","","","","","","","","","D","",""
"3028","32","","675080890059","MEZCLADORA DE CONCRETO TIPO TROMPO","O/C N° 345-2013","13/06/2013","5350.0","","","1503.020999","MAQUINARIAS, EQUIPOS Y MOBILIARIOS DE OTRAS INSTALACIONES","M","DYNAMIC KOHLER","MDCP/M12","S/T","NARANJA","4225620528","S/D","","","","","","","","","","D","",""
"3029","32","","675080890061","MEZCLADORA DE CONCRETO TIPO TROMPO","O/C N° 447-2013","10/07/2013","5400.0","","","1503.020999","MAQUINARIAS, EQUIPOS Y MOBILIARIOS DE OTRAS INSTALACIONES","M","KOHLER","CH440","S/T","AMARILLO","4110902988","S/D","","","","","","","","","","D","",""
"3030","32","","675080890066","MEZCLADORA DE CONCRETO TIPO TROMPO","O/C N° 0131-2007","10/07/2007","6720.0","","","1503.020999","MAQUINARIAS, EQUIPOS Y MOBILIARIOS DE OTRAS INSTALACIONES","M","KHOLER","CS23T","S/T","AMARILLO","3622302555","S/D","","","","","","","","","","D","",""
"3031","32","","675080890071","MEZCLADORA DE CONCRETO TIPO TROMPO","O/C N° 868-2013","03/12/2013","5057.0","","","1503.020999","MAQUINARIAS, EQUIPOS Y MOBILIARIOS DE OTRAS INSTALACIONES","M","DYNAMIC","GX390","S/T","NARANJA","GCAFH-0313765","S/D","","","","","","","","","","D","",""
"3032","32","","675080890077","MEZCLADORA DE CONCRETO TIPO TROMPO","O/C N° 80-2012","26/04/2012","6495.0","","","1503.020999","MAQUINARIAS, EQUIPOS Y MOBILIARIOS DE OTRAS INSTALACIONES","M","DYNAMIC K0H","M12 KHOLER","TROMPO","AMARILLO","M9-136-12/4135300699","S/D","","","","","","","","","","D","",""
"3033","32","","675080890080","MEZCLADORA DE CONCRETO TIPO TROMPO","O/C N° 28 ","26/02/2016","4600.0","","","1503.020999","MAQUINARIAS, EQUIPOS Y MOBILIARIOS DE OTRAS INSTALACIONES","R","DYNAMIC","GX390-389-CM3","TROMPO","NARANJA","1511180402-SU188F","S/D","","","","","","","","","","D","",""
"3034","32","","675080890083","MEZCLADORA DE CONCRETO TIPO TROMPO","O/C N° 27-2016","26/02/2016","4600.0","","","1503.020999","MAQUINARIAS, EQUIPOS Y MOBILIARIOS DE OTRAS INSTALACIONES","R","DYNAMIC HONDA","GX390","TROMPO","NARANJA","1511180373","S/D","","","","","","","","","","D","",""
"3035","32","","675080890096","MEZCLADORA DE CONCRETO TIPO TROMPO","O/C N° 424-2012","17/12/2012","6600.0","","","1503.020999","MAQUINARIAS, EQUIPOS Y MOBILIARIOS DE OTRAS INSTALACIONES","M","HONDA DYNAMIC","MCD 11P/GX390","TROMPO","NARANJA","M11-1012-12, GCAFH-0","S/D","","","","","","","","","","D","",""
"3036","32","","46436500013","MIRA TOPOGRAFICA","O/C N°288","30/05/1995","716.8","","","1503.020501","MOBILIARIO DE USO AGRICOLA Y PESQUERO","M","S/M","S/M","S/T","AZUL","S/S","S/D","","","","","","","","","","D","",""
"3037","32","","46436500037","MIRA TOPOGRAFICA","O/C N° 0085-2007","21/06/2007","605.0","","","1503.020501","MOBILIARIO DE USO AGRICOLA Y PESQUERO","M","S/M","S/M","S/T","AZUL","S/S","S/D","","","","","","","","","","D","",""
"3038","32","","46436500042","MIRA TOPOGRAFICA","O/C N° 0170-2007","24/09/2007","550.0","","","1503.020501","MOBILIARIO DE USO AGRICOLA Y PESQUERO","M","S/M","S/M","S/T","AZUL","S/S","S/D","","","","","","","","","","D","",""
"3039","32","","46436500044","MIRA TOPOGRAFICA","O/C N° 0170-2007","24/09/2007","550.0","","","1503.020501","MOBILIARIO DE USO AGRICOLA Y PESQUERO","M","S/M","S/M","S/T","AZUL","S/S","S/D","","","","","","","","","","D","",""
"3040","32","","46436500045","MIRA TOPOGRAFICA","O/C N° 0170-2007","24/09/2007","550.0","","","1503.020501","MOBILIARIO DE USO AGRICOLA Y PESQUERO","M","S/M","S/M","S/T","AZUL","S/S","S/D","","","","","","","","","","D","",""
"3041","32","","746460850017","MODULO DE MADERA PARA MICROCOMPUTADORA","O/C N° 699-A-1996","29/11/1996","320.0","","","1503.020102","MOBILIARIO DE OFICINA","M","S/M","S/M","S/T","CAFE","S/S","043x0.40x0.82","","","","","","","","","","D","",""
"3042","32","","952258120003","MONITOR (OTROS)","O/C N° 0095-2008","19/09/2008","742.8","","","1503.020303","EQUIPOS DE TELECOMUNICACIONES","M","LG","L175375","S/T","NEGRO","805NDSR6X523","S/D","","","","","","","","","","D","",""
"3043","32","","952258120006","MONITOR (OTROS)","O/C N° 0175-2008","17/12/2008","757.05","","","1503.020303","EQUIPOS DE TELECOMUNICACIONES","M","LG","LCD","S/T","NEGRO","805LDJXF116","S/D","","","","","","","","","","D","",""
"3044","32","","952258120026","MONITOR (OTROS)","O/C N° 3-00021-2010","23/04/2010","732.55","","","1503.020303","EQUIPOS DE TELECOMUNICACIONES","M","HYUNDAI","PLASMA LCD","PLASMA LCD","NEGRO","V960WDSCR9B00322","S/D","","","","","","","","","","D","",""
"3045","32","","952258120036","MONITOR (OTROS)","O/C N° 00239-2011","09/08/2011","848.16","","","1503.020303","EQUIPOS DE TELECOMUNICACIONES","M","LG","S/M","S/T","NEGRO","106TPZKOT 757","S/D","","","","","","","","","","D","",""
"3046","32","","952258120054","MONITOR (OTROS)","O/C Nº 000532-2013","23/07/2013","754.32","","","1503.020303","EQUIPOS DE TELECOMUNICACIONES","M","LG","22EA53VA","S/T","NEGRO","303NDZJ5D579","S/D","","","","","","","","","","D","",""
"3047","32","","952258120060","MONITOR (OTROS)","O/C N°67","21/06/2003","692.86","","","1503.020303","EQUIPOS DE TELECOMUNICACIONES","M","SAMSUNG","S/M","S/T","NEGRO","ZWQ1HTJC700708J","S/D","","","","","","","","","","D","",""
"3048","32","","952258120067","MONITOR (OTROS)","O/C N°381","30/10/2004","655.2","","","1503.020303","EQUIPOS DE TELECOMUNICACIONES","M","SAMSUNG","SYNCMASTER 3NE","S/T","CREMA","S/S","S/D","","","","","","","","","","D","",""
"3049","32","","952258120079","MONITOR (OTROS)","SANEAR","31/12/2021","1.0","","","1503.020303","EQUIPOS DE TELECOMUNICACIONES","M","SAMSUNG","SYNCMASTER 55V1","S/T","CREMA","S/S","S/D","","","","","","","","","","D","",""
"3050","32","","740877000001","MONITOR A COLOR","SANEAR","31/12/2021","1.0","","","1503.020301","EQUIPOS COMPUTACIONALES Y PERIFERICOS","M","SAMSUNG","CVB4587 CQB4147","S/T","BLANCO","HCDH700320","S/D","","","","","","","","","","D","",""
"3051","32","","740877000003","MONITOR A COLOR","SANEAR","31/12/2021","1.0","","","1503.020301","EQUIPOS COMPUTACIONALES Y PERIFERICOS","M","SAMSUNG","CVM4963T","S/T","CREMA","H2JCDAO3292","S/D","","","","","","","","","","D","",""
"3052","32","","740877000004","MONITOR A COLOR","SANEAR","31/12/2021","1.0","","","1503.020301","EQUIPOS COMPUTACIONALES Y PERIFERICOS","M","SAMTRON","SC-441V","S/T","CREMA","9321423731","S/D","","","","","","","","","","D","",""
"3053","32","","740877000006","MONITOR A COLOR","O/C N° 005-1993","28/02/1993","1017.5","","","1503.020301","EQUIPOS COMPUTACIONALES Y PERIFERICOS","M","SAMSUNG","CBM4967","S/T","BLANCO","H8UBB09103","S/D","","","","","","","","","","D","",""
"3054","32","","740877000009","MONITOR A COLOR","O/C N°000998","29/12/1995","930.59","","","1503.020301","EQUIPOS COMPUTACIONALES Y PERIFERICOS","M","SAMSUNG","SYNC MASTER","S/T","MARFIL","H82C70567","S/D","","","","","","","","","","D","",""
"3055","32","","740877000011","MONITOR A COLOR","O/C N° 112-1995","30/03/1995","1434.11","","","1503.020301","EQUIPOS COMPUTACIONALES Y PERIFERICOS","M","GOLDSTAR","1460DLS","S/T","BLANCO","237F470471A","S/D","","","","","","","","","","D","",""
"3056","32","","740877000012","MONITOR A COLOR","SANEAR","31/12/2021","1.0","","","1503.020301","EQUIPOS COMPUTACIONALES Y PERIFERICOS","M","SAMSUNG","CQA4147","S/T","BLANCO","H8WG103308","S/D","","","","","","","","","","D","",""
"3057","32","","740877000013","MONITOR A COLOR","SANEAR","31/12/2021","1.0","","","1503.020301","EQUIPOS COMPUTACIONALES Y PERIFERICOS","M","SAMSUNG","CVM4967P","S/T","BLANCO","HBWF602204","S/D","","","","","","","","","","D","",""
"3058","32","","740877000014","MONITOR A COLOR","O/C N° 057-1996","29/01/1996","475.29","","","1503.020301","EQUIPOS COMPUTACIONALES Y PERIFERICOS","M","SAMSUNG","CVM49677T","VGA- MONO 14","BLANCO","HIEC804862","S/D","","","","","","","","","","D","",""
"3059","32","","740877000015","MONITOR A COLOR","O/C N° 099-1996","29/01/1996","1430.16","","","1503.020301","EQUIPOS COMPUTACIONALES Y PERIFERICOS","M","SAMSUNG","CQB4147","S/T","BLANCO","H2FA08478","S/D","","","","","","","","","","D","",""
"3060","32","","740877000016","MONITOR A COLOR","O/C N°49","15/09/1997","782.14","","","1503.020301","EQUIPOS COMPUTACIONALES Y PERIFERICOS","M","SAMSUNG","CVM4967T","S/T","BLANCO","H8JD703953","S/D","","","","","","","","","","D","",""
"3061","32","","740877000017","MONITOR A COLOR","SANEAR","31/12/2021","1.0","","","1503.020202","MOBILIARIO EDUCATIVO","M","SAMSUNG","SYNCMASTER","S/T","CREMA","HA14CEK316934A-PE","S/D","","","","","","","","","","D","",""
"3062","32","","740877000019","MONITOR A COLOR","O/C N° 630-1996","29/10/1996","904.8","","","1503.020202","MOBILIARIO EDUCATIVO","M","SAMSUNG","CQA 4147","S/T","BLANCO","H8JG708651","S/D","","","","","","","","","","D","",""
"3063","32","","740877000021","MONITOR A COLOR","O/C N° 074-1999","28/04/1999","669.24","","","1503.020202","MOBILIARIO EDUCATIVO","M","SAMSUNG","CQA 4147","DIA 3,38","CREMA","H8WFX00660","S/D","","","","","","","","","","D","",""
"3064","32","","740877000023","MONITOR A COLOR","O/C N° 22-2000","28/01/2000","651.2","","","1503.020202","MOBILIARIO EDUCATIVO","M","SAMSUNG","SYNCMASTER","S/T","CREMA","DP14HCEKA03555/ML","S/D","","","","","","","","","","D","",""
"3065","32","","740877000024","MONITOR A COLOR","O/C N° 0178-2000","11/07/2000","565.95","","","1503.020202","MOBILIARIO EDUCATIVO","M","SAMSUNG","450 MB","S/T","BLANCO","DP14HCEKC14858Y","S/D","","","","","","","","","","D","",""
"3066","32","","740877000025","MONITOR A COLOR","O/C N° 8-00003-2010","26/02/2010","972.8","","","1503.020202","MOBILIARIO EDUCATIVO","M","SAMSUNG","5505DT15LS7LPES","S/T","BLANCO","DT1SHCAR407966J","S/D","","","","","","","","","","D","",""
"3067","32","","740877000026","MONITOR A COLOR","O/C N° 159-2003","04/08/2003","437.5","","","1503.020202","MOBILIARIO EDUCATIVO","M","SAMSUNG","SYNCMASTER","15¨","BLANCO","H2KC300826","S/D","","","","","","","","","","D","",""
"3068","32","","740877000029","MONITOR A COLOR","O/C N° 494-2001","02/12/2001","358.0","","","1503.020202","MOBILIARIO EDUCATIVO","M","SAMSUNG","450NB","S/T","BLANCO","DP14HCEDR603613Z","S/D","","","","","","","","","","D","",""
"3069","32","","740877000030","MONITOR A COLOR","SANEAR","31/12/2021","1.0","","","1503.020202","MOBILIARIO EDUCATIVO","M","SAMSUNG","SYNCMASTER","S/T","CREMA","DP14HCER507550B","S/D","","","","","","","","","","D","",""
"3070","32","","740877000032","MONITOR A COLOR","O/C N° 275-2001","28/06/2001","737.42","","","1503.020202","MOBILIARIO EDUCATIVO","M","SAMSUNG","S/M","S/T","CREMA","S/S","S/D","","","","","","","","","","D","",""
"3071","32","","740877000036","MONITOR A COLOR","SANEAR","31/12/2021","1.0","","","1503.020202","MOBILIARIO EDUCATIVO","M","SAMSUNG","SYNC MASTER 55V","S/T","BLANCO","ANISHCETADO741A","S/D","","","","","","","","","","D","",""
"3072","32","","740877000037","MONITOR A COLOR","O/C N° 015-C-2004","11/08/2004","771.75","","","1503.020202","MOBILIARIO EDUCATIVO","M","SAMSUNG","SYNCMASTER 551V","S/T","CREMA","S/S","S/D","","","","","","","","","","D","",""
"3073","32","","740877000038","MONITOR A COLOR","O/C N° 374-2003","30/12/2003","628.32","","","1503.020202","MOBILIARIO EDUCATIVO","M","SAMSUNG","AN15VSPN/PES","S/T","BLANCO","AN15HXBW180145R PE","S/D","","","","","","","","","","D","",""
"3074","32","","740877000039","MONITOR A COLOR","O/C N° 375 -2003","30/12/2003","628.32","","","1503.020202","MOBILIARIO EDUCATIVO","M","SAMSUNG","SYNCMASTER","S/T","CREMA","S/S","S/D","","","","","","","","","","D","",""
"3075","32","","740877000040","MONITOR A COLOR","O/C N° 375 -2003","30/12/2003","628.32","","","1503.020202","MOBILIARIO EDUCATIVO","M","SAMSUNG","AN15VSPN/PES","15''","BLANCO","AN15HXBN71960M PE","S/D","","","","","","","","","","D","",""
"3076","32","","740877000041","MONITOR A COLOR","O/C N° 054-2004","30/01/2004","613.87","","","1503.020202","MOBILIARIO EDUCATIVO","M","SAMSUNG","SAMSUNG SYNC MR","AN15VSPN/P ES","BLANCO","AN15HX6WB09303MPE","S/D","","","","","","","","","","D","",""
"3077","32","","740877000042","MONITOR A COLOR","O/C N° 054-2004","30/01/2004","613.87","","","1503.020202","MOBILIARIO EDUCATIVO","M","SAMSUNG","SYNG MASTER ANV","S/T","BLANCO","AN 15 HX BW 748840","S/D","","","","","","","","","","D","",""
"3078","32","","740877000043","MONITOR A COLOR","O/C N° 066-2003","30/01/2004","613.87","","","1503.020202","MOBILIARIO EDUCATIVO","M","SAMSUNG","SYNCMASTER","S/T","BLANCO","S/S","S/D","","","","","","","","","","D","",""
"3079","32","","740877000044","MONITOR A COLOR","O/C N° 192-2004","28/05/2004","636.3","","","1503.020202","MOBILIARIO EDUCATIVO","M","SAMSUNG","551V","S/T","BLANCO","AN15HCEW802610W","S/D","","","","","","","","","","D","",""
"3080","32","","740877000045","MONITOR A COLOR","O/C N° 364-2004","29/10/2004","683.25","","","1503.020202","MOBILIARIO EDUCATIVO","M","SAMSUNG","551V","S/T","BLANCO","S/S","S/D","","","","","","","","","","D","",""
"3081","32","","740877000046","MONITOR A COLOR","O/C N° 025-C- 2004","09/12/2004","771.75","","","1503.020202","MOBILIARIO EDUCATIVO","M","LG","FLATON","S/T","NEGRO","S/S","S/D","","","","","","","","","","D","",""
"3082","32","","740877000047","MONITOR A COLOR","O/C N° 0071-2007","07/08/2007","457.12","","","1503.020202","MOBILIARIO EDUCATIVO","M","SAMSUNG","794 MBPLUS","S/T","NEGRO","S/S","S/D","","","","","","","","","","D","",""
"3083","32","","740877000048","MONITOR A COLOR","O/C N° 0254-2007","12/11/2007","445.36","","","1503.020202","MOBILIARIO EDUCATIVO","M","FLATRON","S/M","S/T","NEGRO","S/S","S/D","","","","","","","","","","D","",""
"3084","32","","740877000049","MONITOR A COLOR","SANEAR","31/12/2021","1.0","","","1503.020202","MOBILIARIO EDUCATIVO","M","SAMSUNG","SYNCMASTER","FLATRON","BLANCO","S/S","S/D","","","","","","","","","","D","",""
"3085","32","","740877000050","MONITOR A COLOR","O/C N° 0253-2007","12/11/2007","445.36","","","1503.020202","MOBILIARIO EDUCATIVO","M","LG","FLASTRON ","S/T","PLOMO/NEGRO","7091 NDPOT 930","S/D","","","","","","","","","","D","",""
"3086","32","","740877000051","MONITOR A COLOR","SANEAR","31/12/2021","1.0","","","1503.020202","MOBILIARIO EDUCATIVO","M","SAMSUNG","550S","S/T","BLANCO","DT15HCBR503393E","S/D","","","","","","","","","","D","",""
"3087","32","","740881500005","MONITOR MONOCROMATICO","O/C N° 055-1994","30/01/1994","1120.0","","","1503.020301","EQUIPOS COMPUTACIONALES Y PERIFERICOS","M","S/M","5M-470","S/T","CREMA","9337060039","S/D","","","","","","","","","","D","",""
"3088","32","","740881870002","MONITOR PLANO","O/C N° 3-00057-2009","08/10/2009","766.2","","","1503.020301","EQUIPOS COMPUTACIONALES Y PERIFERICOS","M","LG","S/M","S/T","NEGRO","904NDAGQ568","S/D","","","","","","","","","","D","",""
"3089","32","","672279880009","MOTORES ESTACIONARIOS Y MARINOS","SANEAR","31/12/2021","1.0","","","1503.020906","EQUIPOS PARA VEHICULOS","M","","","","","","","","","","","","","","","","U","",""
"3090","32","","672279880010","MOTORES ESTACIONARIOS Y MARINOS","SANEAR","31/12/2021","1.0","","","1503.020906","EQUIPOS PARA VEHICULOS","M","","","","PLOMO","","","","","","","","","","","","U","",""
"3091","32","","673656910002","PLATAFORMA TIPO CARRETA","SANEAR","31/12/2021","1.0","","","1503.020999","MAQUINARIAS, EQUIPOS Y MOBILIARIOS DE OTRAS INSTALACIONES","M","S/M","S/M","S/T","AMARILLO","S/S","S/D","","","","","","","","","","D","",""
"3092","32","","673656910003","PLATAFORMA TIPO CARRETA","SANEAR","31/12/2021","1.0","","","1503.020999","MAQUINARIAS, EQUIPOS Y MOBILIARIOS DE OTRAS INSTALACIONES","M","S/M","S/M","S/T","VERDE","S/S","S/D","","","","","","","","","","D","",""
"3093","32","","746479160001","ROPERO","SANEAR","31/12/2021","1.0","","","1503.020102","MOBILIARIO DE OFICINA","M","S/M","S/M","S/T","CAFE","S/S","0.60X2.50X1.80","","","","","","","","","","D","",""
"3094","32","","672294150001","SIERRA ELECTRICA DE ARCO PARA FIERRO","SANEAR","31/12/2021","1.0","","","1503.020906","EQUIPOS PARA VEHICULOS","M","HJ","G72","S/T","CELESTE","68025HJR","S/D","","","","","","","","","","D","",""
"3095","32","","746481190007","SILLA FIJA DE MADERA","O/C N° 1016-1995","29/12/1995","65.0","","","1503.020102","MOBILIARIO DE OFICINA","M","S/M","TAPIZ","S/T","CAFE","S/S","0.45X0.47X0.85","","","","","","","","","","D","",""
"3096","32","","746481190014","SILLA FIJA DE MADERA","O/C N° 318-1995","30/06/1995","65.0","","","1503.020102","MOBILIARIO DE OFICINA","M","S/M","TAPIZ COROFAN","S/T","CAFÉ","S/S","0.45X0.47X0.85","","","","","","","","","","D","",""
"3097","32","","746481190019","SILLA FIJA DE MADERA","O/C N° 318-1995","30/06/1995","65.0","","","1503.020102","MOBILIARIO DE OFICINA","R","S/M","TAPIZ COROFAN","S/T","CAFÉ","S/S","0.45X0.47X0.85","","","","","","","","","","D","",""
"3098","32","","746481190047","SILLA FIJA DE MADERA","O/C N°  295-2012","06/11/2012","94.5","","","1503.020102","MOBILIARIO DE OFICINA","R","S/M","S/M","S/T","MADERA","S/S","0.44X0.44X0.76","","","","","","","","","","D","",""
"3099","32","","746481190127","SILLA FIJA DE MADERA","SANEAR","31/12/2021","1.0","","","1503.020102","MOBILIARIO DE OFICINA","R","","","","","","","","","","","","","","","","U","",""
"3100","32","","746481190129","SILLA FIJA DE MADERA","O/C Nº 8-00215","31/12/2021","1.0","","","1503.020102","MOBILIARIO DE OFICINA","M","S/M","S/M","S/T","CAFE","S/S","0.43X0.47X0.87","","","","","","","","","","D","",""
"3101","32","","746481190149","SILLA FIJA DE MADERA","O/C N° 8-00252-2010","03/08/2010","90.0","","","1503.020102","MOBILIARIO DE OFICINA","M","S/M","S/M","S/T","CAFE","S/S","0.41X0.42X0.84"," "," "," "," "," "," ","",""," ","D","",""
"3102","32","","746481870049","SILLA FIJA DE METAL","O/C N° 83-1987","27/03/1987","510.0","","","1503.020102","MOBILIARIO DE OFICINA","M","S/M","S/M","S/T","NEGRO","S/S","S/D","","","","","","","","","","D","",""
"3103","32","","746481870076","SILLA FIJA DE METAL","SANEAR","31/12/2021","1.0","","","1503.020102","MOBILIARIO DE OFICINA","M","S/M","S/M","S/T","NEGRO","S/S","S/D","","","","","","","","","","D","",""
"3104","32","","746481870115","SILLA FIJA DE METAL","SANEAR","31/12/2021","1.0","","","1503.020102","MOBILIARIO DE OFICINA","M","S/M","","S/T","PLOMO/BLANCO","S/S","S/D","","","","","","","","","","D","",""
"3105","32","","746483900020","SILLA GIRATORIA DE METAL","O/C Nº 004","09/01/1993","190.0","","","1503.020102","MOBILIARIO DE OFICINA","M","S/M","TAPIZADO","S/T","NEGRO","S/S","0.46X0.65X0.98","","","","","","","","","","D","",""
"3106","32","","746483900070","SILLA GIRATORIA DE METAL","O/C N° 310-2012","15/11/2012","180.0","","","1503.020102","MOBILIARIO DE OFICINA","M","S/M","TAPIZ DE LONA","S/T","NEGRO","S/S","0.45X0.50X0.98","","","","","","","","","","U","",""
"3107","32","","746483900072","SILLA GIRATORIA DE METAL","O/C N° 310-2012","15/11/2012","180.0","","","1503.020102","MOBILIARIO DE OFICINA","R","","","","NEGRO","","0.65X0.46X0.98","","","","","","","","","","U","",""
"3108","32","","746483900083","SILLA GIRATORIA DE METAL","O/C N°000047-2013","07/02/2013","200.0","","","1503.020102","MOBILIARIO DE OFICINA","M","S/M","TAPIZADO","S/T","NEGRO","S/S","0.44X0.45X0.72","","","","","","","","","","D","",""
"3109","32","","746483900126","SILLA GIRATORIA DE METAL","O/C N°000047-2013","07/02/2013","200.0","","","1503.020102","MOBILIARIO DE OFICINA","M","S/M","S/M","S/T","NEGRO","S/S","S/D","","","","","","","","","","D","",""
"3110","32","","746487970007","SILLON FIJO DE METAL","SANEAR","31/12/2021","1.0","","","1503.020102","MOBILIARIO DE OFICINA","M","S/M","TAPIZADO","S/T","PLOMO/NEGRO","S/S","S/D","","","","","","","","","","D","",""
"3111","32","","746489330004","SILLON GIRATORIO DE METAL","O/C N° 310-2012","15/11/2012","180.0","","","1503.020102","MOBILIARIO DE OFICINA","M","S/M","S/M","S/T","MARRON","S/S","0.50X0.53X0.82","","","","","","","","","","D","",""
"3112","32","","746489330007","SILLON GIRATORIO DE METAL","O/C N° 310-2012","15/11/2012","180.0","","","1503.020102","MOBILIARIO DE OFICINA","M","S/M","TAPIZ MARROQUIN","S/T","CAFE","S/S","S/D","","","","","","","","","","D","",""
"3113","32","","746489330016","SILLON GIRATORIO DE METAL","O/C N° 266-2015","08/09/2015","498.0","","","1503.020102","MOBILIARIO DE OFICINA","R","S/M","S/M","CROMADO","NEGRO","S/S","0.52X0.54X1.05","","","","","","","","","","D","",""
"3114","32","","746489330017","SILLON GIRATORIO DE METAL","O/C N° 266-2015","08/09/2015","498.0","","","1503.020102","MOBILIARIO DE OFICINA","M","S/M","S/M","CROMADO","NEGRO","S/S","0.53X0.53X1.05","","","","","","","","","","D","",""
"3115","32","","672295930001","TALADRO ELECTRICO PORTATIL","O/C N° 8-00178-2010","31/05/2010","280.0","","","1503.020906","EQUIPOS PARA VEHICULOS","M","CHINA","Z3025","S/T","PLOMO","2041","S/D"," "," "," "," "," "," ","",""," ","D","",""
"3116","32","","676466670004","TANQUE DE POLIETILENO PARA AGUA","O/C N° 499-2016","30/12/2016","590.0","","","1503.020102","MOBILIARIO DE OFICINA","R","S/M","1000 LTS.","C/ REJILLA GALVANIZADA","BLANCO","S/S","S/D","","","","","","","","","","D","",""
"3117","32","","740895000002","TECLADO - KEYBOARD","SANEAR","31/12/2021","1.0","","","1503.020301","EQUIPOS COMPUTACIONALES Y PERIFERICOS","M","BTC","5199","S/T","BLANCO","KA6552011","S/D","","","","","","","","","","D","",""
"3118","32","","740895000003","TECLADO - KEYBOARD","O/C N° 3-00057-2009","08/10/2009","51.08","","","1503.020301","EQUIPOS COMPUTACIONALES Y PERIFERICOS","M","BTC","5201","S/T","BLANCO","E5XB512WTH0110","S/D","","","","","","","","","","D","",""
"3119","32","","740895000009","TECLADO - KEYBOARD","O/C N° 3-00057-2009","08/10/2009","51.08","","","1503.020301","EQUIPOS COMPUTACIONALES Y PERIFERICOS","M","BTC","DK 100","S/T","BLANCO","FCCDEXKBM10140","S/D","","","","","","","","","","D","",""
"3120","32","","740895000015","TECLADO - KEYBOARD","O/C N° 340-1995","30/06/1995","53.98","","","1503.020301","EQUIPOS COMPUTACIONALES Y PERIFERICOS","M","ACER","6311-T","S/T","BLANCO","K6361241116","S/D","","","","","","","","","","D","",""
"3121","32","","740895000020","TECLADO - KEYBOARD","O/C N° 630-1996","29/10/1996","78.0","","","1503.020301","EQUIPOS COMPUTACIONALES Y PERIFERICOS","M","BTC","5121","S/T","BLANCO","81406677","S/D","","","","","","","","","","D","",""
"3122","32","","740895000022","TECLADO - KEYBOARD","O/C Nº 0012","29/03/1996","59.0","","","1503.020301","EQUIPOS COMPUTACIONALES Y PERIFERICOS","M","SUNSHINE","S/M","S/T","BLANCO","V44130731","S/D","","","","","","","","","","D","",""
"3123","32","","740895000024","TECLADO - KEYBOARD","SANEAR","31/12/2021","1.0","","","1503.020301","EQUIPOS COMPUTACIONALES Y PERIFERICOS","M","BTC","5199","S/T","BLANCO","B10502410","S/D","","","","","","","","","","D","",""
"3124","32","","740895000025","TECLADO - KEYBOARD","SANEAR","31/12/2021","1.0","","","1503.020301","EQUIPOS COMPUTACIONALES Y PERIFERICOS","M","ACER","6511TW","S/T","BLANCO","K6564031389","S/D","","","","","","","","","","D","",""
"3125","32","","740895000027","TECLADO - KEYBOARD","SANEAR","31/12/2021","1.0","","","1503.020301","EQUIPOS COMPUTACIONALES Y PERIFERICOS","M","CERTIFIED","5530KPS","S/T","BLANCO","K693806861","S/D","","","","","","","","","","D","",""
"3126","32","","740895000030","TECLADO - KEYBOARD","O/C N° 3-00057-2009","08/10/2009","51.08","","","1503.020301","EQUIPOS COMPUTACIONALES Y PERIFERICOS","M","BTC","5199","S/T","BLANCO","E5XK85199","S/D","","","","","","","","","","D","",""
"3127","32","","740895000031","TECLADO - KEYBOARD","O/C N° 157-1996","29/02/1996","63.72","","","1503.020301","EQUIPOS COMPUTACIONALES Y PERIFERICOS","M","PROFESSIONAL","5199","S/T","BLANCO","S/S","S/D","","","","","","","","","","D","",""
"3128","32","","740895000033","TECLADO - KEYBOARD","O/C N° 275-2001","28/06/2001","46.73","","","1503.020301","EQUIPOS COMPUTACIONALES Y PERIFERICOS","M","BTC","5199","S/T","BLANCO","1133005446","S/D","","","","","","","","","","D","",""
"3129","32","","740895000034","TECLADO - KEYBOARD","O/C N° 0178-2000","11/07/2000","39.27","","","1503.020301","EQUIPOS COMPUTACIONALES Y PERIFERICOS","M","BTC","5199","S/T","BLANCO","T133000543","S/D","","","","","","","","","","D","",""
"3130","32","","740895000035","TECLADO - KEYBOARD","O/C Nº 348-2013","13/06/2013","47.2","","","1503.020301","EQUIPOS COMPUTACIONALES Y PERIFERICOS","M","BTC","5199","S/T","BLANCO","Y13300549","S/D","","","","","","","","","","D","",""
"3131","32","","740895000036","TECLADO - KEYBOARD","O/C N° 532-2001","31/01/2001","34.5","","","1503.020301","EQUIPOS COMPUTACIONALES Y PERIFERICOS","M","BTC","5199","S/T","BLANCO","3892A045","S/D","","","","","","","","","","D","",""
"3132","32","","740895000039","TECLADO - KEYBOARD","O/C N° 384-2004","31/12/2021","1.0","","","1503.020301","EQUIPOS COMPUTACIONALES Y PERIFERICOS","M","BTC","5121","S/T","BLANCO","S/S","S/D","","","","","","","","","","D","",""
"3133","32","","740895000041","TECLADO - KEYBOARD","SANEAR","31/12/2021","1.0","","","1503.020301","EQUIPOS COMPUTACIONALES Y PERIFERICOS","M","BTC","5201","S/T","BLANCO","1950000146","S/D","","","","","","","","","","D","",""
"3134","32","","740895000042","TECLADO - KEYBOARD","SANEAR","31/12/2021","1.0","","","1503.020301","EQUIPOS COMPUTACIONALES Y PERIFERICOS","M","BTC","5199","S/T","BLANCO","SC57210790","S/D","","","","","","","","","","D","",""
"3135","32","","740895000044","TECLADO - KEYBOARD","SANEAR","31/12/2021","1.0","","","1503.020301","EQUIPOS COMPUTACIONALES Y PERIFERICOS","M","BTC","5121","S/T","BLANCO","81406671","S/D","","","","","","","","","","D","",""
"3136","32","","740895000045","TECLADO - KEYBOARD","O/C N° 3-00060-2009","10/08/2009","41.08","","","1503.020301","EQUIPOS COMPUTACIONALES Y PERIFERICOS","M","BTC","5121W","S/T","BLANCO","D 83704607","S/D","","","","","","","","","","D","",""
"3137","32","","740895000063","TECLADO - KEYBOARD","SANEAR","31/12/2021","1.0","","","1503.020301","EQUIPOS COMPUTACIONALES Y PERIFERICOS","M","TURBO PLUS","S/M","S/T","BLANCO","9705309795","S/D","","","","","","","","","","D","",""
"3138","32","","740895000064","TECLADO - KEYBOARD","O/C N° 015-C-2004","11/08/2004","53.55","","","1503.020301","EQUIPOS COMPUTACIONALES Y PERIFERICOS","M","BTC","5199","S/T","BLANCO/PLOMO","S/S","S/D","","","","","","","","","","D","",""
"3139","32","","740895000065","TECLADO - KEYBOARD","O/C Nº 381","30/10/2004","43.68","","","1503.020301","EQUIPOS COMPUTACIONALES Y PERIFERICOS","M","BTC","5199","S/T","BLANCO","389 2A 045","S/D","","","","","","","","","","D","",""
"3140","32","","740895000067","TECLADO - KEYBOARD","O/C N° 374-2003","30/12/2003","41.89","","","1503.020301","EQUIPOS COMPUTACIONALES Y PERIFERICOS","M","BTC","5199","S/T","BLANCO/PLOMO","S/S","S/D","","","","","","","","","","D","",""
"3141","32","","740895000069","TECLADO - KEYBOARD","O/C N° 3-00048-2010","28/05/2010","30.0","","","1503.020301","EQUIPOS COMPUTACIONALES Y PERIFERICOS","M","BTC","5199","S/T","BLANCO","S/S","S/D"," "," "," "," "," "," ","",""," ","D","",""
"3142","32","","740895000070","TECLADO - KEYBOARD","O/C N° 054-2004","30/01/2004","42.6","","","1503.020301","EQUIPOS COMPUTACIONALES Y PERIFERICOS","M","BTC","5199","S/T","BLANCO","S/S","S/D","","","","","","","","","","D","",""
"3143","32","","740895000071","TECLADO - KEYBOARD","O/C N° 066-2003","30/01/2004","42.6","","","1503.020301","EQUIPOS COMPUTACIONALES Y PERIFERICOS","M","BTC","5199","S/T","BLANCO","S/S","S/D","","","","","","","","","","D","",""
"3144","32","","740895000072","TECLADO - KEYBOARD","O/C N° 192-2004","28/05/2004","40.32","","","1503.020301","EQUIPOS COMPUTACIONALES Y PERIFERICOS","M","BTC","5199 PS/2","S/T","BLANCO/PLOMO","S/S","S/D","","","","","","","","","","D","",""
"3145","32","","740895000073","TECLADO - KEYBOARD","O/C N° 364-2004","29/10/2004","47.41","","","1503.020301","EQUIPOS COMPUTACIONALES Y PERIFERICOS","M","BTC","5199","S/T","BLANCO/PLOMO","S/S","S/D","","","","","","","","","","D","",""
"3146","32","","740895000075","TECLADO - KEYBOARD","O/C N° 0071-2007","07/08/2007","31.81","","","1503.020301","EQUIPOS COMPUTACIONALES Y PERIFERICOS","M","BTC","9000A","S/T","BLANCO/PLOMO","S/S","S/D","","","","","","","","","","D","",""
"3147","32","","740895000079","TECLADO - KEYBOARD","O/C N° 0101-2008","24/09/2008","22.5","","","1503.020301","EQUIPOS COMPUTACIONALES Y PERIFERICOS","M","GENIUS","S/M","S/T","NEGRO","15003815","S/D","","","","","","","","","","D","",""
"3148","32","","740895000080","TECLADO - KEYBOARD","O/C N° 0-00034-2010","22/02/2010","63.84","","","1503.020301","EQUIPOS COMPUTACIONALES Y PERIFERICOS","R","MICRONICS","MIC K-502","S/T","PLOMO/NEGRO","S/S","S/D"," "," "," "," "," "," ","",""," ","D","",""
"3149","32","","740895000082","TECLADO - KEYBOARD","O/C N° 3-00060-2009","10/08/2009","41.08","","","1503.020301","EQUIPOS COMPUTACIONALES Y PERIFERICOS","M","CYBERTEL","S/M","S/T","PLOMO/NEGRO","CYBK238","S/D","","","","","","","","","","D","",""
"3150","32","","740895000085","TECLADO - KEYBOARD","O/C N°0-00032-2010","22/02/2010","51.52","","","1503.020301","EQUIPOS COMPUTACIONALES Y PERIFERICOS","M","CYBERLINK","S/M","S/T","NEGRO","S/S","S/D","","","","","","","","","","D","",""
"3151","32","","740895000089","TECLADO - KEYBOARD","O/C N° 6-00046-2009","27/11/2009","52.48","","","1503.020301","EQUIPOS COMPUTACIONALES Y PERIFERICOS","M","MARKVISION","S/M","S/T","NEGRO","S/S","S/D","","","","","","","","","","D","",""
"3152","32","","740895000090","TECLADO - KEYBOARD","O/C N° 8-00109-2010","23/04/2010","45.95","","","1503.020301","EQUIPOS COMPUTACIONALES Y PERIFERICOS","M","ALTRON","S/M","S/T","NEGRO","S/S","S/D","","","","","","","","","","D","",""
"3153","32","","740895000094","TECLADO - KEYBOARD","O/C N° 460-2011","30/11/2011","56.38","","","1503.020301","EQUIPOS COMPUTACIONALES Y PERIFERICOS","M","GENIUS","S/M","S/T","NEGRO","2CEDA6500180","S/D","","","","","","","","","","D","",""
"3154","32","","740895000097","TECLADO - KEYBOARD","O/C N° 3-00021-2010","23/04/2010","50.83","","","1503.020301","EQUIPOS COMPUTACIONALES Y PERIFERICOS","M","GENIUS","S/M","S/T","NEGRO","4B24C1U132338","S/D","","","","","","","","","","D","",""
"3155","32","","740895000116","TECLADO - KEYBOARD","O/C Nº 000532-2013","23/07/2013","47.14","","","1503.020301","EQUIPOS COMPUTACIONALES Y PERIFERICOS","M","CYBERTEL","CYBT100","S/T","NEGRO","CYB-K238","S/D","","","","","","","","","","D","",""
"3156","32","","740895000118","TECLADO - KEYBOARD","O/C Nº 701-2013","10/10/2013","39.57","","","1503.020301","EQUIPOS COMPUTACIONALES Y PERIFERICOS","M","GENIUS","S/M","S/T","NEGRO","WV1355384725","S/D","","","","","","","","","","D","",""
"3157","32","","740895000121","TECLADO - KEYBOARD","O/C N° 740-2013","24/10/2013","39.2","","","1503.020301","EQUIPOS COMPUTACIONALES Y PERIFERICOS","M","GENIUS","KU-39","S/T","NEGRO","ZM7302059082","S/D","","","","","","","","","","D","",""
"3158","32","","740895000138","TECLADO - KEYBOARD","O/C N° 446-2012","20/12/2012","58.88","","","1503.020301","EQUIPOS COMPUTACIONALES Y PERIFERICOS","M","BOMER","S/M","S/T","NEGRO/AZUL","S/S","S/D","","","","","","","","","","D","",""
"3159","32","","740895000143","TECLADO - KEYBOARD","O/C N° 219-2012","27/08/2012","29.0","","","1503.020301","EQUIPOS COMPUTACIONALES Y PERIFERICOS","M","GENIUS","KU-0138","CONECCION USB","NEGRO","ZCE996900562","S/D","","","","","","","","","","D","",""
"3160","32","","740895000168","TECLADO - KEYBOARD","SANEAR","31/12/2021","1.0","","","1503.020301","EQUIPOS COMPUTACIONALES Y PERIFERICOS","M","CYBERTEL","S/M","S/T","NEGRO","S/S","S/D","","","","","","","","","","D","",""
"3161","32","","740895000170","TECLADO - KEYBOARD","O/C N° 9-00001-2010","26/02/2010","230.52","","","1503.020301","EQUIPOS COMPUTACIONALES Y PERIFERICOS","M","GENIUS","K7000","S/T","BLANCO","H0104284402","S/D","","","","","","","","","","D","",""
"3162","32","","740895000171","TECLADO - KEYBOARD","SANEAR","31/12/2021","1.0","","","1503.020301","EQUIPOS COMPUTACIONALES Y PERIFERICOS","M","BOMER","S/M","S/T","NEGRO/AZUL","S/S","S/D","","","","","","","","","","D","",""
"3163","32","","740895000172","TECLADO - KEYBOARD","O/C N° 375 -2003","30/12/2003","41.89","","","1503.020301","EQUIPOS COMPUTACIONALES Y PERIFERICOS","M","BTC","S/M","S/T","BLANCO","GO9331036545","S/D","","","","","","","","","","D","",""
"3164","32","","740895000174","TECLADO - KEYBOARD","SANEAR","31/12/2021","1.0","","","1503.020301","EQUIPOS COMPUTACIONALES Y PERIFERICOS","M","BOMER","S/M","S/T","NEGRO","S/S","S/D","","","","","","","","","","D","",""
"3165","32","","740895000175","TECLADO - KEYBOARD","SANEAR","31/12/2021","1.0","","","1503.020301","EQUIPOS COMPUTACIONALES Y PERIFERICOS","M","BTC","5199","S/T","BLANCO","S/S","S/D","","","","","","","","","","D","",""
"3166","32","","740895000176","TECLADO - KEYBOARD","SANEAR","31/12/2021","1.0","","","1503.020301","EQUIPOS COMPUTACIONALES Y PERIFERICOS","M","OLIVETTI","ANK61-105","S/T","BLANCO","S/S","S/D","","","","","","","","","","D","",""
"3167","32","","740895000179","TECLADO - KEYBOARD","SANEAR","31/12/2021","1.0","","","1503.020301","EQUIPOS COMPUTACIONALES Y PERIFERICOS","M","BTC","5199","S/T","PLOMO/BLANCO","S/S","S/D","","","","","","","","","","D","",""
"3168","32","","740895000181","TECLADO - KEYBOARD","SANEAR","31/12/2021","1.0","","","1503.020301","EQUIPOS COMPUTACIONALES Y PERIFERICOS","M","TURBO TRAK","S/M","S/T","BLANCO","HQK BTTS9001","S/D","","","","","","","","","","D","",""
"3169","32","","740895000185","TECLADO - KEYBOARD","O/C N° 383-2016","28/11/2016","64.82","","","1503.020301","EQUIPOS COMPUTACIONALES Y PERIFERICOS","M","GENIUS","KM110X","S/T","NEGRO","XED207011741","S/D","","","","","","","","","","D","",""
"3170","32","","740895000190","TECLADO - KEYBOARD","SANEAR","31/12/2021","1.0","","","1503.020301","EQUIPOS COMPUTACIONALES Y PERIFERICOS","M","BOOMER","S/M","S/T","NEGRO/AZUL","S/S","S/D","","","","","","","","","","D","",""
"3171","32","","952282870001","TELEFONO","SANEAR","31/12/2021","1.0","","","1503.020303","EQUIPOS DE TELECOMUNICACIONES","M","FORMA","S/M","S/T","BLANCO","AAA072079","S/D","","","","","","","","","","D","",""
"3172","32","","952282870003","TELEFONO","SANEAR","31/12/2021","1.0","","","1503.020303","EQUIPOS DE TELECOMUNICACIONES","M","FETSA","2991","S/T","ROJO","S/S","S/D","","","","","","","","","","D","",""
"3173","32","","952282870004","TELEFONO","SANEAR","31/12/2021","1.0","","","1503.020303","EQUIPOS DE TELECOMUNICACIONES","M","FETSA","29110 ALG","S/T","ANARANJADO","S/S","S/D","","","","","","","","","","D","",""
"3174","32","","952282870005","TELEFONO","O/C N° 200-1993","30/10/1993","196.2","","","1503.020303","EQUIPOS DE TELECOMUNICACIONES","M","PANASONIC","KX T2315","S/T","BLANCO","3ECDC51713","S/D","","","","","","","","","","D","",""
"3175","32","","952282870006","TELEFONO","O/C N° 200-1993","30/10/1993","196.2","","","1503.020303","EQUIPOS DE TELECOMUNICACIONES","M","PANASONIC","KX T2315","S/T","BLANCO","3FADAC53069","S/D","","","","","","","","","","D","",""
"3176","32","","952282870007","TELEFONO","O/C N° 200-1993","30/10/1993","196.2","","","1503.020303","EQUIPOS DE TELECOMUNICACIONES","M","PANASONIC","KX T2315","S/T","BLANCO","S/S","S/D","","","","","","","","","","D","",""
"3177","32","","952282870009","TELEFONO","O/C N° 200-1993","30/10/1993","196.2","","","1503.020303","EQUIPOS DE TELECOMUNICACIONES","M","PANASONIC","KX T2315","EASA PHONE","BLANCO","3ECDC51713","S/D","","","","","","","","","","D","",""
"3178","32","","952282870010","TELEFONO","O/C N° 200-1993","30/10/1993","196.2","","","1503.020303","EQUIPOS DE TELECOMUNICACIONES","M","PANASONIC","KX T2315","S/T","BLANCO","3FADC536411","S/D","","","","","","","","","","D","",""
"3179","32","","952282870012","TELEFONO","O/C N° 498-1997","29/09/1997","65.0","","","1503.020303","EQUIPOS DE TELECOMUNICACIONES","M","PANAPHONE","MHP MENI","S/T","CAFE","S/S","S/D","","","","","","","","","","D","",""
"3180","32","","952282870013","TELEFONO","O/C N° 498-1997","29/09/1997","65.0","","","1503.020303","EQUIPOS DE TELECOMUNICACIONES","M","PANAPHONE","S/M","S/T","CAFE","S/S","S/D","","","","","","","","","","D","",""
"3181","32","","952282870014","TELEFONO","O/C N° 200-1993","30/10/1993","196.2","","","1503.020303","EQUIPOS DE TELECOMUNICACIONES","M","PANAPHONE","KX T2315","S/T","BLANCO","3DADC121151","S/D","","","","","","","","","","D","",""
"3182","32","","952282870028","TELEFONO","SANEAR","31/12/2021","1.0","","","1503.020303","EQUIPOS DE TELECOMUNICACIONES","M","INTELBRAS","S/M","S/T","NEGRO","IT12042600276","S/D","","","","","","","","","","D","",""
"3183","32","","952282870029","TELEFONO","SANEAR","31/12/2021","1.0","","","1503.020303","EQUIPOS DE TELECOMUNICACIONES","M","AKITA","KX-T8811CID","S/T","BLANCO","S/S","S/D","","","","","","","","","","D","",""
"3184","32","","952285140003","TELEVISOR A COLORES","SANEAR","31/12/2021","1.0","","","1503.020303","EQUIPOS DE TELECOMUNICACIONES","M","S/M","S/M","S/T","NEGRO","S/S","S/D","","","","","","","","","","D","",""
"3185","32","","672298610002","TORNILLO DE BANCO","SANEAR","31/12/2021","1.0","","","1503.020906","EQUIPOS PARA VEHICULOS","R","ACESA","S/M","S/T","CELESTE","S/S","S/D","","","","","","","","","","D","",""
"3186","32","","675092900001","TORNO ELECTRICO","SANEAR","31/12/2021","1.0","","","1503.020999","MAQUINARIAS, EQUIPOS Y MOBILIARIOS DE OTRAS INSTALACIONES","M","CHINO","C620G","S/T","PLOMO","H483","S/D","","","","","","","","","","D","",""
"3187","32","","675092900002","TORNO ELECTRICO","SANEAR","31/12/2021","1.0","","","1503.020999","MAQUINARIAS, EQUIPOS Y MOBILIARIOS DE OTRAS INSTALACIONES","M","CHINO","Q1319","PARALELO","VERDE","82032","S/D","","","","","","","","","","D","",""
"3188","32","","675092900003","TORNO ELECTRICO","SANEAR","31/12/2021","1.0","","","1503.020999","MAQUINARIAS, EQUIPOS Y MOBILIARIOS DE OTRAS INSTALACIONES","M","CHINO","C630-1","S/T","PLOMO","312","S/D","","","","","","","","","","D","",""
"3189","32","","673687990003","TRACTOR AGRICOLA","SANEAR","31/12/2021","1.0","","","1503.020999","MAQUINARIAS, EQUIPOS Y MOBILIARIOS DE OTRAS INSTALACIONES","M","MEW HOLLAND","TS6020","S/T","AZUL","L0096914/634CR200756","S/D","","84188413","","","","","","","","D","",""
"3190","32","","676473450010","TRIPODE DE MADERA","O/C N° 216-2011","22/07/2011","921.14","","","1503.020102","MOBILIARIO DE OFICINA","M","S/M","S/M","S/T","ANARANJADO","S/S","S/D","","","","","","","","","","D","",""
"3191","32","","676473450011","TRIPODE DE MADERA","O/C N° 3-00077-2009","18/08/2009","694.0","","","1503.020102","MOBILIARIO DE OFICINA","M","LEICA","GST05","S/T","ANARANJADO","S/S","S/D","","","","","","","","","","D","",""
"3192","32","","676473450012","TRIPODE DE MADERA","O/C Nº 000031","06/02/2013","863.0","","","1503.020102","MOBILIARIO DE OFICINA","M","S/M","S/M","S/T","ANARANJADO","S/S","S/D","","","","","","","","","","D","",""
"3193","32","","676473450014","TRIPODE DE MADERA","O/C Nº 424-2013","05/07/2013","277.0","","","1503.020102","MOBILIARIO DE OFICINA","M","S/M","S/M","S/T","ANARANJADO","4016026","S/D","","","","","","","","","","D","",""
"3194","32","","740899500003","UNIDAD CENTRAL DE PROCESO - CPU","O/C N° 159-2003","04/08/2003","577.5","","","1503.020301","EQUIPOS COMPUTACIONALES Y PERIFERICOS","M","INTEL","PENTIUM DHT S775","S/T","CREMA","S/S","S/D","","","","","","","","","","D","",""
"3195","32","","740899500004","UNIDAD CENTRAL DE PROCESO - CPU","O/C N° 049-1997","15/09/1997","1787.0","","","1503.020301","EQUIPOS COMPUTACIONALES Y PERIFERICOS","M","PENTIUM","S/M","S/T","BLANCO","S/S","S/D","","","","","","","","","","D","",""
"3196","32","","740899500005","UNIDAD CENTRAL DE PROCESO - CPU","O/C N° 112-1995","30/03/1995","2198.43","","","1503.020301","EQUIPOS COMPUTACIONALES Y PERIFERICOS","M","S/M","S/M","S/T","BLANCO","S/S","S/D","","","","","","","","","","D","",""
"3197","32","","740899500006","UNIDAD CENTRAL DE PROCESO - CPU","O/C Nº 6-00002-2009","25/09/2009","2717.0","","","1503.020301","EQUIPOS COMPUTACIONALES Y PERIFERICOS","M","S/M","S/M","S/T","BLANCO","S/S","S/D","","","","","","","","","","D","",""
"3198","32","","740899500007","UNIDAD CENTRAL DE PROCESO - CPU","O/C N° 019-1997","08/05/1997","3302.55","","","1503.020301","EQUIPOS COMPUTACIONALES Y PERIFERICOS","M","PENTIUM 166","S/M","S/T","BLANCO","S/S","S/D","","","","","","","","","","D","",""
"3199","32","","740899500008","UNIDAD CENTRAL DE PROCESO - CPU","O/C N° 112-1995","30/03/1995","2198.43","","","1503.020301","EQUIPOS COMPUTACIONALES Y PERIFERICOS","M","S/M","S/M","S/T","BLANCO","S/S","S/D","","","","","","","","","","D","",""
"3200","32","","740899500009","UNIDAD CENTRAL DE PROCESO - CPU","O/C N° 8-00003-2010","26/02/2010","2427.3","","","1503.020301","EQUIPOS COMPUTACIONALES Y PERIFERICOS","M","S/M","S/M","S/T","BLANCO","S/S","S/D","","","","","","","","","","D","",""
"3201","32","","740899500012","UNIDAD CENTRAL DE PROCESO - CPU","SANEAR","31/12/2021","1.0","","","1503.020301","EQUIPOS COMPUTACIONALES Y PERIFERICOS","M","S/M","S/M","S/T","BLANCO","S/S","S/D","","","","","","","","","","D","",""
"3202","32","","740899500014","UNIDAD CENTRAL DE PROCESO - CPU","O/C N° 9-00001-2010","26/02/2010","2427.3","","","1503.020301","EQUIPOS COMPUTACIONALES Y PERIFERICOS","M","S/M","S/M","S/T","BLANCO","S/S","S/D","","","","","","","","","","D","",""
"3203","32","","740899500017","UNIDAD CENTRAL DE PROCESO - CPU","O/C N° 0252-2007","11/12/2007","1126.0","","","1503.020301","EQUIPOS COMPUTACIONALES Y PERIFERICOS","M","PENTIUM II","INTEL INSIDE","S/T","BLANCO","S/S","S/D","","","","","","","","","","D","",""
"3204","32","","740899500018","UNIDAD CENTRAL DE PROCESO - CPU","O/C N° 057-1996","29/01/1996","1407.05","","","1503.020301","EQUIPOS COMPUTACIONALES Y PERIFERICOS","M","SONY","KW3005","DX4-100","NEGRO","S/S","S/D","","","","","","","","","","D","",""
"3205","32","","740899500020","UNIDAD CENTRAL DE PROCESO - CPU","O/C N° 099-1996","29/01/1996","4143.22","","","1503.020301","EQUIPOS COMPUTACIONALES Y PERIFERICOS","M","OLIVETTI","M24XS-NP","S/T","BLANCO","S/S","S/D","","","","","","","","","","D","",""
"3206","32","","740899500021","UNIDAD CENTRAL DE PROCESO - CPU","O/C N° 0178-2000","11/07/2000","1677.06","","","1503.020301","EQUIPOS COMPUTACIONALES Y PERIFERICOS","M","CREATIVE","S/M","S/T","S/C","S/S","S/D","","","","","","","","","","D","",""
"3207","32","","740899500022","UNIDAD CENTRAL DE PROCESO - CPU","SANEAR","31/12/2021","1.0","","","1503.020301","EQUIPOS COMPUTACIONALES Y PERIFERICOS","M","SP","SUPER POWER","S/T","BLANCO","S/S","S/D","","","","","","","","","","D","",""
"3208","32","","740899500025","UNIDAD CENTRAL DE PROCESO - CPU","SANEAR","31/12/2021","1.0","","","1503.020301","EQUIPOS COMPUTACIONALES Y PERIFERICOS","M","S/M","S/M","S/T","BLANCO","S/S","S/D","","","","","","","","","","D","",""
"3209","32","","740899500026","UNIDAD CENTRAL DE PROCESO - CPU","O/C Nº 381","30/10/2004","1951.95","","","1503.020301","EQUIPOS COMPUTACIONALES Y PERIFERICOS","M","S/M","S/M","S/T","BLANCO","S/S","S/D","","","","","","","","","","D","",""
"3210","32","","740899500027","UNIDAD CENTRAL DE PROCESO - CPU","SANEAR","31/12/2021","1.0","","","1503.020301","EQUIPOS COMPUTACIONALES Y PERIFERICOS","M","S/M","S/M","S/T","BLANCO/CELESTE","S/S","S/D","","","","","","","","","","D","",""
"3211","32","","740899500028","UNIDAD CENTRAL DE PROCESO - CPU","SANEAR","31/12/2021","1.0","","","1503.020301","EQUIPOS COMPUTACIONALES Y PERIFERICOS","M","S/M","AN15VSPN/PES","S/T","BLANCO/CELESTE","AN15HXBW718045R","S/D","","","","","","","","","","D","",""
"3212","32","","740899500029","UNIDAD CENTRAL DE PROCESO - CPU","O/C N° 275-2001","28/06/2001","2136.35","","","1503.020301","EQUIPOS COMPUTACIONALES Y PERIFERICOS","M","S/M","S/M","S/T","BLANCO","S/S","S/D","","","","","","","","","","D","",""
"3213","32","","740899500031","UNIDAD CENTRAL DE PROCESO - CPU","SANEAR","31/12/2021","1.0","","","1503.020301","EQUIPOS COMPUTACIONALES Y PERIFERICOS","M","SP","SUPER POWER","S/T","BLANCO/CELESTE","S/S","S/D","","","","","","","","","","D","",""
"3214","32","","740899500032","UNIDAD CENTRAL DE PROCESO - CPU","O/C N° 547-2001","31/12/2001","1986.83","","","1503.020301","EQUIPOS COMPUTACIONALES Y PERIFERICOS","M","INTEL","DD 406B","S/T","BLANCO/AZUL","S/S","S/D","","","","","","","","","","D","",""
"3215","32","","740899500033","UNIDAD CENTRAL DE PROCESO - CPU","O/C Nº 67","31/12/2021","1.0","","","1503.020301","EQUIPOS COMPUTACIONALES Y PERIFERICOS","M","INTEL","S/M","S/T","BLANCO/PLATA","S/S","S/D","","","","","","","","","","D","",""
"3216","32","","740899500034","UNIDAD CENTRAL DE PROCESO - CPU","O/C Nº 67","21/06/2003","2053.13","","","1503.020301","EQUIPOS COMPUTACIONALES Y PERIFERICOS","M","INTEL","S/M","S/T","CREMA","S/S","S/D","","","","","","","","","","D","",""
"3217","32","","740899500036","UNIDAD CENTRAL DE PROCESO - CPU","O/C N° 375 -2003","30/12/2003","1871.87","","","1503.020301","EQUIPOS COMPUTACIONALES Y PERIFERICOS","M","INTEL","PENTIUM IV","S/T","PLOMO","S/S","S/D","","","","","","","","","","D","",""
"3218","32","","740899500037","UNIDAD CENTRAL DE PROCESO - CPU","O/C N° 015-C-2004","11/08/2004","2286.9","","","1503.020301","EQUIPOS COMPUTACIONALES Y PERIFERICOS","M","INTEL","PENTIUM IV","S/T","PLOMO BLANCO","S/S","S/D","","","","","","","","","","D","",""
"3219","32","","740899500038","UNIDAD CENTRAL DE PROCESO - CPU","O/C N° 054-2004","30/01/2004","1819.07","","","1503.020301","EQUIPOS COMPUTACIONALES Y PERIFERICOS","M","INTEL","PENTIUM IV","S/T","BLANCO/PLOMO","S/S","S/D","","","","","","","","","","D","",""
"3220","32","","740899500039","UNIDAD CENTRAL DE PROCESO - CPU","O/C N° 054-2004","30/01/2004","1819.07","","","1503.020301","EQUIPOS COMPUTACIONALES Y PERIFERICOS","M","S/M","S/M","S/T","CELESTE","S/S","S/D","","","","","","","","","","D","",""
"3221","32","","740899500040","UNIDAD CENTRAL DE PROCESO - CPU","O/C N° 066-2003","30/01/2004","1819.07","","","1503.020301","EQUIPOS COMPUTACIONALES Y PERIFERICOS","M","S/M","S/M","S/T","CREMA/PLOMO","S/S","S/D","","","","","","","","","","D","",""
"3222","32","","740899500041","UNIDAD CENTRAL DE PROCESO - CPU","O/C N° 192-2004","28/05/2004","1843.38","","","1503.020301","EQUIPOS COMPUTACIONALES Y PERIFERICOS","M","INTEL AMEGA","PENTIUM IV","S/T","BLANCO/PLOMO","S/S","S/D","","","","","","","","","","D","",""
"3223","32","","740899500046","UNIDAD CENTRAL DE PROCESO - CPU","O/C N° 0253-2007","12/11/2007","1386.39","","","1503.020301","EQUIPOS COMPUTACIONALES Y PERIFERICOS","M","INTEL","PENTIUM DUAL CE","S/T","NEGRO","S/S","S/D","","","","","","","","","","D","",""
"3224","32","","740899500048","UNIDAD CENTRAL DE PROCESO - CPU","O/C N° 0068-2008","05/08/2008","2212.93","","","1503.020301","EQUIPOS COMPUTACIONALES Y PERIFERICOS","M","INTEL","CORE 2 DUO","S/T","NEGRO/PLOMO","S/S","S/D","","","","","","","","","","D","",""
"3225","32","","740899500049","UNIDAD CENTRAL DE PROCESO - CPU","O/C N° 0095-2008","19/09/2008","2212.93","","","1503.020301","EQUIPOS COMPUTACIONALES Y PERIFERICOS","M","INTEL","CORE 2 DUO","S/T","NEGRO","S/S","S/D","","","","","","","","","","D","",""
"3226","32","","740899500052","UNIDAD CENTRAL DE PROCESO - CPU","O/C N° 3-00059-2009","10/08/2009","2282.64","","","1503.020301","EQUIPOS COMPUTACIONALES Y PERIFERICOS","M","ALTRON","S/M","S/T","NEGRO/ROJO","S/S","S/D","","","","","","","","","","D","",""
"3227","32","","740899500054","UNIDAD CENTRAL DE PROCESO - CPU","O/C N° 3-00060-2009","10/08/2009","2282.5","","","1503.020301","EQUIPOS COMPUTACIONALES Y PERIFERICOS","M","INTEL","S/M","S/T","NEGRO","W27920C6858","S/D","","","","","","","","","","D","",""
"3228","32","","740899500057","UNIDAD CENTRAL DE PROCESO - CPU","O/C N° 3-00057-2009","08/10/2009","2282.64","","","1503.020301","EQUIPOS COMPUTACIONALES Y PERIFERICOS","M","ALTRON","S/M","CPU","NEGRO/ROJO","S/S","S/D","","","","","","","","","","D","",""
"3229","32","","740899500059","UNIDAD CENTRAL DE PROCESO - CPU","O/C N° 3-00057-2009","08/10/2009","2282.64","","","1503.020301","EQUIPOS COMPUTACIONALES Y PERIFERICOS","M","ALTRON","S/M","S/T","NEGRO/ROJO","S/S","S/D","","","","","","","","","","D","",""
"3230","32","","740899500061","UNIDAD CENTRAL DE PROCESO - CPU","O/C Nº 3-00125-2009","30/10/2009","2145.0","","","1503.020301","EQUIPOS COMPUTACIONALES Y PERIFERICOS","M","S/M","S/M","S/T","PLOMO/NEGRO","S/S","S/D","","","","","","","","","","D","",""
"3231","32","","740899500062","UNIDAD CENTRAL DE PROCESO - CPU","O/C N° 6-00046-2009","27/11/2009","2345.2","","","1503.020301","EQUIPOS COMPUTACIONALES Y PERIFERICOS","M","CYBERLINK","CORE 2 QUAD","S/T","NEGRO","S/S","S/D","","","","","","","","","","D","",""
"3232","32","","740899500078","UNIDAD CENTRAL DE PROCESO - CPU","O/C N° 8-00110-2010","23/04/2010","1962.38","","","1503.020301","EQUIPOS COMPUTACIONALES Y PERIFERICOS","M","S/M","S/M","S/T","NEGRO/PLOMO","S/S","S/D","","","","","","","","","","D","",""
"3233","32","","740899500091","UNIDAD CENTRAL DE PROCESO - CPU","O/C N° 155-2012","04/07/2012","2287.07","","","1503.020301","EQUIPOS COMPUTACIONALES Y PERIFERICOS","M","INTEL","CORE I7","S/T","NEGRO/AZUL","S/S","S/D","","","","","","","","","","D","",""
"3234","32","","740899500106","UNIDAD CENTRAL DE PROCESO - CPU","O/C Nº 348-2013","13/06/2013","2109.25","","","1503.020301","EQUIPOS COMPUTACIONALES Y PERIFERICOS","M","INTEL","CORE I7","RAM 4GB","NEGRO/PLATA","S/S","S/D","","","","","","","","","","D","",""
"3235","32","","740899500117","UNIDAD CENTRAL DE PROCESO - CPU","O/C Nº 95","28/03/2000","2277.0","","","1503.020301","EQUIPOS COMPUTACIONALES Y PERIFERICOS","M","INTEL","PENTIUM III","S/T","BLANCO PLOMO","S/S","S/D","","","","","","","","","","D","",""
"3236","32","","740899500125","UNIDAD CENTRAL DE PROCESO - CPU","O/C N° 364-2004","29/10/2004","2024.67","","","1503.020301","EQUIPOS COMPUTACIONALES Y PERIFERICOS","M","S/M","PENTIUM IV","S/T","BLANCO/AZUL","S/S","S/D","","","","","","","","","","D","",""
"3237","32","","740899500129","UNIDAD CENTRAL DE PROCESO - CPU","O/C N° 494-2001","02/12/2001","2232.1","","","1503.020301","EQUIPOS COMPUTACIONALES Y PERIFERICOS","M","INTEL","PENTIUM III","S/T","NEGRO/PLATA","S/S","S/D","","","","","","","","","","D","",""
"3238","32","","740899500134","UNIDAD CENTRAL DE PROCESO - CPU","O/C N° 821-2013","20/11/2013","2178.6","","","1503.020301","EQUIPOS COMPUTACIONALES Y PERIFERICOS","M","S/M","S/M","S/T","CELESTE/BLANCO","S/S","S/D","","","","","","","","","","D","",""
"3239","32","","740899500138","UNIDAD CENTRAL DE PROCESO - CPU","SANEAR","31/12/2021","1.0","","","1503.020301","EQUIPOS COMPUTACIONALES Y PERIFERICOS","M","S/M","S/M","S/T","PLOMO","S/S","S/D","","","","","","","","","","D","",""
"3240","32","","740899500143","UNIDAD CENTRAL DE PROCESO - CPU","O/C N° 166-2015","10/07/2015","3172.45","","","1503.020301","EQUIPOS COMPUTACIONALES Y PERIFERICOS","M","S/M","S/M","S/T","NEGRO/PLOMO","S/S","S/D","","","","","","","","","","D","",""
"3241","32","","740899500152","UNIDAD CENTRAL DE PROCESO - CPU","SANEAR","31/12/2021","1.0","","","1503.020301","EQUIPOS COMPUTACIONALES Y PERIFERICOS","M","BELL","S/M","S/T","NEGRO","S/S","S/D","","","","","","","","","","D","",""
"3242","32","","112287620016","VENTILADOR ELECTRICO PARA TECHO","SANEAR","31/12/2021","1.0","","","1503.020901","AIRE ACONDICIONADO Y REFRIGERACION","M","S/M","S/M","S/T","VERDE","S/S","S/D","","","","","","","","","","D","",""
"3243","32","","112287620017","VENTILADOR ELECTRICO PARA TECHO","SANEAR","31/12/2021","1.0","","","1503.020901","AIRE ACONDICIONADO Y REFRIGERACION","M","S/M","S/M","S/T","VERDE","S/S","S/D","","","","","","","","","","D","",""
"3244","32","","112287620018","VENTILADOR ELECTRICO PARA TECHO","SANEAR","31/12/2021","1.0","","","1503.020901","AIRE ACONDICIONADO Y REFRIGERACION","M","S/M","S/M","S/T","VERDE","S/S","S/D","","","","","","","","","","D","",""
"3245","32","","746498820002","VITRINA DE METAL","SANEAR","31/12/2021","1.0","","","1503.020102","MOBILIARIO DE OFICINA","R","S/M","S/M","S/T","NEGRO","S/S","0.50X1.95X1.60","","","","","","","","","","D","",""
"3246","33","","746403210002","ARCHIVADOR DE MADERA","SANEAR","31/12/2021","1.0","","","1503.020102","MOBILIARIO DE OFICINA","R","S/M","4 DIVISIONES","S/T","CAFE","S/S","0.42X1.57X1.80","","","","","","","","","","U","",""
"3247","33","","746406600004","ARMARIO DE METAL","SANEAR","31/12/2021","1.0","","","1503.020102","MOBILIARIO DE OFICINA","R","S/M","","S/T","PLOMO/NEGRO","S/S","0.42X0.87X1.79","","","","","","","","","","U","",""
"3248","33","","952236860002","ESCANER DE RED","O/C N°170-2011","07/06/2011","395.0","","","1503.020303","EQUIPOS DE TELECOMUNICACIONES","M","HP","SCANJET 63110","SCANNER","BLANCO","S/S","S/D","","","","","","","","","","U","",""
"3249","33","","952236860003","ESCANER DE RED","SANEAR","31/12/2021","1.0","","","1503.020303","EQUIPOS DE TELECOMUNICACIONES","M","HP","SCANJET 62410","SCANNER","BLANCO/PLOMO","S/S","S/D","","","","","","","","","","U","",""
"3250","33","","746437120021","ESCRITORIO DE MADERA","SANEAR","31/12/2021","1.0","","","1503.020102","MOBILIARIO DE OFICINA","R","S/M","S/M","S/T","CAFE","S/S","0.65X1.26X0.83","","","","","","","","","","U","",""
"3251","33","","746437450010","ESCRITORIO DE MELAMINA","O/C N° 310-2012","15/11/2012","390.0","","","1503.020102","MOBILIARIO DE OFICINA","R","S/M","S/M","S/T","CEDRO NEGRO","S/S","0.71X1.50X0.76","","","","","","","","","","U","",""
"3252","33","","746437450013","ESCRITORIO DE MELAMINA","O/C Nº 161-2013","12/04/2013","280.0","","","1503.020102","MOBILIARIO DE OFICINA","R","S/M","3 GAVETAS","S/T","CEDRO/NEGRO","S/S","1.30X0.60X0.75","","","","","","","","","","U","",""
"3253","33","","746437450015","ESCRITORIO DE MELAMINA","O/C Nº 161-2013","12/04/2013","280.0","","","1503.020102","MOBILIARIO DE OFICINA","R","S/M","3 GAVETAS","S/T","CEDRO/NEGRO","S/S","1.30X0.60X0.75","","","","","","","","","","U","",""
"3254","33","","746437450016","ESCRITORIO DE MELAMINA","O/C Nº 161-2013","12/04/2013","280.0","","","1503.020102","MOBILIARIO DE OFICINA","R","S/M","3 GAVETAS","S/T","CAOBA/NEGRO","S/S","1.30X0.60X0.75","","","","","","","","","","U","",""
"3255","33","","746437450017","ESCRITORIO DE MELAMINA","O/C Nº 161-2013","12/04/2013","280.0","","","1503.020102","MOBILIARIO DE OFICINA","R","S/M","3 GAVETAS","S/T","NEGRO/CAFE","S/S","1.30X0.60X0.75","","","","","","","","","","U","",""
"3256","33","","462252150029","ESTABILIZADOR","O/C N° 019-1997","08/05/1997","134.25","","","1503.020904","ELECTRICIDAD Y ELECTRONICA","M","OMEGA","TECH","ESTADO SOLIDO","NEGRO","142392","S/D","","","","","","","","","","D","",""
"3257","33","","462252150045","ESTABILIZADOR","O/C N° 00239-2011","09/08/2011","60.08","","","1503.020904","ELECTRICIDAD Y ELECTRONICA","M","ALTRON","S/M","S/T","NEGRO","92610516","S/D","","","","","","","","","","D","",""
"3258","33","","462252150056","ESTABILIZADOR","O/C Nº 348-2013","13/06/2013","50.15","","","1503.020904","ELECTRICIDAD Y ELECTRONICA","M","APC","1KVA","306","BLANCO","12051696","S/D","","","","","","","","","","D","",""
"3259","33","","462252150079","ESTABILIZADOR","O/C N°0-00032-2010","22/02/2010","199.74","","","1503.020904","ELECTRICIDAD Y ELECTRONICA","M","APC","LE600I","V'LINE-R 600","BLANCO","4L0938P30830","S/D","","","","","","","","","","D","",""
"3260","33","","746441180014","ESTANTE DE MADERA","O/C N° 8-00209-2010","25/06/2010","523.6","","","1503.020102","MOBILIARIO DE OFICINA","M","S/M","MESA 2 NIVELES","S/T","CAFE","S/S","0.40X0.80X1.80"," "," "," "," "," "," ","",""," ","U","",""
"3261","33","","746441180015","ESTANTE DE MADERA","O/C N° 8-00209-2010","25/06/2010","868.7","","","1503.020102","MOBILIARIO DE OFICINA","R","S/M","4 NIVELES","S/T","CAFE","S/S","0.40X1.60X1.80"," "," "," "," "," "," ","",""," ","U","",""
"3262","33","","746441860012","ESTANTE DE METAL","SANEAR","31/12/2021","1.0","","","1503.020102","MOBILIARIO DE OFICINA","R","S/M","5 NIVELES1 DIV","S/T","PLOMO/BLANCO","S/S","0.29X1.15X2.30","","","","","","","","","RANURADO","U","",""
"3263","33","","322239390003","ESTUFA ELECTRICA","SANEAR","31/12/2021","1.0","","","1503.020902","ASEO, LIMPIEZA Y COCINA","R","IMACO","S/M","S/T","BLANCO","S/S","S/D","","","","","","","","","","U","",""
"3264","33","","952237910005","FACSIMIL","O/C N° 188-2014","15/07/2014","700.0","","","1503.020303","EQUIPOS DE TELECOMUNICACIONES","M","PANASONIC","KXFT988LS","MAQ. TELEFAX","NEGRO","Z6BWE020029","S/D","","","","","","","","","","D","",""
"3265","33","","740832000011","IMPRESORA (OTRAS)","SANEAR","31/12/2021","1.0","","","1503.020301","EQUIPOS COMPUTACIONALES Y PERIFERICOS","M","HP","LASERJET 1320","S/T","BLANCO/PLOMO","JPHC63DH7BHP","S/D","","","","","","","","","","D","",""
"3266","33","","740832000023","IMPRESORA (OTRAS)","O/C N° 3-00043-2010","25/05/2010","450.0","","","1503.020301","EQUIPOS COMPUTACIONALES Y PERIFERICOS","M","HP","LASERJET P1006","S/T","PLOMO/GRIS","VNF3K18773","S/D"," "," "," "," "," "," ","",""," ","U","",""
"3267","33","","740832000048","IMPRESORA (OTRAS)","O/C N° 282-2013","31/05/2013","718.42","","","1503.020301","EQUIPOS COMPUTACIONALES Y PERIFERICOS","M","HP","M1212NF","S/T","NEGRO","BRJSF3Y398","S/D","","","","","","","","","","U","",""
"3268","33","","740832000082","IMPRESORA (OTRAS)","O/C N° 478-2016","28/12/2016","2717.36","","","1503.020301","EQUIPOS COMPUTACIONALES Y PERIFERICOS","R","KYOCERA","FS-1035MFP","MULTIFUNCIONAL","BLANCO","1102MK4US0","S/D","","","","","","","","","","U","",""
"3269","33","","740841000019","IMPRESORA LASER","O/C N° 0-00033-2010","26/02/2010","475.0","","","1503.020301","EQUIPOS COMPUTACIONALES Y PERIFERICOS","M","HP","LASERJET P1006","","PLOMO/GRIS","VNF 4412178","","","","","","","","","","","U","",""
"3270","33","","742232610005","MAQUINA ANILLADORA PERFORADORA","OC N° 179-2013","22/04/2013","420.0","","","1503.020101","MAQUINAS Y EQUIPOS DE OFICINA","M","ESPIMITIC","SERIE PRATA","JAAMSA","PLOMO/PLATA","S/S","S/D","","","","","","","","","","U","",""
"3271","33","","746461530001","MODULO DE METAL","SANEAR","31/12/2021","1.0","","","1503.020102","MOBILIARIO DE OFICINA","R","SNAP","3 NIVELES ","S/T","ROJO","S/S","0.35X0.96X0.47","","","","","","","","","","U","",""
"3272","33","","952258120012","MONITOR (OTROS)","O/C Nº 6-00002-2009","25/09/2009","912.0","","","1503.020303","EQUIPOS DE TELECOMUNICACIONES","R","SAMSUNG","2243SNXPLUS","S/T","NEGRO","MY2CHYGS500785R","S/D","","","","","","","","","","U","",""
"3273","33","","952258120017","MONITOR (OTROS)","O/C N° 0-00034-2010","22/02/2010","957.6","","","1503.020303","EQUIPOS DE TELECOMUNICACIONES","R","SAMSUNG","L520CM2KRVA/PLS","LCD COLOR","NEGRO","CM20H9LS938203Y"," "," "," "," "," "," "," ","",""," ","U","",""
"3274","33","","952258120019","MONITOR (OTROS)","O/C N°0-00038-2010","24/02/2010","772.8","","","1503.020303","EQUIPOS DE TELECOMUNICACIONES","R","SAMSUNG","2033SWPLUS","PLASMA LCD","NEGRO","CM20H9LSA02864R","S/D","","","","","","","","","","U","",""
"3275","33","","952258120029","MONITOR (OTROS)","O/C N° 8-00107-2010","29/04/2010","662.23","","","1503.020303","EQUIPOS DE TELECOMUNICACIONES","M","HYUNDAI","V96W","LCD","NEGRO","V960WDCR9800030","S/D","","","","","","","","","","U","",""
"3276","33","","952258120033","MONITOR (OTROS)","O/C N° 3-00048-2010","28/05/2010","600.0","","","1503.020303","EQUIPOS DE TELECOMUNICACIONES","R","SAMSUNG","LCD","S/T","NEGRO","CN20H9LSC10330E","S/D"," "," "," "," "," "," ","",""," ","U","",""
"3277","33","","952258120047","MONITOR (OTROS)","O/C N° 306-2012","14/11/2012","635.04","","","1503.020303","EQUIPOS DE TELECOMUNICACIONES","R","LG","E1751CR","FLATRON E1951L","NEGRO","207RKEL14932","S/D","","","","","","","","","","U","",""
"3278","33","","952260580020","PARLANTES EN GENERAL (MAYOR A 1/8 UIT)","O/C N° 0-00034-2010","22/02/2010","47.88","","","1503.020303","EQUIPOS DE TELECOMUNICACIONES","M","OMEGA","S/M","MINI AMPLIFICAR","NEGRO","2.01E+17","S/D"," "," "," "," "," "," ","",""," ","D","",""
"3279","33","","952260580028","PARLANTES EN GENERAL (MAYOR A 1/8 UIT)","O/C N°0-00038-2010","24/02/2010","38.64","","","1503.020303","EQUIPOS DE TELECOMUNICACIONES","R","DIVOOM","S/M","S/T","NEGRO","S/S","S/D","","","","","","","","","","U","",""
"3280","33","","952260580036","PARLANTES EN GENERAL (MAYOR A 1/8 UIT)","O/C N° 022-2012","08/03/2012","45.78","","","1503.020303","EQUIPOS DE TELECOMUNICACIONES","M","DIVOOM","S/M","S/T","NEGRO","2CE0A6500180","S/D","","","","","","","","","","U","",""
"3281","33","","952260580044","PARLANTES EN GENERAL (MAYOR A 1/8 UIT)","O/C N° 306-2012","14/11/2012","31.75","","","1503.020303","EQUIPOS DE TELECOMUNICACIONES","R","GENIUS","2 UNID","S/T","NEGRO","XN120NA03427","S/D","","","","","","","","","","U","",""
"3282","33","","952260580073","PARLANTES EN GENERAL (MAYOR A 1/8 UIT)","O/C N° 0253-2007","12/11/2007","23.27","","","1503.020303","EQUIPOS DE TELECOMUNICACIONES","M","CYBERLINK","MORRO","S/T","NEGRO","9.08E+11","S/D","","","","","","","","","","U","",""
"3283","33","","952260580074","PARLANTES EN GENERAL (MAYOR A 1/8 UIT)","O/C N° 0254-2007","12/11/2007","23.27","","","1503.020303","EQUIPOS DE TELECOMUNICACIONES","M","DIVOOM","MORRO","MORRO R21","NEGRO","22109110430","S/D","","","","","","","","","","U","",""
"3284","33","","952260580088","PARLANTES EN GENERAL (MAYOR A 1/8 UIT)","O/C N° 000175-2013","19/04/2013","43.92","","","1503.020303","EQUIPOS DE TELECOMUNICACIONES"," M","CYBERLINK","S/M","S/T","NEGRO","S/S","S/D","","","","","","","","","","U","",""
"3285","33","","746481190022","SILLA FIJA DE MADERA","O/C N° 318-1995","30/06/1995","65.0","","","1503.020102","MOBILIARIO DE OFICINA","R","S/M","TAPIZ COROFAN","S/T","CAFE","S/S","0.44X0.41X0.86","","","","","","","","","","U","",""
"3286","33","","746481190040","SILLA FIJA DE MADERA","O/C N°  295-2012","06/11/2012","94.5","","","1503.020102","MOBILIARIO DE OFICINA","R","S/M","TAPIZ DE LONA","S/T","CAFE","S/S","0.41X0.42X0.84","","","","","","","","","","U","",""
"3287","33","","746481190104","SILLA FIJA DE MADERA","O/C N° 6-00113 - 2010","03/09/2010","90.0","","","1503.020102","MOBILIARIO DE OFICINA","R","S/M","TAPIZ DE LONA","S/T","CAFE","S/S","0.41X0.42X0.84","","","","","","","","","","U","",""
"3288","33","","746481190107","SILLA FIJA DE MADERA","O/C N° 6-00113 - 2010","03/09/2010","90.0","","","1503.020102","MOBILIARIO DE OFICINA","R","S/M","TAPIZ DE LONA","S/T","CAOBA","S/S","0.41X0.42X0.84","","","","","","","","","","U","",""
"3289","33","","746481190108","SILLA FIJA DE MADERA","O/C N° 6-00113 - 2010","03/09/2010","90.0","","","1503.020102","MOBILIARIO DE OFICINA","R","S/M","TAPIZ DE LONA","S/T","MADERA","S/S","0.41X0.42X0.84","","","","","","","","","","U","",""
"3290","33","","746481870100","SILLA FIJA DE METAL","SANEAR","31/12/2021","1.0","","","1503.020102","MOBILIARIO DE OFICINA","R","S/M","TAPIZ MARROQUIN","S/T","NEGRO/BEIGE ","S/S","S/D","","","","","","","","","","U","",""
"3291","33","","746482550002","SILLA FIJA DE OTRO MATERIAL","O/C N° 44-2000","22/02/2000","21.7","","","1503.020102","MOBILIARIO DE OFICINA","R","S/M","PLASTICO","S/T","AZUL","S/S","S/D","","","","","","","","","","U","",""
"3292","33","","746483900019","SILLA GIRATORIA DE METAL","O/C Nº 004","09/01/1993","315.0","","","1503.020102","MOBILIARIO DE OFICINA","M","S/M","TAPIZ LONA","S/T","NEGRO","S/S","S/D","","","","","","","","","","U","",""
"3293","33","","746483900029","SILLA GIRATORIA DE METAL","O/C N° 310-2012","15/11/2012","180.0","","","1503.020102","MOBILIARIO DE OFICINA","R","S/M","S/M","S/T","NEGRO","S/S","S/D","","","","","","","","","","U","",""
"3294","33","","746483900111","SILLA GIRATORIA DE METAL","O/C Nº 161-2013","12/04/2013","220.0","","","1503.020102","MOBILIARIO DE OFICINA","M","S/M","S/M","S/T","NEGRO","S/S","S/D","","","","","","","","","","U","",""
"3295","33","","746489330019","SILLON GIRATORIO DE METAL","O/C N° 266-2015","08/09/2015","498.0","","","1503.020102","MOBILIARIO DE OFICINA","M","S/M","TAPIZ MARROQUIN","CROMADO","NEGRO","S/S","S/D","","","","","","","","","","U","",""
"3296","33","","740895000077","TECLADO - KEYBOARD","O/C N° 0254-2007","12/11/2007","31.02","","","1503.020301","EQUIPOS COMPUTACIONALES Y PERIFERICOS","M","BENQ","S/M","S/T","NEGRO","9J91MD1U8872C207130","S/D","","","","","","","","","","D","",""
"3297","33","","740895000088","TECLADO - KEYBOARD","O/C Nº 6-00002-2009","25/09/2009","60.8","","","1503.020301","EQUIPOS COMPUTACIONALES Y PERIFERICOS","M","CYBERLINK","S/M","S/T","NEGRO","90310000598","S/D","","","","","","","","","","D","",""
"3298","33","","740895000144","TECLADO - KEYBOARD","SANEAR","31/12/2021","1.0","","","1503.020301","EQUIPOS COMPUTACIONALES Y PERIFERICOS","M","CYBERLINK","S/M","S/T","NEGRO","9.03E+11","S/D","","","","","","","","","","D","",""
"3299","33","","740895000145","TECLADO - KEYBOARD","SANEAR","31/12/2021","1.0","","","1503.020301","EQUIPOS COMPUTACIONALES Y PERIFERICOS","R","GENIUS","GK-100015","S/T","NEGRO","XTE807004171","S/D","","","","","","","","","","U","",""
"3300","33","","740895000146","TECLADO - KEYBOARD","O/C N° 131-2012","18/06/2012","45.34","","","1503.020301","EQUIPOS COMPUTACIONALES Y PERIFERICOS","M","GENIUS","S/M","S/T","NEGRO","9.03E+11","S/D","","","","","","","","","","D","",""
"3301","33","","740895000147","TECLADO - KEYBOARD","O/C N° 9-00084-2010","14/07/2010","34.0","","","1503.020301","EQUIPOS COMPUTACIONALES Y PERIFERICOS","M","GENIUS","S/M","S/T","NEGRO","K50030910011379","S/D","","","","","","","","","","D","",""
"3302","33","","740895000148","TECLADO - KEYBOARD","O/C N° 6-00066-2010","16/07/2010","45.0","","","1503.020301","EQUIPOS COMPUTACIONALES Y PERIFERICOS","R","GENIUS","GK-1000015","S/T","NEGRO","ZCCJ21001778","S/D","","","","","","","","","","U","",""
"3303","33","","740895000191","TECLADO - KEYBOARD","SANEAR","31/12/2021","1.0","","","1503.020301","EQUIPOS COMPUTACIONALES Y PERIFERICOS","R","GENIUS","GK-1000015","S/T","NEGRO","XEC507004432","S/D","","","","","","","","","","U","",""
"3304","33","","740895000197","TECLADO - KEYBOARD","SANEAR","31/12/2021","1.0","","","1503.020301","EQUIPOS COMPUTACIONALES Y PERIFERICOS","R","LOGITECH","K120","S/T","NEGRO","1833MR1C78F8","S/D","","","","","","","","","","D","",""
"3305","33","","740895000198","TECLADO - KEYBOARD","SANEAR","31/12/2021","1.0","","","1503.020301","EQUIPOS COMPUTACIONALES Y PERIFERICOS","B","LOGITECH","K120","S/T","NEGRO","1833MR1C3F38","S/D","","","","","","","","","","U","",""
"3306","33","","952282870017","TELEFONO","SANEAR","31/12/2021","1.0","","","1503.020303","EQUIPOS DE TELECOMUNICACIONES","M","INTELBRAS","TC50 PREMIUM","S/T","NEGRO","NSTFI2042000148","S/D","","","","","","","","","","D","",""
"3307","33","","952282870034","TELEFONO","SANEAR","31/12/2021","1.0","","","1503.020303","EQUIPOS DE TELECOMUNICACIONES","M","CLARO","ITC-G009","S/T","BLANCO","TF12042000147","S/D","","","","","","","","","","D","",""
"3308","33","","462299500009","TRANSFORMADOR (MAYOR A 1/8 UIT)","O/C N° 322-1999","29/12/1999","6297.74","","","1503.020904","ELECTRICIDAD Y ELECTRONICA","M","ENERGI","SVC-5000W","S/T","AZUL/BLANCO","GS200809SD00D602","S/D","","","","","","","","","","U","",""
"3309","33","","740899500047","UNIDAD CENTRAL DE PROCESO - CPU","O/C N° 0254-2007","12/11/2007","1386.39","","","1503.020301","EQUIPOS COMPUTACIONALES Y PERIFERICOS","M","LG","GIGA -X","S/T","NEGRO","S/S","S/D","","","","","","","","","","U","",""
"3310","33","","740899500060","UNIDAD CENTRAL DE PROCESO - CPU","SANEAR","31/12/2021","1.0","","","1503.020301","EQUIPOS COMPUTACIONALES Y PERIFERICOS","M","LG","CYBERLINK","S/T","NEGRO/PLOMO","S/S","S/D","","","","","","","","","","U","",""
"3311","33","","740899500065","UNIDAD CENTRAL DE PROCESO - CPU","O/C N° 0-00034-2010","22/02/2010","2852.85","","","1503.020301","EQUIPOS COMPUTACIONALES Y PERIFERICOS","R","INTEL","XION CPUE5-2407","RAM 12GB,64BITS","NEGRO","64BITS","S/D"," "," "," "," "," "," ","",""," ","U","",""
"3312","33","","740899500067","UNIDAD CENTRAL DE PROCESO - CPU","O/C N°0-00038-2010","24/02/2010","2157.3","","","1503.020301","EQUIPOS COMPUTACIONALES Y PERIFERICOS","M","INTEL","XION CPUE5-2407","RAM 12GB","NEGRO","64BITS","S/D","","","","","","","","","","U","",""
"3313","33","","740899500096","UNIDAD CENTRAL DE PROCESO - CPU","O/C N° 306-2012","14/11/2012","1891.89","","","1503.020301","EQUIPOS COMPUTACIONALES Y PERIFERICOS","R","INTEL","CORE I7-3770","RAM 12GB","NEGRO","64BITS","S/D","","","","","","","","","","U","",""
"3314","33","","740899500098","UNIDAD CENTRAL DE PROCESO - CPU","O/C N° 022-2012","08/03/2012","2708.65","","","1503.020301","EQUIPOS COMPUTACIONALES Y PERIFERICOS","R","INTEL","CORE I7-2600","RAM 12GB","NEGRO","64BITS","S/D","","","","","","","","","","U","",""
"3315","33","","740899500149","UNIDAD CENTRAL DE PROCESO - CPU","O/C N° 495-2016","30/12/2016","2800.0","","","1503.020301","EQUIPOS COMPUTACIONALES Y PERIFERICOS","R","INTEL","CORE I5-6500","RAM 8GB","NEGRO","64BITS","S/D","","","","","","","","","","U","",""
"3316","33","","112279700002","VENTILADOR ELECTRICO PARA MESA O DE PIE","SANEAR","31/12/2021","1.0","","","1503.020901","AIRE ACONDICIONADO Y REFRIGERACION","R","SIHSHK21","S/M","S/T","VERDE","S/S","S/D","","","","","","","","","","U","",""
"3317","34","34","746406600010","ARMARIO DE METAL","SANEAR","31/12/2021","1.0","","","1503.020102","MOBILIARIO DE OFICINA","R","S/M","ANDAMIO","S/T","PLOMO/NEGRO","S/S","0.45X0.87X1.80","","","","","","","","17/10/2023 23:12:40","","U","DIEGO TORRES NINA","1"
"3318","34","34","742223580003","EQUIPO MULTIFUNCIONAL COPIADORA IMPRESORA SCANNER Y/O FAX","O/C N° 6-00066-2010","16/07/2010","1075.0","","","1503.020101","MAQUINAS Y EQUIPOS DE OFICINA","R","HP LASER JET","M1319FMFP","S/T","PLOMO","C1598365FC","S/D","","","","","","","","17/10/2023 23:12:40","","U","DIEGO TORRES NINA","1"
"3319","34","34","746437790022","ESCRITORIO DE METAL","O/C N° 161-1987","20/05/1987","3200.0","","","1503.020102","MOBILIARIO DE OFICINA","R","S/M","S/M","S/T","PLOMO/NEGRO","S/S","0.72X0.76X1.00","","","","","","","","17/10/2023 23:12:40","","U","DIEGO TORRES NINA","1"
"3320","34","34","462252150018","ESTABILIZADOR","O/C N° 031-2002","31/01/2002","80.0","","","1503.020904","ELECTRICIDAD Y ELECTRONICA","R","BELTRON","AVR","1000W","ROJO/CREMA","S/S","S/D","","","","","","","","17/10/2023 23:12:40","","U","DIEGO TORRES NINA","1"
"3321","34","34","462252150077","ESTABILIZADOR","O/C N° 025-C- 2004","09/12/2004","63.0","","","1503.020904","ELECTRICIDAD Y ELECTRONICA","R","APC","BACK UPS","S/T","NEGRO","5B1135T21088","S/D","","","","","","","","17/10/2023 23:12:40","","U","DIEGO TORRES NINA","1"
"3322","34","34","746441860058","ESTANTE DE METAL","SANEAR","31/12/2021","1.0","","","1503.020102","MOBILIARIO DE OFICINA","R","S/M","6 NIV/1DIV","S/T","BLANCO/PLOMO","S/S","030X1.15X2.30","","","","","","","","17/10/2023 23:12:40","","U","DIEGO TORRES NINA","1"
"3323","34","34","746460850001","MODULO DE MADERA PARA MICROCOMPUTADORA","O/C N°195-1995","28/06/1995","334.0","","","1503.020102","MOBILIARIO DE OFICINA","R","MADERA","S/M","S/T","CAOBA","S/S","0.46X0.94X0.74","","","","","","","","17/10/2023 23:12:40","","U","DIEGO TORRES NINA","1"
"3324","34","34","746460850002","MODULO DE MADERA PARA MICROCOMPUTADORA","O/C N° 229-1995","28/04/1995","200.0","","","1503.020102","MOBILIARIO DE OFICINA","R","S/M","S/M","S/T","MADERA","S/S","0.50X0.70X0.72","","","","","","","","17/10/2023 23:12:40","","U","DIEGO TORRES NINA","1"
"3325","34","34","746460850006","MODULO DE MADERA PARA MICROCOMPUTADORA","SANEAR","31/12/2021","1.0","","","1503.020102","MOBILIARIO DE OFICINA","R","S/M","S/M","S/T","CAOBA","S/S","0.56X0.90X0.72","","","","","","","","17/10/2023 23:12:40","","U","DIEGO TORRES NINA","1"
"3326","34","34","952258120018","MONITOR (OTROS)","O/C N° 0-00037-2010","24/02/2010","772.8","","","1503.020303","EQUIPOS DE TELECOMUNICACIONES","R","SAMSUNG","LCD","PLASMA LCD","NEGRO","CM20H9LSB13320D"," "," "," "," "," "," "," ","","17/10/2023 23:12:40"," ","U","DIEGO TORRES NINA","1"
"3327","34","34","952258120058","MONITOR (OTROS)","O/C N° 740-2013","24/10/2013","1052.48","","","1503.020303","EQUIPOS DE TELECOMUNICACIONES","R","AOC","E2060SW","S/T","NEGRO","FZQD51A005327","S/D","","","","","","","","17/10/2023 23:12:40","","U","DIEGO TORRES NINA","1"
"3328","34","34","952258120062","MONITOR (OTROS)","O/C N° 740-2013","24/10/2013","618.63","","","1503.020303","EQUIPOS DE TELECOMUNICACIONES","R","AOC","E2060SW","S/T","NEGRO","FZQD51A005343","S/D","","","","","","","","17/10/2023 23:12:40","","U","DIEGO TORRES NINA","1"
"3329","34","34","740881870001","MONITOR PLANO","O/C N° 3-00060-2009","10/08/2009","766.15","","","1503.020301","EQUIPOS COMPUTACIONALES Y PERIFERICOS","M","LG","W20435V","904NDDMGQ738","NEGRO","W23435-PF","S/D","","","","","","","","17/10/2023 23:12:40","","U","DIEGO TORRES NINA","1"
"3330","34","34","952260580076","PARLANTES EN GENERAL (MAYOR A 1/8 UIT)","O/C N° 3-00021-2010","23/04/2010","35.88","","","1503.020303","EQUIPOS DE TELECOMUNICACIONES","R","MICRONICS","S/M","S/T","NEGRO","1.68E+11","S/D","","","","","","","","17/10/2023 23:12:40","","U","DIEGO TORRES NINA","1"
"3331","34","34","740892000001","SERVIDOR","O/C N° 740-2013","24/10/2013","7167.68","","","1503.020301","EQUIPOS COMPUTACIONALES Y PERIFERICOS","B","HP INTEL-CPU","WINDOWS2012 SER","S/T","NEGRO","2M2324037","S/D","","","","","","","","17/10/2023 23:12:40","","U","DIEGO TORRES NINA","1"
"3332","34","34","746481190030","SILLA FIJA DE MADERA","O/C N° 318-1995","30/06/1995","65.0","","","1503.020102","MOBILIARIO DE OFICINA","R","S/M","TAPIZ COROFAN","S/T","CAFE","S/S","0.45X0.47X0.85","","","","","","","","17/10/2023 23:12:40","","U","DIEGO TORRES NINA","1"
"3333","34","34","746481190131","SILLA FIJA DE MADERA","O/C N° 6-00113 - 2010","03/09/2010","90.0","","","1503.020102","MOBILIARIO DE OFICINA","R","S/M","TAPIZ DE LONA","S/T","CAFE","S/S","0.40X0.45X0.85","","","","","","","","17/10/2023 23:12:40","","U","DIEGO TORRES NINA","1"
"3334","34","34","746481190133","SILLA FIJA DE MADERA","O/C N° 6-00113 - 2010","03/09/2010","90.0","","","1503.020102","MOBILIARIO DE OFICINA","R","S/M","TAPIZ DE LONA","S/T","CAFE","S/S","0.40X0.45X0.85","","","","","","","","17/10/2023 23:12:40","","U","DIEGO TORRES NINA","1"
"3335","34","34","746483900073","SILLA GIRATORIA DE METAL","O/C N° 310-2012","15/11/2012","180.0","","","1503.020102","MOBILIARIO DE OFICINA","R","S/M","S/M","S/T","NEGRO","S/S","S/D","","","","","","","","17/10/2023 23:12:40","","U","DIEGO TORRES NINA","1"
"3336","34","34","740895000078","TECLADO - KEYBOARD","O/C N° 0068-2008","05/08/2008","49.52","","","1503.020301","EQUIPOS COMPUTACIONALES Y PERIFERICOS","M","GENIUS","GK-07000614/U","S/T","NEGRO","YBC11001302","S/D","","","","","","","","17/10/2023 23:12:40","","U","DIEGO TORRES NINA","1"
"3337","34","34","740895000153","TECLADO - KEYBOARD","SANEAR","","1.0","","","1503.020301","EQUIPOS COMPUTACIONALES Y PERIFERICOS","R","GENIUS","GK-070008/U","S/T","NEGRO","ZCT321001771","S/D","","","","","","","","17/10/2023 23:12:40","","U","DIEGO TORRES NINA","1"
"3338","34","34","740895000154","TECLADO - KEYBOARD","SANEAR","31/12/2021","1.0","","","1503.020301","EQUIPOS COMPUTACIONALES Y PERIFERICOS","R","GENIUS","GK-07000614/U","S/T","NEGRO","22E350800206","S/D","","","","","","","","17/10/2023 23:12:40","","U","DIEGO TORRES NINA","1"
"3339","34","34","740899500002","UNIDAD CENTRAL DE PROCESO - CPU","O/C N° 074-1993","31/12/2021","2865.0","","","1503.020301","EQUIPOS COMPUTACIONALES Y PERIFERICOS","M","INTEL","CORE 2DUAL","RAM: 4GB","NEGRO","32 BITS","S/D","","","","","","","","17/10/2023 23:12:40","","D","DIEGO TORRES NINA","1"
"3340","34","34","740899500115","UNIDAD CENTRAL DE PROCESO - CPU","O/C N° 740-2013","24/10/2013","1792.18","","","1503.020301","EQUIPOS COMPUTACIONALES Y PERIFERICOS","R","INTEL","I7-3770","3.40GHZ","NEGRO","S/S","S/D","","","","","","","","17/10/2023 23:12:40","","U","DIEGO TORRES NINA","1"
"3341","34","34","112279700007","VENTILADOR ELECTRICO PARA MESA O DE PIE","SANEAR","31/12/2021","1.0","","","1503.020901","AIRE ACONDICIONADO Y REFRIGERACION","R","CONTINENTAL","CE45412","S/T","BLANCO","6100310","S/D","","","","","","","","17/10/2023 23:12:40","","U","DIEGO TORRES NINA","1"
"3342","35","","462200500003","ACUMULADOR DE ENERGIA - EQUIPO DE UPS","O/C N° 298-2012","06/11/2012","87.8","","","1503.020904","ELECTRICIDAD Y ELECTRONICA","M","CDP","BR 55061","BACK RS","NEGRO/AZUL","3B1122X01837","S/D","","","","","","","","","","D","",""
"3343","35","","462200500004","ACUMULADOR DE ENERGIA - EQUIPO DE UPS","O/C Nº 496-2016","30/12/2016","350.0","","","1503.020904","ELECTRICIDAD Y ELECTRONICA","R","APC RS 550","BR550G1","S/T","NEGRO","3B1149X04980","S/D","","","","","","","","","","D","",""
"3344","35","","462200500005","ACUMULADOR DE ENERGIA - EQUIPO DE UPS","O/C Nº 155-2012","04/07/2012","185.0","","","1503.020904","ELECTRICIDAD Y ELECTRONICA","R","APC","BR550G1-AS","S/T","NEGRO","5B1137TO8013","S/D","","","","","","","","","","D","",""
"3345","35","","462200500008","ACUMULADOR DE ENERGIA - EQUIPO DE UPS","O/C Nº 496-2016","31/12/2021","350.0","","","1503.020904","ELECTRICIDAD Y ELECTRONICA","R","APC","550 VA","S/T","NEGRO","3B1228X31948","S/D","","","","","","","","","","D","",""
"3346","35","","462200500009","ACUMULADOR DE ENERGIA - EQUIPO DE UPS","O/C Nº 496-2016","31/12/2021","350.0","","","1503.020904","ELECTRICIDAD Y ELECTRONICA","M","APC","560VA","S/T","NEGRO","3B1228X31988","S/D","","","","","","","","","","D","",""
"3347","35","","462200500010","ACUMULADOR DE ENERGIA - EQUIPO DE UPS","O/C Nº 496-2016","31/12/2021","350.0","","","1503.020904","ELECTRICIDAD Y ELECTRONICA","M","APC","BR 550GI","RS 550","NEGRO","3B1220X14370","S/D","","","","","","","","","","D","",""
"3348","35","","462200500012","ACUMULADOR DE ENERGIA - EQUIPO DE UPS","O/C Nº 496-2016","31/12/2021","350.0","","","1503.020904","ELECTRICIDAD Y ELECTRONICA","M","APC","BR 550GI","RS 550","NEGRO","3B1220X14370","S/D","","","","","","","","","","D","",""
"3349","35","","462200500014","ACUMULADOR DE ENERGIA - EQUIPO DE UPS","O/C Nº 496-2016","31/12/2021","350.0","","","1503.020904","ELECTRICIDAD Y ELECTRONICA","M","APC","BR55061","S/T","NEGRO","S/S","S/D","","","","","","","","","","D","",""
"3350","35","","462200500017","ACUMULADOR DE ENERGIA - EQUIPO DE UPS","O/C N° 000175-2013","19/04/2013","62.22","","","1503.020904","ELECTRICIDAD Y ELECTRONICA","M","AOC RS 550","S/M","S/T","NEGRO","3B1250X 08600","S/D","","","","","","","","","","D","",""
"3351","35","","462200500024","ACUMULADOR DE ENERGIA - EQUIPO DE UPS","O/C N° 533-2013","23/07/2013","56.57","","","1503.020904","ELECTRICIDAD Y ELECTRONICA","R","CDP","S/M","S/T","NEGRO","1B0312-1020447","S/D","","","","","","","","","","U","",""
"3352","35","","462200500025","ACUMULADOR DE ENERGIA - EQUIPO DE UPS","O/C N° 000175-2013","19/04/2013","62.22","","","1503.020904","ELECTRICIDAD Y ELECTRONICA","M","APC RS 550","S/M","S/T","NEGRO","3B1250X08567","S/D","","","","","","","","","","D","",""
"3353","35","","462200500030","ACUMULADOR DE ENERGIA - EQUIPO DE UPS","SANEAR","31/12/2021","1.0","","","1503.020904","ELECTRICIDAD Y ELECTRONICA","M","APC","AMERICA POWER N","S/T","BLANCO","S/S","S/D","","","","","","","","","","D","",""
"3354","35","","462200500038","ACUMULADOR DE ENERGIA - EQUIPO DE UPS","SANEAR","31/12/2021","1.0","","","1503.020904","ELECTRICIDAD Y ELECTRONICA","B","APC","325 WATS","CON CABLE","NEGRO","9B1640A12595","S/D","","","","","","","","","","U","",""
"3355","35","","462200500039","ACUMULADOR DE ENERGIA - EQUIPO DE UPS","SANEAR","31/12/2021","1.0","","","1503.020904","ELECTRICIDAD Y ELECTRONICA","B","APC","325 WATS","CON CABLE","NEGRO","9B1640A12606","S/D","","","","","","","","","","U","",""
"3356","35","","462200500040","ACUMULADOR DE ENERGIA - EQUIPO DE UPS","SANEAR","31/12/2021","1.0","","","1503.020904","ELECTRICIDAD Y ELECTRONICA","B","APC","325 WATS","CON CABLE","NEGRO","9B1640A12608","S/D","","","","","","","","","","U","",""
"3357","35","","462200500041","ACUMULADOR DE ENERGIA - EQUIPO DE UPS","SANEAR","31/12/2021","1.0","","","1503.020904","ELECTRICIDAD Y ELECTRONICA","B","APC","325 WATS","CON CABLE","NEGRO","9B1640A12359","S/D","","","","","","","","","","U","",""
"3358","35","","462200500042","ACUMULADOR DE ENERGIA - EQUIPO DE UPS","SANEAR","31/12/2021","1.0","","","1503.020904","ELECTRICIDAD Y ELECTRONICA","B","APC","325 WATS","CON CABLE","NEGRO","9B1640A12607","S/D","","","","","","","","","","U","",""
"3359","35","","462200500043","ACUMULADOR DE ENERGIA - EQUIPO DE UPS","SANEAR","31/12/2021","1.0","","","1503.020904","ELECTRICIDAD Y ELECTRONICA","B","APC","325 WATS","CON CABLE","NEGRO","9B1640A12605","S/D","","","","","","","","","","U","",""
"3360","35","","462200500044","ACUMULADOR DE ENERGIA - EQUIPO DE UPS","SANEAR","31/12/2021","1.0","","","1503.020904","ELECTRICIDAD Y ELECTRONICA","B","APC","325 WATS","CON CABLE","NEGRO","9B1640A12596","S/D","","","","","","","","","","U","",""
"3361","35","","462200500045","ACUMULADOR DE ENERGIA - EQUIPO DE UPS","SANEAR","31/12/2021","1.0","","","1503.020904","ELECTRICIDAD Y ELECTRONICA","B","APC","325 WATS","CON CABLE","NEGRO","9B1640A12358","S/D","","","","","","","","","","U","",""
"3362","35","","462200500046","ACUMULADOR DE ENERGIA - EQUIPO DE UPS","SANEAR","31/12/2021","1.0","","","1503.020904","ELECTRICIDAD Y ELECTRONICA","B","APC","325 WATS","CON CABLE","NEGRO","9B1640A12360","S/D","","","","","","","","","","U","",""
"3363","35","","462200500047","ACUMULADOR DE ENERGIA - EQUIPO DE UPS","SANEAR","31/12/2021","1.0","","","1503.020904","ELECTRICIDAD Y ELECTRONICA","B","APC","325 WATS","CON CABLE","NEGRO","9B1640A12357","S/D","","","","","","","","","","U","",""
"3364","35","","675001050004","AMOLADORA","O/C N° 20-2019","26/03/2019","300.0","","","1503.020999","MAQUINARIAS, EQUIPOS Y MOBILIARIOS DE OTRAS INSTALACIONES","R","BLACK DECKER","G720","ELECTRICO","NEGRO/ANARANJADO","6720-B2C","S/D","","","","","","","","","","U","",""
"3365","35","","675001050005","AMOLADORA","O/C N° 00110","19/03/2021","320.0","","","1503.020999","MAQUINARIAS, EQUIPOS Y MOBILIARIOS DE OTRAS INSTALACIONES","R","TRUPER","ESMA7A2-2","S/T","ANARANJADO/NEGRO","S/S","S/D","","","","","","","","","","U","",""
"3366","35","","602203330001","AMPERIMETRO","O/C N° 762-1996","19/10/1996","35.0","","","1503.020905","EQUIPOS E INSTRUMENTOS DE MEDICION","M","SUNWA","YX-360TR","S/T","AZUL","S/S","S/D","","","","","","","","","","D","",""
"3367","35","","602203330002","AMPERIMETRO","SANEAR","31/12/2021","1.0","","","1503.020905","EQUIPOS E INSTRUMENTOS DE MEDICION","M","S/M","S/M","S/T","LADRILLO","S/S","S/D","","","","","","","","","","D","",""
"3368","35","","746403210005","ARCHIVADOR DE MADERA","O/C N° 229-1995","28/04/1995","220.0","","","1503.020102","MOBILIARIO DE OFICINA","R","S/M","4 DIV. 2 PUERTS","S/T","NOGAL/CAOBA","S/S","1.00X1.60X0.42","","","","","","","","","","U","",""
"3369","35","","746403210006","ARCHIVADOR DE MADERA","SANEAR","31/12/2021","1.0","","","1503.020102","MOBILIARIO DE OFICINA","R","S/M","S/M","S/T","AMARILLO","S/S","0.46X1.19X1.87","","","","","","","","","","U","",""
"3370","35","","746403890001","ARCHIVADOR DE METAL","O/C Nº 288","30/06/1995","828.74","","","1503.020102","MOBILIARIO DE OFICINA","M","S/M","4 GAVETAS","S/T","PLOMO/NEGRO","S/S","0.70x0.47x1.35","","","","","","","","","","U","",""
"3371","35","","746403890011","ARCHIVADOR DE METAL","SANEAR","31/12/2021","1.0","","","1503.020102","MOBILIARIO DE OFICINA","M","S/M","3 GAVETAS","S/T","PLOMO/NEGRO","S/S","0.63X0.48X1.00","","","","","","","","","","U","",""
"3372","35","","746403890012","ARCHIVADOR DE METAL","SANEAR","31/12/2021","1.0","","","1503.020102","MOBILIARIO DE OFICINA","M","S/M","4 NIVELES","S/T","PLOMO/NEGRO","S/S","0.60X0.46X1.34","","","","","","","","","","U","",""
"3373","35","","746406600005","ARMARIO DE METAL","SANEAR","31/12/2021","1.0","","","1503.020102","MOBILIARIO DE OFICINA","R","S/M","3 NIVELES","S/T","PLOMO","S/S","0.46X0.88X0.76","","","","","","","","","","U","",""
"3374","35","","746406600011","ARMARIO DE METAL","SANEAR","31/12/2021","1.0","","","1503.020102","MOBILIARIO DE OFICINA","M","S/M","3 NIVELES","S/T","PLOMO","S/S","0.46X0.89X1.80","","","","","","","","","","U","",""
"3375","35","","672202950001","ASPIRADOR MULTIPLE","O/C N° 410-2013","04/07/2013","325.0","","","1503.020906","EQUIPOS PARA VEHICULOS","M","SHOP VAC","S/M","S/T","PLOMO","C915123","S/D","","","","","","","","","","D","",""
"3376","35","","252200500001","ASPIRADORA ELECTRICA","SANEAR","31/12/2021","1.0","","","1503.020902","ASEO, LIMPIEZA Y COCINA","M","PANASONIC","S/M","S/T","GRANATE","S/S","S/D","","","","","","","","","","D","",""
"3377","35","","602206160001","BALANZA (OTRAS)","O/C Nº 989","20/12/2013","1400.0","","","1503.020905","EQUIPOS E INSTRUMENTOS DE MEDICION","R","OHAUS","EB-30","S/T","TRANSPARENTE","8034161748","S/D","","","","","","","","","","U","",""
"3378","35","","602206160002","BALANZA (OTRAS)","O/C N° 20-2019","26/03/2019","250.0","","","1503.020905","EQUIPOS E INSTRUMENTOS DE MEDICION","M","JOSVER","S/M","S/T","VERDE","S/S","S/D","","","","","","","","","","U","",""
"3379","35","","602206160004","BALANZA (OTRAS)","O/C N° 201-2020","31/12/2021","190.0","","","1503.020905","EQUIPOS E INSTRUMENTOS DE MEDICION","M","JOSVER","S/M","S/T","VERDE","S/S","S/D","","","","","","","","","","U","",""
"3380","35","","602207850008","BALANZA ELECTRONICA","O/C N° 000650-2013","05/09/2013","2230.0","","","1503.020905","EQUIPOS E INSTRUMENTOS DE MEDICION","R","OHAUS","EB-30","D PRECISION","PLOMO/AZUL","8034161746","S/D","","","","","","","","","","U","",""
"3381","35","","602208420001","BALANZA MECANICA","O/C N° 132-1994","30/04/1994","29.5","","","1503.020905","EQUIPOS E INSTRUMENTOS DE MEDICION","M","BALPER","S/M","S/T","ROJO/BLANCO","S/S","S/D","","","","","","","","","","D","",""
"3382","35","","532209720005","BALON INTRA AORTICO","SANEAR","31/12/2021","1.0","","","1503.020402","EQUIPO MEDICO","M","S/M","S/M","S/T","VERDE","S/S","S/D","","","","","","","","","","U","",""
"3383","35","","602210680033","BOMBA DE SUCCION","O/C Nº 471-2013","16/07/2013","63.0","","","1503.020905","EQUIPOS E INSTRUMENTOS DE MEDICION","R","S/M","MANUAL","S/T","ANARANJADO/NEGRO","S/S","S/D","","","","","","","","","","U","",""
"3384","35","","42206210005","BRUJULA","O/C Nº 263-2012","09/10/2012","1270.0","","","1503.020502","EQUIPO DE USO AGRICOLA Y PESQUERO","M","BRUNTON","F-5006-030","S/T","PLATEADO","5062512042","S/D","","","","","","","","","","D","",""
"3385","35","","42206210006","BRUJULA","O/C N° 377-2015","23/11/2015","1500.0","","","1503.020502","EQUIPO DE USO AGRICOLA Y PESQUERO","R","BRUNTON","F-5006-030","PROFESIONAL","PLOMO","5062615030","S/D","","","","","","","","","","U","",""
"3386","35","","746417450014","CABINA - CASETA","SANEAR","31/12/2021","1.0","","","1503.020102","MOBILIARIO DE OFICINA","R","S/M","CASETA 3","S/T","AZUL","S/S","5.20X2.70X2.75","","","","","","","","","","U","",""
"3387","35","","952213350001","CAJA ACUSTICA","O/C N° 313-2015","26/10/2015","1120.0","","","1503.020303","EQUIPOS DE TELECOMUNICACIONES","R","JLS PROFESIONAL","S/M","600W","NEGRO","S/S","S/D","","","","","","","","","","U","",""
"3388","35","","742200500001","CALCULADORA CIENTIFICA","O/C N° 902-1995","29/10/1995","85.0","","","1503.020101","MAQUINAS Y EQUIPOS DE OFICINA","M","CASIO","FX-3200 P","S/T","NEGRO","S/S","S/D","","","","","","","","","","D","",""
"3389","35","","742200500004","CALCULADORA CIENTIFICA","O/C N° 160-2004","28/04/2004","185.0","","","1503.020101","MAQUINAS Y EQUIPOS DE OFICINA","M","CASIO","FX-7400G PLUS","S/T","PLOMO","S/S","S/D","","","","","","","","","","D","",""
"3390","35","","742200500012","CALCULADORA CIENTIFICA","O/C N° 160-2004","28/04/2004","185.0","","","1503.020101","MAQUINAS Y EQUIPOS DE OFICINA","M","CASIO","FX-7400G PLUS","S/T","PLOMO","S/S","S/D","","","","","","","","","","D","",""
"3391","35","","742200500013","CALCULADORA CIENTIFICA","O/C N° 91-2012","15/05/2012","170.0","","","1503.020101","MAQUINAS Y EQUIPOS DE OFICINA","M","CASIO","FX 7400GII","S/T","PLOMO/NEGRO","S/S","S/D","","","","","","","","","","D","",""
"3392","35","","742200500015","CALCULADORA CIENTIFICA","SANEAR","31/12/2021","1.0","","","1503.020101","MAQUINAS Y EQUIPOS DE OFICINA","M","LITIO","LITHIUM","S/T","NEGRO","S/S","S/D","","","","","","","","","","D","",""
"3393","35","","742200500017","CALCULADORA CIENTIFICA","O/C N° 329-1995","30/07/1995","90.4","","","1503.020101","MAQUINAS Y EQUIPOS DE OFICINA","M","CASIO","FX-3600 P","S/T","PLOMO","S/S","S/D","","","","","","","","","","D","",""
"3394","35","","742200500019","CALCULADORA CIENTIFICA","O/C N° 329-1995","30/07/1995","90.4","","","1503.020101","MAQUINAS Y EQUIPOS DE OFICINA","M","CASIO","FX-3600 P","S/T","PLATEADO","S/S","S/D","","","","","","","","","","D","",""
"3395","35","","742200500020","CALCULADORA CIENTIFICA","O/C N° 160-2004","28/04/2004","185.0","","","1503.020101","MAQUINAS Y EQUIPOS DE OFICINA","M","CASIO","FX-7400G PLUS","S/T","PLOMO/NEGRO","S/S","S/D","","","","","","","","","","D","",""
"3396","35","","742200500021","CALCULADORA CIENTIFICA","O/C N° 345-2004","25/10/2004","150.0","","","1503.020101","MAQUINAS Y EQUIPOS DE OFICINA","M","CASIO","FX-4000P","S/T","PLOMO/NEGRO","S/S","S/D","","","","","","","","","","D","",""
"3397","35","","742203180004","CALCULADORA ELECTRICA","O/C N° 282-1987","21/07/1987","1500.0","","","1503.020101","MAQUINAS Y EQUIPOS DE OFICINA","M","CASIO","F-2","S/T","BLANCO","108731","S/D","","","","","","","","","","D","",""
"3398","35","","742203180005","CALCULADORA ELECTRICA","O/C N° 084-1991","31/06/1991","18.9","","","1503.020101","MAQUINAS Y EQUIPOS DE OFICINA","M","CASIO","DR-120L","S/T","BLANCO","1311416","S/D","","","","","","","","","","D","",""
"3399","35","","742203180020","CALCULADORA ELECTRICA","O/C  N° 031-1997","20/08/1997","335.0","","","1503.020101","MAQUINAS Y EQUIPOS DE OFICINA","M","OLIVETTI","32/C","S/T","PLOMO","1216962","S/D","","","","","","","","","","D","",""
"3400","35","","742203180023","CALCULADORA ELECTRICA","O/C N° 084-1991","31/06/1991","18.9","","","1503.020101","MAQUINAS Y EQUIPOS DE OFICINA","M","CASIO","UR 8TM","S/T","BLANCO/PLOMO","S/S","S/D","","","","","","","","","","D","",""
"3401","35","","742203180024","CALCULADORA ELECTRICA","O/C N° 320-1997","31/10/1997","87.0","","","1503.020101","MAQUINAS Y EQUIPOS DE OFICINA","M","KENKO","KK-3122A","S/T","NEGRO","S/S","S/D","","","","","","","","","","U","",""
"3402","35","","742203180025","CALCULADORA ELECTRICA","O/C N° 320-1997","31/10/1997","45.0","","","1503.020101","MAQUINAS Y EQUIPOS DE OFICINA","M","KENKO","12 DG MEDINO","S/T","NEGRO","S/S","S/D","","","","","","","","","","D","",""
"3403","35","","112204460002","CALEFACTOR","SANEAR","31/12/2021","1.0","","","1503.020901","AIRE ACONDICIONADO Y REFRIGERACION","M","IMACO","OFR7AC","","BLANCO HUMO","","","","","","","","","","","","U","",""
"3404","35","","112204460004","CALEFACTOR","O/C Nº 8-00271","20/08/2011","320.0","","","1503.020901","AIRE ACONDICIONADO Y REFRIGERACION","M","IMACO","S/M","S/T","BLANCO/GRIS","S/S","S/D","","","","","","","","","","D","",""
"3405","35","","952214700002","CAMARA DE VIDEO DIGITAL","O/C N° 343-2015","13/11/2015","1000.0","","","1503.020303","EQUIPOS DE TELECOMUNICACIONES","R","HIKVISION","DS-2CE16DTTT-A3","CAMARA DE VIGILANCIA","BLANCO","528316344","S/D","","","","","","","","","","U","",""
"3406","35","","952214700003","CAMARA DE VIDEO DIGITAL","O/C Nº 496","30/12/2016","4000.0","","","1503.020303","EQUIPOS DE TELECOMUNICACIONES","B","HIK-VISION","DS-7200","CAMARA D VIGILA","NEGRO","624018037","S/D","","","","","","","","","","U","",""
"3407","35","","952214700004","CAMARA DE VIDEO DIGITAL","SANEAR","31/12/2021","1.0","","","1503.020303","EQUIPOS DE TELECOMUNICACIONES","R","HIK VISION","OS-7204HGHI-SH","S/T","NEGRO","531352050","S/D","","","","","","","","","GRABADORA DE VIDEO DIGITAL","U","",""
"3408","35","","742208530001","CAMARA FOTOGRAFICA","O/C N° 214-1995","28/04/1995","155.0","","","1503.020101","MAQUINAS Y EQUIPOS DE OFICINA","M","ZENIT","S/M","S/T","NEGRO","S/S","S/D","","","","","","","","","","D","",""
"3409","35","","742208530003","CAMARA FOTOGRAFICA","O/C N° 96-1996","29/01/1996","728.5","","","1503.020101","MAQUINAS Y EQUIPOS DE OFICINA","M","CANON","S/M","S/T","PLOMO","S/S","S/D","","","","","","","","","","D","",""
"3410","35","","742208530004","CAMARA FOTOGRAFICA","O/C N° 475-1997","28/06/1996","95.0","","","1503.020101","MAQUINAS Y EQUIPOS DE OFICINA","M","CANON","S/M","S/T","NEGRO","S/S","S/D","","","","","","","","","","D","",""
"3411","35","","742208530005","CAMARA FOTOGRAFICA","O/C N° 403-1997","19/08/1997","415.0","","","1503.020101","MAQUINAS Y EQUIPOS DE OFICINA","M","CANON","MB-301D","S/T","NEGRO","S/S","S/D","","","","","","","","","","D","",""
"3412","35","","742208530010","CAMARA FOTOGRAFICA","O/C N° 008-1997","30/09/1997","532.0","","","1503.020101","MAQUINAS Y EQUIPOS DE OFICINA","M","CANON","CAMEO ZOOM","S/T","NEGRO","S/S","S/D","","","","","","","","","","D","",""
"3413","35","","742208530011","CAMARA FOTOGRAFICA","O/C N° 0586-1997","31/10/1997","180.0","","","1503.020101","MAQUINAS Y EQUIPOS DE OFICINA","M","ZENIT","122","S/T","NEGRO","91018373 DE 19ESP","S/D","","","","","","","","","","D","",""
"3414","35","","742208530013","CAMARA FOTOGRAFICA","SANEAR","31/12/2021","1.0","","","1503.020101","MAQUINAS Y EQUIPOS DE OFICINA","M","CANON","S/M","S/T","PLOMO","S/S","S/D","","","","","","","","","","D","",""
"3415","35","","742208530015","CAMARA FOTOGRAFICA","O/C N° 3-00112-2009","30/09/2009","980.0","","","1503.020101","MAQUINAS Y EQUIPOS DE OFICINA","M","SONY CYBER","S/M","DIGITAL","NEGRO","6581004","S/D","","","","","","","","","","D","",""
"3416","35","","742208530020","CAMARA FOTOGRAFICA","O/C N° 203-2004","28/06/2004","340.0","","","1503.020101","MAQUINAS Y EQUIPOS DE OFICINA","M","OLYMPUS","S/M","S/T","PLOMO","S/S","S/D","","","","","","","","","","D","",""
"3417","35","","742208530021","CAMARA FOTOGRAFICA","O/C N° 005E-2004","31/08/2004","155.0","","","1503.020101","MAQUINAS Y EQUIPOS DE OFICINA","M","CANON","PRIMA BF-800","S/T","PLOMO","S/S","S/D","","","","","","","","","","D","",""
"3418","35","","742208970005","CAMARA FOTOGRAFICA DIGITAL","O/C N° 8-00105-2010","23/04/2010","908.0","","","1503.020101","MAQUINAS Y EQUIPOS DE OFICINA","M","SONY","DSC W310","S/T","NEGRO","195936","S/D"," "," "," "," "," "," ","",""," ","D","",""
"3419","35","","742208970007","CAMARA FOTOGRAFICA DIGITAL","O/C N° 179-2013","07/07/2011","297.0","","","1503.020101","MAQUINAS Y EQUIPOS DE OFICINA","M","OLYMPUS","T-1000","S/T","PLOMO","U4YB53515","S/D","","","","","","","","","","U","",""
"3420","35","","742208970008","CAMARA FOTOGRAFICA DIGITAL","O/C N° 351-2012","04/12/2012","9800.0","","","1503.020101","MAQUINAS Y EQUIPOS DE OFICINA","M","CANON","5D MARK II","FILMADORA","NEGRO","DS126201","S/D","","","","","","","","","","D","",""
"3421","35","","742208970012","CAMARA FOTOGRAFICA DIGITAL","O/C N° 300-2015","10/09/2015","1125.0","","","1503.020101","MAQUINAS Y EQUIPOS DE OFICINA","R","NIKON","COOLPIX - S 9500","S/T","NEGRO","31107259","S/D","","","","","","","","","","U","",""
"3422","35","","742208970013","CAMARA FOTOGRAFICA DIGITAL","O/C N° 300-2015","10/09/2015","1125.0","","","1503.020101","MAQUINAS Y EQUIPOS DE OFICINA","R","NIKON","COOLPIX - S 9500","S/T","NEGRO","31166415","S/D","","","","","","","","","","U","",""
"3423","35","","742208970014","CAMARA FOTOGRAFICA DIGITAL","O/C N° 300-2015","10/09/2015","1125.0","","","1503.020101","MAQUINAS Y EQUIPOS DE OFICINA","B","NIKON","COOLPIX - S 9500","S/T","NEGRO","31102185","S/D","","","","","","","","","","U","",""
"3424","35","","742208970016","CAMARA FOTOGRAFICA DIGITAL","O/C Nº 270-2015","09/09/2015","1190.0","","","1503.020101","MAQUINAS Y EQUIPOS DE OFICINA","M","SONY","DSC-WX350","S/T","NEGRO","1032357","S/D","","","","","","","","","","D","",""
"3425","35","","742208970017","CAMARA FOTOGRAFICA DIGITAL","O/C Nº 270-2015","09/09/2015","1190.0","","","1503.020101","MAQUINAS Y EQUIPOS DE OFICINA","M","SONY","DSC-WX350","S/T","NEGRO","1033200","S/D","","","","","","","","","","D","",""
"3426","35","","742208970018","CAMARA FOTOGRAFICA DIGITAL","O/C N° 248-2016","13/09/2016","799.0","","","1503.020101","MAQUINAS Y EQUIPOS DE OFICINA","M","PANASONIC LUMIX","DMC-SZ10","CAMARA FOTOGRAFICA","NEGRO","UP5GB005342","S/D","","","","","","","","","","D","",""
"3427","35","","536424300001","CAMILLA DE MADERA","O/C N° 134-2015","25/06/2015","270.0","","","1503.020401","MOBILIARIO MEDICO","R","S/M","S/M","RIGIDO DE MADERA","AMARILLO","S/S","S/D","","","","","","","","","","U","",""
"3428","35","","536425250001","CAMILLA DE METAL","O/C N° 19-2019","26/03/2019","380.0","","","1503.020401","MOBILIARIO MEDICO","R","S/M","S/M","S/T","NEGRO/BLANCO","S/S","1.80X0.77X0.58","","","","","","","","","","U","",""
"3429","35","","678250000017","CAMIONETA","O/C N° 6-00047-2010","06/05/2010","90900.0","","","1503.0101","VEHICULOS PARA TRANSPORTE TERRESTRE","R","NISSAN","NAVARA","EGA-938","PLATA","S/S","S/D","EGA-938","YD25200196T","MNTCCUD40A6002909","",".","","","","","U","",""
"3430","35","","678250000018","CAMIONETA","O/C N° 6-00046-2010","06/05/2010","90900.0","","","1503.0101","VEHICULOS PARA TRANSPORTE TERRESTRE","R","NISSAN","NAVARA","PICK UP","GRIS PERLADO METALICO","S/S","S/D","EGA-937","YD25-201786T","MNTCCUD40A6002951"," ","2010"," ","",""," ","U","",""
"3431","35","","678250000019","CAMIONETA","O/C N° 81-2012","26/04/2012","108112.5","","","1503.0101","VEHICULOS PARA TRANSPORTE TERRESTRE","R","TOYOTA","HILUX 762","S/T","PLATA METALICO","MR0FZ22G6C1062136","S/D","EGH-146","MOTOR: 1KD6983172","MR0FZ22G6C1062136","","2012","","","","","U","",""
"3432","35","","678250000021","CAMIONETA","O/C N° 000211-2013","06/05/2013","107500.0","","","1503.0101","VEHICULOS PARA TRANSPORTE TERRESTRE","R","TOYOTA","HILUX","Z4T-907","PLATA METALICO","S/S","S/D","..","1KDA101587","MR0FZ22G7D1193397","","2013","","","","","U","",""
"3433","35","","678250000023","CAMIONETA","O/C N° 975-1996","29/12/1996","50192.48","","","1503.0101","VEHICULOS PARA TRANSPORTE TERRESTRE","M","TOYOTA","HILUX 4X4","EGL-389-PLACA 1","ROJO VINO","S/S","S/D","EGL-389","22R4123719","RN105-0006167","","1995","","","","","D","",""
"3434","35","","740800500001","CAPTURADOR DE IMAGEN - SCANNER","O/C N° 0068-2007","29/05/2007","330.0","","","1503.020301","EQUIPOS COMPUTACIONALES Y PERIFERICOS","R","HP","SCANJET 2400","S/T","PLOMO/BLANCO","CN6BVSR2XR","S/D","","","","","","","","","","D","",""
"3435","35","","672227260005","COMPRESORA DE AIRE","O/C N° 374-2012","06/12/2012","875.0","","","1503.020906","EQUIPOS PARA VEHICULOS","R","DENTALAIR","JYK50A","S/T","BLANCO","S/S","S/D","","","","","","","","","","U","",""
"3436","35","","672227260012","COMPRESORA DE AIRE","SANEAR","31/12/2021","1.0","","","1503.020906","EQUIPOS PARA VEHICULOS","R","TRUPER","150 PSI","S/T","NEGRO/ANARANAJADO","S/S","S/D","","","","","","","","","","U","",""
"3437","35","","672227260013","COMPRESORA DE AIRE","SANEAR","31/12/2021","1.0","","","1503.020906","EQUIPOS PARA VEHICULOS","M","S/M","1HP/220-50-HZ-3","15 HG","PLOMO NEGRO","S/S","S/D","","","","","","","","","","D","",""
"3438","35","","740805000002","COMPUTADORA PERSONAL PORTATIL","O/C N° 316-2003","28/11/2003","5880.0","","","1503.020301","EQUIPOS COMPUTACIONALES Y PERIFERICOS","M","COMPAQ EVO","EVO N61UC","NOTEBOOK","NEGRO","S/S","S/D","","","","","","","","","","D","",""
"3439","35","","740805000008","COMPUTADORA PERSONAL PORTATIL","O/C N° 132-2011","21/06/2011","1800.0","","","1503.020301","EQUIPOS COMPUTACIONALES Y PERIFERICOS","M","HP","S/M","S/T","NEGRO","5CG11003XY","S/D","","","","","","","","","","D","",""
"3440","35","","740805000013","COMPUTADORA PERSONAL PORTATIL","O/C Nº 446-2015","14/12/2015","3990.0","","","1503.020301","EQUIPOS COMPUTACIONALES Y PERIFERICOS","R","LENOVO","Z50-70","LAPTOP CORE I7","PLOMO/NEGRO","YB08895617","S/D","","","","","","","","","","U","",""
"3441","35","","740805000015","COMPUTADORA PERSONAL PORTATIL","O/C N° 3-00111-2009","30/09/2009","3200.0","","","1503.020301","EQUIPOS COMPUTACIONALES Y PERIFERICOS","R","HP","DV6","COREL DUO","NEGRO","4CA 9090SQR","","","","","","","","","","","U","",""
"3442","35","","602219170001","CONDUCTIMETRO - CONDUCTIVIMETRO","SANEAR","31/12/2021","1.0","","","1503.020905","EQUIPOS E INSTRUMENTOS DE MEDICION","M","S/M","LFTD","S/T","AZUL","34501","S/D","","","","","","","","","","U","",""
"3443","35","","602219170002","CONDUCTIMETRO - CONDUCTIVIMETRO","O/C Nª 416","29/08/1997","3473.28","","","1503.020905","EQUIPOS E INSTRUMENTOS DE MEDICION","M","HACH","CO-150","S/T","BLANCO/NEGRO","50150","S/D","","","","","","","","","","D","",""
"3444","35","","602219170003","CONDUCTIMETRO - CONDUCTIVIMETRO","O/C N° 3-00089-2009","04/09/2009","22600.0","","","1503.020905","EQUIPOS E INSTRUMENTOS DE MEDICION","M","LUTRON","YK-22CT","S/T","BEIGE","AD16487","S/D","","","","","","","","","","D","",""
"3445","35","","602224260001","CORRENTOMETRO","SANEAR","31/12/2021","1.0","","","1503.020905","EQUIPOS E INSTRUMENTOS DE MEDICION","M","S/M","792","S/T","PLOMO","65013","S/D","","","","","","","","","","U","",""
"3446","35","","602224260002","CORRENTOMETRO","SANEAR","31/12/2021","1.0","","","1503.020905","EQUIPOS E INSTRUMENTOS DE MEDICION","M","S/M","D-8950","S/T","CAQUI","65013","S/D","","","","","","","","","","U","",""
"3447","35","","602224260003","CORRENTOMETRO","O/C N° 3-00089-2009","04/09/2009","22600.0","","","1503.020905","EQUIPOS E INSTRUMENTOS DE MEDICION","R","STORM-CASE","CMC3","S/T","AZUL","45208","S/D","","","","","","","","","","U","",""
"3448","35","","602224830001","CORRENTOMETRO ELECTRICO","O/C Nº 356-2013","05/12/2012","27500.0","","","1503.020905","EQUIPOS E INSTRUMENTOS DE MEDICION","R","OTT","MF PRO","ESTUCHE AZUL","PLATEADO","299699","S/D","","","","","","","","","","U","",""
"3449","35","","746433050001","CREDENZA DE METAL","SANEAR","31/12/2021","1.0","","","1503.020102","MOBILIARIO DE OFICINA","R","S/M","3 NIVELES","S/T","PLOMO","S/S","0.47X1.20X1.26","","","","","","","","","","U","",""
"3450","35","","602225960001","CRONOMETRO","SANEAR","31/12/2021","1.0","","","1503.020905","EQUIPOS E INSTRUMENTOS DE MEDICION","M","S/M","S/M","S/T","BLANCO","52444","S/D","","","","","","","","","","D","",""
"3451","35","","602230480005","DETERMINADOR DE DENSIDAD","O/C Nª 000989","20/12/2013","400.0","","","1503.020905","EQUIPOS E INSTRUMENTOS DE MEDICION","M","PYS","S/M","S/T","PLOMO","110","S/D","","","","","","","","","","U","",""
"3452","35","","602230480010","DETERMINADOR DE DENSIDAD","O/C Nº 475-2013","16/07/2013","400.0","","","1503.020905","EQUIPOS E INSTRUMENTOS DE MEDICION","M","PYS","S/M","CONO DE ARENA","BLANCO","102","S/D","","","","","","","","","","U","",""
"3453","35","","602233310001","DISTANCIOMETRO ELECTRONICO","O/C N° 377-2015","23/11/2015","2650.0","","","1503.020905","EQUIPOS E INSTRUMENTOS DE MEDICION","R","LEICA","D810-200M","S/T","ROJO/NEGRO","5041540061","S/D","","","","","","","","","","U","",""
"3454","35","","602233310002","DISTANCIOMETRO ELECTRONICO","O/C N° 377-2015","23/11/2015","2650.0","","","1503.020905","EQUIPOS E INSTRUMENTOS DE MEDICION","R","LEICA","D810-200M","S/T","ROJO/NEGRO","5041410628","S/D","","","","","","","","","","U","",""
"3455","35","","602234440001","ECLIMETRO","O/C N° 322-1996","28/04/1996","318.5","","","1503.020905","EQUIPOS E INSTRUMENTOS DE MEDICION","M","S/M","S/M","S/T","AMARILLO","S/S","S/D","","","","","","","","","","D","",""
"3456","35","","672235280001","ELECTROBOMBA","O/C N° 766-1997","17/12/1997","1021.2","","","1503.020906","EQUIPOS PARA VEHICULOS","M","PENTAX","C5-200/2","CENTRIFUGA PENX","AZUL-PLATEADO","CENTRIFUGA PENTAX","S/D","","","","","","","","","","U","",""
"3457","35","","672235280002","ELECTROBOMBA","O/C N° 766-1997","17/12/1997","1269.6","","","1503.020906","EQUIPOS PARA VEHICULOS","M","MYERS","HP1-3NFL102-20","SUMERGIBLE","PLATEADO","289622379-2379","S/D","","","","","","","","","","U","",""
"3458","35","","672238180001","ENGRAPADORA DE TENAZA NEUMATICA","O/C N° 296-2020","13/10/2020","23.0","","","1503.020906","EQUIPOS PARA VEHICULOS","M","ARTESCO","S/M","S/T","BLANCO/PLOMO","S/S","S/D","","","","","","","","","","D","",""
"3459","35","","672238180004","ENGRAPADORA DE TENAZA NEUMATICA","O/C N° 063-1993","19/07/1993","43.0","","","1503.020906","EQUIPOS PARA VEHICULOS","M","KW-TRIO","50SAN","S/T","PLOMO","S/S","S/D","","","","","","","","","","U","",""
"3460","35","","462243540001","EQUIPO DE ALARMA Y PROTECCION","O/C N° 343-2015","13/11/2015","1459.0","","","1503.020905","EQUIPOS E INSTRUMENTOS DE MEDICION","M","LONGHORN SISTEA","S/M","ANTIRROBO","BLANCO/PLOMO","S/S","S/D","","","","","","","","","","D","",""
"3461","35","","952231860006","EQUIPO DE POSICIONAMIENTO - GPS","O/C N° 003-2013","11/01/2013","12350.0","","","1503.020303","EQUIPOS DE TELECOMUNICACIONES","R","ASHTECH","PROMARX100","S/T","AZUL","6572","S/D","","","","","","","","","","U","",""
"3462","35","","952231860007","EQUIPO DE POSICIONAMIENTO - GPS","O/C N° 377-2015","23/11/2015","11550.0","","","1503.020303","EQUIPOS DE TELECOMUNICACIONES","R","LEICA","S/M","S/T","VERDE/BLANCO","2806176","S/D","","","","","","","","","","U","",""
"3463","35","","952231860009","EQUIPO DE POSICIONAMIENTO - GPS","O/C N° 377-2015","23/11/2015","2250.0","","","1503.020303","EQUIPOS DE TELECOMUNICACIONES","B","GARMIN","OREGON 650-T","NAVEGADOR","NEGRO","30D057917","S/D","","","","","","","","","","U","",""
"3464","35","","952231860010","EQUIPO DE POSICIONAMIENTO - GPS","O/C N° 377-2015","23/11/2015","2250.0","","","1503.020303","EQUIPOS DE TELECOMUNICACIONES","B","GARMIN","OREGON 650-T","NAVEGADOR","NEGRO/PLOMO","30D057956","S/D","","","","","","","","","","U","",""
"3465","35","","952231860013","EQUIPO DE POSICIONAMIENTO - GPS","O/C N° 096-2003","30/06/2003","1853.19","","","1503.020303","EQUIPOS DE TELECOMUNICACIONES","R","MAGELLAN","SPORTRAK MAP","S/T","NEGRO/DORADO","S/S","S/D","","","","","","","","","","U","",""
"3466","35","","952233750001","EQUIPO DE SONIDO","O/C N° 483-2016","29/12/2016","8700.0","","","1503.020303","EQUIPOS DE TELECOMUNICACIONES","B","PHONE","ISK15","PARLANTE","NEGRO","#PBJ1060195","","","","","","","","","","","U","",""
"3467","35","","742223580002","EQUIPO MULTIFUNCIONAL COPIADORA IMPRESORA SCANNER Y/O FAX","O/C N° 9-00001-2010","26/02/2010","1040.0","","","1503.020101","MAQUINAS Y EQUIPOS DE OFICINA","R","HP LASER JET","M1319FMFP","S/T","PLOMO","CH389D00A2","S/D","","","","","","","","","","U","",""
"3468","35","","742223580032","EQUIPO MULTIFUNCIONAL COPIADORA IMPRESORA SCANNER Y/O FAX","O/C N° 246-2016","12/09/2016","850.0","","","1503.020101","MAQUINAS Y EQUIPOS DE OFICINA","R","EPSON","L375","S/T","NEGRO","NA6Y043914","S/D","","","","","","","","","","U","",""
"3469","35","","742223580033","EQUIPO MULTIFUNCIONAL COPIADORA IMPRESORA SCANNER Y/O FAX","O/C N° 450-2016","20/12/2016","771.39","","","1503.020101","MAQUINAS Y EQUIPOS DE OFICINA","R","EPSON","L220","S/T","NEGRO","VGQK276460","S/D","","","","","","","","","","U","",""
"3470","35","","742223580036","EQUIPO MULTIFUNCIONAL COPIADORA IMPRESORA SCANNER Y/O FAX","O/C N° 108-2013","03/08/2013","1050.0","","","1503.020101","MAQUINAS Y EQUIPOS DE OFICINA","M","HP","M1536DNFM","LASERJET","NEGRO","CNF9DCXF8J","S/D","","","","","","","","","","U","",""
"3471","35","","42240480014","EQUIPO PARA ANALISIS DE SUELOS","O/C N° 377-2015","23/11/2015","270.0","","","1503.020502","EQUIPO DE USO AGRICOLA Y PESQUERO","B","ESTWING","E3-23LP","PICOTA","PLOMO","962621102","S/D","","","","","","","","","","U","",""
"3472","35","","746437120048","ESCRITORIO DE MADERA","O/C N° 153-2012","04/07/2012","430.0","","","1503.020102","MOBILIARIO DE OFICINA","R","S/M","3 GAVETAS","S/T","AMARILLO","S/S","1.24x0.63x0.76","","","","","","","","","","U","",""
"3473","35","","746437120060","ESCRITORIO DE MADERA","SANEAR","31/12/2021","1.0","","","1503.020102","MOBILIARIO DE OFICINA","R","S/M","S/M","S/T","CAOBA","S/S","1.20X0.80X0.77","","","","","","","","","","U","",""
"3474","35","","746437450024","ESCRITORIO DE MELAMINA","O/C N° 30-2016","04/03/2016","990.0","","","1503.020102","MOBILIARIO DE OFICINA","B","S/M","GERENCIAL","S/T","NEGRO/BEIGE","S/S","1.42x0.70x0.77","","","","","","","","","","U","",""
"3475","35","","746437790032","ESCRITORIO DE METAL","SANEAR","31/12/2021","1.0","","","1503.020102","MOBILIARIO DE OFICINA","R","S/M","S/M","S/T","PLOMO","S/S","1.15X0.60X0.73","","","","","","","","","","U","",""
"3476","35","","462252150002","ESTABILIZADOR","SANEAR","31/12/2021","1.0","","","1503.020904","ELECTRICIDAD Y ELECTRONICA","M","LAB POWER","SV 1004","S/T","PLOMO","S/S","S/D","","","","","","","","","","D","",""
"3477","35","","462252150004","ESTABILIZADOR","O/C N°203-1996","29/03/1996","193.6","","","1503.020904","ELECTRICIDAD Y ELECTRONICA","M","BELTRON","110 VOLTEOS","REDES","ROJO/BLANCO","S/S","S/D","","","","","","","","","","D","",""
"3478","35","","462252150007","ESTABILIZADOR","O/C N° 340-1995","30/06/1995","134.99","","","1503.020904","ELECTRICIDAD Y ELECTRONICA","M","BELTRON","HP-1000A","MINI POWER","PLOMO","23902-979","S/D","","","","","","","","","","D","",""
"3479","35","","462252150008","ESTABILIZADOR","O/C N° 0-00037-2010","24/02/2010","29.74","","","1503.020904","ELECTRICIDAD Y ELECTRONICA","M","STABY TRON","ST-01","S/T","BLANCO","S/S","S/D","","","","","","","","","","D","",""
"3480","35","","462252150011","ESTABILIZADOR","O/C N° 061-1997","25/09/1997","178.22","","","1503.020904","ELECTRICIDAD Y ELECTRONICA","M","HOME-POWER","600-HPC-220","S/T","BLANCO","78084","S/D","","","","","","","","","","D","",""
"3481","35","","462252150012","ESTABILIZADOR","SANEAR","31/12/2021","1.0","","","1503.020904","ELECTRICIDAD Y ELECTRONICA","M","DINA POWER","S/M","S/T","PLOMO","S/S","S/D","","","","","","","","","","D","",""
"3482","35","","462252150013","ESTABILIZADOR","O/C N° 0175-2008","17/12/2008","17.51","","","1503.020904","ELECTRICIDAD Y ELECTRONICA","M","ALTRON","S/M","CUÑA","NEGRO","S/S","S/D","","","","","","","","","","D","",""
"3483","35","","462252150015","ESTABILIZADOR","SANEAR","31/12/2021","1.0","","","1503.020904","ELECTRICIDAD Y ELECTRONICA","M","STABY TRON","STO1","S/T","BLANCO","S/S","S/D","","","","","","","","","","U","",""
"3484","35","","462252150016","ESTABILIZADOR","O/C N° 8-00162-2010","21/05/2010","60.0","","","1503.020904","ELECTRICIDAD Y ELECTRONICA","M","STAR","1000-ST-220","S/T","BLANCO","0151/96","S/D","","","","","","","","","","D","",""
"3485","35","","462252150017","ESTABILIZADOR","SANEAR","31/12/2021","1.0","","","1503.020904","ELECTRICIDAD Y ELECTRONICA","M","BELTRON","AVR","S/T","ROJO/BLANCO","S/S","S/D","","","","","","","","","","D","",""
"3486","35","","462252150020","ESTABILIZADOR","SANEAR","31/12/2021","1.0","","","1503.020904","ELECTRICIDAD Y ELECTRONICA","M","BELTRON","AVR","S/T","ROJO/BLANCO","S/S","S/D","","","","","","","","","","D","",""
"3487","35","","462252150021","ESTABILIZADOR","O/C N° 438-1995","27/07/1995","190.0","","","1503.020904","ELECTRICIDAD Y ELECTRONICA","M","LAB POWER","ESTABY-1994","SOLIDO ELISE","PLOMO","S/S","S/D","","","","","","","","","","D","",""
"3488","35","","462252150022","ESTABILIZADOR","O/C N° 3-00048-2010","28/05/2010","200.0","","","1503.020904","ELECTRICIDAD Y ELECTRONICA","M","LAB POWER","Y2","S/T","BLANCO","S/S","S/D","","","","","","","","","","U","",""
"3489","35","","462252150023","ESTABILIZADOR","O/C N° 3-00043-2010","25/05/2010","110.0","","","1503.020904","ELECTRICIDAD Y ELECTRONICA","M","LALI POWER","FP102","S/T","BLANCO","S/S","S/D","","","","","","","","","","D","",""
"3490","35","","462252150024","ESTABILIZADOR","O/C N° 3-00060-2009","10/08/2009","44.27","","","1503.020904","ELECTRICIDAD Y ELECTRONICA","M","DUAL PLUS","600-DP-4","S/T","BLANCO","0294-96","S/D","","","","","","","","","","D","",""
"3491","35","","462252150027","ESTABILIZADOR","O/C N° 030-1991","26/06/1991","175.36","","","1503.020904","ELECTRICIDAD Y ELECTRONICA","M","FESE","FES10","S/T","PLOMO","12028457","S/D","","","","","","","","","","D","",""
"3492","35","","462252150030","ESTABILIZADOR","O/C N° 0095-2008","19/09/2008","52.61","","","1503.020904","ELECTRICIDAD Y ELECTRONICA","M","OMEGA","TECH","S/T","NEGRO","142371","S/D","","","","","","","","","","D","",""
"3493","35","","462252150034","ESTABILIZADOR","O/C N° 3-00060-2009","10/08/2009","44.27","","","1503.020904","ELECTRICIDAD Y ELECTRONICA","M","FX EVOLUTION","FASE@","8 ENTRADAS","NEGRO","S/S","S/D","","","","","","","","","","D","",""
"3494","35","","462252150035","ESTABILIZADOR","O/C N° 3-00060-2009","10/08/2009","44.27","","","1503.020904","ELECTRICIDAD Y ELECTRONICA","R","AVRALTRON","S/M","S/T","NEGRO","92608724","S/D","","","","","","","","","","U","",""
"3495","35","","462252150036","ESTABILIZADOR","O/C N° 0254-2007","12/11/2007","32.96","","","1503.020904","ELECTRICIDAD Y ELECTRONICA","M","ELECTRONICS","S/M","S/T","BLANCO","AC588/94","S/D","","","","","","","","","","D","",""
"3496","35","","462252150038","ESTABILIZADOR","O/C N° 3-00105-2009","25/09/2009","640.0","","","1503.020904","ELECTRICIDAD Y ELECTRONICA","M","ALTRON","S/M","S/T","NEGRO","92608726","S/D","","","","","","","","","","D","",""
"3497","35","","462252150039","ESTABILIZADOR","SANEAR","31/12/2021","1.0","","","1503.020904","ELECTRICIDAD Y ELECTRONICA","M","AVR ALTRON","S/M","SOLIDO","NEGRO","92608724","S/D","","","","","","","","","","D","",""
"3498","35","","462252150043","ESTABILIZADOR","O/C N° 6-00046-2009","27/11/2009","55.76","","","1503.020904","ELECTRICIDAD Y ELECTRONICA","M","ALTRON","AVR 1000-R","S/T","NEGRO","92606694","S/D","","","","","","","","","","D","",""
"3499","35","","462252150049","ESTABILIZADOR","O/C N° 298-2012","06/11/2012","61.37","","","1503.020904","ELECTRICIDAD Y ELECTRONICA","M","FES10","FASE ESOLIDO","S/T","BLANCO","12025930","S/D","","","","","","","","","","D","",""
"3500","35","","462252150051","ESTABILIZADOR","O/C N° 155-2012","04/07/2012","82.0","","","1503.020904","ELECTRICIDAD Y ELECTRONICA","M","ELISE","FES 10 FASE","SOLIDO","PLOMO","12020317","S/D","","","","","","","","","","D","",""
"3501","35","","462252150057","ESTABILIZADOR","O/C N° 9-00084-2010","14/03/2010","54.0","","","1503.020904","ELECTRICIDAD Y ELECTRONICA","R","CDP","S/M","S/T","NEGRO","S/S","S/D","","","","","","","","","","U","",""
"3502","35","","462252150060","ESTABILIZADOR","O/C N° 241-1993","30/11/1993","240.0","","","1503.020904","ELECTRICIDAD Y ELECTRONICA","M","FAIRSTONE-POWER","S/M","AVR","NEGRO/BLANCO","70422550","S/D","","","","","","","","","","D","",""
"3503","35","","462252150061","ESTABILIZADOR","O/C N° 438-1995","27/07/1995","190.0","","","1503.020904","ELECTRICIDAD Y ELECTRONICA","M","LAB POWER","ESTABY-1994","SOLIDO ELISE","BLANCO","""13026022","S/D","","","","","","","","","","D","",""
"3504","35","","462252150068","ESTABILIZADOR","SANEAR","31/12/2021","1.0","","","1503.020904","ELECTRICIDAD Y ELECTRONICA","M","STABY TRON","ST-01","S/T","BLANCO","0100 5081","S/D","","","","","","","","","","D","",""
"3505","35","","462252150072","ESTABILIZADOR","O/C Nº 37","22/02/2010","54.74","","","1503.020904","ELECTRICIDAD Y ELECTRONICA","M","APC","LE600I","S/T","BLANCO","S/S","S/D","","","","","","","","","","D","",""
"3506","35","","462252150080","ESTABILIZADOR","O/C N° 033-1995","28/02/1995","171.0","","","1503.020904","ELECTRICIDAD Y ELECTRONICA","R","CBP","AVR","6 ENTRADAS","NEGRO","5827700052","S/D","","","","","","","","","","U","",""
"3507","35","","462252150083","ESTABILIZADOR","O/C Nº 998","29/12/1995","222.3","","","1503.020904","ELECTRICIDAD Y ELECTRONICA","M","ALTRON","S/M","CUÑA","NEGRO","S/S","S/D","","","","","","","","","","D","",""
"3508","35","","462252150087","ESTABILIZADOR","O/C N° 0068-2008","05/08/2008","52.61","","","1503.020904","ELECTRICIDAD Y ELECTRONICA","M","ALTRON","S/M","S/T","NEGRO","S/S","S/D","","","","","","","","","","D","",""
"3509","35","","462252150088","ESTABILIZADOR","O/C Nº 8-00002","24/02/2010","598.5","","","1503.020904","ELECTRICIDAD Y ELECTRONICA","M","APC","LINER-R 600","S/T","CREMA","S/S","S/D","","","","","","","","","","D","",""
"3510","35","","462252150089","ESTABILIZADOR","O/C N° 0-00034-2010","22/02/2010","67.83","","","1503.020904","ELECTRICIDAD Y ELECTRONICA","M","APC","LE600I","LINE-R 600","BLANCO","5L0843T27665","S/D","","","","","","","","","","D","",""
"3511","35","","462252150092","ESTABILIZADOR","O/C N° 375 -2003","30/12/2003","44.5","","","1503.020904","ELECTRICIDAD Y ELECTRONICA","M","APC","LE600I","4 ENTRADAS","BLANCO","4L0938P30920","S/D","","","","","","","","","","D","",""
"3512","35","","462252150094","ESTABILIZADOR","SANEAR","31/12/2021","1.0","","","1503.020904","ELECTRICIDAD Y ELECTRONICA","R","SOLE","NSB200D1","S/T","BLANCO","S/S","S/D","","","","","","CALEFACTOR","","","","U","",""
"3513","35","","462252150095","ESTABILIZADOR","O/C N°165-1996","29/02/1996","190.0","","","1503.020904","ELECTRICIDAD Y ELECTRONICA","M","BELTRON","600 WATTS","200/110W","ROJO/BLANCO","S/S","S/D","","","","","","","","","","D","",""
"3514","35","","462252150096","ESTABILIZADOR","SANEAR","31/12/2021","1.0","","","1503.020904","ELECTRICIDAD Y ELECTRONICA","M","BELTRON","AVR","S/T","ROJO/BLANCO","S/S","S/D","","","","","","","","","","D","",""
"3515","35","","462252150097","ESTABILIZADOR","SANEAR","31/12/2021","1.0","","","1503.020904","ELECTRICIDAD Y ELECTRONICA","M","BELTRON","POWER","S/T","PLOMO","S/S","S/D","","","","","","","","","","D","",""
"3516","35","","462252150098","ESTABILIZADOR","O/C N° 0677-1996 ","23/11/1996","219.0","","","1503.020904","ELECTRICIDAD Y ELECTRONICA","M","OMEGA","TECH","S/T","NEGRO","142368","S/D","","","","","","","","","","D","",""
"3517","35","","462252150099","ESTABILIZADOR","SANEAR","31/12/2021","1.0","","","1503.020904","ELECTRICIDAD Y ELECTRONICA","M","NIPPON AMERICA","S/M","S/T","PLOMO/BLANCO","S/S","S/D","","","","","","","","","","D","",""
"3518","35","","462252150103","ESTABILIZADOR","O/C N° 6-00066-2010","16/07/2010","165.0","","","1503.020904","ELECTRICIDAD Y ELECTRONICA","M","FES 10","S/M","S/T","BLANCO","S/S","S/D","","","","","","","","","","U","",""
"3519","35","","462252150107","ESTABILIZADOR","O/C N° 699-1996","29/11/1996","219.3","","","1503.020904","ELECTRICIDAD Y ELECTRONICA","M","HIGH POWER","ESTANDAR","LM 339-2R","BLANCO","S/S","S/D","","","","","","","","","","D","",""
"3520","35","","462252150110","ESTABILIZADOR","O/C N° 8-00003-2010","26/02/2010","199.74","","","1503.020904","ELECTRICIDAD Y ELECTRONICA","M","POWER LITE","EXCEL SR 1004","S/T","NEGRO","1.21E+15","S/D","","","","","","","","","","D","",""
"3521","35","","462252150113","ESTABILIZADOR","O/C 381","30/10/2004","46.41","","","1503.020904","ELECTRICIDAD Y ELECTRONICA","M","SUPERTRON","S/M","S/T","BLANCO","S/S","S/D","","","","","","","","","","D","",""
"3522","35","","462252150116","ESTABILIZADOR","O/C Nº 3-00125-2009","30/10/2009","51.0","","","1503.020904","ELECTRICIDAD Y ELECTRONICA","M","QUASAR","S/M","S/T","NEGRO","2591PLI12001638","S/D","","","","","","","","","","D","",""
"3523","35","","462252150121","ESTABILIZADOR","O/C N° 0253-2007","12/11/2007","32.96","","","1503.020904","ELECTRICIDAD Y ELECTRONICA","R","CDP","RIZ-AVZ1008I","CDP","NEGRO","150527.0382","S/D","","","","","","","","","","U","",""
"3524","35","","462252150129","ESTABILIZADOR","SANEAR","31/12/2021","1.0","","","1503.020904","ELECTRICIDAD Y ELECTRONICA","M","CYBERLINK","S/M","S/T","PLOMO","S/S","S/D","","","","","","","","","","D","",""
"3525","35","","602240520001","ESTACION TOTAL","O/C N° 3-00077-2009","18/08/2009","33431.0","","","1503.020905","EQUIPOS E INSTRUMENTOS DE MEDICION","B","LEICA","TS02","TYPE GDF11-1","ROJO/VERDE","CH9935 - (TS02)","","","","","","","","","","","U","",""
"3526","35","","602240520002","ESTACION TOTAL","O/C N° 302-2014","11/05/2014","43490.0","","","1503.020905","EQUIPOS E INSTRUMENTOS DE MEDICION","R","LEICA","TSO9 PLUS","TYPE GDF11-1","ROJO/VERDE","1378282","S/D","","","","","","","","","","U","",""
"3527","35","","602240520005","ESTACION TOTAL","SANEAR","31/12/2021","1.0","","","1503.020905","EQUIPOS E INSTRUMENTOS DE MEDICION","R","LEICA","","","","135283","","","","","","","","","","","U","",""
"3528","35","","746441180004","ESTANTE DE MADERA","O/C N° 8-00166-2010","25/05/2010","150.0","","","1503.020102","MOBILIARIO DE OFICINA","R","S/M","4 NIVELES","S/T","PLOMO","S/S","S/D"," "," "," "," "," "," ","",""," ","U","",""
"3529","35","","746441180008","ESTANTE DE MADERA","SANEAR","31/12/2021","1.0","","","1503.020102","MOBILIARIO DE OFICINA","R","S/M","S/M","S/T","CAOBA","S/S","S/D","","","","","","","","","","U","",""
"3530","35","","746441180010","ESTANTE DE MADERA","O/C Nº 161-2013","12/04/2013","300.0","","","1503.020102","MOBILIARIO DE OFICINA","M","S/M","5 NIVELES","S/T","CAFE","S/S","1.80X0.30X1.00","","","","","","","","","","D","",""
"3531","35","","746441180012","ESTANTE DE MADERA","SANEAR","31/12/2021","1.0","","","1503.020102","MOBILIARIO DE OFICINA","R","S/M","4 NIVELES","S/T","CAOBA","S/S","1.03x0.29x1.51","","","","","","","","","","U","",""
"3532","35","","746441180018","ESTANTE DE MADERA","SANEAR","31/12/2021","1.0","","","1503.020102","MOBILIARIO DE OFICINA","R","S/M","3 NIVELES / 2 S","S/T","PLOMO","S/S","S/D","","","","","","","","","","U","",""
"3533","35","","746441180030","ESTANTE DE MADERA","SANEAR","31/12/2021","1.0","","","1503.020102","MOBILIARIO DE OFICINA","R","S/M","4 NIVELES","S/T","CAOBA","S/S","S/D","","","","","","","","","","U","",""
"3534","35","","746441180040","ESTANTE DE MADERA","SANEAR","31/12/2021","1.0","","","1503.020102","MOBILIARIO DE OFICINA","R","S/M","4 NIVELES","S/T","AMARILLO","S/S","S/D","","","","","","","","","","U","",""
"3535","35","","746441180041","ESTANTE DE MADERA","SANEAR","31/12/2021","1.0","","","1503.020102","MOBILIARIO DE OFICINA","R","S/M","3 NIVELES","S/T","CAOBA","S/S","S/D","","","","","","","","","","U","",""
"3536","35","","746441180042","ESTANTE DE MADERA","SANEAR","31/12/2021","1.0","","","1503.020102","MOBILIARIO DE OFICINA","R","S/M","2 DIVISIONES","S/T","CAFE","S/S","S/D","","","","","","","","","","U","",""
"3537","35","","746441180043","ESTANTE DE MADERA","SANEAR","31/12/2021","1.0","","","1503.020102","MOBILIARIO DE OFICINA","M","S/M","S/M","S/T","CAFE","S/S","1.03X0.29X1.10","","","","","","","","","","U","",""
"3538","35","","746441180044","ESTANTE DE MADERA","SANEAR","31/12/2021","1.0","","","1503.020102","MOBILIARIO DE OFICINA","R","S/M","4 NIV 1 DIV","S/T","AMARILLO","S/S","0.30X1.65X2.00","","","","","","","","","","U","",""
"3539","35","","746441180045","ESTANTE DE MADERA","SANEAR","31/12/2021","1.0","","","1503.020102","MOBILIARIO DE OFICINA","R","S/M","S/M","S/T","AMARILLO","S/S","0.75X0.40X1.20","","","","","","","","","","U","",""
"3540","35","","746441180048","ESTANTE DE MADERA","SANEAR","31/12/2021","1.0","","","1503.020102","MOBILIARIO DE OFICINA","R","S/M","3 NIV ","S/T","AMARILLO","S/S","0.47X2.04X1.60","","","","","","","","","","U","",""
"3541","35","","746441180049","ESTANTE DE MADERA","SANEAR","31/12/2021","1.0","","","1503.020102","MOBILIARIO DE OFICINA","R","S/M","8 NIV 7 DIV","S/T","CAOBA","S/S","S/D","","","","","","","","","","U","",""
"3542","35","","746441860050","ESTANTE DE METAL","SANEAR","31/12/2021","1.0","","","1503.020102","MOBILIARIO DE OFICINA","M","S/M","3 NIVELES","S/T","PLOMO","S/S","S/D","","","","","","","","","","U","",""
"3543","35","","532262380001","ESTUFA","SANEAR","31/12/2021","1.0","","","1503.020402","EQUIPO MEDICO","M","HIVAKY","QH-90B","S/T","BLANCA","S/S","S/D","","","","","","","","","","D","",""
"3544","35","","532262380002","ESTUFA","O/C N° 421-2012","17/12/2012","159.0","","","1503.020402","EQUIPO MEDICO","R","CONTINENTAL","CE49112","S/T","BLANCO","S/S","S/D","","","","","","","","","","D","",""
"3545","35","","322239390004","ESTUFA ELECTRICA","SANEAR","31/12/2021","1.0","","","1503.020902","ASEO, LIMPIEZA Y COCINA","M","IMACO","S/M","S/T","BLANCO HUMO","S/S","S/D","","","","","","","","","","D","",""
"3546","35","","322239390005","ESTUFA ELECTRICA","O/C Nº 763","15/12/1997","255.0","","","1503.020902","ASEO, LIMPIEZA Y COCINA","M","FAEDI","S/M","S/T","ROJO","S/S","S/D","","","","","","","","","","U","",""
"3547","35","","322239390009","ESTUFA ELECTRICA","O/C N° 421-2012","17/12/2012","159.0","","","1503.020902","ASEO, LIMPIEZA Y COCINA","M","CONTINENTAL","CE49112","S/T","BLANCO","S/S","S/D","","","","","","","","","","D","",""
"3548","35","","882225250003","EXTINTOR","O/C N° 332-2015","11/11/2015","92.0","","","1503.020903","SEGURIDAD INDUSTRIAL","M","FADEX","S/M","S/T","ROJO","S/S","S/D","","","","","","","","","","D","",""
"3549","35","","952238290002","FILMADORA","O/C N° 462-1997","29/08/1997","3631.0","","","1503.020303","EQUIPOS DE TELECOMUNICACIONES","M","PANASONIC","N-9000","S/T","NEGRO","E7HB00052","S/D","","","","","","","","","","D","",""
"3550","35","","952238290004","FILMADORA","O/C N° 243-2004","23/07/2004","1400.0","","","1503.020303","EQUIPOS DE TELECOMUNICACIONES","M","PANASONIC","NV-VJ83PN","S/T","NEGRO","D31A11463","S/D","","","","","","","","","","D","",""
"3551","35","","952238290008","FILMADORA","SANEAR","31/12/2021","1.0","","","1503.020303","EQUIPOS DE TELECOMUNICACIONES","M","PANASONIC","NV-3000PN","S/T","NEGRO","J3HB03579","S/D","","","","","","","","","","D","",""
"3552","35","","952238290010","FILMADORA","O/C Nº 43","25/03/2014","7989.0","","","1503.020303","EQUIPOS DE TELECOMUNICACIONES","M","CANON","S/M","S/T","NEGRO","S/S","S/D","","","","","","","","","","D","",""
"3553","35","","952238470001","FILMADORA PROCESADORA DE MICROFICHAS","O/C N° 3-00132-2009","03/11/2009","3750.0","","","1503.020303","EQUIPOS DE TELECOMUNICACIONES","M","PANASONIC","PV-GS320","S/T","PLOMO/NEGRO","S/S","S/D","","","","","","","","","","D","",""
"3554","35","","742227260013","FOTOCOPIADORA EN GENERAL","O/C N° 124-2015","23/06/2015","2470.71","","","1503.020101","MAQUINAS Y EQUIPOS DE OFICINA","B","KYOCERA","FS-6525MFP ECOS","MULTIFUNCIONAL","BLANCO","M5Q006219661","S/D","","","","","","","","","","U","",""
"3555","35","","462256460001","FUENTE DE ALIMENTACION","SANEAR","31/12/2021","1.0","","","1503.020904","ELECTRICIDAD Y ELECTRONICA","M","YEASU FP 700","S/M","S/T","BLANCO","S/S","S/D","","","","","","","","","","D","",""
"3556","35","","462260760004","FUENTE DE PODER","SANEAR","31/12/2021","1.0","","","1503.020904","ELECTRICIDAD Y ELECTRONICA","M","MR","PS1220","S/T","NEGRO","S/S","S/D","","","","","","","","","","D","",""
"3557","35","","462260760005","FUENTE DE PODER","SANEAR","31/12/2021","1.0","","","1503.020904","ELECTRICIDAD Y ELECTRONICA","M","ICOM","2672055","S/T","NEGRO","S/S","S/D","","","","","","","","","","D","",""
"3558","35","","462260760006","FUENTE DE PODER","SANEAR","31/12/2021","1.0","","","1503.020904","ELECTRICIDAD Y ELECTRONICA","M","YEASU PP700","2672055","S/T","NEGRO","S/S","S/D","","","","","","","","","","D","",""
"3559","35","","462260760012","FUENTE DE PODER","SANEAR","31/12/2021","1.0","","","1503.020904","ELECTRICIDAD Y ELECTRONICA","R","ALTRON","S/M","S/T","PLOMO","PK-200","S/D","","","","","","","","","","U","",""
"3560","35","","462260760013","FUENTE DE PODER","4.62261E+11","23/11/2022","10.0","","","1503.020904","ELECTRICIDAD Y ELECTRONICA","M","","","","","","","","","","","","","","","","U","",""
"3561","35","","952240180001","GENERADOR DE CARACTERES","SANEAR","31/12/2021","1.0","","","1503.020303","EQUIPOS DE TELECOMUNICACIONES","M","VIDEONICS","TM-2000-NTSC","S/T","NEGRO","238746","S/D","","","","","","","","","","D","",""
"3562","35","","952245840001","GRABADORA PARA CINTA DE SONIDO (CASSETE)","O/C N° 314-2015","26/10/2015","355.0","","","1503.020303","EQUIPOS DE TELECOMUNICACIONES","M","SONY","S/M","S/T","NEGRO","S/S","S/D","","","","","","","","","","D","",""
"3563","35","","742229930006","GUILLOTINA","O/C N° 3-00061-2009","10/08/2009","140.0","","","1503.020101","MAQUINAS Y EQUIPOS DE OFICINA","M","S/M","S/M","S/T","BLANCO","S/S","S/D","","","","","","","","","","D","",""
"3564","35","","742229930009","GUILLOTINA","O/C N° 0-00034-2010","22/02/2010","250.0","","","1503.020101","MAQUINAS Y EQUIPOS DE OFICINA","M","TOWER","S/M","METALICO","PLOMO/NEGRO","S/S","S/D"," "," "," "," "," "," ","",""," ","D","",""
"3565","35","","322250000002","HERVIDOR ELECTRICO","O/C Nª 240-2015","21/08/2015","105.0","","","1503.020902","ASEO, LIMPIEZA Y COCINA","M","RECORD","S/M","S/T","PLOMO","S/S","S/D","","","","","","","","","","D","",""
"3566","35","","322250000004","HERVIDOR ELECTRICO","O/C N° 8-00186-2010","06/01/2010","40.0","","","1503.020902","ASEO, LIMPIEZA Y COCINA","M","POMEZZA","S/M","S/T","BLANCO/MORADO","S/S","S/D","","","","","","","","","","D","",""
"3567","35","","322250000005","HERVIDOR ELECTRICO","O/C N°010","31/12/2021","120.0","","","1503.020902","ASEO, LIMPIEZA Y COCINA","M","INTER NATIONAL","S/M","S/T","BLANCO","S/S","S/D","","","","","","","","","","D","",""
"3568","35","","322250000006","HERVIDOR ELECTRICO","O/C N° 159-2012","09/07/2012","48.0","","","1503.020902","ASEO, LIMPIEZA Y COCINA","M","CONTINENTAL","CE23692","S/T","BLANCO","S/S","S/D","","","","","","","","","","D","",""
"3569","35","","322250000007","HERVIDOR ELECTRICO","O/C N° 004-1994","31/12/2021","38.0","","","1503.020902","ASEO, LIMPIEZA Y COCINA","M","RECORD","REC-INHAC100","S/T","NEGRO","S/S","S/D","","","","","","","","","","D","",""
"3570","35","","740832000010","IMPRESORA (OTRAS)","O/C N° 0368-2005","27/10/2005","715.12","","","1503.020301","EQUIPOS COMPUTACIONALES Y PERIFERICOS","M","HP","LASERJET 1020","S/T","CREMA","CNC2G28739","S/D","","","","","","","","","","U","",""
"3571","35","","740832000016","IMPRESORA (OTRAS)","O/C N° 0010-2008","19/05/2008","450.0","","","1503.020301","EQUIPOS COMPUTACIONALES Y PERIFERICOS","R","HP","Q5911A","S/T","BLANCO","BRBS76BHBUK","S/D","","","","","","","","","","U","",""
"3572","35","","740832000019","IMPRESORA (OTRAS)","O/C N° 6-00002-2009","25/09/2009","340.0","","","1503.020301","EQUIPOS COMPUTACIONALES Y PERIFERICOS","M","HP","LASERJET P1006","S/T","NEGRO/PLOMO","VNESR20104","S/D","","","","","","","","","","U","",""
"3573","35","","740832000021","IMPRESORA (OTRAS)","O/C N°0-00038-2010","24/02/2010","475.0","","","1503.020301","EQUIPOS COMPUTACIONALES Y PERIFERICOS","M","HP","LASERJET P1006","PROD N CB411A","NEGRO/PLOMO","VNF5214067","S/D","","","","","","","","","","D","",""
"3574","35","","740832000025","IMPRESORA (OTRAS)","O/C N° 3-00060-2009","10/08/2009","410.0","","","1503.020301","EQUIPOS COMPUTACIONALES Y PERIFERICOS","M","HP","LASERJET P1006","S/T","PLOMO","VNF3844127","S/D","","","","","","","","","","D","",""
"3575","35","","740832000033","IMPRESORA (OTRAS)","O/C N° 9-00084-2010","14/07/2010","609.58","","","1503.020301","EQUIPOS COMPUTACIONALES Y PERIFERICOS","M","HP","LASERJET P1102W","S/T","NEGRO","BRBSB4DG8W","S/D","","","","","","","","","","U","",""
"3576","35","","740832000037","IMPRESORA (OTRAS)","SANEAR","31/12/2021","1.0","","","1503.020301","EQUIPOS COMPUTACIONALES Y PERIFERICOS","M","HP","LASERJET 1025NW","S/T","BLANCO/NEGRO","BRBFC7FZ05","S/D","","","","","","","","","","D","",""
"3577","35","","740832000041","IMPRESORA (OTRAS)","O/C N° 305-2012","14/11/2012","750.0","","","1503.020301","EQUIPOS COMPUTACIONALES Y PERIFERICOS","M","HP","LASERJET MFP1212NF","S/T","NEGRO","BBRGSD672NP","S/D","","","","","","","","","","D","",""
"3578","35","","740832000045","IMPRESORA (OTRAS)","O/C N° 108-2013","03/08/2013","1050.0","","","1503.020301","EQUIPOS COMPUTACIONALES Y PERIFERICOS","M","HP","M1536DNFM","LASERJET","NEGRO","CNF9DCXF9B","S/D","","","","","","","","","","D","",""
"3579","35","","740832000046","IMPRESORA (OTRAS)","SANEAR","31/12/2021","1.0","","","1503.020301","EQUIPOS COMPUTACIONALES Y PERIFERICOS","M","HP","LASERJET 153DNF","S/T","NEGRO","CNF9DCXF9B","S/D","","","","","","","","","","D","",""
"3580","35","","740832000049","IMPRESORA (OTRAS)","O/C N° 000666-2013","17/09/2013","724.0","","","1503.020301","EQUIPOS COMPUTACIONALES Y PERIFERICOS","M","EPSON","L355","C962H","NEGRO","Q8DK014057","S/D","","","","","","","","","","D","",""
"3581","35","","740832000051","IMPRESORA (OTRAS)","SANEAR","31/12/2021","1.0","","","1503.020301","EQUIPOS COMPUTACIONALES Y PERIFERICOS","M","EPSON","L355","C962H","NEGRO","S42K074173","S/D","","","","","","","","","","D","",""
"3582","35","","740832000055","IMPRESORA (OTRAS)","O/C Nª 000360","05/12/2012","1182.0","","","1503.020301","EQUIPOS COMPUTACIONALES Y PERIFERICOS","M","HP","LASERJET PRO MP","IMPRESORA A TIR","NEGRO","CE538A","S/D","","","","","","","","","","D","",""
"3583","35","","740832000065","IMPRESORA (OTRAS)","O/C N°273-2014","07/10/2014","840.0","","","1503.020301","EQUIPOS COMPUTACIONALES Y PERIFERICOS","R","ARGOX","OS 2140","COD. D BARRAS","BLANCO ","40166310","S/D","","","","","","","","","","U","",""
"3584","35","","740832000076","IMPRESORA (OTRAS)","O/C N° 177-2011","08/07/2011","385.0","","","1503.020301","EQUIPOS COMPUTACIONALES Y PERIFERICOS","M","HP","LASERJET P1102W","CE657A-1102","NEGRO","BRBFC63MZW","S/D","","","","","","","","","","D","",""
"3585","35","","740832000078","IMPRESORA (OTRAS)","O/C N° 98-2016","02/05/2016","1090.0","","","1503.020301","EQUIPOS COMPUTACIONALES Y PERIFERICOS","R","EPSON","L-575","C463C - MULTIFL","NEGRO","W9AY005671","S/D","","","","","","","","","","U","",""
"3586","35","","740832000083","IMPRESORA (OTRAS)","O/C Nº 190-2015","17/07/2015","2450.0","","","1503.020301","EQUIPOS COMPUTACIONALES Y PERIFERICOS","M","KYOCERA","FS 2035","S/T","BLANCO","1102PM4USOLZJ5404111","S/D","","","","","","","","","","U","",""
"3587","35","","740832000089","IMPRESORA (OTRAS)","O/C Nº 0000065","10/02/2022","1118.56","","","1503.020301","EQUIPOS COMPUTACIONALES Y PERIFERICOS","B","EPSON","L4160","L4160","NEGRO","95H046855","S/D","","","","","","","","","","U","",""
"3588","35","","740841000002","IMPRESORA LASER","O/C N° 3-00059-2009","10/08/2009","410.0","","","1503.020301","EQUIPOS COMPUTACIONALES Y PERIFERICOS","M","HP","LASERJET P1006","PRO N CB411A","PLOMO","VNF3T68193","S/D","","","","","","","","","","D","",""
"3589","35","","740841000004","IMPRESORA LASER","O/C N°0-00032-2010","22/02/2010","475.0","","","1503.020301","EQUIPOS COMPUTACIONALES Y PERIFERICOS","M","HP","LASERJET P1006","PROD. CB411A","NEGRO","VNF3T68515","S/D","","","","","","","","","","D","",""
"3590","35","","740841000006","IMPRESORA LASER","O/C N° 6-00097-2010","23/08/2010","460.0","","","1503.020301","EQUIPOS COMPUTACIONALES Y PERIFERICOS","R","HP","LASERJET P1102","S/T","PLOMO","BRBSG76F9J","S/D","","","","","","","","","","D","",""
"3591","35","","740841000008","IMPRESORA LASER","O/C N° 156-2012","05/07/2012","350.0","","","1503.020301","EQUIPOS COMPUTACIONALES Y PERIFERICOS","M","HP","LASERJET P1102W","18 RPM 600/600A","NEGRO","BRBFD2GWQB","S/D","","","","","","","","","","D","",""
"3592","35","","740841000009","IMPRESORA LASER","O/C N° 156-2012","05/07/2012","350.0","","","1503.020301","EQUIPOS COMPUTACIONALES Y PERIFERICOS","M","HP","LASERJET P1102A","S/T","NEGRO","BRBFD26MSK","S/D","","","","","","","","","","D","",""
"3593","35","","740841000012","IMPRESORA LASER","O/C N° 280-2013","31/05/2013","359.22","","","1503.020301","EQUIPOS COMPUTACIONALES Y PERIFERICOS","R","HP","CE658A","S/T","NEGRO","BRBSF3FNLX","S/D","","","","","","","","","","U","",""
"3594","35","","740841000015","IMPRESORA LASER","O/C Nº 759-2013","07/11/2013","383.54","","","1503.020301","EQUIPOS COMPUTACIONALES Y PERIFERICOS","M","HP","LASERJET 1020","S/T","BLANCO","BRCS787G2Q","S/D","","","","","","","","","","U","",""
"3595","35","","740841000016","IMPRESORA LASER","O/C Nº 759-2013","07/11/2013","383.54","","","1503.020301","EQUIPOS COMPUTACIONALES Y PERIFERICOS","M","HP","CE658A","S/T","NEGRO","BRBSF744MRP","S/D","","","","","","","","","","D","",""
"3596","35","","740841000023","IMPRESORA LASER","O/C N° 242-2014","22/08/2014","412.82","","","1503.020301","EQUIPOS COMPUTACIONALES Y PERIFERICOS","M","HP","P1102","S/T","NEGRO","BRBSG2TG1S","S/D","","","","","","","","","","D","",""
"3597","35","","740841000025","IMPRESORA LASER","O/C N° 242-2014","22/08/2014","412.82","","","1503.020301","EQUIPOS COMPUTACIONALES Y PERIFERICOS","M","HP","LASERJET P1102","HP","NEGRO","BRBSG76F9J","S/D","","","","","","","","","","D","",""
"3598","35","","740841000028","IMPRESORA LASER","O/C N° 242-2014","22/08/2014","412.84","","","1503.020301","EQUIPOS COMPUTACIONALES Y PERIFERICOS","M","HP","HP LASERJET 10","S/T","NEGRO","BRBSG76F9S","S/D","","","","","","","","","","U","",""
"3599","35","","740841000029","IMPRESORA LASER","O/C N° 278-2016","14/10/2016","1096.2","","","1503.020301","EQUIPOS COMPUTACIONALES Y PERIFERICOS","M","HP","LASER JET PRO CP1025","S/T","BLANCO","BRCSJ4G6XR","S/D","","","","","","","","","","D","",""
"3600","35","","740841000030","IMPRESORA LASER","O/C N° 463-2016","23/12/2016","496.56","","","1503.020301","EQUIPOS COMPUTACIONALES Y PERIFERICOS","R","HP","LASER JET P1102W","MONOCROMATICA","NEGRO","BRCSJ8PLBK","S/D","","","","","","","","","","U","",""
"3601","35","","602249150001","INCLINOMETRO","SANEAR","31/12/2021","1.0","","","1503.020905","EQUIPOS E INSTRUMENTOS DE MEDICION","M","S/M","JJX-3","1CAJA ADICIONAL","PLOMO","513-C-4","S/D","","","","","","","","","","D","",""
"3602","35","","952246980002","INTERCOMUNICADOR","O/C N° 69-1993","05/12/1993","83.26","","","1503.020303","EQUIPOS DE TELECOMUNICACIONES","M","COMMAX","WI-2CH","S/T","BLANCO","S/S","S/D","","","","","","","","","","D","",""
"3603","35","","952246980011","INTERCOMUNICADOR","SANEAR","31/12/2021","1.0","","","1503.020303","EQUIPOS DE TELECOMUNICACIONES","M","INTELBRAS","TC50 PREMIO","1 UNIDAD","NEGRO","TF12042000150","S/D","","","","","","","","","","D","",""
"3604","35","","672269180001","LAMPARA TIPO PETROMAX","O/C N° 322-1995","30/06/1995","485.0","","","1503.020906","EQUIPOS PARA VEHICULOS","M","COLLEMAN","S/M","S/T","ALUMINIO/PLOMO","S/S","S/D","","","","","","","","","","D","",""
"3605","35","","672269180008","LAMPARA TIPO PETROMAX","O/C N° 164-1985","12/06/1985","1.0","","","1503.020906","EQUIPOS PARA VEHICULOS","M","MADE IN CHINA","S/M","S/T","PLOMO","S/S","S/D","","","","","","","","","","D","",""
"3606","35","","252235860001","LUSTRADORA ELECTRICA DOMESTICA","SANEAR","31/12/2021","1.0","","","1503.020902","ASEO, LIMPIEZA Y COCINA","M","PHILIPS","S/M","S/T","PLOMO","922712","S/D","","","","","","","","","","D","",""
"3607","35","","742232610001","MAQUINA ANILLADORA PERFORADORA","O/C N° 0-00034-2010","22/02/2010","700.0","","","1503.020101","MAQUINAS Y EQUIPOS DE OFICINA","M","RENZ","SUPER COMBI","S/T","ANARANJADO","S/S","S/D"," "," "," "," "," "," ","",""," ","D","",""
"3608","35","","742232610002","MAQUINA ANILLADORA PERFORADORA","O/C N° 037-1994","30/01/1994","1489.2","","","1503.020101","MAQUINAS Y EQUIPOS DE OFICINA","M","IBICO","S/M","S/T","ANARANJADO","S/S","S/D","","","","","","","","","","D","",""
"3609","35","","742232610006","MAQUINA ANILLADORA PERFORADORA","O/C N° 3-00061-2009","10/08/2009","675.0","","","1503.020101","MAQUINAS Y EQUIPOS DE OFICINA","M","ESPIRAMATIC","S/M","S/T","PLOMO/NEGRO","S/S","S/D","","","","","","CAMBIADO DE 06 A LA 35 KATY","","","","D","",""
"3610","35","","952253400001","MEGAFONO","SANEAR","31/12/2021","1.0","","","1503.020303","EQUIPOS DE TELECOMUNICACIONES","M","ATK","JS-853","S/T","CELESTE/BLANCO","S/S","S/D","","","","","","","","","","U","",""
"3611","35","","952253400002","MEGAFONO","SANEAR","31/12/2021","1.0","","","1503.020303","EQUIPOS DE TELECOMUNICACIONES","M","ATK","JS-85B","S/T","BLANCO","S/S","S/D","","","","","","","","","","U","",""
"3612","35","","952253400003","MEGAFONO","SANEAR","31/12/2021","1.0","","","1503.020303","EQUIPOS DE TELECOMUNICACIONES","M","ATK","JS-85B","S/T","BLANCO","S/S","S/D","","","","","","","","","","U","",""
"3613","35","","746454580003","MESITA DE MADERA","SANEAR","31/12/2021","1.0","","","1503.020102","MOBILIARIO DE OFICINA","R","S/M","S/M","S/T","CAFE/AMARILLO","S/S","0.44X0.75X0.72","","","","","","","","","","U","",""
"3614","35","","746454580009","MESITA DE MADERA","SANEAR","31/12/2021","1.0","","","1503.020102","MOBILIARIO DE OFICINA","R","S/M","S/M","S/T","AMARILLO","S/S","0.39X0.59X0.73","","","","","","","","","","U","",""
"3615","35","","746456780008","MESITA DE METAL PARA MAQUINA DE ESCRIBIR","SANEAR","31/12/2021","1.0","","","1503.020102","MOBILIARIO DE OFICINA","R","S/M","3 GAVETAS","S/T","MADERA/AMARILLO","S/S","0.40X0.84X0.72","","","","","","","","","","D","",""
"3616","35","","952254720002","MEZCLADORA DIGITAL DE SONIDO","SANEAR","31/12/2021","1.0","","","1503.020303","EQUIPOS DE TELECOMUNICACIONES","M","BEHRINGER","X1622","S/T","PLOMO","C1016683A0J","S/D","","","","","","","","","","D","",""
"3617","35","","952254910001","MICROFONO (OTROS)","SANEAR","31/12/2021","1.0","","","1503.020303","EQUIPOS DE TELECOMUNICACIONES","R","SHURE","S/M","S/T","NEGRO/PLOMO","S/S","S/D","","","","","","","","","","U","",""
"3618","35","","952254910003","MICROFONO (OTROS)","O/C N° 352-2012","04/12/2012","678.0","","","1503.020303","EQUIPOS DE TELECOMUNICACIONES","M","DINAMIC","S/M","2 MICROFONOS","NEGRO/AMARILLO","S/S","S/D","","","","","","","","","","U","",""
"3619","35","","46436500003","MIRA TOPOGRAFICA","O/C N° 288","30/05/1995","716.8","","","1503.020501","MOBILIARIO DE USO AGRICOLA Y PESQUERO","M","S/M","S/M","S/T","AZUL","S/S","S/D","","","","","","","","","","D","",""
"3620","35","","46436500005","MIRA TOPOGRAFICA","O/C N° 288","30/05/1995","716.8","","","1503.020501","MOBILIARIO DE USO AGRICOLA Y PESQUERO","M","S/M","S/M","S/T","AZUL","S/S","S/D","","","","","","","","","","D","",""
"3621","35","","46436500008","MIRA TOPOGRAFICA","O/C N° 342-2013","12/06/2013","138.0","","","1503.020501","MOBILIARIO DE USO AGRICOLA Y PESQUERO","R","S/M","S/M","S/T","PLOMO","76132O9172","5 MTS","","","","","","","","","","U","",""
"3622","35","","46436500032","MIRA TOPOGRAFICA","O/C N°000149","28/06/2012","1158.19","","","1503.020501","MOBILIARIO DE USO AGRICOLA Y PESQUERO","M","S/M","S/M","S/T","AZUL","S/S","S/D","","","","","","","","","","D","",""
"3623","35","","46436500033","MIRA TOPOGRAFICA","O/C N° 0254-2004","16/08/2004","562.28","","","1503.020501","MOBILIARIO DE USO AGRICOLA Y PESQUERO","M","S/M","S/M","S/T","AZUL","S/S","S/D","","","","","","","","","","D","",""
"3624","35","","46436500034","MIRA TOPOGRAFICA","O/C N° 0254-2004","16/08/2004","562.28","","","1503.020501","MOBILIARIO DE USO AGRICOLA Y PESQUERO","M","S/M","S/M","S/T","AZUL","S/S","S/D","","","","","","","","","","D","",""
"3625","35","","46436500035","MIRA TOPOGRAFICA","O/C N° 0254-2004","16/08/2004","562.28","","","1503.020501","MOBILIARIO DE USO AGRICOLA Y PESQUERO","M","S/M","S/M","S/T","AZUL","S/S","S/D","","","","","","","","","","D","",""
"3626","35","","46436500043","MIRA TOPOGRAFICA","O/C N° 0170-2007","24/09/2007","550.0","","","1503.020501","MOBILIARIO DE USO AGRICOLA Y PESQUERO","R","S/M","S/M","S/T","PLOMO","S/S","5 MTS","","","","","","","","","","U","",""
"3627","35","","46436500046","MIRA TOPOGRAFICA","O/C N° 0-00074-2010","26/03/2010","156.0","","","1503.020501","MOBILIARIO DE USO AGRICOLA Y PESQUERO","M","KOLIDA","AGR5","S/T","PLOMO","S/S","5 MTS","","","","","","","","","","D","",""
"3628","35","","46436500051","MIRA TOPOGRAFICA","O/C N° 216-2011","22/07/2011","921.14","","","1503.020501","MOBILIARIO DE USO AGRICOLA Y PESQUERO","R","KOLIDA","AGRS","S/T","PLOMO","S/S","5 MTS","","","","","","","","","","U","",""
"3629","35","","46436500055","MIRA TOPOGRAFICA","O/C N°000123","11/06/2012","1.0","","","1503.020501","MOBILIARIO DE USO AGRICOLA Y PESQUERO","R","S/M","S/M","S/T","PLOMO","S/S","5 MTS","","","","","","","","","","U","",""
"3630","35","","46436500056","MIRA TOPOGRAFICA","O/C N° 000128","15/06/2012","1100.0","","","1503.020501","MOBILIARIO DE USO AGRICOLA Y PESQUERO","R","S/M","S/M","S/T","PLOMO","S/S","5 MTS","","","","","","","","","","U","",""
"3631","35","","46436500057","MIRA TOPOGRAFICA","O/C N°133-2012","20/06/2012","1366.67","","","1503.020501","MOBILIARIO DE USO AGRICOLA Y PESQUERO","R","S/M","S/M","S/T","PLOMO","76132422","5 MTS","","","","","","","","","","U","",""
"3632","35","","46436500060","MIRA TOPOGRAFICA","O/C N° 000204","07/08/2012","1366.67","","","1503.020501","MOBILIARIO DE USO AGRICOLA Y PESQUERO","R","S/M","ALUMINIO","S/T","BLANCO","S/S","S/D","","","","","","","","","","U","",""
"3633","35","","46436500061","MIRA TOPOGRAFICA","O/C N° 317-2012","19/11/2012","1450.0","","","1503.020501","MOBILIARIO DE USO AGRICOLA Y PESQUERO","R","PENTAX","S/M","S/T","PLOMO","S/S","5 MTS","","","","","","","","","","U","",""
"3634","35","","46436500063","MIRA TOPOGRAFICA","O/C N° 66-2013","15/02/2013","179.99","","","1503.020501","MOBILIARIO DE USO AGRICOLA Y PESQUERO","R","CST/BERGER","DGT2","S/T","PLOMO","S/S","5 MTS","","","","","","","","","","U","",""
"3635","35","","46436500064","MIRA TOPOGRAFICA","O/C N° 66-2013","15/02/2013","179.99","","","1503.020501","MOBILIARIO DE USO AGRICOLA Y PESQUERO","R","CST/BERGER","DGT2","S/T","PLOMO/BLANCO","S/S","5 MTS","","","","","","","","","","U","",""
"3636","35","","46436500067","MIRA TOPOGRAFICA","O/C Nº 206-2013","02/05/2013","404.8","","","1503.020501","MOBILIARIO DE USO AGRICOLA Y PESQUERO","M","S/M","S/M","S/T","PLOMO/BLANCO","S/S","5 MTS","","","","","","","","","","D","",""
"3637","35","","46436500068","MIRA TOPOGRAFICA","O/C Nº 206-2013","02/05/2013","404.8","","","1503.020501","MOBILIARIO DE USO AGRICOLA Y PESQUERO","R","S/M","S/M","S/T","PLOMO","S/S","5 MTS","","","","","","","","","","U","",""
"3638","35","","46436500069","MIRA TOPOGRAFICA","O/C N° 207-2013","02/05/2013","120.0","","","1503.020501","MOBILIARIO DE USO AGRICOLA Y PESQUERO","R","S/M","S/M","S/T","PLOMO","76132350","5 MTS","","","","","","","","","","U","",""
"3639","35","","46436500070","MIRA TOPOGRAFICA","O/C N° 000302-2013","06/06/2013","139.0","","","1503.020501","MOBILIARIO DE USO AGRICOLA Y PESQUERO","R","S/M","ALUMINIO","S/T","PLOMO","S/S","5 MTS","","","","","","","","","","U","",""
"3640","35","","46436500071","MIRA TOPOGRAFICA","O/C N° 000303-2013","06/06/2013","138.0","","","1503.020501","MOBILIARIO DE USO AGRICOLA Y PESQUERO","R","S/M","S/M","S/T","PLOMO","S/S","5 MTS","","","","","","","","","","U","",""
"3641","35","","46436500072","MIRA TOPOGRAFICA","O/C N° 310-2013","07/06/2013","138.0","","","1503.020501","MOBILIARIO DE USO AGRICOLA Y PESQUERO","R","S/M","S/M","S/T","PLOMO","76132O9119","5 MTS","","","","","","","","","","U","",""
"3642","35","","46436500073","MIRA TOPOGRAFICA","O/C N° 310-2013","07/06/2013","138.0","","","1503.020501","MOBILIARIO DE USO AGRICOLA Y PESQUERO","R","S/M","S/M","S/T","PLOMO","76132O9122","5 MTS","","","","","","","","","","U","",""
"3643","35","","46436500074","MIRA TOPOGRAFICA","O/C N° 312-2013","10/06/2013","190.0","","","1503.020501","MOBILIARIO DE USO AGRICOLA Y PESQUERO","R","S/M","ALUMINIO","S/T","PLOMO","76132O9117","S/D","","","","","","","","","","U","",""
"3644","35","","46436500075","MIRA TOPOGRAFICA","O/C N° 312-2013","10/06/2013","190.0","","","1503.020501","MOBILIARIO DE USO AGRICOLA Y PESQUERO","R","S/M","ALUMINIO","S/T","PLOMO","76132O9116","5 MTS","","","","","","","","","","U","",""
"3645","35","","46436500076","MIRA TOPOGRAFICA","O/C N° 312-2013","10/06/2013","190.0","","","1503.020501","MOBILIARIO DE USO AGRICOLA Y PESQUERO","R","S/M","ALUMINIO","S/T","PLOMO","76132O9115","5 MTS","","","","","","","","","","U","",""
"3646","35","","46436500078","MIRA TOPOGRAFICA","O/C N° 312-2013","10/06/2013","190.0","","","1503.020501","MOBILIARIO DE USO AGRICOLA Y PESQUERO","R","S/M","ALUMINIO","S/T","PLOMO","76132O9114","5 MTS","","","","","","","","","","U","",""
"3647","35","","46436500079","MIRA TOPOGRAFICA","O/C N° 312-2013","10/06/2013","190.0","","","1503.020501","MOBILIARIO DE USO AGRICOLA Y PESQUERO","R","S/M","ALUMINIO","S/T","PLOMO","76132O9113","5 MTS","","","","","","","","","","U","",""
"3648","35","","46436500080","MIRA TOPOGRAFICA","O/C N° 312-2013","10/06/2013","190.0","","","1503.020501","MOBILIARIO DE USO AGRICOLA Y PESQUERO","R","S/M","ALUMINIO","S/T","PLOMO","76132O9112","5 MTS","","","","","","","","","","U","",""
"3649","35","","46436500081","MIRA TOPOGRAFICA","O/C N° 66-2013","15/02/2013","179.99","","","1503.020501","MOBILIARIO DE USO AGRICOLA Y PESQUERO","R","CST/BERGER","DGT2","S/T","PLOMO","S/S","5 MTS","","","","","","","","","","U","",""
"3650","35","","46436500082","MIRA TOPOGRAFICA","O/C N°000066","15/02/2013","2.0","","","1503.020501","MOBILIARIO DE USO AGRICOLA Y PESQUERO","R","S/M","S/M","S/T","PLOMO","S/S","5 MTS","","","","","","","","","","U","",""
"3651","35","","46436500083","MIRA TOPOGRAFICA","O/C N° 388-2013","21/06/2013","138.0","","","1503.020501","MOBILIARIO DE USO AGRICOLA Y PESQUERO","R","S/M","S/M","S/T","PLOMO","76132O9163","5 MTS","","","","","","","","","","U","",""
"3652","35","","46436500084","MIRA TOPOGRAFICA","O/C N° 388-2013","21/06/2013","138.0","","","1503.020501","MOBILIARIO DE USO AGRICOLA Y PESQUERO","R","S/M","S/M","S/T","PLOMO","76132O9162","S/D","","","","","","","","","","U","",""
"3653","35","","46436500086","MIRA TOPOGRAFICA","O/C Nº 424-2013","05/07/2013","138.0","","","1503.020501","MOBILIARIO DE USO AGRICOLA Y PESQUERO","R","S/M","S/M","S/T","PLOMO/ALUMINIO","76132O9139","5 MTS","","","","","","","","","","U","",""
"3654","35","","46436500087","MIRA TOPOGRAFICA","O/C Nº 424-2013","05/07/2013","138.0","","","1503.020501","MOBILIARIO DE USO AGRICOLA Y PESQUERO","R","S/M","S/M","S/T","PLOMO","76132O9136","5 MTS","","","","","","","","","","U","",""
"3655","35","","46436500096","MIRA TOPOGRAFICA","O/C N°3-00048","22/07/2009","1074.83","","","1503.020501","MOBILIARIO DE USO AGRICOLA Y PESQUERO","R","S/M","ALUMINIO","S/T","PLOMO","S/S","5 MTS","","","","","","","","","","U","",""
"3656","35","","46436500097","MIRA TOPOGRAFICA","O/C N°000066","15/02/2013","2.0","","","1503.020501","MOBILIARIO DE USO AGRICOLA Y PESQUERO","R","S/M","ALUMINIO","S/T","PLOMO","S/S","5 MTS","","","","","","","","","","U","",""
"3657","35","","46436500098","MIRA TOPOGRAFICA","O/C N°000066","15/02/2013","2.0","","","1503.020501","MOBILIARIO DE USO AGRICOLA Y PESQUERO","R","S/M","ALUMINIO","S/T","PLOMO","S/S","5 MTS","","","","","","","","","","U","",""
"3658","35","","46436500100","MIRA TOPOGRAFICA","SANEAR","31/12/2021","1.0","","","1503.020501","MOBILIARIO DE USO AGRICOLA Y PESQUERO","R","S/M","ALUMINIO","S/T","PLOMO","S/S","5 MTS","","","","","","","","","","U","",""
"3659","35","","46436500102","MIRA TOPOGRAFICA","O/C N°175-2016","17/06/2016","373.82","","","1503.020501","MOBILIARIO DE USO AGRICOLA Y PESQUERO","M","LEYCA","ALUMINIO","S/T","PLOMO","S/S","5 MTS","","","","","","","","","","D","",""
"3660","35","","46436500104","MIRA TOPOGRAFICA","O/C N°175-2016","17/06/2016","373.82","","","1503.020501","MOBILIARIO DE USO AGRICOLA Y PESQUERO","R","LEYCA","ALUMINIO","S/T","PLOMO","S/S","5 MTS.","","","","","","","","","","U","",""
"3661","35","","46436500109","MIRA TOPOGRAFICA","O/C N° 257-2014","28/08/2014","250.0","","","1503.020501","MOBILIARIO DE USO AGRICOLA Y PESQUERO","M","CST","ALUMINIO","S/T","PLOMO","13552456","5 MTS","","","","","","","","","","D","",""
"3662","35","","46436500110","MIRA TOPOGRAFICA","O/C N° 257-2014","28/08/2014","250.0","","","1503.020501","MOBILIARIO DE USO AGRICOLA Y PESQUERO","R","CST","ALUMINIO","S/T","PLOMO","13552455","5 MTS","","","","","","","","","","U","",""
"3663","35","","46436500111","MIRA TOPOGRAFICA","O/C N° 257-2014","28/08/2014","250.0","","","1503.020501","MOBILIARIO DE USO AGRICOLA Y PESQUERO","R","CST","ALUMINIO","S/T","PLOMO","13552452","5 MTS","","","","","","","","","","U","",""
"3664","35","","46436500112","MIRA TOPOGRAFICA","O/C N° 257-2014","28/08/2014","250.0","","","1503.020501","MOBILIARIO DE USO AGRICOLA Y PESQUERO","R","CST","ALUMINIO","S/T","PLOMO","13552401","5 MTS","","","","","","","","","","U","",""
"3665","35","","740872500002","MODEM EXTERNO","SANEAR","31/12/2021","1.0","","","1503.020301","EQUIPOS COMPUTACIONALES Y PERIFERICOS","M","ZMULTIMODEN","MT3834ZDXB_U","S/T","NEGRO","5044952","S/D","","","","","","","","","","D","",""
"3666","35","","740872500008","MODEM EXTERNO","O/C N° 0386-1996","28/05/1996","901.55","","","1503.020301","EQUIPOS COMPUTACIONALES Y PERIFERICOS","M","ROBOTICH","S/M","S/T","BLANCO","8.39015E+12","S/D","","","","","","","","","","D","",""
"3667","35","","746459830007","MODULO DE COMPUTO (OTROS)","O/C N°00144-2014","07/07/2014","498.0","","","1503.020102","MOBILIARIO DE OFICINA","B","MELAMINA","S/M","S/T","CEDRO/NEGRO","S/S","0.48X1.11X1.80","","","","","","","","","","U","",""
"3668","35","","746460850012","MODULO DE MADERA PARA MICROCOMPUTADORA","SANEAR","31/12/2021","1.0","","","1503.020102","MOBILIARIO DE OFICINA","B","","","","BLANCO","","0.48X0.98X0.70","","","","","","","","","","U","",""
"3669","35","","746460980003","MODULO DE MELAMINA","O/C N° 199-2012","01/08/2012","350.0","","","1503.020102","MOBILIARIO DE OFICINA","R","S/M","3 GAVETAS","S/T","CEDRO/NEGRO","S/S","0.48X1.13X1.80","","","","","","","","","","U","",""
"3670","35","","746460980004","MODULO DE MELAMINA","O/C N° 199-2012","01/08/2012","350.0","","","1503.020102","MOBILIARIO DE OFICINA","M","S/M","3 GAVETAS","S/T","CEDRO/NEGRO","S/S","0.49X1.13X1.80","","","","","","","","","","U","",""
"3671","35","","746460980022","MODULO DE MELAMINA","O/C N°143-2014","07/07/2014","498.0","","","1503.020102","MOBILIARIO DE OFICINA","R","S/M","3 DIVISIONES","S/T","NEGRO/CAFE","S/S","1.80X1.11X0.40","","","","","","","","","","U","",""
"3672","35","","952258120002","MONITOR (OTROS)","O/C N° 0068-2008","05/08/2008","742.8","","","1503.020303","EQUIPOS DE TELECOMUNICACIONES","R","LG","L 177WSB","LCD","NEGRO","807NDYG4H546","S/D","","","","","","","","","","U","",""
"3673","35","","952258120009","MONITOR (OTROS)","O/C N° 3-00060-2009","10/08/2009","766.15","","","1503.020303","EQUIPOS DE TELECOMUNICACIONES","M","LG","LCD","S/T","NEGRO","904NDYGGK586","S/D","","","","","","","","","","D","",""
"3674","35","","952258120022","MONITOR (OTROS)","O/C N°8-00002","24/02/2010","1197.0","","","1503.020303","EQUIPOS DE TELECOMUNICACIONES","M","SAMSUNG","L520CHZKFVA/PE","PLASMA LCD","NEGRO","CM20H9LSB162278H","S/D","","","","","","","","","","D","",""
"3675","35","","952258120030","MONITOR (OTROS)","O/C N° 8-00110-2010","23/04/2010","662.23","","","1503.020303","EQUIPOS DE TELECOMUNICACIONES","M","HYUNDAI","V96W","S/T","NEGRO","V96WDSCR9B00552","S/D","","","","","","","","","","D","",""
"3676","35","","952258120032","MONITOR (OTROS)","O/C N° 3-00043-2010","25/05/2010","590.0","","","1503.020303","EQUIPOS DE TELECOMUNICACIONES","M","LG","L177WSBS","S/T","NEGRO","711NOQA5U212","S/D"," "," "," "," "," "," ","",""," ","D","",""
"3677","35","","952258120037","MONITOR (OTROS)","O/C N° 00239-2011","09/08/2011","848.16","","","1503.020303","EQUIPOS DE TELECOMUNICACIONES","M","LG","E1941ST","19''","NEGRO","106TPHGOT585","S/D","","","","","","","","","","U","",""
"3678","35","","952258120052","MONITOR (OTROS)","O/C N° 279-2013","31/05/2013","995.57","","","1503.020303","EQUIPOS DE TELECOMUNICACIONES","R","AOC","215LM00032","LCD""","NEGRO","AXBCCC9A000668","S/D","","","","","","","","","","U","",""
"3679","35","","952258120055","MONITOR (OTROS)","O/C N° 533-2013","23/07/2013","754.32","","","1503.020303","EQUIPOS DE TELECOMUNICACIONES","R","LG","22EA53VA","S/T","NEGRO","303NDSK5F814","S/D","","","","","","","","","","U","",""
"3680","35","","952258120059","MONITOR (OTROS)","O/C N° 352-2011","13/10/2011","806.4","","","1503.020303","EQUIPOS DE TELECOMUNICACIONES","M","LG","E1960ST","S/T","NEGRO","104LTMDOV259","S/D","","","","","","","","","","D","",""
"3681","35","","952258120064","MONITOR (OTROS)","O/C Nº 3-00125-2009","30/10/2009","720.0","","","1503.020303","EQUIPOS DE TELECOMUNICACIONES","R","SAMSUNG","2233SN","S/T","NEGRO","CM22H9L5318897P","S/D","","","","","","","","","","U","",""
"3682","35","","952258120074","MONITOR (OTROS)","SANEAR","31/12/2021","1.0","","","1503.020303","EQUIPOS DE TELECOMUNICACIONES","M","SONY","S/M","SF350","NEGRO","S/S","S/D","","","","","","","","","","D","",""
"3683","35","","952258120076","MONITOR (OTROS)","SANEAR","31/12/2021","1.0","","","1503.020303","EQUIPOS DE TELECOMUNICACIONES","M","LG","20M47A","S/T","NEGRO","604NTJJGB268","S/D","","","","","","","","","","D","",""
"3684","35","","952258120077","MONITOR (OTROS)","SANEAR","31/12/2021","1.0","","","1503.020303","EQUIPOS DE TELECOMUNICACIONES","B","LG","20M47A","S/T","NEGRO","507NTCZD6723","S/D","","","","","","","","","","U","",""
"3685","35","","740881870011","MONITOR PLANO","O/C Nº 000532-2013","23/07/2013","754.32","","","1503.020301","EQUIPOS COMPUTACIONALES Y PERIFERICOS","M","LG","22EA51UVA","S/T","NEGRO","303NDCR5D595","S/D","","","","","","","","","","D","",""
"3686","35","","740882240011","MOUSE INALAMBRICO","O/C N° 175-2016","17/06/2016","14.34","","","1503.020301","EQUIPOS COMPUTACIONALES Y PERIFERICOS","M","MICROSOFT","LANDBYTE","CABLEADO","NEGRO","S/S","S/D","","","","","","","","","","D","",""
"3687","35","","740882240016","MOUSE INALAMBRICO","O/C N° 005-1999","22/01/1999","17.0","","","1503.020301","EQUIPOS COMPUTACIONALES Y PERIFERICOS","M","GENIUS","S/M","CON CABLE","NEGRO","1.48829E+11","","","","","","","","","","","U","",""
"3688","35","","740882240017","MOUSE INALAMBRICO","O/C N° 0677-1996","23/11/1996","41.28","","","1503.020301","EQUIPOS COMPUTACIONALES Y PERIFERICOS","R","CYBERTEL","CIB-M203","CABLEADO","NEGRO","1944M203P1115","","","","","","","","","","","U","",""
"3689","35","","740882240044","MOUSE INALAMBRICO","O/C N° 3-00048-2010","28/05/2010","30.0","","","1503.020301","EQUIPOS COMPUTACIONALES Y PERIFERICOS","R","S/M","M800-P","FJQ4088P26","NEGRO"," ","S/D"," "," "," "," "," "," ","",""," ","U","",""
"3690","35","","740882240058","MOUSE INALAMBRICO","O/C N° 821-2013","20/11/2013","38.12","","","1503.020301","EQUIPOS COMPUTACIONALES Y PERIFERICOS","R","GENIUS","NETSCRELL 120","S/T","NEGRO","WV13SS3B4725","S/D","","","","","","","","","","U","",""
"3691","35","","952258500002","NAVEGADOR DE SATELITE","O/C N° 6-00031-2009","25/11/2009","2400.0","","","1503.020303","EQUIPOS DE TELECOMUNICACIONES","M","GARMIN","COLORADO","GPS","NEGRO","18Z036628","S/D","","","","","","","","","","D","",""
"3692","35","","602264990001","NIVEL TOPOGRAFICO","O/C N° 291-1995","30/05/1995","4418.99","","","1503.020905","EQUIPOS E INSTRUMENTOS DE MEDICION","M","KARL ZEISS","JEAN NI-020A","S/T","AMARILLO","15856","S/D","","","","","","","","","","D","",""
"3693","35","","602264990002","NIVEL TOPOGRAFICO","O/C N° 071-1995","30/03/1995","3037.0","","","1503.020905","EQUIPOS E INSTRUMENTOS DE MEDICION","M","CARL ZEISS - JENA","NI050","S/T","AMARILLO","547274","S/D","","","","","","","","","","D","",""
"3694","35","","602264990003","NIVEL TOPOGRAFICO","SANEAR","31/12/2021","1.0","","","1503.020905","EQUIPOS E INSTRUMENTOS DE MEDICION","M","KERN LEVEL","S/M","S/T","AMARILLO","360679","S/D","","","","","","","","","","U","",""
"3695","35","","602264990004","NIVEL TOPOGRAFICO","SANEAR","31/12/2021","1.0","","","1503.020905","EQUIPOS E INSTRUMENTOS DE MEDICION","M","KERN SWISS","GK1-A","S/T","VERDE OSCURO","269606","S/D","","","","","","","","","","D","",""
"3696","35","","602264990005","NIVEL TOPOGRAFICO","SANEAR","31/12/2021","1.0","","","1503.020905","EQUIPOS E INSTRUMENTOS DE MEDICION","M","WILD NA2","S/M","S/T","VERDE/OSCURO","520961","S/D","","","","","","","","","","U","",""
"3697","35","","602264990006","NIVEL TOPOGRAFICO","SANEAR","31/12/2021","1.0","","","1503.020905","EQUIPOS E INSTRUMENTOS DE MEDICION","M","WILD HEERBRUGG","S/M","S/T","VERDE/OSCURO","121325","S/D","","","","","","","","","","D","",""
"3698","35","","602264990008","NIVEL TOPOGRAFICO","SANEAR","31/12/2021","1.0","","","1503.020905","EQUIPOS E INSTRUMENTOS DE MEDICION","M","WILD HEERBRUG","NAK1","S/T","VERDE/OSCURO","344272","S/D","","","","","","","","","","D","",""
"3699","35","","602264990009","NIVEL TOPOGRAFICO","SANEAR","31/12/2021","1.0","","","1503.020905","EQUIPOS E INSTRUMENTOS DE MEDICION","M","KERN","S/M","S/T","VERDE/OSCURO","S/S","S/D","","","","","","","","","","D","",""
"3700","35","","602264990010","NIVEL TOPOGRAFICO","SANEAR","31/12/2021","1.0","","","1503.020905","EQUIPOS E INSTRUMENTOS DE MEDICION","M","KERN SWISS","GK 1-A","S/T","VERDE/OSCURO","161572","S/D","","","","","","","","","","D","",""
"3701","35","","602264990011","NIVEL TOPOGRAFICO","O/C N° 0253-2004","16/08/2004","3632.0","","","1503.020905","EQUIPOS E INSTRUMENTOS DE MEDICION","M","SECO","S/M","S/T","ANARANJADO","66106","S/D","","","","","","","","","","D","",""
"3702","35","","602264990012","NIVEL TOPOGRAFICO","O/C N° 0085-2007","21/06/2007","4555.0","","","1503.020905","EQUIPOS E INSTRUMENTOS DE MEDICION","M","KERNSWISS","4811-32","S/T","ANARANJADO","66106","S/D","","","","","","","","","","D","",""
"3703","35","","602264990014","NIVEL TOPOGRAFICO","O/C N° 0170-2007","24/09/2007","4840.0","","","1503.020905","EQUIPOS E INSTRUMENTOS DE MEDICION","M","TOPCON","AT_G6","S/T","VERDE/AMARILLO","8F 7570","S/D","","","","","","","","","","U","",""
"3704","35","","602264990015","NIVEL TOPOGRAFICO","O/C N° 0-00074-2010","26/03/2010","637.0","","","1503.020905","EQUIPOS E INSTRUMENTOS DE MEDICION","M","TOPCON","AT_G6","S/T","AMARILLO","8F 7547","S/D","","","","","","","","","","U","",""
"3705","35","","602264990016","NIVEL TOPOGRAFICO","O/C N° 00030","18/04/2011","951.73","","","1503.020905","EQUIPOS E INSTRUMENTOS DE MEDICION","M","LEICA ","NA721","ESTUCHE ROJO","ROJO/PLOMO","422327","S/D","","","","","","","","","","D","",""
"3706","35","","602264990017","NIVEL TOPOGRAFICO","O/C N° 42-2011","20/04/2011","951.73","","","1503.020905","EQUIPOS E INSTRUMENTOS DE MEDICION","R","LEICA","NA720","S/T","BLANCO/ROJO","5600813","S/D","","","","","","","","","","U","",""
"3707","35","","602264990019","NIVEL TOPOGRAFICO","O/C N° 00278-2011","15/09/2011","727.77","","","1503.020905","EQUIPOS E INSTRUMENTOS DE MEDICION","R","LEICA","NA724","S/T","ROJO","5600909","S/D","","","","","","","","","","U","",""
"3708","35","","602264990021","NIVEL TOPOGRAFICO","O/C N° 388-2011","26/10/2011","921.14","","","1503.020905","EQUIPOS E INSTRUMENTOS DE MEDICION","R","LEICA","RUNNER 24","S/T","AMARILLO","430639","S/D","","","","","","","","","","U","",""
"3709","35","","602264990022","NIVEL TOPOGRAFICO","SANEAR","31/12/2021","1.0","","","1503.020905","EQUIPOS E INSTRUMENTOS DE MEDICION","M","LEICA","NA 720","S/T","AMARILLO","428959","S/D","","","","","","","","","","U","",""
"3710","35","","602264990023","NIVEL TOPOGRAFICO","O/C N°133-2012","20/06/2012","1366.67","","","1503.020905","EQUIPOS E INSTRUMENTOS DE MEDICION","R","LEICA","NA730","ESTUCHE ROJO","ROJO/MANTECA","5654752","S/D","","","","","","","","","","U","",""
"3711","35","","602264990024","NIVEL TOPOGRAFICO","O/C N° 000204","07/08/2012","1366.67","","","1503.020905","EQUIPOS E INSTRUMENTOS DE MEDICION","R","LEICA","NA730","S/T","ROJO/MANTEC","5655347","S/D","","","","","","","","","","U","",""
"3712","35","","602264990026","NIVEL TOPOGRAFICO","O/C N° 66-2013","15/02/2013","1399.99","","","1503.020905","EQUIPOS E INSTRUMENTOS DE MEDICION","M","PENTAX","AP 281","S/T","ROJO","603845","S/D","","","","","","","","","","U","",""
"3713","35","","602264990027","NIVEL TOPOGRAFICO","O/C N° 66-2013","15/02/2013","1399.99","","","1503.020905","EQUIPOS E INSTRUMENTOS DE MEDICION","M","PENTAX","AP 281","S/T","ROJO/PLOMO","603845","S/D","","","","","","","","","","U","",""
"3714","35","","602264990028","NIVEL TOPOGRAFICO","O/C N° 66-2013","15/02/2013","1399.99","","","1503.020905","EQUIPOS E INSTRUMENTOS DE MEDICION","M","PENTAX","AP 282","S/T","ROJO/PLOMO","603769","S/D","","","","","","","","","","U","",""
"3715","35","","602264990029","NIVEL TOPOGRAFICO","O/C Nº 206-2013","02/05/2013","404.8","","","1503.020905","EQUIPOS E INSTRUMENTOS DE MEDICION","M","PENTAX","AP 283","S/T","ROJO","603871","S/D","","","","","","","","","","U","",""
"3716","35","","602264990030","NIVEL TOPOGRAFICO","O/C Nº 206-2013","02/05/2013","404.8","","","1503.020905","EQUIPOS E INSTRUMENTOS DE MEDICION","M","PENTAX","AP 281","S/T","PLOMO/ROJO","601010","S/D","","","","","","","","","","U","",""
"3717","35","","602264990034","NIVEL TOPOGRAFICO","SANEAR","31/12/2021","1.0","","","1503.020905","EQUIPOS E INSTRUMENTOS DE MEDICION","R","PENTAX","AP 282","SOLO ESTUCHE","PLOMO/ROJO","710105","S/D","","","","","","","","","","U","",""
"3718","35","","602264990035","NIVEL TOPOGRAFICO","O/C N° 342-2013","12/06/2013","985.0","","","1503.020905","EQUIPOS E INSTRUMENTOS DE MEDICION","R","PENTAX","S/M","S/T","PLOMO/ROJO","610207","S/D","","","","","","","","","","U","",""
"3719","35","","602264990036","NIVEL TOPOGRAFICO","O/C N° 388-2013","21/06/2013","985.0","","","1503.020905","EQUIPOS E INSTRUMENTOS DE MEDICION","R","PENTAX","AP 281","S/T","PLOMO/ROJO","610157","S/D","","","","","","","","","","U","",""
"3720","35","","602264990037","NIVEL TOPOGRAFICO","O/C Nº 424-2013","05/07/2013","985.0","","","1503.020905","EQUIPOS E INSTRUMENTOS DE MEDICION","R","PENTAX","AP 281","S/T","PLOMO/ROJO","610231","S/D","","","","","","","","","","U","",""
"3721","35","","602264990038","NIVEL TOPOGRAFICO","O/C Nº 424-2013","05/07/2013","985.0","","","1503.020905","EQUIPOS E INSTRUMENTOS DE MEDICION","R","PENTAX","AP 281","S/T","PLOMO/ROJO","610284","S/D","","","","","","","","","","U","",""
"3722","35","","602264990040","NIVEL TOPOGRAFICO","SANEAR","31/12/2021","1.0","","","1503.020905","EQUIPOS E INSTRUMENTOS DE MEDICION","M","KERN","GK 0-A","S/T","VERDE/OSCURO","268460","S/D","","","","","","","","","","D","",""
"3723","35","","602264990042","NIVEL TOPOGRAFICO","O/C N° 97-2016","02/05/2016","750.0","","","1503.020905","EQUIPOS E INSTRUMENTOS DE MEDICION","M","PENTAX","AP 228","TRIPODE","ROJO/PLOMO","S/S","S/D","","","","","","","","","","U","",""
"3724","35","","602264990043","NIVEL TOPOGRAFICO","O/C N° 97-2016","02/05/2016","750.0","","","1503.020905","EQUIPOS E INSTRUMENTOS DE MEDICION","M","PENTAX","AP 228","TRIPODE","PLOMO/ROJO","622896","S/D","","","","","","","","","","U","",""
"3725","35","","602264990044","NIVEL TOPOGRAFICO","O/C N° 398-2016","02/12/2016","3180.0","","","1503.020905","EQUIPOS E INSTRUMENTOS DE MEDICION","R","TOPCON","AT -B2","S/T","AMARILLO","MS 3124","S/D","","","","","","","","","","U","",""
"3726","35","","602266690001","OSCILOSCOPIO","SANEAR","31/12/2021","1.0","","","1503.020905","EQUIPOS E INSTRUMENTOS DE MEDICION","M","S/M","ST-16","S/T","AZUL","601391","S/D","","","","","","","","","","U","",""
"3727","35","","742258690002","PANTOGRAFO","SANEAR","31/12/2021","1.0","","","1503.020101","MAQUINAS Y EQUIPOS DE OFICINA","M","CHINA","9 036","S/T","AMARILLO","S/S","S/D","","","","","","","","","","U","",""
"3728","35","","952260390001","PARLANTE AMPLIFICADOR PORTATIL","O/C N° 374-2003","30/12/2003","31.42","","","1503.020303","EQUIPOS DE TELECOMUNICACIONES","M","S/M","S/M","S/T","BLANCO","S/S","S/D","","","","","","","","","","U","",""
"3729","35","","952260390002","PARLANTE AMPLIFICADOR PORTATIL","O/C N° 3-00059-2009","10/08/2009","38.31","","","1503.020303","EQUIPOS DE TELECOMUNICACIONES","M","GENIUS","S/M","S/T","NEGRO","S/S","S/D","","","","","","","","","","D","",""
"3730","35","","952260390003","PARLANTE AMPLIFICADOR PORTATIL","O/C N° 3-00060-2009","10/08/2009","38.5","","","1503.020303","EQUIPOS DE TELECOMUNICACIONES","M","MICRONICS","S/M","S/T","NEGRO","S/S","S/D","","","","","","","","","","D","",""
"3731","35","","952260390004","PARLANTE AMPLIFICADOR PORTATIL","O/C N° 3-00060-2009","10/08/2009","38.5","","","1503.020303","EQUIPOS DE TELECOMUNICACIONES","M","HALION","S/M","S/T","NEGRO","S/S","S/D","","","","","","","","","","D","",""
"3732","35","","952260390005","PARLANTE AMPLIFICADOR PORTATIL","O/C N° 3-00060-2009","10/08/2009","38.5","","","1503.020303","EQUIPOS DE TELECOMUNICACIONES","M","SUPER TEC","S/M","S/T","BLANCO","S/S","S/D","","","","","","","","","","D","",""
"3733","35","","952260390006","PARLANTE AMPLIFICADOR PORTATIL","O/C N° 3-00060-2009","10/08/2009","38.5","","","1503.020303","EQUIPOS DE TELECOMUNICACIONES","M","OMEGA","S/M","S/T","NEGRO","S/S","S/D","","","","","","","","","","D","",""
"3734","35","","952260390008","PARLANTE AMPLIFICADOR PORTATIL","O/C N° 8-00003-2010","26/02/2010","138.64","","","1503.020303","EQUIPOS DE TELECOMUNICACIONES","M","DELUX","S/M","S/T","PLOMO","22108031136","S/D","","","","","","","","","","D","",""
"3735","35","","952260390009","PARLANTE AMPLIFICADOR PORTATIL","O/C N° 3-00048-2010","28/05/2010","120.0","","","1503.020303","EQUIPOS DE TELECOMUNICACIONES","M","CYBERLINK","S/M","S/T","NEGRO","ZCEZA2601414","S/D"," "," "," "," "," "," ","",""," ","D","",""
"3736","35","","952260390014","PARLANTE AMPLIFICADOR PORTATIL","O/C N° 3-00043-2010","25/05/2010","80.0","","","1503.020303","EQUIPOS DE TELECOMUNICACIONES","M","MICRONICS","MIC -5360","S/T","NEGRO","1.68E+16","S/D"," "," "," "," "," "," ","",""," ","D","",""
"3737","35","","952260580001","PARLANTES EN GENERAL (MAYOR A 1/8 UIT)","O/C N° 0178-2000","11/07/2000","27.72","","","1503.020303","EQUIPOS DE TELECOMUNICACIONES","M","MICRONICS","S/M","S/T","BLANCO","1.23457E+14","S/D","","","","","","","","","","D","",""
"3738","35","","952260580003","PARLANTES EN GENERAL (MAYOR A 1/8 UIT)","SANEAR","31/12/2021","1.0","","","1503.020303","EQUIPOS DE TELECOMUNICACIONES","R","RLIP-EXTREME","K55600","S/T","NEGRO","100226631","S/D","","","","","","","","","","U","",""
"3739","35","","952260580004","PARLANTES EN GENERAL (MAYOR A 1/8 UIT)","O/C N° 547-2001","31/12/2001","40.74","","","1503.020303","EQUIPOS DE TELECOMUNICACIONES","M","S/M","S/M","S/T","BLANCO","S/S","S/D","","","","","","","","","","U","",""
"3740","35","","952260580005","PARLANTES EN GENERAL (MAYOR A 1/8 UIT)","O/C N°67","21/06/2003","33.93","","","1503.020303","EQUIPOS DE TELECOMUNICACIONES","R","CYBERLINK","S/M","S/T","NEGRO","S/S","S/D","","","","","","","","","","U","",""
"3741","35","","952260580006","PARLANTES EN GENERAL (MAYOR A 1/8 UIT)","O/C N° 9-00001-2010","26/02/2010","138.64","","","1503.020303","EQUIPOS DE TELECOMUNICACIONES","M","OMEGA","S/M","S/T","NEGRO","2.01E+12","S/D","","","","","","","","","","D","",""
"3742","35","","952260580009","PARLANTES EN GENERAL (MAYOR A 1/8 UIT)","O/C N° 159-2003","04/08/2003","21.0","","","1503.020303","EQUIPOS DE TELECOMUNICACIONES","M","ALTRON","MS-898","WOOFER","BLANCO","S/S","S/D","","","","","","","","","","D","",""
"3743","35","","952260580010","PARLANTES EN GENERAL (MAYOR A 1/8 UIT)","O/C N° 066-2003","30/01/2004","30.06","","","1503.020303","EQUIPOS DE TELECOMUNICACIONES","M","MICRONICS","MIC 301","S/T","NEGRO","2.48553E+11","S/D","","","","","","","","","","D","",""
"3744","35","","952260580014","PARLANTES EN GENERAL (MAYOR A 1/8 UIT)","O/C N° 0068-2008","05/08/2008","37.14","","","1503.020303","EQUIPOS DE TELECOMUNICACIONES","R","AVATEC","AVS45","S/T","PLOMO","705000125","S/D","","","","","","","","","","U","",""
"3745","35","","952260580015","PARLANTES EN GENERAL (MAYOR A 1/8 UIT)","O/C N° 0095-2008","19/09/2008","37.14","","","1503.020303","EQUIPOS DE TELECOMUNICACIONES","M","MIC","AVS45","S/T","NEGRO","1.68E+11","S/D","","","","","","","","","","D","",""
"3746","35","","952260580016","PARLANTES EN GENERAL (MAYOR A 1/8 UIT)","O/C N° 0101-2008","24/09/2008","90.0","","","1503.020303","EQUIPOS DE TELECOMUNICACIONES","M","OMEGA","AVS45","S/T","NEGRO","2.01E+12","S/D","","","","","","","","","","D","",""
"3747","35","","952260580019","PARLANTES EN GENERAL (MAYOR A 1/8 UIT)","O/C N° 6-00046-2009","27/11/2009","39.36","","","1503.020303","EQUIPOS DE TELECOMUNICACIONES","R","GENIUS","S/M","S/T","NEGRO","S/S","S/D","","","","","","","","","","D","",""
"3748","35","","952260580022","PARLANTES EN GENERAL (MAYOR A 1/8 UIT)","O/C N°0-00032-2010","22/02/2010","38.64","","","1503.020303","EQUIPOS DE TELECOMUNICACIONES","R","MICRONICS","MIC S11S5","S/T","NEGRO","1386S1155095","S/D","","","","","","","","","","U","",""
"3749","35","","952260580024","PARLANTES EN GENERAL (MAYOR A 1/8 UIT)","O/C N° 0-00033-2010","26/02/2010","38.64","","","1503.020303","EQUIPOS DE TELECOMUNICACIONES","M","CYBERLINK","MICSIIS5","S/T","NEGRO","9.06E+11","S/D","","","","","","","","","","U","",""
"3750","35","","952260580029","PARLANTES EN GENERAL (MAYOR A 1/8 UIT)","O/C N° 8-00162-2010","21/05/2010","95.0","","","1503.020303","EQUIPOS DE TELECOMUNICACIONES","M","MICRONICS","S/M","S/T","BLANCO","S/S","S/D","","","","","","","","","","U","",""
"3751","35","","952260580030","PARLANTES EN GENERAL (MAYOR A 1/8 UIT)","O/C N° 8-00107-2010","29/04/2010","32.44","","","1503.020303","EQUIPOS DE TELECOMUNICACIONES","R","GENIUS","S/M","3 UNIDADES","NEGRO","S/S","S/D","","","","","","","","","","U","",""
"3752","35","","952260580039","PARLANTES EN GENERAL (MAYOR A 1/8 UIT)","O/C N° 155-2012","04/07/2012","38.3","","","1503.020303","EQUIPOS DE TELECOMUNICACIONES","R","GENIUS","S/M","S/T","NEGRO","WK111EC90893","S/D","","","","","","","","","","D","",""
"3753","35","","952260580040","PARLANTES EN GENERAL (MAYOR A 1/8 UIT)","O/C N° 298-2012","06/11/2012","43.32","","","1503.020303","EQUIPOS DE TELECOMUNICACIONES","M","MICRONICS","S/M","S/T","NEGRO/PLOMO","2.49E+11","S/D","","","","","","","","","","D","",""
"3754","35","","952260580042","PARLANTES EN GENERAL (MAYOR A 1/8 UIT)","O/C N° 298-2012","06/11/2012","43.32","","","1503.020303","EQUIPOS DE TELECOMUNICACIONES","M","MICRONICS","MJC S 301","S/T","NEGRO","2.49E+11","S/D","","","","","","","","","","D","",""
"3755","35","","952260580049","PARLANTES EN GENERAL (MAYOR A 1/8 UIT)","O/C N° 000175-2013","19/04/2013","43.92","","","1503.020303","EQUIPOS DE TELECOMUNICACIONES","M","GENIUS","S/M","S/T","NEGRO","ZCE293002878","S/D","","","","","","","","","","D","",""
"3756","35","","952260580050","PARLANTES EN GENERAL (MAYOR A 1/8 UIT)","O/C N° 000175-2013","19/04/2013","43.92","","","1503.020303","EQUIPOS DE TELECOMUNICACIONES","R","GENIUS","S/M","S/T","NEGRO","ZEC270501376","S/D","","","","","","","","","","U","",""
"3757","35","","952260580051","PARLANTES EN GENERAL (MAYOR A 1/8 UIT)","O/C N° 155-2012","04/07/2012","38.3","","","1503.020303","EQUIPOS DE TELECOMUNICACIONES","M","GENIUS","S/M","S/T","NEGRO","ZEC270501376","S/D","","","","","","","","","","D","",""
"3758","35","","952260580053","PARLANTES EN GENERAL (MAYOR A 1/8 UIT)","SANEAR","31/12/2021","1.0","","","1503.020303","EQUIPOS DE TELECOMUNICACIONES","R","HALION","HAS2050","S/T","NEGRO","S/S","S/D","","","","","","","","","","D","",""
"3759","35","","952260580057","PARLANTES EN GENERAL (MAYOR A 1/8 UIT)","O/C Nº 000532-2013","23/07/2013","37.72","","","1503.020303","EQUIPOS DE TELECOMUNICACIONES","R","CYBERTEL","CYB S213","S/T","NEGRO","2497","S/D","","","","","","","","","","U","",""
"3760","35","","952260580058","PARLANTES EN GENERAL (MAYOR A 1/8 UIT)","O/C Nº 000532-2013","23/07/2013","37.72","","","1503.020303","EQUIPOS DE TELECOMUNICACIONES","M","CYBERTEL","CYB S213","S/T","NEGRO","S/S","S/D","","","","","","","","","","D","",""
"3761","35","","952260580060","PARLANTES EN GENERAL (MAYOR A 1/8 UIT)","O/C N° 821-2013","20/11/2013","36.57","","","1503.020303","EQUIPOS DE TELECOMUNICACIONES","M","MICRONICS","S317B","S/T","NEGRO","2662S317B1447","S/D","","","","","","","","","","D","",""
"3762","35","","952260580077","PARLANTES EN GENERAL (MAYOR A 1/8 UIT)","O/C N° 0175-2008","17/12/2008","37.08","","","1503.020303","EQUIPOS DE TELECOMUNICACIONES","M","MICRONICS","S/M","S/T","NEGRO","1.68E+11","S/D","","","","","","","","","","D","",""
"3763","35","","952260580082","PARLANTES EN GENERAL (MAYOR A 1/8 UIT)","O/C N° 364-2004","29/10/2004","33.47","","","1503.020303","EQUIPOS DE TELECOMUNICACIONES","M","MICRONICS","S/M","S/T","BLANCO","S/S","S/D","","","","","","","","","","D","",""
"3764","35","","952260580083","PARLANTES EN GENERAL (MAYOR A 1/8 UIT)","O/C N° 9-00084-2010","14/07/2010","21.6","","","1503.020303","EQUIPOS DE TELECOMUNICACIONES","M","OMEGA","S/M","S/T","NEGRO","S/S","S/D","","","","","","","","","","D","",""
"3765","35","","952260580084","PARLANTES EN GENERAL (MAYOR A 1/8 UIT)","O/C N° 6-00066-2010","16/07/2010","95.0","","","1503.020303","EQUIPOS DE TELECOMUNICACIONES","M","SUBWOOFER","S/M","S/T","PLOMO","S/S","S/D","","","","","","","","","","D","",""
"3766","35","","952260580086","PARLANTES EN GENERAL (MAYOR A 1/8 UIT)","O/C N° 279-2013","15/07/2013","48.77","","","1503.020303","EQUIPOS DE TELECOMUNICACIONES","M","CAMBRIDGE","CREATIVE SBS BS3","S/T","BLANCO","S/S","S/D","","","","","","","","","","D","",""
"3767","35","","952260580087","PARLANTES EN GENERAL (MAYOR A 1/8 UIT)","O/C Nº 348-2013","13/06/2013","35.4","","","1503.020303","EQUIPOS DE TELECOMUNICACIONES","R","RILP EXTREME","","","NEGRO","","","","","","","","","","","","U","",""
"3768","35","","952260580089","PARLANTES EN GENERAL (MAYOR A 1/8 UIT)","O/C Nº 348-2013","13/06/2013","35.4","","","1503.020303","EQUIPOS DE TELECOMUNICACIONES","M","CREATIVE","SBS 10","S/T","BLANCO","S/S","S/D","","","","","","","","","","D","",""
"3769","35","","952260580090","PARLANTES EN GENERAL (MAYOR A 1/8 UIT)","O/C N° 166-2015","10/07/2015","53.24","","","1503.020303","EQUIPOS DE TELECOMUNICACIONES","M","GENIUS","SP-S110","S/T","BLANCO","S/S","S/D","","","","","","","","","","D","",""
"3770","35","","952260580091","PARLANTES EN GENERAL (MAYOR A 1/8 UIT)","O/C Nº 381","30/10/2004","32.76","","","1503.020303","EQUIPOS DE TELECOMUNICACIONES","M","CREATIVE","CS46","S/T","BLANCO","S/S","S/D","","","","","","","","","","D","",""
"3771","35","","952260580092","PARLANTES EN GENERAL (MAYOR A 1/8 UIT)","O/C N° 131-2012","18/06/2012","36.28","","","1503.020303","EQUIPOS DE TELECOMUNICACIONES","M","CYBERLINK","S/M","S/T","NEGRO","S/S","S/D","","","","","","","","","","D","",""
"3772","35","","952260580093","PARLANTES EN GENERAL (MAYOR A 1/8 UIT)","O/C Nº 6-00002-2009","25/09/2009","45.6","","","1503.020303","EQUIPOS DE TELECOMUNICACIONES","M","CYBERLINK","S/M","S/T","NEGRO","S/S","S/D","","","","","","","","","","D","",""
"3773","35","","952260580095","PARLANTES EN GENERAL (MAYOR A 1/8 UIT)","O/C Nº 3-00125-2009","30/10/2009","36.0","","","1503.020303","EQUIPOS DE TELECOMUNICACIONES","M","CYBERTEL","NEWTON","S/T","NEGRO","S/S","S/D","","","","","","","","","","D","",""
"3774","35","","602267820001","PEACHIMETRO","O/C Nº 000131","26/03/2013","300.0","","","1503.020905","EQUIPOS E INSTRUMENTOS DE MEDICION","R","PH-009 (III) -C","S10PHMETER","LAPICERO","PLOMO","S/S","S/D","","","","","","","","","","U","",""
"3775","35","","602268100001","PENETROMETRO","SANEAR","31/12/2021","1.0","","","1503.020905","EQUIPOS E INSTRUMENTOS DE MEDICION","M","S/M","S/M","S/T","VERDE","S/S","S/D","","","","","","","","","","U","",""
"3776","35","","532290990003","PERFORADOR MANUAL","O/C N°114-2017","14/09/2017","783.56","","","1503.020402","EQUIPO MEDICO","M","KW-TRIO","CARL 123N ","150 HOJAS","NEGRO/PLOMO","S/S","S/D","","","","","","","","","","D","",""
"3777","35","","532290990005","PERFORADOR MANUAL","VERIFICAR","31/12/2021","1.0","","","1503.020402","EQUIPO MEDICO","M","KW TRIO","POWER PUNCH","952","NEGRO","S/S","S/D","","","","","","","","","","D","",""
"3778","35","","746473050020","PIZARRA ACRILICA","O/C N°063-1996","29/01/1996","190.0","","","1503.020102","MOBILIARIO DE OFICINA","R","S/M","S/M","S/T","BLANCO","S/S","1.20X2.00","","","","","","","","","","U","",""
"3779","35","","602269520001","PLANCHETA AUTOREDUCTORA","SANEAR","31/12/2021","1.0","","","1503.020905","EQUIPOS E INSTRUMENTOS DE MEDICION","M","WILD","RK1-86395","S/T","VERDE","RKY-86395","S/D","","","","","","","","","","U","",""
"3780","35","","602270080001","PLANCHETA TOPOGRAFICA","SANEAR","31/12/2021","1.0","","","1503.020905","EQUIPOS E INSTRUMENTOS DE MEDICION","M","KERN","S/M","S/T","VERDE","144543","S/D","","","","","","","","","","D","",""
"3781","35","","602273050001","PRISMA CIRCULAR","SANEAR","31/12/2021","1.0","","","1503.020905","EQUIPOS E INSTRUMENTOS DE MEDICION","M","S/M","S/M","S/T","PLOMO","S/S","S/D","","","","","","","","","","D","",""
"3782","35","","602273050003","PRISMA CIRCULAR","SANEAR","31/12/2021","1.0","","","1503.020905","EQUIPOS E INSTRUMENTOS DE MEDICION","M","S/M","S/M","S/T","ROJO","S/S","S/D","","","","","","","","","","D","",""
"3783","35","","602273050006","PRISMA CIRCULAR","O/C N°152-2012","12/07/2012","577.0","","","1503.020905","EQUIPOS E INSTRUMENTOS DE MEDICION","R","TOPCON","LEICA","TELESCOPICO","AMARILLO/ANARANJADO","4185006","S/D","","","","","","","","","","U","",""
"3784","35","","602273050007","PRISMA CIRCULAR","O/C N°152-2012","12/07/2012","577.0","","","1503.020905","EQUIPOS E INSTRUMENTOS DE MEDICION","M","TOPCON","LEICA","TELESCOPICO","ANARANJADO /NEGRO","4185009","S/D","","","","","","","","","","D","",""
"3785","35","","602273050008","PRISMA CIRCULAR","O/C Nº 000001","10/01/2013","682.0","","","1503.020905","EQUIPOS E INSTRUMENTOS DE MEDICION","M","LEICA","S/M","S/T","ROJO","8742287","S/D","","","","","","","","","","D","",""
"3786","35","","602273050009","PRISMA CIRCULAR","O/C Nº 000031","06/02/2013","486.0","","","1503.020905","EQUIPOS E INSTRUMENTOS DE MEDICION","R","LEICA","GPR 111","S/T","ROJO/BLANCO","618157","S/D","","","","","","","","","","U","",""
"3787","35","","602273050010","PRISMA CIRCULAR","O/C N° 346-2015","18/11/2015","450.0","","","1503.020905","EQUIPOS E INSTRUMENTOS DE MEDICION","R","LEICA","GPR111","JALON","ROJO/BLANCO","618198","S/D","","","","","","","","","","U","",""
"3788","35","","602273050011","PRISMA CIRCULAR","O/C Nº 000031","06/02/2013","486.0","","","1503.020905","EQUIPOS E INSTRUMENTOS DE MEDICION","R","LEICA","GPR 111","CE658A","AMARILLO/NEGRO","618198","S/D","","","","","","","","","","U","",""
"3789","35","","602273050012","PRISMA CIRCULAR","O/C N° 346-2015","18/11/2015","450.0","","","1503.020905","EQUIPOS E INSTRUMENTOS DE MEDICION","R","LEICA","GPR 111","S/T","ROJO","S/S","S/D","","","","","","","","","","U","",""
"3790","35","","602273050014","PRISMA CIRCULAR","O/C Nº 000031","06/02/2013","486.0","","","1503.020905","EQUIPOS E INSTRUMENTOS DE MEDICION","B","LEICA","GPR 111","S/T","BLANCO/ROJO","618200","S/D","","","","","","","","","","U","",""
"3791","35","","602273050015","PRISMA CIRCULAR","O/C N° 3-00077-2009","18/08/2009","520.0","","","1503.020905","EQUIPOS E INSTRUMENTOS DE MEDICION","M","LEICA","GPR 111","S/T","ROJO","S/S","S/D","","","","","","","","","","U","",""
"3792","35","","602273050017","PRISMA CIRCULAR","O/C N° 377-2015","23/11/2015","520.0","","","1503.020905","EQUIPOS E INSTRUMENTOS DE MEDICION","R","LEICA","GPR 111","S/T","ROJO","16180909","S/D","","","","","","","","","","U","",""
"3793","35","","602273050018","PRISMA CIRCULAR","O/C N° 377-2015","23/11/2015","520.0","","","1503.020905","EQUIPOS E INSTRUMENTOS DE MEDICION","B","LEICA","GPR 111","JALON","ROJO/BLANCO","16180908","S/D","","","","","","","","","","U","",""
"3794","35","","602273050019","PRISMA CIRCULAR","O/C N° 377-2015","23/11/2015","520.0","","","1503.020905","EQUIPOS E INSTRUMENTOS DE MEDICION","R","LEICA","GPR 111","S/T","ROJO/BLANCO","16180907","S/D","","","","","","","","","","U","",""
"3795","35","","602273050020","PRISMA CIRCULAR","O/C N° 377-2015","23/11/2015","520.0","","","1503.020905","EQUIPOS E INSTRUMENTOS DE MEDICION","R","LEICA","GPR 111","S/T","BLANCO/ROJO","16180906","S/D","","","","","","","","","","U","",""
"3796","35","","602273050021","PRISMA CIRCULAR","O/C N° 377-2015","23/11/2015","520.0","","","1503.020905","EQUIPOS E INSTRUMENTOS DE MEDICION","R","LEICA","GPR 111","S/T","BLANCO/ROJO","16180905","S/D","","","","","","","","","","U","",""
"3797","35","","602273050022","PRISMA CIRCULAR","O/C N° 377-2015","23/11/2015","520.0","","","1503.020905","EQUIPOS E INSTRUMENTOS DE MEDICION","R","LEICA","GPR 111","S/T","BLANCO/ROJO","16180904","S/D","","","","","","","","","","U","",""
"3798","35","","602273050024","PRISMA CIRCULAR","O/C N° 377-2015","23/11/2015","520.0","","","1503.020905","EQUIPOS E INSTRUMENTOS DE MEDICION","M","LEICA","GPR 111","S/T","ROJO","16180903","S/D","","","","","","","","","","D","",""
"3799","35","","602273050026","PRISMA CIRCULAR","O/C N° 377-2015","23/11/2015","520.0","","","1503.020905","EQUIPOS E INSTRUMENTOS DE MEDICION","R","LEICA","GPR 111","S/T","ROJO/BLANCO","16180901","S/D","","","","","","","","","","U","",""
"3800","35","","602273050027","PRISMA CIRCULAR","O/C N° 377-2015","23/11/2015","520.0","","","1503.020905","EQUIPOS E INSTRUMENTOS DE MEDICION","R","LEICA","GPR 111","S/T","ROJO","16180900","S/D","","","","","","","","","","U","",""
"3801","35","","602273050031","PRISMA CIRCULAR","O/C N° 346-2015","18/11/2015","520.0","","","1503.020905","EQUIPOS E INSTRUMENTOS DE MEDICION","R","LEICA","GLS 111","PORTA PRISMA","ROJO","7309127","S/D","","","","","","","","","","U","",""
"3802","35","","602273050033","PRISMA CIRCULAR","O/C Nº 000031","06/02/2013","486.0","","","1503.020905","EQUIPOS E INSTRUMENTOS DE MEDICION","R","LEICA","GLS 111","346","ROJO","7311126","S/D","","","","","","","","","","U","",""
"3803","35","","602273050037","PRISMA CIRCULAR","SANEAR","31/12/2021","1.0","","","1503.020905","EQUIPOS E INSTRUMENTOS DE MEDICION","R","LEICA","S/M","ESTUCHE NRO 6","ROJO","S/S","S/D","","","","","","","","","CON BASTON ROJO/BLANCO","U","",""
"3804","35","","602273050038","PRISMA CIRCULAR","O/C N°257-2014","29/08/2014","250.0","","","1503.020905","EQUIPOS E INSTRUMENTOS DE MEDICION","R","S/M","B33","JALON","ROJO/BLANCO","S/S","S/D","","","","","","","","","","U","",""
"3805","35","","602273050039","PRISMA CIRCULAR","O/C N°257-2014","29/08/2014","250.0","","","1503.020905","EQUIPOS E INSTRUMENTOS DE MEDICION","R","S/M","B33","JALON","ROJO/BLANCO","S/S","S/D","","","","","","","","","","U","",""
"3806","35","","602273050040","PRISMA CIRCULAR","O/C N°257-2014","29/08/2014","250.0","","","1503.020905","EQUIPOS E INSTRUMENTOS DE MEDICION","R","S/M","B33","JALON","ROJO/BLANCO","S/S","S/D","","","","","","","","","","U","",""
"3807","35","","602273050041","PRISMA CIRCULAR","SANEAR","31/12/2021","1.0","","","1503.020905","EQUIPOS E INSTRUMENTOS DE MEDICION","R","LEICA","S/M","ESTUCHE NRO 4","ROJO BLANCO","S/S","S/D","","","","","","","","","","U","",""
"3808","35","","602273050042","PRISMA CIRCULAR","SANEAR","31/12/2021","1.0","","","1503.020905","EQUIPOS E INSTRUMENTOS DE MEDICION","R","LEICA","S/M","ESTUCHE NRO 2","ROJO","S/S","S/D","","","","","","","","","","U","",""
"3809","35","","602273050045","PRISMA CIRCULAR","SANEAR","31/12/2021","1.0","","","1503.020905","EQUIPOS E INSTRUMENTOS DE MEDICION","R","LEICA","S/M","ESTUCHE NRO 9","NEGRO","S/S","S/D","","","","","","","","","","U","",""
"3810","35","","602273050046","PRISMA CIRCULAR","SANEAR","31/12/2021","1.0","","","1503.020905","EQUIPOS E INSTRUMENTOS DE MEDICION","R","LEICA","S/M","ESTUCHE NRO 1","ROJO","S/S","S/D","","","","","","","","","","U","",""
"3811","35","","602273050047","PRISMA CIRCULAR","SANEAR","31/12/2021","1.0","","","1503.020905","EQUIPOS E INSTRUMENTOS DE MEDICION","R","LEICA","S/M","S/T","ROJO BLANCO","S/S","S/D","","","","","","","","","","U","",""
"3812","35","","602273050048","PRISMA CIRCULAR","SANEAR","31/12/2021","1.0","","","1503.020905","EQUIPOS E INSTRUMENTOS DE MEDICION","R","LEICA","S/M","ESTUCHE NRO 7","ROJO BLANCO","S/S","S/D","","","","","","","","","","U","",""
"3813","35","","602273050049","PRISMA CIRCULAR","SANEAR","31/12/2021","1.0","","","1503.020905","EQUIPOS E INSTRUMENTOS DE MEDICION","R","LEICA","S/M","JALON","ROJO BLANCO","S/S","S/D","","","","","","","","","","U","",""
"3814","35","","602273050050","PRISMA CIRCULAR","SANEAR","31/12/2021","1.0","","","1503.020905","EQUIPOS E INSTRUMENTOS DE MEDICION","R","LEICA","S/M","JALON","ROJO BLANCO","S/S","S/D","","","","","","","","","","U","",""
"3815","35","","952266440001","PROYECTOR","O/C N° 3-2006","30/03/2006","4220.0","","","1503.020303","EQUIPOS DE TELECOMUNICACIONES","R","EPSON","H284A","DATA DISPLAY","BLANCO","L.5F932351L","S/D","","","","","","","","","","U","",""
"3816","35","","952268140002","RADIO RECEPTOR","O/C Nº 3-00050","22/07/2009","139.74","","","1503.020303","EQUIPOS DE TELECOMUNICACIONES","M","MOTOROLA","S/M","1 UNIDAD","NEGRO","S/S","S/D","","","","","","","","","","D","",""
"3817","35","","952269650009","RADIO TRANSMISOR RECEPTOR","O/C N° 283-1993","31/12/1993","76.0","","","1503.020303","EQUIPOS DE TELECOMUNICACIONES","M","MOTOROLA","S/M","S/T","AZUL","S/S","S/D","","","","","","","","","","U","",""
"3818","35","","952269650011","RADIO TRANSMISOR RECEPTOR","O/C N° 3-00049","22/07/2009","1053.85","","","1503.020303","EQUIPOS DE TELECOMUNICACIONES","M","MOTOROLA","EP-450","1 UNIDAD","NEGRO","S/S","S/D","","","","","","","","","","D","",""
"3819","35","","952269650012","RADIO TRANSMISOR RECEPTOR","O/C N° 3-00049","22/07/2009","1053.85","","","1503.020303","EQUIPOS DE TELECOMUNICACIONES","M","MOTOROLA","EP-450","1 UNIDAD","NEGRO","K7GMRCEJ","S/D","","","","","","","","","","D","",""
"3820","35","","952269650013","RADIO TRANSMISOR RECEPTOR","O/C N° 3-00049","22/07/2009","1053.85","","","1503.020303","EQUIPOS DE TELECOMUNICACIONES","M","MOTOROLA","EP-450","1 UNIDAD","NEGRO","S/S","S/D","","","","","","","","","","D","",""
"3821","35","","952269650014","RADIO TRANSMISOR RECEPTOR","O/C N° 3-00049","22/07/2009","1053.85","","","1503.020303","EQUIPOS DE TELECOMUNICACIONES","M","MOTOROLA","EP-450","1 UNIDAD","NEGRO","S/S","S/D","","","","","","","","","","D","",""
"3822","35","","952269650015","RADIO TRANSMISOR RECEPTOR","SANEAR","31/12/2021","1.0","","","1503.020303","EQUIPOS DE TELECOMUNICACIONES","R","MOTOROLA","KGGMRCEJ","1 UNIDAD","NEGRO","S/S","S/D","","","","","","","","","","D","",""
"3823","35","","952269650016","RADIO TRANSMISOR RECEPTOR","O/C N° 218-2021","25/05/2021","336.0","","","1503.020303","EQUIPOS DE TELECOMUNICACIONES","M","MOTOROLA","S/M","1 UNIDAD","NEGRO","S/S","S/D","","","","","","","","","","D","",""
"3824","35","","952269650017","RADIO TRANSMISOR RECEPTOR","SANEAR","31/12/2021","1.0","","","1503.020303","EQUIPOS DE TELECOMUNICACIONES","M","MOTOROLA","K7GMDBJJPR","1 UNIDAD","NEGRO","S/S","S/D","","","","","","","","","","D","",""
"3825","35","","952269650018","RADIO TRANSMISOR RECEPTOR","SANEAR","31/12/2021","1.0","","","1503.020303","EQUIPOS DE TELECOMUNICACIONES","M","MOTOROLA","K7GMDBJJPR","1 UNIDAD","NEGRO","S/S","S/D","","","","","","","","","","D","",""
"3826","35","","952269650019","RADIO TRANSMISOR RECEPTOR","SANEAR","31/12/2021","1.0","","","1503.020303","EQUIPOS DE TELECOMUNICACIONES","M","MOTOROLA","EP450","1 UNIDAD","NEGRO","S/S","S/D","","","","","","","","","","D","",""
"3827","35","","952269650020","RADIO TRANSMISOR RECEPTOR","SANEAR","31/12/2021","1.0","","","1503.020303","EQUIPOS DE TELECOMUNICACIONES","M","MOTOROLA","K7GMRCEJ","1 UNIDAD","NEGRO","S/S","S/D","","","","","","","","","","D","",""
"3828","35","","952269650021","RADIO TRANSMISOR RECEPTOR","SANEAR","31/12/2021","1.0","","","1503.020303","EQUIPOS DE TELECOMUNICACIONES","M","MOTOROLA","K7GMRCEJ","1 UNIDAD","NEGRO","S/S","S/D","","","","","","","","","","D","",""
"3829","35","","952269650022","RADIO TRANSMISOR RECEPTOR","SANEAR","31/12/2021","1.0","","","1503.020303","EQUIPOS DE TELECOMUNICACIONES","M","MOTOROLA","K7GMRCEE","S/T","NEGRO","K7GMRCEJ","S/D","","","","","","","","","","D","",""
"3830","35","","952269650023","RADIO TRANSMISOR RECEPTOR","SANEAR","31/12/2021","1.0","","","1503.020303","EQUIPOS DE TELECOMUNICACIONES","M","MOTOROLA","K7GMRCEJ","S/T","NEGRO","S/S","S/D","","","","","","","","","","D","",""
"3831","35","","952269650024","RADIO TRANSMISOR RECEPTOR","O/C N° 300-2015","10/09/2015","200.0","","","1503.020303","EQUIPOS DE TELECOMUNICACIONES","M","MOTOROLA","K7GMJBGJ","S/T","NEGRO","S/S","S/D","","","","","","","","","","D","",""
"3832","35","","952269650025","RADIO TRANSMISOR RECEPTOR","SANEAR","31/12/2021","1.0","","","1503.020303","EQUIPOS DE TELECOMUNICACIONES","M","MIDLAND","X-TALKER","S/T","NEGRO","S/S","S/D","","","","","","","","","","D","",""
"3833","35","","952269650026","RADIO TRANSMISOR RECEPTOR","O/C N° 218-2021","25/05/2021","336.0","","","1503.020303","EQUIPOS DE TELECOMUNICACIONES","R","MOTOROLA","S/M","1 UNIDAD","NEGRO","S/S","S/D","","","","","","","","","","U","",""
"3834","35","","952269650027","RADIO TRANSMISOR RECEPTOR","O/C N° 300-2015","10/09/2015","200.0","","","1503.020303","EQUIPOS DE TELECOMUNICACIONES","M","MOTOROLA","S/M","S/T","NEGRO","S/S","S/D","","","","","","","","","","D","",""
"3835","35","","952269650028","RADIO TRANSMISOR RECEPTOR","O/C N° 218-2021","25/05/2021","336.0","","","1503.020303","EQUIPOS DE TELECOMUNICACIONES","M","MOTOROLA","S/M","1 UNIDAD","NEGRO","S/S","S/D","","","","","","","","","","D","",""
"3836","35","","952269650029","RADIO TRANSMISOR RECEPTOR","O/C N° 300-2015","10/09/2015","200.0","","","1503.020303","EQUIPOS DE TELECOMUNICACIONES","M","MOTOROLA","S/M","S/T","NEGRO","S/S","S/D","","","","","","","","","","D","",""
"3837","35","","952269650030","RADIO TRANSMISOR RECEPTOR","O/C N° 300-2015","10/09/2015","200.0","","","1503.020303","EQUIPOS DE TELECOMUNICACIONES","M","MOTOROLA","S/M","S/T","NEGRO","K7GMDBJJPR","S/D","","","","","","","","","","D","",""
"3838","35","","952269650031","RADIO TRANSMISOR RECEPTOR","O/C N° 300-2015","10/09/2015","200.0","","","1503.020303","EQUIPOS DE TELECOMUNICACIONES","M","MOTOROLA","S/M","S/T","NEGRO","S/S","S/D","","","","","","","","","","D","",""
"3839","35","","952269650032","RADIO TRANSMISOR RECEPTOR","O/C N° 300-2015","10/09/2015","200.0","","","1503.020303","EQUIPOS DE TELECOMUNICACIONES","M","MOTOROLA","S/M","S/T","NEGRO","K7GMDBJJPR","S/D","","","","","","","","","","D","",""
"3840","35","","952269650033","RADIO TRANSMISOR RECEPTOR","O/C N° 300-2015","10/09/2015","200.0","","","1503.020303","EQUIPOS DE TELECOMUNICACIONES","M","MOTOROLA","S/M","S/T","NEGRO","K7GMJBGJ","S/D","","","","","","","","","","D","",""
"3841","35","","952269650034","RADIO TRANSMISOR RECEPTOR","O/C N° 300-2015","10/09/2015","200.0","","","1503.020303","EQUIPOS DE TELECOMUNICACIONES","M","MOTOROLA","S/M","S/T","NEGRO","S/S","S/D","","","","","","","","","","D","",""
"3842","35","","952269650035","RADIO TRANSMISOR RECEPTOR","O/C N° 300-2015","10/09/2015","200.0","","","1503.020303","EQUIPOS DE TELECOMUNICACIONES","M","MOTOROLA","S/M","S/T","NEGRO","S/S","S/D","","","","","","","","","","D","",""
"3843","35","","952269650036","RADIO TRANSMISOR RECEPTOR","O/C N° 300-2015","10/09/2015","200.0","","","1503.020303","EQUIPOS DE TELECOMUNICACIONES","M","MOTOROLA","S/M","S/T","NEGRO","K7GMRCEJ","S/D","","","","","","","","","","D","",""
"3844","35","","952269650037","RADIO TRANSMISOR RECEPTOR","O/C N° 300-2015","10/09/2015","200.0","","","1503.020303","EQUIPOS DE TELECOMUNICACIONES","M","MOTOROLA","S/M","S/T","NEGRO","S/S","S/D","","","","","","","","","","D","",""
"3845","35","","952269650038","RADIO TRANSMISOR RECEPTOR","O/C N° 300-2015","10/09/2015","200.0","","","1503.020303","EQUIPOS DE TELECOMUNICACIONES","M","MOTOROLA TOLKAT","MC-220","S/T","NEGRO","S/S","S/D","","","","","","","","","","D","",""
"3846","35","","952269650043","RADIO TRANSMISOR RECEPTOR","O/C N° 218-2021","25/05/2021","336.0","","","1503.020303","EQUIPOS DE TELECOMUNICACIONES","M","MOTOROLA","S/M","1 UNIDAD","NEGRO","S/S","S/D","","","","","","","","","","U","",""
"3847","35","","952269650044","RADIO TRANSMISOR RECEPTOR","O/C N° 218-2021","25/05/2021","336.0","","","1503.020303","EQUIPOS DE TELECOMUNICACIONES","M","MOTOROLA","S/M","1 UNIDAD","NEGRO","S/S","S/D","","","","","","","","","","D","",""
"3848","35","","952269650045","RADIO TRANSMISOR RECEPTOR","O/C N° 218-2021","25/05/2021","336.0","","","1503.020303","EQUIPOS DE TELECOMUNICACIONES","M","MOTOROLA","S/M","1 UNIDAD","NEGRO","S/S","S/D","","","","","","","","","","M","",""
"3849","35","","952269650046","RADIO TRANSMISOR RECEPTOR","O/C N° 218-2021","25/05/2021","336.0","","","1503.020303","EQUIPOS DE TELECOMUNICACIONES","M","MOTOROLA","S/M","1 UNIDAD","NEGRO","S/S","S/D","","","","","","","","","","D","",""
"3850","35","","952269650047","RADIO TRANSMISOR RECEPTOR","O/C N° 336-1996","28/04/1996","3485.86","","","1503.020303","EQUIPOS DE TELECOMUNICACIONES","M","YAESU","FT-80C","100W","NEGRO","S/S","S/D","","","","","","","","","","D","",""
"3851","35","","952269650048","RADIO TRANSMISOR RECEPTOR","O/C N° 218-2021","25/05/2021","336.0","","","1503.020303","EQUIPOS DE TELECOMUNICACIONES","M","MOTOROLA","S/M","1 UNIDAD","NEGRO","S/S","S/D","","","","","","","","","","D","",""
"3852","35","","952269650050","RADIO TRANSMISOR RECEPTOR","SANEAR","31/12/2021","1.0","","","1503.020303","EQUIPOS DE TELECOMUNICACIONES","R","MOTOROLA","S/M","S/T","NEGRO","S/S","S/D","","","","","","","","","","U","",""
"3853","35","","952269650051","RADIO TRANSMISOR RECEPTOR","SANEAR","31/12/2021","1.0","","","1503.020303","EQUIPOS DE TELECOMUNICACIONES","R","MOTOROLA","S/M","S/T","NEGRO","S/S","S/D","","","","","","","","","","U","",""
"3854","35","","952269650052","RADIO TRANSMISOR RECEPTOR","O/C N° 151-2012","02/07/2012","351.0","","","1503.020303","EQUIPOS DE TELECOMUNICACIONES","R","MOTOROLA","FV-800R","2 PARES","NEGRO","4367700092","S/D","","","","","","","","","","U","",""
"3855","35","","952269650053","RADIO TRANSMISOR RECEPTOR","O/C N° 151-2012","02/07/2012","351.0","","","1503.020303","EQUIPOS DE TELECOMUNICACIONES","R","MOTOROLA","FV-800R","2 PARES","NEGRO","S/S","S/D","","","","","","","","","","U","",""
"3856","35","","952269650054","RADIO TRANSMISOR RECEPTOR","O/C N° 151-2012","02/07/2012","351.0","","","1503.020303","EQUIPOS DE TELECOMUNICACIONES","R","MOTOROLA","FV-800R","2 PARES","NEGRO","S/S","S/D","","","","","","","","","","U","",""
"3857","35","","952269650055","RADIO TRANSMISOR RECEPTOR","O/C N° 151-2012","02/07/2012","351.0","","","1503.020303","EQUIPOS DE TELECOMUNICACIONES","R","MOTOROLA","FV-800R","2 PARES","NEGRO","S/S","S/D","","","","","","","","","","U","",""
"3858","35","","952269650056","RADIO TRANSMISOR RECEPTOR","O/C N° 082-2021","25/02/2021","336.0","","","1503.020303","EQUIPOS DE TELECOMUNICACIONES","M","MOTOROLA","TALKABDUT","1 UNIDAD","NEGRO","S/S","S/D","","","","","","","","","","U","",""
"3859","35","","952269650057","RADIO TRANSMISOR RECEPTOR","O/C N° 082-2021","25/02/2021","336.0","","","1503.020303","EQUIPOS DE TELECOMUNICACIONES","M","MOTOROLA","TALKABDUT","1 UNIDAD","NEGRO","S/S","S/D","","","","","","","","","","U","",""
"3860","35","","952269650058","RADIO TRANSMISOR RECEPTOR","O/C N° 082-2021","25/02/2021","336.0","","","1503.020303","EQUIPOS DE TELECOMUNICACIONES","M","MOTOROLA","TALKABDUT","1 UNIDAD","NEGRO","S/S","S/D","","","","","","","","","","U","",""
"3861","35","","952269650059","RADIO TRANSMISOR RECEPTOR","O/C N° 082-2021","25/02/2021","336.0","","","1503.020303","EQUIPOS DE TELECOMUNICACIONES","M","MOTOROLA","TALKABDUT","1 UNIDAD","NEGRO","S/S","S/D","","","","","","","","","","U","",""
"3862","35","","952269650060","RADIO TRANSMISOR RECEPTOR","O/C N° 082-2021","25/02/2021","336.0","","","1503.020303","EQUIPOS DE TELECOMUNICACIONES","M","MOTOROLA","TALKABDUT","1 UNIDAD","NEGRO","S/S","S/D","","","","","","","","","","U","",""
"3863","35","","952269650061","RADIO TRANSMISOR RECEPTOR","O/C N° 082-2021","25/02/2021","336.0","","","1503.020303","EQUIPOS DE TELECOMUNICACIONES","R","MOTOROLA","TALKABDUT","1 UNIDAD","NEGRO","S/S","S/D","","","","","","","","","","U","",""
"3864","35","","952269650062","RADIO TRANSMISOR RECEPTOR","SANEAR","31/12/2021","1.0","","","1503.020303","EQUIPOS DE TELECOMUNICACIONES","M","MOTOROLA","S/M","S/T","AZUL","S/S","S/D","","","","","","","","","","D","",""
"3865","35","","952270030003","RADIOGRABADORA","O/C Nº 0300","29/04/1996","815.1","","","1503.020303","EQUIPOS DE TELECOMUNICACIONES","M","SONY","KW3005","AMS KARAOKE","NEGRO","1103350 - CFS","S/D","","","","","","","","","","U","",""
"3866","35","","952271540001","REBOBINADOR DE CINTA MAGNETICA","SANEAR","31/12/2021","1.0","","","1503.020303","EQUIPOS DE TELECOMUNICACIONES","M","BHC-VIDEO-CASSE","OK303","S/T","NEGRO","S/S","S/D","","","","","","","","","","D","",""
"3867","35","","462282280002","REFLECTOR","O/C N° 84-2020","31/12/2021","420.0","","","1503.020904","ELECTRICIDAD Y ELECTRONICA","R","LIGH TECH","33-FAL189","150W","NEGRO","S/S","S/D","","","","","","","","","","U","",""
"3868","35","","742288800001","RELOJ DE MESA","SANEAR","31/12/2021","1.0","","","1503.020101","MAQUINAS Y EQUIPOS DE OFICINA","M","SHANGHAL","S/M","S/T","VERDE/AZUL","S/S","S/D","","","","","","","","","","D","",""
"3869","35","","742294150001","RELOJ MARCADOR FECHADOR ELECTRONICO","O/C N° 340-1991","31/10/1991","790.0","","","1503.020101","MAQUINAS Y EQUIPOS DE OFICINA","M","SEMPLEX","2","S/T","BLANCO","1592 42 CM","S/D","","","","","","","","","","D","",""
"3870","35","","742296820001","RELOJ MARCADOR FECHADOR MECANICO","O/C N° 036-1993","11/08/1993","1901.4","","","1503.020101","MAQUINAS Y EQUIPOS DE OFICINA","M","S/M","LH102331BB","S/T","BLANCO","S/S","S/D","","","","","","","","","","D","",""
"3871","35","","742296820003","RELOJ MARCADOR FECHADOR MECANICO","SANEAR","31/12/2021","1.0","","","1503.020101","MAQUINAS Y EQUIPOS DE OFICINA","M","","","EQUIPO DE CONTO","","","","","","","","","","","","","U","",""
"3872","35","","952274870001","REPRODUCTOR DE DVD/CD/VCD/SVCD/MP3 Y OTROS","O/C Nº 168-2013","17/04/2013","199.0","","","1503.020303","EQUIPOS DE TELECOMUNICACIONES","M","PHILIPS","BP125-N.DPENLLK","BLU-RAY","NEGRO","302HZGZ028119","S/D","","","","","","","","","","D","",""
"3873","35","","952274870002","REPRODUCTOR DE DVD/CD/VCD/SVCD/MP3 Y OTROS","SANEAR","31/12/2021","1.0","","","1503.020303","EQUIPOS DE TELECOMUNICACIONES","R","SONY","BVTSR370","S/T","NEGRO","S/S","S/D","","","","","","","","","","U","",""
"3874","35","","746483900026","SILLA GIRATORIA DE METAL","O/C N° 000352-2013","14/06/2013","180.0","","","1503.020102","MOBILIARIO DE OFICINA","R","S/M","S/M","S/T","NEGRO","S/S","0.46X0.65X0.88","","","","","","","","","","U","",""
"3875","35","","746483900078","SILLA GIRATORIA DE METAL","O/C N°000047-2013","07/02/2013","200.0","","","1503.020102","MOBILIARIO DE OFICINA","B","S/M","S/M","S/T","NEGRO","S/S","S/D","","","","","","","","","","U","",""
"3876","35","","746483900086","SILLA GIRATORIA DE METAL","O/C N°000047-2013","07/02/2013","200.0","","","1503.020102","MOBILIARIO DE OFICINA","R","S/M","S/M","S/T","NEGRO","S/S","S/D","","","","","","","","","","U","",""
"3877","35","","746483900117","SILLA GIRATORIA DE METAL","O/C Nº 346-2013","13/06/2013","220.0","","","1503.020102","MOBILIARIO DE OFICINA","R","S/M","S/M","S/T","NEGRO","S/S","0.44X0.63X0.95","","","","","","","","","","U","",""
"3878","35","","746488310001","SILLON GIRATORIO (OTROS)","O/C Nº 520-2013","24/07/2013","280.0","","","1503.020102","MOBILIARIO DE OFICINA","M","S/M","TAPIZ MARROQUIN","S/T","CAFE","S/S","0.70X0.60X1.20","","","","","","","","","","U","",""
"3879","35","","746488310007","SILLON GIRATORIO (OTROS)","O/C N° 6-00127","30/09/2010","290.0","","","1503.020102","MOBILIARIO DE OFICINA","M","PRINCIPE","S/M","S/T","CAFE","S/S","S/D","","","","","","","","","","D","",""
"3880","35","","746489330014","SILLON GIRATORIO DE METAL","O/C N° 266-2015","08/09/2015","498.0","","","1503.020102","MOBILIARIO DE OFICINA","R","S/M","S/M","CROMADO","NEGRO","S/S","0.62X0.65X1.14","","","","","","","","","","U","",""
"3881","35","","42289980001","SONDA PARA POZO","SANEAR","31/12/2021","1.0","","","1503.020502","EQUIPO DE USO AGRICOLA Y PESQUERO","M","S/M","DWS-3","S/T","PLOMO","87-11021","S/D","","","","","","","","","","D","",""
"3882","35","","42289980002","SONDA PARA POZO","SANEAR","31/12/2021","1.0","","","1503.020502","EQUIPO DE USO AGRICOLA Y PESQUERO","M","S/M","JFS-1","S/T","PLOMO","361","S/D","","","","","","","","","","D","",""
"3883","35","","42289980003","SONDA PARA POZO","SANEAR","31/12/2021","1.0","","","1503.020502","EQUIPO DE USO AGRICOLA Y PESQUERO","M","CHINA MOD JJW","S/M","S/T","PLOMO","807","S/D","","","","","","","","","","D","",""
"3884","35","","42289980004","SONDA PARA POZO","SANEAR","31/12/2021","1.0","","","1503.020502","EQUIPO DE USO AGRICOLA Y PESQUERO","M","S/M","JJX-3","S/T","PLOMO","4267","S/D","","","","","","","","","","D","",""
"3885","35","","42289980005","SONDA PARA POZO","SANEAR","31/12/2021","1.0","","","1503.020502","EQUIPO DE USO AGRICOLA Y PESQUERO","M","S/M","JJX-3","S/T","PLOMO","5276","S/D","","","","","","","","","","D","",""
"3886","35","","42289980006","SONDA PARA POZO","SANEAR","31/12/2021","1.0","","","1503.020502","EQUIPO DE USO AGRICOLA Y PESQUERO","M","CHINA MOD. JJY1","S/M","S/T","PLOMO","966-5","S/D","","","","","","","","","","D","",""
"3887","35","","42289980007","SONDA PARA POZO","SANEAR","31/12/2021","1.0","","","1503.020502","EQUIPO DE USO AGRICOLA Y PESQUERO","M","CHINA MOD. JJY1","JMZ-1","S/T","PLOMO","S4S","S/D","","","","","","","","","","D","",""
"3888","35","","42289980008","SONDA PARA POZO","SANEAR","31/12/2021","1.0","","","1503.020502","EQUIPO DE USO AGRICOLA Y PESQUERO","M","S/M","JM2-1","S/T","PLOMO","964","S/D","","","","","","","","","","D","",""
"3889","35","","952281170001","SWITCH PARA RED","O/C N° 023E-2004","15/09/2004","127.0","","","1503.020303","EQUIPOS DE TELECOMUNICACIONES","M","D LINK","S/M","S/T","NEGRO","S/S","S/D","","","","","","","","","","U","",""
"3890","35","","952281170002","SWITCH PARA RED","SANEAR","31/12/2021","1.0","","","1503.020303","EQUIPOS DE TELECOMUNICACIONES","M","VCTNET","SOHO-3080FP","S/T","NEGRO","CXC02802165","S/D","","","","","","","","","","D","",""
"3891","35","","952281170003","SWITCH PARA RED","SANEAR","31/12/2021","1.0","","","1503.020303","EQUIPOS DE TELECOMUNICACIONES","M","VCTNET","SOHO-3080FP","S/T","NEGRO","CXCO2801854","S/D","","","","","","","","","","D","",""
"3892","35","","952281170005","SWITCH PARA RED","O/C N° 140-2004","31/03/2004","105.0","","","1503.020303","EQUIPOS DE TELECOMUNICACIONES","M","VCTNET","2080FP","S/T","BLANCO","S/S","S/D","","","","","","","","","","D","",""
"3893","35","","952281170006","SWITCH PARA RED","SANEAR","31/12/2021","1.0","","","1503.020303","EQUIPOS DE TELECOMUNICACIONES","M","DINAMIC","84399A","S/T","NEGRO","7816V6VEC857","S/D","","","","","","","","","","D","",""
"3894","35","","952281170007","SWITCH PARA RED","SANEAR","31/12/2021","1.0","","","1503.020303","EQUIPOS DE TELECOMUNICACIONES","M","TP-LINK","TD-W89O1G","S/T","BLANCO","6470029FC336","S/D","","","","","","","","","","D","",""
"3895","35","","952281170008","SWITCH PARA RED","SANEAR","31/12/2021","1.0","","","1503.020303","EQUIPOS DE TELECOMUNICACIONES","M","MULTIMODEM","MT2834ZOXBM","MODEM","BLANCO","5044952","S/D","","","","","","","","","","D","",""
"3896","35","","952281170009","SWITCH PARA RED","SANEAR","31/12/2021","1.0","","","1503.020303","EQUIPOS DE TELECOMUNICACIONES","M","D-LINK","DES-1024A","MODEM","NEGRO","QB3T2C9000640","S/D","","","","","","","","","","D","",""
"3897","35","","952281170011","SWITCH PARA RED","SANEAR","31/12/2021","1.0","","","1503.020303","EQUIPOS DE TELECOMUNICACIONES","M","D-LINK","DES-1008A","S/T","NEGRO","S/S","S/D","","","","","","","","","","D","",""
"3898","35","","462290890002","TABLERO DE CONTROL","SANEAR","31/12/2021","1.0","","","1503.020904","ELECTRICIDAD Y ELECTRONICA","M","S/M","JDC-2","S/T","VERDE","516-3-C-3","S/D","","","","","","","","","","D","",""
"3899","35","","462290890003","TABLERO DE CONTROL","SANEAR","31/12/2021","1.0","","","1503.020904","ELECTRICIDAD Y ELECTRONICA","M","S/M","JDC-2","S/T","VERDE","516-3-C-4","S/D","","","","","","","","","","U","",""
"3900","35","","672295930002","TALADRO ELECTRICO PORTATIL","O/C N° 620-2013","31/12/2021","120.0","","","1503.020906","EQUIPOS PARA VEHICULOS","R","BLACK DEEKER","20354","S/T","PLOMO/NEGRO","705070","S/D","","","","","","","","","","U","",""
"3901","35","","676466670006","TANQUE DE POLIETILENO PARA AGUA","O/C N° 499-2016","30/12/2016","590.0","","","1503.020102","MOBILIARIO DE OFICINA","M","S/M","1000 LTS.","C/ REJILLA GALVANIZADA","BLANCO","S/S","S/D","","","","","","","","","","U","",""
"3902","35","","740895000032","TECLADO - KEYBOARD","O/C Nº 67","21/06/2003","48.08","","","1503.020301","EQUIPOS COMPUTACIONALES Y PERIFERICOS","M","GENIUS","K639","S/T","NEGRO","ZM6602042991","S/D","","","","","","","","","","D","",""
"3903","35","","740895000049","TECLADO - KEYBOARD","O/C Nº 67","21/06/2003","48.08","","","1503.020301","EQUIPOS COMPUTACIONALES Y PERIFERICOS","M","GENIUS","KU-0138","S/T","NEGRO","S/S","S/D","","","","","","","","","","D","",""
"3904","35","","740895000068","TECLADO - KEYBOARD","O/C N° 375 -2003","30/12/2003","41.89","","","1503.020301","EQUIPOS COMPUTACIONALES Y PERIFERICOS","M","BTC","5199","S/T","BLANCO","GO9332000238","S/D","","","","","","","","","","M","",""
"3905","35","","740895000086","TECLADO - KEYBOARD","O/C N° 0-00033-2010","26/02/2010","51.52","","","1503.020301","EQUIPOS COMPUTACIONALES Y PERIFERICOS","M","CYBERTEL","K238","S/T","NEGRO/PLOMO","S/S","S/D","","","","","","","","","","D","",""
"3906","35","","740895000087","TECLADO - KEYBOARD","SANEAR","31/12/2021","1.0","","","1503.020301","EQUIPOS COMPUTACIONALES Y PERIFERICOS","M","CYBERTEL","CYB K238","S/T","NEGRO/PLOMO","WE150WD37783","S/D","","","","","","","","","","D","",""
"3907","35","","740895000100","TECLADO - KEYBOARD","O/C N° 298-2012","06/11/2012","57.76","","","1503.020301","EQUIPOS COMPUTACIONALES Y PERIFERICOS","M","ADVANCE","GTKB08CM","S/T","NEGRO","WE27920C6860","S/D","","","","","","","","","","D","",""
"3908","35","","740895000104","TECLADO - KEYBOARD","O/C N° 306-2012","14/11/2012","42.34","","","1503.020301","EQUIPOS COMPUTACIONALES Y PERIFERICOS","R","GENIUS","KU-03138","S/T","NEGRO","ZCE99E900567","S/D","","","","","","","","","","U","",""
"3909","35","","740895000113","TECLADO - KEYBOARD","SANEAR","31/12/2021","1.0","","","1503.020301","EQUIPOS COMPUTACIONALES Y PERIFERICOS","M","GENIUS","GK-100015","S/T","NEGRO","XEC507025760","S/D","","","","","","","","","","D","",""
"3910","35","","740895000117","TECLADO - KEYBOARD","O/C N° 533-2013","23/07/2013","47.14","","","1503.020301","EQUIPOS COMPUTACIONALES Y PERIFERICOS","R","CYBERTEL","CYB K238","S/T","NEGRO/PLOMO","S/S","S/D","","","","","","","","","","U","",""
"3911","35","","740895000122","TECLADO - KEYBOARD","SANEAR","31/12/2021","1.0","","","1503.020301","EQUIPOS COMPUTACIONALES Y PERIFERICOS","R","HP","KU0316","S/T","NEGRO/PLOMO","BBAVL0MGA4D1IV","S/D","","","","","","","","","","U","",""
"3912","35","","740895000123","TECLADO - KEYBOARD","O/C N° 821-2013","20/11/2013","48.75","","","1503.020301","EQUIPOS COMPUTACIONALES Y PERIFERICOS","M","CYBERTEL","K238","S/T","NEGRO","S/S","S/D","","","","","","","","","","D","",""
"3913","35","","740895000124","TECLADO - KEYBOARD","O/C N° 352-2011","13/10/2011","53.76","","","1503.020301","EQUIPOS COMPUTACIONALES Y PERIFERICOS","M","ECOTREND","ECO-581","S/T","NEGRO","S/S","S/D","","","","","","","","","","D","",""
"3914","35","","740895000142","TECLADO - KEYBOARD","O/C N° 219-2012","27/08/2012","29.0","","","1503.020301","EQUIPOS COMPUTACIONALES Y PERIFERICOS","R","GENIUS","GK-100015","CONECCION USB","NEGRO","XEC507004421","S/D","","","","","","","","","","U","",""
"3915","35","","740895000151","TECLADO - KEYBOARD","O/C N° 155-2012","04/07/2012","54.26","","","1503.020301","EQUIPOS COMPUTACIONALES Y PERIFERICOS","M","GENIUS","L645","S/T","NEGRO","ZM7607010452","S/D","","","","","","","","","","D","",""
"3916","35","","740895000159","TECLADO - KEYBOARD","O/C N° 219-2012","27/08/2012","29.0","","","1503.020301","EQUIPOS COMPUTACIONALES Y PERIFERICOS","M","GENIUS","KU0138","CONECCION USB","NEGRO","ZCE99I502947","S/D","","","","","","","","","","D","",""
"3917","35","","740895000161","TECLADO - KEYBOARD","SANEAR","31/12/2021","1.0","","","1503.020301","EQUIPOS COMPUTACIONALES Y PERIFERICOS","M","GENIUS","K645","S/T","NEGRO","ZM9707004286","S/D","","","","","","","","","","D","",""
"3918","35","","740895000165","TECLADO - KEYBOARD","O/C N° 219-2012","27/08/2012","29.0","","","1503.020301","EQUIPOS COMPUTACIONALES Y PERIFERICOS","M","GENIUS","KU-0138","CONECCION USB","NEGRO","S/S","S/D","","","","","","","","","","U","",""
"3919","35","","740895000169","TECLADO - KEYBOARD","SANEAR","31/12/2021","1.0","","","1503.020301","EQUIPOS COMPUTACIONALES Y PERIFERICOS","M","GENIUS","K639","S/T","NEGRO","WE27920CE6860","S/D","","","","","","","","","","D","",""
"3920","35","","740895000193","TECLADO - KEYBOARD","SANEAR","31/12/2021","1.0","","","1503.020301","EQUIPOS COMPUTACIONALES Y PERIFERICOS","R","GENIUS","KU-03138","S/T","NEGRO","ZCE991502943","S/D","","","","","","","","","","U","",""
"3921","35","","740895000196","TECLADO - KEYBOARD","SANEAR","31/12/2021","1.0","","","1503.020301","EQUIPOS COMPUTACIONALES Y PERIFERICOS","B","DATAONE","DAT-425C","S/T","NEGRO","S/S","S/D","","","","","","","","","","U","",""
"3922","35","","740895560003","TECLADO INALAMBRICO","O/C Nº 3-00125-2009","30/10/2009","48.0","","","1503.020301","EQUIPOS COMPUTACIONALES Y PERIFERICOS","M","CYBERTEL","K138","CON CABLE","NEGRO/PLOMO","1680K8130107","S/D","","","","","","","","","","D","",""
"3923","35","","952282870002","TELEFONO","SANEAR","31/12/2021","1.0","","","1503.020303","EQUIPOS DE TELECOMUNICACIONES","M","CLARO","ITC-6009","S/T","BLANCO","20150810622","S/D","","","","","","","","","","D","",""
"3924","35","","952282870020","TELEFONO","SANEAR","31/12/2021","1.0","","","1503.020303","EQUIPOS DE TELECOMUNICACIONES","M","CLARO","ITC-6009","S/T","BLANCO","20150810620","S/D","","","","","","","","","","D","",""
"3925","35","","952282870021","TELEFONO","SANEAR","31/12/2021","1.0","","","1503.020303","EQUIPOS DE TELECOMUNICACIONES","M","KEO","K 302","S/T","NEGRO","ZP12052116968","S/D","","","","","","","","","","D","",""
"3926","35","","952282870022","TELEFONO","SANEAR","31/12/2021","1.0","","","1503.020303","EQUIPOS DE TELECOMUNICACIONES","M","VISUATEL","S/M","TELEFONICA","BLANCO","7.61E+12","S/D","","","","","","","","","","D","",""
"3927","35","","952282870024","TELEFONO","SANEAR","31/12/2021","1.0","","","1503.020303","EQUIPOS DE TELECOMUNICACIONES","M","INTELBRAS","CIP ITC-6009","CLARO","BLANCO","2015081021","S/D","","","","","","","","","","D","",""
"3928","35","","952282870025","TELEFONO","SANEAR","31/12/2021","1.0","","","1503.020303","EQUIPOS DE TELECOMUNICACIONES","M","PHILLIPS","CIP ITC-6009","S/T","BLANCO","20150810627","S/D","","","","","","","","","","D","",""
"3929","35","","952282870026","TELEFONO","SANEAR","31/12/2021","1.0","","","1503.020303","EQUIPOS DE TELECOMUNICACIONES","M","S/M","HAMBER","TELEFONICA","NEGRO","BH2010TOO78691","S/D","","","","","","","","","","D","",""
"3930","35","","952282870027","TELEFONO","SANEAR","31/12/2021","1.0","","","1503.020303","EQUIPOS DE TELECOMUNICACIONES","M","INTELBRAS","TC.60.IO","TELEFONICA","NEGRO","ZR12071908850","S/D","","","","","","","","","","D","",""
"3931","35","","952282870030","TELEFONO","SANEAR","31/12/2021","1.0","","","1503.020303","EQUIPOS DE TELECOMUNICACIONES","M","BEETEL","BEETEL-3055","S/T","NEGRO","BH2012TO195341","S/D","","","","","","","","","","D","",""
"3932","35","","952282870038","TELEFONO","SANEAR","31/12/2021","1.0","","","1503.020303","EQUIPOS DE TELECOMUNICACIONES","M","CLARO","ITC-6009","S/T","BLANCO","01/08/2015","S/D","","","","","","","","","","D","",""
"3933","35","","952282870039","TELEFONO","SANEAR","31/12/2021","1.0","","","1503.020303","EQUIPOS DE TELECOMUNICACIONES","M","TELEFONICA","S/M","S/T","BLANCO","S/S","S/D","","","","","","","","","","D","",""
"3934","35","","952282870040","TELEFONO","SANEAR","31/12/2021","1.0","","","1503.020303","EQUIPOS DE TELECOMUNICACIONES","M","INTELBLAS","TC 50600MS","S/T","NEGRO","S/S","S/D","","","","","","","","","","D","",""
"3935","35","","952283250003","TELEFONO CELULAR","O/C N° 063-1997","30/01/1997","727.1","","","1503.020303","EQUIPOS DE TELECOMUNICACIONES","M","SAMSUNG","OKI-PHONE","S/T","NEGRO","17609951093","S/D","","","","","","","","","","D","",""
"3936","35","","952283250004","TELEFONO CELULAR","O/C N° 380-1997","31/07/1997","585.5","","","1503.020303","EQUIPOS DE TELECOMUNICACIONES","M","SAMSUNG","SH770B SAM","MOVILINE","NEGRO","M42765","S/D","","","","","","","","","","D","",""
"3937","35","","952283250005","TELEFONO CELULAR","O/C N° 513-1997","30/09/1997","1739.32","","","1503.020303","EQUIPOS DE TELECOMUNICACIONES","M","ERICSON","AF-738","S/T","NEGRO","S/S","S/D","","","","","","","","","","D","",""
"3938","35","","952283250006","TELEFONO CELULAR","SANEAR","31/12/2021","1.0","","","1503.020303","EQUIPOS DE TELECOMUNICACIONES","M","MORLLINEE","187-182-213","S/T","NEGRO","AAO72079","S/D","","","","","","","","","","D","",""
"3939","35","","952285140004","TELEVISOR A COLORES","O/C N° 002-1996","30/12/1996","1291.33","","","1503.020303","EQUIPOS DE TELECOMUNICACIONES","M","SONY","KV-21R20","S/T","NEGRO","8030237","S/D","","","","","","","","","","D","",""
"3940","35","","952285860001","TELEVISOR LED","O/C Nº 168-2013","17/04/2013","969.0","","","1503.020303","EQUIPOS DE TELECOMUNICACIONES","M","LG","32253450","S/T","NEGRO","211SRVGC9551","S/D","","","","","","","","","","D","",""
"3941","35","","952285860002","TELEVISOR LED","O/C Nº 246-2013","22/05/2013","3299.0","","","1503.020303","EQUIPOS DE TELECOMUNICACIONES","R","LG","47LM6200","S/T","NEGRO","210KC2P82077","S/D","","","","","","","","","","U","",""
"3942","35","","602288190002","TEODOLITO DE MICROMETRO OPTICO","SANEAR","31/12/2021","1.0","","","1503.020905","EQUIPOS E INSTRUMENTOS DE MEDICION","M","KERN SWISS","K1-M","S/T","VERDE/CLARO","344724","S/D","","","","","","","","","","U","",""
"3943","35","","602288190003","TEODOLITO DE MICROMETRO OPTICO","O/C N° 071-1995","30/03/1995","7105.0","","","1503.020905","EQUIPOS E INSTRUMENTOS DE MEDICION","M","CARL ZEISS - JENA","S/M","S/T","AMARILLO","202804","S/D","","","","","","","","","","D","",""
"3944","35","","602288190004","TEODOLITO DE MICROMETRO OPTICO","SANEAR","31/12/2021","1.0","","","1503.020905","EQUIPOS E INSTRUMENTOS DE MEDICION","M","KERN AARAU","DKM1","S/T","VERDE","188277","S/D","","","","","","","","","","D","",""
"3945","35","","602288190006","TEODOLITO DE MICROMETRO OPTICO","SANEAR","31/12/2021","1.0","","","1503.020905","EQUIPOS E INSTRUMENTOS DE MEDICION","M","KERN SWISS","K1-M","S/T","VERDE","318849","S/D","","","","","","","","","","D","",""
"3946","35","","602288750002","TEODOLITO DE VERNIER","SANEAR","31/12/2021","1.0","","","1503.020905","EQUIPOS E INSTRUMENTOS DE MEDICION","M","SOKKIA","S/M","S/T","CELESTE/PLOMO","95690","S/D","","","","","","","","","","U","",""
"3947","35","","602288750003","TEODOLITO DE VERNIER","O/C N° 205-1991","SIN FECHA","1500.0","","","1503.020905","EQUIPOS E INSTRUMENTOS DE MEDICION","M","PAGODA","2T-30","S/T","PLOMO","3521","S/D","","","","","","","","","","U","",""
"3948","35","","602289320002","TEODOLITO ELECTRONICO","O/C N° 43-2011","20/04/2011","2674.86","","","1503.020905","EQUIPOS E INSTRUMENTOS DE MEDICION","M","WILD","T1A9569","S/T","VERDE","139687","S/D","","","","","","","","","","U","",""
"3949","35","","602289320004","TEODOLITO ELECTRONICO","O/C N° 135-2012","26/06/2012","1100.0","","","1503.020905","EQUIPOS E INSTRUMENTOS DE MEDICION","M","LEICA","DTS","S/T","VERDE","119275","S/D","","","","","","","","","","U","",""
"3950","35","","602289320005","TEODOLITO ELECTRONICO","O/C N° 317-2012","19/11/2012","1450.0","","","1503.020501","MOBILIARIO DE USO AGRICOLA Y PESQUERO","R","PENTAX","ETH.332","ESTUCHE CELESTE","ROJO/PLOMO","501531","S/D","","","","","","","","","","U","",""
"3951","35","","602289320007","TEODOLITO ELECTRONICO","O/C N° 207-2013","02/05/2013","3548.0","","","1503.020905","EQUIPOS E INSTRUMENTOS DE MEDICION","M","CTS BERGER","DGT2","S/T","AMARILLO/NEGRO","127380","S/D","","","","","","","","","","U","",""
"3952","35","","602289320008","TEODOLITO ELECTRONICO","O/C N° 000303-2013","06/06/2013","3435.0","","","1503.020905","EQUIPOS E INSTRUMENTOS DE MEDICION","R","CTS BERGER","DGT2","S/T","AMARILLO/NEGRO","128324","S/D","","","","","","","","","","U","",""
"3953","35","","602289320011","TEODOLITO ELECTRONICO","SANEAR","12/06/2013","3435.0","","","1503.020905","EQUIPOS E INSTRUMENTOS DE MEDICION","R","CST/BERGER","DGT2","S/T","AMARILLO/NEGRO","122160","S/D","","","","","","","","","","U","",""
"3954","35","","602289320012","TEODOLITO ELECTRONICO","O/C N° 388-2013","21/06/2013","3435.0","","","1503.020905","EQUIPOS E INSTRUMENTOS DE MEDICION","R","CST/BERGER","DGT2","ESTUCHE NEGRO","AMARILLO/PLOMO","121960","S/D","","","","","","","","","","U","",""
"3955","35","","602289320015","TEODOLITO ELECTRONICO","O/C N° 00031-2011","16/04/2011","2674.86","","","1503.020905","EQUIPOS E INSTRUMENTOS DE MEDICION","R","CARLZEISS","S/M","S/T","AMARILLO","S/S","S/D","","","","","","","","","","U","",""
"3956","35","","462299500001","TRANSFORMADOR (MAYOR A 1/8 UIT)","VERIFICAR","30/01/1998","330.73","","","1503.020904","ELECTRICIDAD Y ELECTRONICA","M","S/M","179228","S/T","NEGRO","94KZ07L1","S/D","","","","","","","","","","D","",""
"3957","35","","462299500002","TRANSFORMADOR (MAYOR A 1/8 UIT)","VERIFICAR","31/12/2021","1.0","","","1503.020904","ELECTRICIDAD Y ELECTRONICA","M","SQUARE D","ATS40C48N","S/T","PLOMO","S/S","S/D","","","","","","","","","","D","",""
"3958","35","","462299500003","TRANSFORMADOR (MAYOR A 1/8 UIT)","VERIFICAR","31/12/2021","1.0","","","1503.020904","ELECTRICIDAD Y ELECTRONICA","M","CHINA","S/M","S/T","VERDE","S/S","S/D","","","","","","","","","","D","",""
"3959","35","","462299500004","TRANSFORMADOR (MAYOR A 1/8 UIT)","O/C N° 012.01-1998","30/01/1998","330.73","","","1503.020904","ELECTRICIDAD Y ELECTRONICA","M","S/M","S/M","S/T","PLOMO","","","","","","","","","","","","U","",""
"3960","35","","462299500005","TRANSFORMADOR (MAYOR A 1/8 UIT)","VERIFICAR","31/12/2021","1.0","","","1503.020904","ELECTRICIDAD Y ELECTRONICA","M","S/M","S/M","S/T","BLANCO","S/S","S/D","","","","","","","","","","D","",""
"3961","35","","462299500006","TRANSFORMADOR (MAYOR A 1/8 UIT)","VERIFICAR","31/12/2021","1.0","","","1503.020904","ELECTRICIDAD Y ELECTRONICA","M","S/M","S/M","S/T","BLANCO","S/S","S/D","","","","","","","","","250 W","D","",""
"3962","35","","462299500007","TRANSFORMADOR (MAYOR A 1/8 UIT)","VERIFICAR","31/12/2021","1.0","","","1503.020904","ELECTRICIDAD Y ELECTRONICA","M","PANASONIC","KXA26","S/T","BLANCO","2KCHA06670","S/D","","","","","","","","","","D","",""
"3963","35","","462299500008","TRANSFORMADOR (MAYOR A 1/8 UIT)","VERIFICAR","31/12/2021","1.0","","","1503.020904","ELECTRICIDAD Y ELECTRONICA","M","TAIWAN","S/M","S/T","BLANCO","S/S","S/D","","","","","","","","","110 V","D","",""
"3964","35","","676473450002","TRIPODE DE MADERA","O/C N° 071-1995","30/03/1995","650.0","","","1503.020102","MOBILIARIO DE OFICINA","M","S/M","S/M","S/T","ANARANJADO","S/S","S/D","","","","","","","","","","D","",""
"3965","35","","676473450003","TRIPODE DE MADERA","O/C N° 071-1995","30/03/1995","650.0","","","1503.020102","MOBILIARIO DE OFICINA","M","S/M","S/M","S/T","ANARANJADO","S/S","S/D","","","","","","","","","","D","",""
"3966","35","","676473450005","TRIPODE DE MADERA","SANEAR","31/12/2021","1.0","","","1503.020102","MOBILIARIO DE OFICINA","M","S/M","S/M","S/T","AMARILLO/NARANA","S/S","S/D","","","","","","","","","","U","",""
"3967","35","","676473450006","TRIPODE DE MADERA","O/C N° 0-00074-2010","26/03/2010","760.0","","","1503.020102","MOBILIARIO DE OFICINA","M","LEICA","S/M","S/T","AMARILLO/ROJO","S/S","S/D","","","","","","","","","","D","",""
"3968","35","","676473450008","TRIPODE DE MADERA","O/C Nº 000001","10/01/2013","694.0","","","1503.020102","MOBILIARIO DE OFICINA","M","S/M","S/M","S/T","AMARILLO/NARANJA","S/S","S/D","","","","","","","","","","D","",""
"3969","35","","676473450029","TRIPODE DE MADERA","O/C Nº 424-2013","05/07/2013","277.0","","","1503.020102","MOBILIARIO DE OFICINA","M","S/M","S/M","S/T","AMARILLO/NARANA","40160065","S/D","","","","","","","","","","U","",""
"3970","35","","676473450032","TRIPODE DE MADERA","SANEAR","31/12/2021","1.0","","","1503.020102","MOBILIARIO DE OFICINA","M","LEICA","2771","S/T","AMARILLO/ROJO","S/S","S/D","","","","","","","","","","D","",""
"3971","35","","676478660001","TRIPODE METALICO","O/C N° 0085-2007","21/06/2007","450.0","","","1503.020102","MOBILIARIO DE OFICINA","R","S/M","S/M","S/T","PLOMO/AMARILLO","S/S","S/D","","","","","","","","","","U","",""
"3972","35","","676478660002","TRIPODE METALICO","SANEAR","31/12/2021","1.0","","","1503.020102","MOBILIARIO DE OFICINA","M","S/M","S/M","S/T","PLOMO","S/S","S/D","","","","","","","","","","U","",""
"3973","35","","676478660004","TRIPODE METALICO","O/C N° 00030","18/04/2011","951.73","","","1503.020102","MOBILIARIO DE OFICINA","R","CST/BERGER","S/M","S/T","PLOMO/NARANJA","S/S","S/D","","","","","","","","","","U","",""
"3974","35","","676478660006","TRIPODE METALICO","O/C N° 43-2011","20/04/2011","2674.86","","","1503.020102","MOBILIARIO DE OFICINA","M","CST/BERGER","S/M","S/T","PLOMO/NARANJA","S/S","S/D","","","","","","","","","","U","",""
"3975","35","","676478660007","TRIPODE METALICO","O/C N° 42-2011","20/04/2011","951.73","","","1503.020102","MOBILIARIO DE OFICINA","R","CST/BERGER","","","PLOMO/NARANJA","","","","","","","","","","","","U","",""
"3976","35","","676478660009","TRIPODE METALICO","O/C N° 000302-2013","25/10/2013","278.0","","","1503.020102","MOBILIARIO DE OFICINA","M","LEICA","CTP104","S/T","PLOMO/AMARILLO","S/S","5 MTS","","","","","","","","","","U","",""
"3977","35","","676478660010","TRIPODE METALICO","O/C N° 000303-2013","26/06/2013","277.0","","","1503.020102","MOBILIARIO DE OFICINA","M","LEICA","CTP104","S/T","PLOMO","S/S","S/D","","","","","","","","","","D","",""
"3978","35","","676478660013","TRIPODE METALICO","O/C N°133-2012","20/06/2012","1366.67","","","1503.020102","MOBILIARIO DE OFICINA","M","GST BERGER","A20","S/T","PLOMO/NEGRO","1155141","S/D","","","","","","","","","","U","",""
"3979","35","","676478660014","TRIPODE METALICO","O/C N° 135-2012","26/06/2012","1100.0","","","1503.020102","MOBILIARIO DE OFICINA","R","CON QUICK CLAMP","420 4.50 KG 17M","S/T","PLOMO","1155242","S/D","","","","","","","","","","U","",""
"3980","35","","676478660015","TRIPODE METALICO","O/C Nº 000149","28/06/2012","1158.19","","","1503.020102","MOBILIARIO DE OFICINA","M","S/M","A420 4.50 KG 1M","S/T","AMARILLO/PLOMO","S/S","S/D","","","","","","","","","","D","",""
"3981","35","","676478660016","TRIPODE METALICO","O/C N° 000204","07/08/2012","1366.67","","","1503.020102","MOBILIARIO DE OFICINA","R","CST BERGER","A204.50HG 171CM","","PLOMO","","","","","","","","","","","","U","",""
"3982","35","","676478660017","TRIPODE METALICO","O/C N° 317-2012","19/11/2012","1450.0","","","1503.020501","MOBILIARIO DE USO AGRICOLA Y PESQUERO","R","PENTAX","S/M","S/T","PLOMO/ NARANJA","S/S","S/D","","","","","","","","","","U","",""
"3983","35","","676478660018","TRIPODE METALICO","O/C Nº 000123","11/06/2012","1.0","","","1503.020102","MOBILIARIO DE OFICINA","R","S/M","S/M","S/T","PLOMO","S/S","S/D","","","","","","","","","","U","",""
"3984","35","","676478660019","TRIPODE METALICO","O/C N° 00031-2011","16/04/2011","2674.86","","","1503.020102","MOBILIARIO DE OFICINA","R","S/M","S/M","S/T","AMARILLO","S/S","S/D","","","","","","","","","","U","",""
"3985","35","","676478660022","TRIPODE METALICO","O/C Nº 206-2013","02/05/2013","404.8","","","1503.020102","MOBILIARIO DE OFICINA","M","S/M","S/M","S/T","AMARILLO/NARANJ","S/S","S/D","","","","","","","","","","U","",""
"3986","35","","676478660023","TRIPODE METALICO","O/C Nº 206-2013","02/05/2013","404.8","","","1503.020102","MOBILIARIO DE OFICINA","M","S/M","S/M","S/T","PLOMO/BLANCO","S/S","S/D","","","","","","","","","","D","",""
"3987","35","","676478660027","TRIPODE METALICO","O/C Nº 000066","15/02/2013","2.0","","","1503.020102","MOBILIARIO DE OFICINA","R","S/M","S/M","S/T","NARANJA","S/S","S/D","","","","","","","","","","U","",""
"3988","35","","676478660028","TRIPODE METALICO","O/C N° 310-2013","07/06/2013","277.0","","","1503.020102","MOBILIARIO DE OFICINA","R","CST/BERGER","S/M","S/T","PLOMO/NARANJA","401115O576","S/D","","","","","","","","","","U","",""
"3989","35","","676478660029","TRIPODE METALICO","O/C N° 312-2013","10/06/2013","277.0","","","1503.020102","MOBILIARIO DE OFICINA","R","S/M","S/M","S/T","PLOMO/NARANJA","401115O579","S/D","","","","","","","","","","U","",""
"3990","35","","676478660030","TRIPODE METALICO","O/C N° 312-2013","10/06/2013","277.0","","","1503.020102","MOBILIARIO DE OFICINA","R","S/M","S/M","S/T","PLOMO","401115O556","S/D","","","","","","","","","","U","",""
"3991","35","","676478660034","TRIPODE METALICO","O/C N° 388-2013","21/06/2013","277.0","","","1503.020102","MOBILIARIO DE OFICINA","R","S/M","S/M","S/T","PLOMO","401115O558","S/D","","","","","","","","","","U","",""
"3992","35","","676478660035","TRIPODE METALICO","O/C N° 388-2013","21/06/2013","277.0","","","1503.020102","MOBILIARIO DE OFICINA","R","S/M","S/M","S/T","NARANJA/PLOMO","401115O557","S/D","","","","","","","","","","U","",""
"3993","35","","676478660037","TRIPODE METALICO","O/C N° 97-2016","02/05/2016","200.0","","","1503.020102","MOBILIARIO DE OFICINA","M","PENTAX","S/M","S/T","PLOMO","S/S","S/D","","","","","","","","","","D","",""
"3994","35","","676478660053","TRIPODE METALICO","O/C N° 000472-2013","16/07/2013","1283.33","","","1503.020102","MOBILIARIO DE OFICINA","M","S/M","S/M","S/T","PLOMO","S/S","S/D","","","","","","","","","","D","",""
"3995","35","","676478660054","TRIPODE METALICO","O/C Nº 000066","15/02/2013","2.0","","","1503.020102","MOBILIARIO DE OFICINA","R","S/M","S/M","S/T","NARANJA/PLOMO","S/S","S/D","","","","","","","","","","U","",""
"3996","35","","676478660055","TRIPODE METALICO","O/C Nº 000066","15/02/2013","2.0","","","1503.020102","MOBILIARIO DE OFICINA","R","S/M","S/M","S/T","PLOMO/NARANJA","S/S","S/D","","","","","","","","","","U","",""
"3997","35","","676478660057","TRIPODE METALICO","O/C N° 97-2016","02/05/2016","200.0","","","1503.020102","MOBILIARIO DE OFICINA","R","PENTAX","S/M","S/T","PLOMO/NARANJA","S/S","5 MTS","","","","","","","","","","U","",""
"3998","35","","676478660058","TRIPODE METALICO","SANEAR","31/12/2021","1.0","","","1503.020102","MOBILIARIO DE OFICINA","M","S/M","S/M","S/T","PLOMO","S/S","S/D","","","","","","","","","","U","",""
"3999","35","","676478660060","TRIPODE METALICO","SANEAR","31/12/2021","1.0","","","1503.020102","MOBILIARIO DE OFICINA","B","PROEL","B032496333937","S/T","NEGRO","S/S","S/D","","","","","","","","","","U","",""
"4000","35","","676478660067","TRIPODE METALICO","SANEAR","31/12/2021","1.0","","","1503.020102","MOBILIARIO DE OFICINA","R","S/M","2296","S/T","PLOMO/ANARANJAD","S/S","S/D","","","","","","","","","","U","",""
"4001","35","","746497470001","TRIPODE PARA CAMARA FOTOGRAFICA","SANEAR","31/12/2021","1.0","","","1503.020102","MOBILIARIO DE OFICINA","M","","TR-26","","NEGRO","","","","","","","","","","","","U","",""
"4002","35","","746497470002","TRIPODE PARA CAMARA FOTOGRAFICA","SANEAR","31/12/2021","1.0","","","1503.020102","MOBILIARIO DE OFICINA","R","CANON","S/M","S/T","PLOMO","S/S","S/D","","","","","","","","","","U","",""
"4003","35","","952291370002","TV LCD DIGITAL PORTATIL","O/C N° 483-2016","29/12/2016","3500.0","","","1503.020303","EQUIPOS DE TELECOMUNICACIONES","B","SAMSUNG","VN60J6300AG","TV LED SMART CINEMA","NEGRO","044M3CH800390A","S/D","","","","","","","","","","U","",""
"4004","35","","740899500035","UNIDAD CENTRAL DE PROCESO - CPU","O/C N° 374-2003","30/12/2003","1871.87","","","1503.020301","EQUIPOS COMPUTACIONALES Y PERIFERICOS","R","ALTRON","S/M","S/T","NEGRO","S/S","S/D","","","","","","","","","","U","",""
"4005","35","","740899500044","UNIDAD CENTRAL DE PROCESO - CPU","O/C N° 0071-2007","07/08/2007","1421.42","","","1503.020301","EQUIPOS COMPUTACIONALES Y PERIFERICOS","M","CLK","S/M","S/T","NEGRO","S/S","S/D","","","","","","","","","","D","",""
"4006","35","","740899500050","UNIDAD CENTRAL DE PROCESO - CPU","O/C N° 0101-2008","24/09/2008","2330.0","","","1503.020301","EQUIPOS COMPUTACIONALES Y PERIFERICOS","M","CIBERLINK","INTEL CORE 2 D2","S/T","NEGRO","S/S","S/D","","","","","","","","","","D","",""
"4007","35","","740899500053","UNIDAD CENTRAL DE PROCESO - CPU","O/C N° 3-00060-2009","10/08/2009","2282.5","","","1503.020301","EQUIPOS COMPUTACIONALES Y PERIFERICOS","R","ALTRON","S/M","S/T","NEGRO","S/S","S/D","","","","","","","","","","D","",""
"4008","35","","740899500058","UNIDAD CENTRAL DE PROCESO - CPU","O/C N° 3-00057-2009","08/10/2009","2282.64","","","1503.020301","EQUIPOS COMPUTACIONALES Y PERIFERICOS","R","ALTRON","CORE 2QUAD.DE 2","CPU","NEGRO/ROJO","S/S","S/D","","","","","","","","","","U","",""
"4009","35","","740899500063","UNIDAD CENTRAL DE PROCESO - CPU","O/C N°0-00032-2010","22/02/2010","2157.3","","","1503.020301","EQUIPOS COMPUTACIONALES Y PERIFERICOS","M","MICRONICS","S/M","S/T","NEGRO","S/S","S/D","","","","","","","","","","D","",""
"4010","35","","740899500064","UNIDAD CENTRAL DE PROCESO - CPU","O/C N° 0-00033-2010","26/02/2010","2157.3","","","1503.020301","EQUIPOS COMPUTACIONALES Y PERIFERICOS","M","MICRONICS","S/M","S/T","NEGRO/AZUL","S/S","S/D","","","","","","","","","","D","",""
"4011","35","","740899500072","UNIDAD CENTRAL DE PROCESO - CPU","O/C N° 8-00106-2010","23/04/2010","1962.38","","","1503.020301","EQUIPOS COMPUTACIONALES Y PERIFERICOS","M","S/M","S/M","S/T","NEGRO","3B1250X08567","S/D"," "," "," "," "," "," ","",""," ","D","",""
"4012","35","","740899500073","UNIDAD CENTRAL DE PROCESO - CPU","SANEAR","31/12/2021","1.0","","","1503.020301","EQUIPOS COMPUTACIONALES Y PERIFERICOS","M","ALTRON","S/M","S/T","NEGRO","S/S","S/D","","","","","","","","","","D","",""
"4013","35","","740899500074","UNIDAD CENTRAL DE PROCESO - CPU","O/C N° 3-00021-2010","23/04/2010","2170.74","","","1503.020301","EQUIPOS COMPUTACIONALES Y PERIFERICOS","M","ALTRON","S/M","S/T","NEGRO","YTD6TLA7769A500434C","S/D","","","","","","","","","","D","",""
"4014","35","","740899500077","UNIDAD CENTRAL DE PROCESO - CPU","O/C N° 8-00109-2010","23/04/2010","1962.38","","","1503.020301","EQUIPOS COMPUTACIONALES Y PERIFERICOS","R","INTEL","CORE 2DUD","S/T","NEGRO","S/S","S/D","","","","","","","","","","U","",""
"4015","35","","740899500082","UNIDAD CENTRAL DE PROCESO - CPU","O/C N° 9-00084-2010","14/07/2010","2248.62","","","1503.020301","EQUIPOS COMPUTACIONALES Y PERIFERICOS","M","MEGATECH","S/M","S/T","NEGRO","S/S","S/D","","","","","","","","","","D","",""
"4016","35","","740899500086","UNIDAD CENTRAL DE PROCESO - CPU","O/C N° 352-2011","13/10/2011","2402.4","","","1503.020301","EQUIPOS COMPUTACIONALES Y PERIFERICOS","M","DELUXE","CORE I7","S/T","NEGRO","BTB12800LIW","S/D","","","","","","","","","","D","",""
"4017","35","","740899500087","UNIDAD CENTRAL DE PROCESO - CPU","O/C N° 460-2011","30/11/2011","2519.57","","","1503.020301","EQUIPOS COMPUTACIONALES Y PERIFERICOS","R","DELUXE","CORE I7","RSE-T580W","NEGRO","C1103B0328","S/D","","","","","","","","","","U","",""
"4018","35","","740899500093","UNIDAD CENTRAL DE PROCESO - CPU","O/C N° 298-2012","06/11/2012","2581.15","","","1503.020301","EQUIPOS COMPUTACIONALES Y PERIFERICOS","M","INTEL","CORE I7","S/T","CREMA","S/S","S/D","","","","","","","","","","D","",""
"4019","35","","740899500103","UNIDAD CENTRAL DE PROCESO - CPU","O/C N° 000175-2013","19/04/2013","2598.6","","","1503.020301","EQUIPOS COMPUTACIONALES Y PERIFERICOS","M","MICRONICS","CORE I7","S/T","NEGRO","S/S","S/D","","","","","","","","","","U","",""
"4020","35","","740899500104","UNIDAD CENTRAL DE PROCESO - CPU","O/C N° 279-2013","31/05/2013","2950.15","","","1503.020301","EQUIPOS COMPUTACIONALES Y PERIFERICOS","R","THERMALTAKE","CORE I7","S/T","NEGRO","S/S","S/D","","","","","","","","","","U","",""
"4021","35","","740899500109","UNIDAD CENTRAL DE PROCESO - CPU","O/C Nº 000532-2013","23/07/2013","2247.25","","","1503.020301","EQUIPOS COMPUTACIONALES Y PERIFERICOS","M","INTEL","CORE I7","S/T","NEGRO","S/S","S/D","","","","","","","","","","D","",""
"4022","35","","740899500111","UNIDAD CENTRAL DE PROCESO - CPU","O/C N° 533-2013","23/07/2013","2247.25","","","1503.020301","EQUIPOS COMPUTACIONALES Y PERIFERICOS","R","CYBERTEL","CORE I7","GAB. CYBERTEL","NEGRO","S/S","S/D","","","","","","","","","","U","",""
"4023","35","","740899500118","UNIDAD CENTRAL DE PROCESO - CPU","SANEAR","31/12/2021","1.0","","","1503.020301","EQUIPOS COMPUTACIONALES Y PERIFERICOS","M","MICRONICS","INTEL","S/T","NEGRO/ROJO","S/S","S/D","","","","","","","","","","D","",""
"4024","35","","740899500142","UNIDAD CENTRAL DE PROCESO - CPU","SANEAR","31/12/2021","1.0","","","1503.020301","EQUIPOS COMPUTACIONALES Y PERIFERICOS","R","MICRONICS","MAXAS","S/T","NEGRO/AZUL","S/S","S/D","","","","","","","","","","U","",""
"4025","35","","740899500144","UNIDAD CENTRAL DE PROCESO - CPU","SANEAR","31/12/2021","1.0","","","1503.020301","EQUIPOS COMPUTACIONALES Y PERIFERICOS","M","S/M","S/M","S/T","NEGRO","S/S","S/D","","","","","","","","","","D","",""
"4026","35","","740899500148","UNIDAD CENTRAL DE PROCESO - CPU","O/C N° 495-2016","30/12/2016","3650.0","","","1503.020301","EQUIPOS COMPUTACIONALES Y PERIFERICOS","B","HALION","INTEL CORE I 7","6700","NEGRO/VERDE","S/S","S/D","","","","","","","","","","U","",""
"4027","35","","740899500151","UNIDAD CENTRAL DE PROCESO - CPU","O/C N° 495-2016","30/12/2016","2800.0","","","1503.020301","OTROS BIENES AGROPECUARIOS, PESQUEROS Y MINEROS","B","HALION0","I 5","6500","NEGRO","S/S","S/D","","","","","","","","","","U","",""
"4028","35","","112287620009","VENTILADOR ELECTRICO PARA TECHO","SANEAR","31/12/2021","1.0","","","1503.020901","AIRE ACONDICIONADO Y REFRIGERACION","R","S/M","S/M","S/T","VERDE","S/S","S/D","","","","","","","","","","U","",""
"4029","35","","952299120002","VIDEOGRABADORA","SANEAR","31/12/2021","1.0","","","1503.020303","EQUIPOS DE TELECOMUNICACIONES","M","PANASONIC","AG1970","S/T","NEGRO","A5TC00054","S/D","","","","","","","","","","D","",""
"4030","35","","746498820001","VITRINA DE METAL","SANEAR","31/12/2021","1.0","","","1503.020102","MOBILIARIO DE OFICINA","R","S/M","ESTANTE","S/T","PLOMO","S/S","S/D","","","","","","","","","","U","",""
"4031","43","","746403890008","ARCHIVADOR DE METAL","SANEAR","31/12/2021","1.0","","","1503.020102","MOBILIARIO DE OFICINA","R","S/M","4 GAVETAS","S/T","CAFE/NEGRO","S/S","0.45X0.60X1.34","","","","","","","","","","U","",""
"4032","43","","740805000012","COMPUTADORA PERSONAL PORTATIL","O/C N° 446-2015","14/12/2015","3990.0","","","1503.020301","EQUIPOS COMPUTACIONALES Y PERIFERICOS","M","LENOVO","Z50-70","LAPTOP CORE I7","PLOMO","YB08897775","S/D","","","","","","","","","","U","",""
"4033","43","","746437120042","ESCRITORIO DE MADERA","SANEAR","31/12/2021","1.0","","","1503.020102","MOBILIARIO DE OFICINA","R","S/M","7 GAVETAS","S/T","CAFE","S/S","0.79X1.56X0.74","","","","","","","","","","U","",""
"4034","43","","746437790033","ESCRITORIO DE METAL","O/C N° 361-1995","26/07/1995","260.0","","","1503.020102","MOBILIARIO DE OFICINA","R","S/M","4 GAVETAS","S/T","PLOMO","S/S","0.75*0.77*1.20","","","","","","","","","","U","",""
"4035","43","","462252150032","ESTABILIZADOR","O/C Nº 175","22/02/2010","54.74","","","1503.020904","ELECTRICIDAD Y ELECTRONICA","R","AVR OUTLES","ALTRON","6 ENTRADAS","NEGRO","582770005","S/D","","","","","","","","","","U","",""
"4036","43","","462252150090","ESTABILIZADOR","O/C N° 375 -2003","30/12/2003","44.5","","","1503.020904","ELECTRICIDAD Y ELECTRONICA","M","APC","LE600I","LINE-R 600","BLANCO","5L0843T27665","S/D","","","","","","","","","","U","",""
"4037","43","","746441180002","ESTANTE DE MADERA","O/C N° 8-00166-2010","25/05/2010","150.0","","","1503.020102","MOBILIARIO DE OFICINA","M","S/M","3 NIVELES","S/T","CAFE/BEIGE","S/S","0.58X0.80X1.40"," "," "," "," "," "," ","",""," ","U","",""
"4038","43","","746441860029","ESTANTE DE METAL","O/C N° 699-A-1996","29/11/1996","240.0","","","1503.020102","MOBILIARIO DE OFICINA","R","METAL","6 NIVELES","S/T","BLANCO/PLOMO","S/S","0.60X1.14X2.40","","","","","","","","","","U","",""
"4039","43","","742229930007","GUILLOTINA","SANEAR","31/12/2021","1.0","","","1503.020101","MAQUINAS Y EQUIPOS DE OFICINA","R","TOWER","PAPER CUTTER","S/T","PLOMO","S/S","S/D","","","","","","","","","","U","",""
"4040","43","","740832000067","IMPRESORA (OTRAS)","O/C N° 3-00048-2010","28/05/2010","1070.0","","","1503.020301","EQUIPOS COMPUTACIONALES Y PERIFERICOS","R","HP","LASERJET M1319F","S/T","PLOMO","Q2612A","S/D"," "," "," "," "," "," ","",""," ","U","",""
"4041","43","","740832000080","IMPRESORA (OTRAS)","O/C N° 488-2016","30/12/2016","836.1","","","1503.020301","EQUIPOS COMPUTACIONALES Y PERIFERICOS","R","EPSON","L-575","INYECCION DE TINTA","NEGRO","W9AY003605","S/D","","","","","","","","","","U","",""
"4042","43","","740841000005","IMPRESORA LASER","O/C N° 0-00037-2010","24/02/2010","475.0","","","1503.020301","EQUIPOS COMPUTACIONALES Y PERIFERICOS","R","HP","LASERJET P1006","S/T","PLOMO","VNDF3567638","S/D"," "," "," "," "," "," ","",""," ","U","",""
"4043","43","","746449320014","MESA DE MADERA","O/C N° 699-A-1996","29/11/1996","180.0","","","1503.020102","MOBILIARIO DE OFICINA","R","S/M","2 PUERTAS","S/T","CAOBA","S/S","0.48X0.50X0.60","","","","","","","","","","U","",""
"4044","43","","746456780009","MESITA DE METAL PARA MAQUINA DE ESCRIBIR","SANEAR","31/12/2021","1.0","","","1503.020102","MOBILIARIO DE OFICINA","R","S/M","3 GAVETAS","RODANTE","PLOMO NEGRO","","0.45X0.47X0.84","","","","","","","","","","U","",""
"4045","43","","746460170021","MODULO DE MADERA","SANEAR","31/12/2021","1.0","","","1503.020102","MOBILIARIO DE OFICINA","R","S/M","PARA COMPUTADOR","S/T","CAFE","S/S","0.54X0.85X0.73","","","","","","","","","","U","",""
"4046","43","","746460850005","MODULO DE MADERA PARA MICROCOMPUTADORA","O/C N° 072-1995","30/03/1995","345.0","","","1503.020102","MOBILIARIO DE OFICINA","R","S/M","S/M","S/T","CAFÉ","S/S","0.65X0.84X1.20","","","","","","","","","","D","",""
"4047","43","","740881870004","MONITOR PLANO","O/C N° 3-00057-2009","08/10/2009","766.2","","","1503.020301","EQUIPOS COMPUTACIONALES Y PERIFERICOS","R","SAMSUNG","520B300N","S/T","NEGRO","ZUT7H4LC200764D","S/D","","","","","","","","","","U","",""
"4048","43","","740881870012","MONITOR PLANO","O/C Nº 701-2013","10/10/2013","624.43","","","1503.020301","EQUIPOS COMPUTACIONALES Y PERIFERICOS","R","SAMSUNG","ZUP7HTH0400436P","S/T","NEGRO","S/S","S/D","","","","","","","","","","U","",""
"4049","43","","740882240031","MOUSE INALAMBRICO","O/C N° 219-2012","27/08/2012","16.0","","","1503.020301","EQUIPOS COMPUTACIONALES Y PERIFERICOS","M","GENIUS","CROLL","CON CABLE","NEGRO","S/S","S/D","","","","","","","","","","U","",""
"4050","43","","740882240034","MOUSE INALAMBRICO","O/C N° 219-2012","27/08/2012","16.0","","","1503.020301","EQUIPOS COMPUTACIONALES Y PERIFERICOS","R","GENIUS","CROLL","CON CABLE","NEGRO","S/S","S/D","","","","","","","","","","U","",""
"4051","43","","952260580079","PARLANTES EN GENERAL (MAYOR A 1/8 UIT)","O/C N° 8-00110-2010","23/04/2010","32.44","","","1503.020303","EQUIPOS DE TELECOMUNICACIONES","R","MICRONICS","S/M","S/T","NEGRO","S/S","S/D","","","","","","","","","","U","",""
"4052","43","","952260580080","PARLANTES EN GENERAL (MAYOR A 1/8 UIT)","O/C N° 8-00109-2010","23/04/2010","32.44","","","1503.020303","EQUIPOS DE TELECOMUNICACIONES","R","CYBERLING","S/M","S/T","NEGRO","9.08E+11","S/D","","","","","","","","","","U","",""
"4053","43","","742294150002","RELOJ MARCADOR FECHADOR ELECTRONICO","O/C Nº 273-2015","15/09/2015","1430.0","","","1503.020101","MAQUINAS Y EQUIPOS DE OFICINA","M","ZTKECO ZK-INDIA","S/M","S/T","NEGRO","20150122034","S/D","","","","","","","","","","U","",""
"4054","43","","746485260001","SILLA PLEGABLE DE METAL","SANEAR","31/12/2021","1.0","","","1503.020102","MOBILIARIO DE OFICINA","R","S/M","S/M","S/T","ROJO","S/S","S/D","","","","","","","","","","U","",""
"4055","43","","746488310004","SILLON GIRATORIO (OTROS)","O/C N° 6-00127","30/09/2010","290.0","","","1503.020102","MOBILIARIO DE OFICINA","M","MONTHY","S/M","S/T","CROMADO","S/S","S/D","","","","","","","","","","U","",""
"4056","43","","746488310011","SILLON GIRATORIO (OTROS)","O/C N° 00570-2011","29/12/2011","570.0","","","1503.020102","MOBILIARIO DE OFICINA","M","MONTHY","S/M","S/T","NEGRO","S/S","S/D","","","","","","","","","","U","",""
"4057","43","","746489330021","SILLON GIRATORIO DE METAL","O/C N° 30-2016","04/03/2016","510.0","","","1503.020102","MOBILIARIO DE OFICINA","R","S/M","GRADUABLE","S/T","NEGRO/CROMADO","S/S","S/D","","","","","","","","","","U","",""
"4058","43","","740895000111","TECLADO - KEYBOARD","SANEAR","31/12/2021","1.0","","","1503.020301","EQUIPOS COMPUTACIONALES Y PERIFERICOS","R","BENQ","100-P","HOL KEYS","NEGRO","S/S","S/D","","","","","","","","","","U","",""
"4059","43","","740895000119","TECLADO - KEYBOARD","O/C Nº 701-2013","10/10/2013","39.57","","","1503.020301","EQUIPOS COMPUTACIONALES Y PERIFERICOS","R","GENIUS","GK-100012","S/T","NEGRO","WV1355385463","S/D","","","","","","","","","","U","",""
"4060","43","","740899500079","UNIDAD CENTRAL DE PROCESO - CPU","O/C N° 3-00048-2010","28/05/2010","2220.0","","","1503.020301","EQUIPOS COMPUTACIONALES Y PERIFERICOS","M","INTEL","CORE I 3","S/T","NEGRO","S/S","S/D"," "," "," "," "," "," ","",""," ","U","",""
"4061","43","","740899500113","UNIDAD CENTRAL DE PROCESO - CPU","O/C Nº 701-2013","10/10/2013","1809.0","","","1503.020301","EQUIPOS COMPUTACIONALES Y PERIFERICOS","R","INTEL","CORE I7","S/T","NEGRO","S/S","S/D","","","","","","","","","","U","",""
"4062","44","","746418810003","CAJA FUERTE","SANEAR","31/12/2021","1.0","","","1503.020102","MOBILIARIO DE OFICINA","M","HARMAN SECURITY","S/M","S/T","PLOMO","S/S","0.40X0.40X0.70","","","","","","","","","","U","",""
"4063","44","","742203180002","CALCULADORA ELECTRICA","O/C N° 8-00169-2010","25/05/2010","274.0","","","1503.020101","MAQUINAS Y EQUIPOS DE OFICINA","M","SHARP","EL-2607PIII","S/T","BLANCO","7D001465","S/D","","","","","","","","","","U","",""
"4064","44","","740805000009","COMPUTADORA PERSONAL PORTATIL","O/C N° 131-2011","21/06/2011","1800.0","","","1503.020301","EQUIPOS COMPUTACIONALES Y PERIFERICOS","R","HP","DV6-2155DX","S/T","NEGRO","4CA001FMNW","S/D","","","","","","","","","","U","",""
"4065","44","","742223580001","EQUIPO MULTIFUNCIONAL COPIADORA IMPRESORA SCANNER Y/O FAX","SANEAR","31/12/2021","1.0","","","1503.020101","MAQUINAS Y EQUIPOS DE OFICINA","R","HP","LASER JETM1319P","S/T","PLOMO/NEGRO","CNJ89D001D","S/D","","","","","","","","","","U","",""
"4066","44","","742223580030","EQUIPO MULTIFUNCIONAL COPIADORA IMPRESORA SCANNER Y/O FAX","O/C N° 441-2015","11/12/2015","1869.0","","","1503.020101","MAQUINAS Y EQUIPOS DE OFICINA","M","EPSON","L850","C541A","NEGRO","UTQY002480","S/D","","","","","","","","","","U","",""
"4067","44","","746437120006","ESCRITORIO DE MADERA","O/C N° 901-1996","30/12/1996","393.0","","","1503.020102","MOBILIARIO DE OFICINA","R","S/M","GERENCIAL","S/T","CAFE","S/S","1.55X074X0.73","","","","","","","","","","U","",""
"4068","44","","462252150009","ESTABILIZADOR","SANEAR","31/12/2021","1.0","","","1503.020904","ELECTRICIDAD Y ELECTRONICA","R","POWER","CI-127","4 ENTRADAS","BLANCO","S/S","S/D","","","","","","","","","","U","",""
"4069","44","","462252150078","ESTABILIZADOR","O/C N° 61-2020","19/02/2020","1.0","","","1503.020904","ELECTRICIDAD Y ELECTRONICA","R","FORZA","FRV-1221B","8 ENTRADAS","NEGRO","FVR 12218","S/D","","","","","","","","","","U","",""
"4070","44","","746441180023","ESTANTE DE MADERA","O/C N° 89-00057-2010","31/03/2010","500.0","","","1503.020102","MOBILIARIO DE OFICINA","R","S/M","2 GAVETAS 5 NIV","S/T","CAFE","S/S","1.00X0.30X2.20","","","","","","","","","","U","",""
"4071","44","","746441180024","ESTANTE DE MADERA","SANEAR","31/12/2021","1.0","","","1503.020102","MOBILIARIO DE OFICINA","R","S/M","ANDAMIO 5 NIVES","S/T","CAFE","S/S","0.28X1.83X1.90","","","","","","","","","","U","",""
"4072","44","","746441180025","ESTANTE DE MADERA","SANEAR","31/12/2021","1.0","","","1503.020102","MOBILIARIO DE OFICINA","R","S/M","2 GAVETAS 5 NIV","S/T","MADERA","S/S","0.31X1.20X2.15","","","","","","","","","","U","",""
"4073","44","","746441860015","ESTANTE DE METAL","SANEAR","31/12/2021","1.0","","","1503.020102","MOBILIARIO DE OFICINA","R","INREKA SAC","ANDAMIO 5 NIVES","S/T","BLANCO/PLOMO","S/S","0.30X1.14X2.25","","","","","","","","","","U","",""
"4074","44","","746441860018","ESTANTE DE METAL","SANEAR","31/12/2021","1.0","","","1503.020102","MOBILIARIO DE OFICINA","R","INREKA SAC","ANDAMIO 5 NIVES","S/T","BLANCO/PLOMO","S/S","0.30X1.14X2.10","","","","","","","","","","U","",""
"4075","44","","746441860019","ESTANTE DE METAL","SANEAR","31/12/2021","1.0","","","1503.020102","MOBILIARIO DE OFICINA","R","INREKA SAC","ANDAMIO 5 NIVES","S/T","BLANCO/PLOMO","S/S","0.30X1.14X2.25","","","","","","","","","","U","",""
"4076","44","","746441860027","ESTANTE DE METAL","SANEAR","31/12/2021","1.0","","","1503.020102","MOBILIARIO DE OFICINA","R","INREKA SAC","ANDAMIO 5 NIS","S/T","BLANCO/PLOMO","S/S","0.30X1.14X2.10","","","","","","","","","","U","",""
"4077","44","","746441860028","ESTANTE DE METAL","SANEAR","31/12/2021","1.0","","","1503.020102","MOBILIARIO DE OFICINA","R","INREKA SAC","ANDAMIO 5 NIS","S/T","BLANCO/PLOMO","S/S","0.30X1.13X2.25","","","","","","","","","","U","",""
"4078","44","","322250000001","HERVIDOR ELECTRICO","O/C N° 6-00070-2010","26/07/2010","80.0","","","1503.020902","ASEO, LIMPIEZA Y COCINA","M","GIMA STAR","S/M","S/T","CROMADO/NEGRO","S/S","S/D","","","","","","","","","","U","",""
"4079","44","","740841000031","IMPRESORA LASER","O/C Nº 0-00059-2009","16/06/2009","412.0","","","1503.020301","EQUIPOS COMPUTACIONALES Y PERIFERICOS","M","HP","LASERJET 1006","S/T","PLOMO","VNF5R33784","S/D","","","","","","","","","","U","",""
"4080","44","","746460850004","MODULO DE MADERA PARA MICROCOMPUTADORA","O/C N° 072-1995","30/03/1995","345.0","","","1503.020102","MOBILIARIO DE OFICINA","R","ULTRATON","S/M","S/T","CAFÉ","S/S","0.65X1.25X0.84","","","","","","","","","","U","",""
"4081","44","","746460980021","MODULO DE MELAMINA","O/C Nº 346-2013","13/06/2013","340.0","","","1503.020102","MOBILIARIO DE OFICINA","R","S/M","3 GAVETAS","S/T","CEDRO/NEGRO","S/S","0.47X1.08X1.80","","","","","","","","","","U","",""
"4082","44","","952258120031","MONITOR (OTROS)","SANEAR","31/12/2021","1.0","","","1503.020303","EQUIPOS DE TELECOMUNICACIONES","R","LG","W2043 SV","PLASMA LCD","NEGRO LC","002INGQ8K607","S/D","","","","","","","","","","U","",""
"4083","44","","740881870013","MONITOR PLANO","O/C Nº 701-2013","10/10/2013","624.43","","","1503.020301","EQUIPOS COMPUTACIONALES Y PERIFERICOS","R","SANSUNG","S20B300N","L2020B3H5","NEGRO","ZUP7HTHD400453K","S/D","","","","","","","","","","U","",""
"4084","44","","952260580062","PARLANTES EN GENERAL (MAYOR A 1/8 UIT)","O/C N° 054-2004","30/01/2004","30.06","","","1503.020303","EQUIPOS DE TELECOMUNICACIONES","R","CYBERLINK","TECH FOR SENSES","S/T","NEGRO","9.08E+11","S/D","","","","","","","","","","U","",""
"4085","44","","952260580063","PARLANTES EN GENERAL (MAYOR A 1/8 UIT)","O/C N° 054-2004","30/01/2004","30.06","","","1503.020303","EQUIPOS DE TELECOMUNICACIONES","R","RUP-XTREME","KS-600","S/T","NEGRO","P100226637","S/D","","","","","","","","","","U","",""
"4086","44","","532290990002","PERFORADOR MANUAL","O/C N° 412-2016","09/12/2016","350.0","","","1503.020402","EQUIPO MEDICO","R","KW TRIO","SUPER COMBI","S/T","PLOMO/NEGRO","952","S/D","","","","","","","","","","U","",""
"4087","44","","746481190044","SILLA FIJA DE MADERA","O/C N°  295-2012","06/11/2012","94.5","","","1503.020102","MOBILIARIO DE OFICINA","R","S/M","TAPIZ/MARRON","S/T","CAFE","S/S","0.44X0.45X0.84","","","","","","","","","","U","",""
"4088","44","","746481870044","SILLA FIJA DE METAL","SANEAR","31/12/2021","1.0","","","1503.020102","MOBILIARIO DE OFICINA","R","S/M","TAPIZ/MARRON","S/T","NEGRO","S/S","0.45X0.45X0.90","","","","","","","","","","U","",""
"4089","44","","746481870110","SILLA FIJA DE METAL","SANEAR","31/12/2021","1.0","","","1503.020102","MOBILIARIO DE OFICINA","R","S/M","TAPIZ/MARRON","S/T","NEGRO","S/S","0.40X0.40X0.83","","","","","","","","","","U","",""
"4090","44","","746483900003","SILLA GIRATORIA DE METAL","O/C Nº 520-2013","24/07/2013","280.0","","","1503.020102","MOBILIARIO DE OFICINA","M","S/M","TAPIZ DE LONA","S/T","NEGRO","S/S","0.45X0.50X0.98","","","","","","","","","","U","",""
"4091","44","","740895000066","TECLADO - KEYBOARD","SANEAR","31/12/2021","1.0","","","1503.020301","EQUIPOS COMPUTACIONALES Y PERIFERICOS","R","BENQ","I100DESKTOP","S/T","NEGRO","9JPIMPIU857762430200","S/D","","","","","","","","","","U","",""
"4092","44","","740895000149","TECLADO - KEYBOARD","O/C Nº 701-2013","10/10/2013","39.57","","","1503.020301","EQUIPOS COMPUTACIONALES Y PERIFERICOS","R","GENIUS","KU-0139","S/T","NEGRO","2LE991502942","S/D","","","","","","","","","","U","",""
"4093","44","","952282870018","TELEFONO","SANEAR","31/12/2021","1.0","","","1503.020303","EQUIPOS DE TELECOMUNICACIONES","M","AKITA","SUPERTELEPHONE","KX-T2030LMDI","PLOMO","KX-T2030LMDI","S/D","","","","","","","","","","U","",""
"4094","44","","740899500051","UNIDAD CENTRAL DE PROCESO - CPU","O/C N° 0175-2008","17/12/2008","2243.34","","","1503.020301","EQUIPOS COMPUTACIONALES Y PERIFERICOS","R","INTEL CORE 2 DU","PENTIUM DUAL","200GB DISCO DUO","NEGRO","200GB DISCO DURO","S/D","","","","","","","","","","U","",""
"4096","44","41","112279700012","VENTILADOR ELECTRICO PARA MESA O DE PIE","SANEAR","31/12/2021","1.0","","","1503.020901","AIRE ACONDICIONADO Y REFRIGERACION","M","CHRYSANTHEMOM","S/M","S/T","VERDE","S/S","S/D","","","","","","","","20/11/2023 10:05:33","","U","DIEGO TORRES NINA","1"
"11890","44","69","740899500114","UNIDAD CENTRAL DE PROCESO - CPU","O/C Nº 701-2013","10/10/2013","1809.0","","","1503.020301","EQUIPOS COMPUTACIONALES Y PERIFERICOS","B","INTEL","XEONCPUES-2407","S/T","NEGRO","159753","S/D","","","","","","","","20/11/2023 12:18:49","","U","DIEGO TORRES NINA","1"
