CodInt,ActaAnt,Inv,CodPat,DenBien,NroDocAdq,FechAdq,ValAdq,CtaCont,DenCta,Estado,Marca,Modelo,Tipo,Color,Serie,Dimension,Placa,NroMotor,NroChasis,Matricula,AñoFab,Nota,Obs,FechInv,Otros,Situacion,Inventariador,Equipo
1,1,,602289320001,TEODOLITO ELECTRONICO,O/C Nº 00342,12/06/2013,3435,1503.020905,EQUIPOS E INSTRUMENTOS DE MEDICION,M,,,,,,,,,,,,asdasda,,07/03/2023 16:27:44,,U,user user user,1
2,1,,602289320010,TEODOLITO ELECTRONICO,O/C Nº 00388,21/06/2013,3435,1503.020905,EQUIPOS E INSTRUMENTOS DE MEDICION,R,CST/BERGER,DGTS,TEODOLITO ELECO,AMARILLO PLOMO,127333,,,,,,,,,,,U,,
3,1,,602207850007,BALANZA ELECTRONICA,O/C Nº 00160,20/08/2020,175,1503.020905,EQUIPOS E INSTRUMENTOS DE MEDICION,R,,,,,,,,,,,,,,,,U,,
4,1,3,536424060001,CAMILLA (OTRAS),O/C N° 00225,20/08/2020,370,1503.020401,MOBILIARIO MEDICO,R,,,,NARANJA,,,,,,,,,,05/03/2023 12:35:13,,U,DELIA RUTH QUISPE SONCCO,4
5,1,,672227260002,COMPRESORA DE AIRE,O/C N° 00167,9/06/2020,450,1503.020906,EQUIPOS PARA VEHICULOS,,RONCH,,,,,,,,,,,,,,,U,,
6,1,57,462261830001,GENERADOR (OTROS),O/C Nº 168,20/12/2019,9600,1503.020904,ELECTRICIDAD Y ELECTRONICA,R,HONDA,EG5000CX,GASOLINA,ROJO,EU1JH182FGCAEH0040899,,,,,,,,,15/03/2023 18:45:17,,U,KEVIN MIDGUAR ARCE TAIRO,3
7,1,57,602207850006,BALANZA ELECTRONICA,O/C N° 000474,16/07/2013,1750,1503.020905,EQUIPOS E INSTRUMENTOS DE MEDICION,M,OHAUS,EB-30,8033447602,PLOMO/AZUL,8034131359,,,,,,,,,13/03/2023 10:08:37,,U,KEVIN MIDGUAR ARCE TAIRO,3
8,1,,602207850010,BALANZA ELECTRONICA,O/C N° 000474,16/07/2013,1750,1503.020905,EQUIPOS E INSTRUMENTOS DE MEDICION,R,OHAUS,EB-30,,PLOMO,,,,,,,,,,,,U,,
9,3,3,673602800001,APISONADORA DE PLANCHA,O/C Nº 60,10/04/2012,5450,1503.020999,"MAQUINARIAS, EQUIPOS Y MOBILIARIOS DE OTRAS INSTALACIONES",M,BENOTTO,GX160-163,MOTOR HONDA MOK,,GCAAH-2421050,,,,,,,,,05/03/2023 13:13:32,,U,DELIA RUTH QUISPE SONCCO,4
10,3,3,673602800002,APISONADORA DE PLANCHA,O/C Nº 60,10/04/2012,5450,1503.020999,"MAQUINARIAS, EQUIPOS Y MOBILIARIOS DE OTRAS INSTALACIONES",M,BENOTTO,GX160-163,MOTOR HONDA MOK,,GCAAH-2443671,,,,,,,,,04/03/2023 17:51:44,,U,DELIA RUTH QUISPE SONCCO,4
11,3,58,673602800003,APISONADORA DE PLANCHA,SANEAR,31/12/2021,1,1503.020999,"MAQUINARIAS, EQUIPOS Y MOBILIARIOS DE OTRAS INSTALACIONES",M,MASTER PACK,EH 122D ROBIN,PMR75R 4.0 HP,AMARILLO,EH12D2314999,,,,,,,,,17/03/2023 19:32:56,,D,KEVIN MIDGUAR ARCE TAIRO,3
12,3,3,673602800004,APISONADORA DE PLANCHA,SANEAR,31/12/2021,1,1503.020999,"MAQUINARIAS, EQUIPOS Y MOBILIARIOS DE OTRAS INSTALACIONES",M,MASTER PACK,EH 132 2D ROBIN,PMR75R 4.0 HP,,EH12D2314917,,,,,,,,,04/03/2023 17:58:03,,U,DELIA RUTH QUISPE SONCCO,4
13,3,3,673602800005,APISONADORA DE PLANCHA,SANEAR,31/12/2021,1,1503.020999,"MAQUINARIAS, EQUIPOS Y MOBILIARIOS DE OTRAS INSTALACIONES",M,MASTER PACK,EH 122D ROBIN,PMR75R 4.0 HP,NEGRO/AMARILLO,H705R110233,,,,,,,,,05/03/2023 13:13:41,,U,DELIA RUTH QUISPE SONCCO,4
14,3,3,746403890007,ARCHIVADOR DE METAL,SANEAR,31/12/2021,1,1503.020102,MOBILIARIO DE OFICINA,M,,4 GAVETAS 1 DIV,,PLOMO,,0.45X0.63X1.35,,,,,,,,04/03/2023 17:25:30,,U,DELIA RUTH QUISPE SONCCO,4
15,3,3,602210680001,BOMBA DE SUCCION,SANEAR,31/12/2021,1,1503.020905,EQUIPOS E INSTRUMENTOS DE MEDICION,M,CHINA,2135-AN,,VERDE,902723,,,,,,,,,04/03/2023 17:37:16,,U,DELIA RUTH QUISPE SONCCO,4
16,3,3,602210680002,BOMBA DE SUCCION,SANEAR,31/12/2021,1,1503.020905,EQUIPOS E INSTRUMENTOS DE MEDICION,M,CHINA,2135-AN,902724,VERDE,199044,,,,,,,,,04/03/2023 17:40:17,,U,DELIA RUTH QUISPE SONCCO,4
17,3,3,602210680003,BOMBA DE SUCCION,SANEAR,31/12/2021,1,1503.020905,EQUIPOS E INSTRUMENTOS DE MEDICION,M,4130 - PIA (10),6130A8800 - (2),902724,CELESTE,,,,,,,,,,05/03/2023 11:49:14,,U,DELIA RUTH QUISPE SONCCO,4
18,3,3,602210680004,BOMBA DE SUCCION,SANEAR,31/12/2021,1,1503.020905,EQUIPOS E INSTRUMENTOS DE MEDICION,M,CHINA,2155,902726,VERDE,,,,,,,,,,04/03/2023 17:40:24,,U,DELIA RUTH QUISPE SONCCO,4
19,3,3,602210680005,BOMBA DE SUCCION,SANEAR,31/12/2021,1,1503.020905,EQUIPOS E INSTRUMENTOS DE MEDICION,M,CHINA,2135 AN,,VERDE,902728,,,,,,,,,04/03/2023 17:40:11,,U,DELIA RUTH QUISPE SONCCO,4
20,3,3,602210680006,BOMBA DE SUCCION,SANEAR,31/12/2021,1,1503.020905,EQUIPOS E INSTRUMENTOS DE MEDICION,M,CHINA,2135 AN,L-60,VERDE,,,,,,,,,,04/03/2023 17:39:56,,U,DELIA RUTH QUISPE SONCCO,4
21,3,3,602210680007,BOMBA DE SUCCION,SANEAR,31/12/2021,1,1503.020905,EQUIPOS E INSTRUMENTOS DE MEDICION,M,CHINA,,L-60,VERDE,,,,,,,,,,04/03/2023 17:39:33,,U,DELIA RUTH QUISPE SONCCO,4
22,3,3,602210680008,BOMBA DE SUCCION,SANEAR,31/12/2021,1,1503.020905,EQUIPOS E INSTRUMENTOS DE MEDICION,M,CHINA,4120ST 101,L-60,VERDE,89032972,,,,,,,,,04/03/2023 17:39:05,,U,DELIA RUTH QUISPE SONCCO,4
23,3,3,602210680009,BOMBA DE SUCCION,SANEAR,31/12/2021,1,1503.020905,EQUIPOS E INSTRUMENTOS DE MEDICION,M,CHINA,4120ST 101,L-60,VERDE,8703585,,,,,,,,,04/03/2023 17:36:34,,U,DELIA RUTH QUISPE SONCCO,4
24,3,3,602210680010,BOMBA DE SUCCION,SANEAR,31/12/2021,1,1503.020905,EQUIPOS E INSTRUMENTOS DE MEDICION,M,CHINA,4120ST 101,L-60,VERDE,8703586,,,,,,,,,04/03/2023 17:47:46,,U,DELIA RUTH QUISPE SONCCO,4
25,3,3,602210680011,BOMBA DE SUCCION,SANEAR,31/12/2021,1,1503.020905,EQUIPOS E INSTRUMENTOS DE MEDICION,M,12JD230X3 CHINA,4120ST 101,L-60,VERDE,8703587,,,,,,,,,04/03/2023 17:40:54,,U,DELIA RUTH QUISPE SONCCO,4
26,3,3,602210680014,BOMBA DE SUCCION,SANEAR,31/12/2021,1,1503.020905,EQUIPOS E INSTRUMENTOS DE MEDICION,M,CHINA,4120ST,,VERDE,88032239,,,,,,,,,04/03/2023 17:40:32,,U,DELIA RUTH QUISPE SONCCO,4
27,3,3,602210680015,BOMBA DE SUCCION,SANEAR,31/12/2021,1,1503.020905,EQUIPOS E INSTRUMENTOS DE MEDICION,M,CHINA,4120ST,,VERDE,88032240,,,,,,,,,04/03/2023 17:48:51,,U,DELIA RUTH QUISPE SONCCO,4
28,3,3,602210680016,BOMBA DE SUCCION,SANEAR,31/12/2021,1,1503.020905,EQUIPOS E INSTRUMENTOS DE MEDICION,M,,4120ST,,CELESTE,S 407264,,,,,,,,,05/03/2023 11:50:25,,U,DELIA RUTH QUISPE SONCCO,4
29,3,3,602210680017,BOMBA DE SUCCION,SANEAR,31/12/2021,1,1503.020905,EQUIPOS E INSTRUMENTOS DE MEDICION,M,DONG FENG - 12A,4135 N,1250 KG.,CELESTE,S 407257,,,,,,,,,04/03/2023 17:49:05,,U,DELIA RUTH QUISPE SONCCO,4
30,3,3,602210680018,BOMBA DE SUCCION,SANEAR,31/12/2021,1,1503.020905,EQUIPOS E INSTRUMENTOS DE MEDICION,M,DONG FENG - 12A,4135 N,1250 KG.,CELESTE,S 402769,,,,,,,,,04/03/2023 17:36:57,,U,DELIA RUTH QUISPE SONCCO,4
31,3,3,602210680019,BOMBA DE SUCCION,SANEAR,31/12/2021,1,1503.020905,EQUIPOS E INSTRUMENTOS DE MEDICION,M,,4120ST,670 KG.,PLOMO,S 407264,,,,,,,,,05/03/2023 11:51:26,,U,DELIA RUTH QUISPE SONCCO,4
32,3,3,602210680020,BOMBA DE SUCCION,SANEAR,31/12/2021,1,1503.020905,EQUIPOS E INSTRUMENTOS DE MEDICION,M,8JD80X10 CHINA,2135 AN,,VERDE,884449,,,,,,,,,04/03/2023 17:43:30,,U,DELIA RUTH QUISPE SONCCO,4
33,3,3,602210680021,BOMBA DE SUCCION,SANEAR,31/12/2021,1,1503.020905,EQUIPOS E INSTRUMENTOS DE MEDICION,M,8JD 80X10 CHINA,2135-AN,,VERDE,902733,,,,,,,,,04/03/2023 17:38:33,,U,DELIA RUTH QUISPE SONCCO,4
34,3,3,602210680022,BOMBA DE SUCCION,SANEAR,31/12/2021,1,1503.020905,EQUIPOS E INSTRUMENTOS DE MEDICION,M,CHINA,2135-AN,,VERDE,902735,,,,,,,,,04/03/2023 17:37:06,,U,DELIA RUTH QUISPE SONCCO,4
35,3,3,602210680023,BOMBA DE SUCCION,SANEAR,31/12/2021,1,1503.020905,EQUIPOS E INSTRUMENTOS DE MEDICION,M,8JD80X12 CHINA,2135-AN,,VERDE,89602,,,,,,,,,04/03/2023 17:44:47,,U,DELIA RUTH QUISPE SONCCO,4
36,3,3,602210680024,BOMBA DE SUCCION,SANEAR,31/12/2021,1,1503.020905,EQUIPOS E INSTRUMENTOS DE MEDICION,M,8JD80X12 CHINA,2135-AN,,VERDE,884452,,,,,,,,,04/03/2023 17:43:45,,U,DELIA RUTH QUISPE SONCCO,4
37,3,,602210680025,BOMBA DE SUCCION,SANEAR,31/12/2021,1,1503.020905,EQUIPOS E INSTRUMENTOS DE MEDICION,M,FEUING - 10JD17,2135-AN,,VERDE,902725,,,,,,,,,15/03/2023 17:51:16,,U,KEVIN MIDGUAR ARCE TAIRO,3
38,3,3,602210680027,BOMBA DE SUCCION,SANEAR,31/12/2021,1,1503.020905,EQUIPOS E INSTRUMENTOS DE MEDICION,M,12JD 230X4 CHIA,413SN,,CELESTE,S 407268,,,,,,,,,05/03/2023 11:42:22,,U,DELIA RUTH QUISPE SONCCO,4
39,3,6,746418810002,CAJA FUERTE,SANEAR,31/12/2021,1,1503.020102,MOBILIARIO DE OFICINA,M,HARMAN,METAL,,PLOMO,,0.20X0.37X0.65,,,,,,,ACTA 3,07/03/2023 01:56:00,,U,user user user,1
40,3,3,675003800001,CENTRIFUGA,SANEAR,31/12/2021,1,1503.020999,"MAQUINARIAS, EQUIPOS Y MOBILIARIOS DE OTRAS INSTALACIONES",M,,180,ROJO/PLOMO,,63055,,,,,,,,,04/03/2023 18:03:35,,U,DELIA RUTH QUISPE SONCCO,4
41,3,3,675003800002,CENTRIFUGA,SANEAR,31/12/2021,1,1503.020999,"MAQUINARIAS, EQUIPOS Y MOBILIARIOS DE OTRAS INSTALACIONES",M,,2836,ROJO/PLOMO,,,,,,,,,,,04/03/2023 18:03:43,,U,DELIA RUTH QUISPE SONCCO,4
42,3,3,675003800003,CENTRIFUGA,SANEAR,31/12/2021,1,1503.020999,"MAQUINARIAS, EQUIPOS Y MOBILIARIOS DE OTRAS INSTALACIONES",M,,180,ROJO/PLOMO,,63111,,,,,,,,,04/03/2023 18:03:54,,U,DELIA RUTH QUISPE SONCCO,4
43,3,3,673616620001,COMPACTADOR VIBRATORIO TIPO PLANCHA,SANEAR,31/12/2021,1,1503.020999,"MAQUINARIAS, EQUIPOS Y MOBILIARIOS DE OTRAS INSTALACIONES",M,KOHLER,CIH -13,,,3335100379,,,SIN MOTOR,,,,,,04/03/2023 17:52:19,,U,DELIA RUTH QUISPE SONCCO,4
44,3,3,673616620002,COMPACTADOR VIBRATORIO TIPO PLANCHA,SANEAR,31/12/2021,1,1503.020999,"MAQUINARIAS, EQUIPOS Y MOBILIARIOS DE OTRAS INSTALACIONES",M,KOHLER,CIH -13,,,139610048,,,,,,,,,04/03/2023 17:55:50,,U,DELIA RUTH QUISPE SONCCO,4
45,3,3,673616620003,COMPACTADOR VIBRATORIO TIPO PLANCHA,SANEAR,31/12/2021,1,1503.020999,"MAQUINARIAS, EQUIPOS Y MOBILIARIOS DE OTRAS INSTALACIONES",M,KOHLER,CIH -13,,BLANCO,139610047,,,,,,,,,04/03/2023 17:57:51,,U,DELIA RUTH QUISPE SONCCO,4
46,3,3,673616620004,COMPACTADOR VIBRATORIO TIPO PLANCHA,SANEAR,31/12/2021,1,1503.020999,"MAQUINARIAS, EQUIPOS Y MOBILIARIOS DE OTRAS INSTALACIONES",M,KOHLER,CIH -13,M8,,831336,,,,,,,,,04/03/2023 17:57:49,,U,DELIA RUTH QUISPE SONCCO,4
47,3,3,673616620009,COMPACTADOR VIBRATORIO TIPO PLANCHA,O/C Nª 241,23/07/2004,3410,1503.020999,"MAQUINARIAS, EQUIPOS Y MOBILIARIOS DE OTRAS INSTALACIONES",M,HONDA,GX270,270 M3,,PO-90308,,,,,,,,,04/03/2023 17:53:24,,U,DELIA RUTH QUISPE SONCCO,4
48,3,3,673616620011,COMPACTADOR VIBRATORIO TIPO PLANCHA,O/C Nª 0-00085,31/03/2010,4500,1503.020999,"MAQUINARIAS, EQUIPOS Y MOBILIARIOS DE OTRAS INSTALACIONES",M,DYNAMIC KOHLER,,MAGNUM 8,,PC-302-10 - (341490),,,,,,,,,04/03/2023 17:52:10,,U,DELIA RUTH QUISPE SONCCO,4
49,3,3,673616620012,COMPACTADOR VIBRATORIO TIPO PLANCHA,O/C Nª 3-00024,23/04/2010,4545,1503.020999,"MAQUINARIAS, EQUIPOS Y MOBILIARIOS DE OTRAS INSTALACIONES",M,DYNAMIC KOHLER,8CHP4500V8OHPMF,M 8,,4006000019PC162-10,,,,,,,,,05/03/2023 14:43:29,,U,DELIA RUTH QUISPE SONCCO,4
50,3,3,673616620014,COMPACTADOR VIBRATORIO TIPO PLANCHA,O/C Nª 6-00026,27/01/2010,4545,1503.020999,"MAQUINARIAS, EQUIPOS Y MOBILIARIOS DE OTRAS INSTALACIONES",M,DYNAMIC KOHLER,KOHLER PCFF MB,PC-387-13,,3931000239,,,,,,,,,04/03/2023 17:55:06,,U,DELIA RUTH QUISPE SONCCO,4
51,3,3,673616620015,COMPACTADOR VIBRATORIO TIPO PLANCHA,O/C Nª 6-00032,28/01/2010,4545,1503.020999,"MAQUINARIAS, EQUIPOS Y MOBILIARIOS DE OTRAS INSTALACIONES",M,DYNAMIC KOHLER,KOHLER MAGNUM 8,4500V,,P 272 - (37110089),,,,,,,,,04/03/2023 18:00:21,,U,DELIA RUTH QUISPE SONCCO,4
52,3,3,673616620016,COMPACTADOR VIBRATORIO TIPO PLANCHA,O/C Nª 6-00036,28/01/2010,4545,1503.020999,"MAQUINARIAS, EQUIPOS Y MOBILIARIOS DE OTRAS INSTALACIONES",M,DYNAMIC KOHLER,KOHLER COMAND 5,277CC,,PC 162 10 - (393220),,,,,,,,,04/03/2023 17:59:07,,U,DELIA RUTH QUISPE SONCCO,4
53,3,3,673616620019,COMPACTADOR VIBRATORIO TIPO PLANCHA,SANEAR,31/12/2021,1,1503.020999,"MAQUINARIAS, EQUIPOS Y MOBILIARIOS DE OTRAS INSTALACIONES",M,DYNAMIC KOHLER,KOHLER COMAND 5,277CC,,PC 339 13 - (423406),,,,,,,,,04/03/2023 17:58:16,,U,DELIA RUTH QUISPE SONCCO,4
54,3,3,673616620020,COMPACTADOR VIBRATORIO TIPO PLANCHA,SANEAR,31/12/2021,1,1503.020999,"MAQUINARIAS, EQUIPOS Y MOBILIARIOS DE OTRAS INSTALACIONES",M,DYNAMIC KOHLER,CH395T,,,4232407128,,,,,,,,,04/03/2023 17:59:11,,U,DELIA RUTH QUISPE SONCCO,4
55,3,3,673616620021,COMPACTADOR VIBRATORIO TIPO PLANCHA,SANEAR,31/12/2021,1,1503.020999,"MAQUINARIAS, EQUIPOS Y MOBILIARIOS DE OTRAS INSTALACIONES",M,DYNAMIC KOHLER,KOHLER COMAND 5,277CC,,PC 387 13 - (423202),,,,,,,,,05/03/2023 14:43:33,,U,DELIA RUTH QUISPE SONCCO,4
56,3,3,673616620025,COMPACTADOR VIBRATORIO TIPO PLANCHA,O/C N° 000446,10/07/2013,3096,1503.020999,"MAQUINARIAS, EQUIPOS Y MOBILIARIOS DE OTRAS INSTALACIONES",M,DYNAMIC KOHLER,CH395T,PC-078-13,,4232407178,,,,,,,,,04/03/2023 17:52:27,,U,DELIA RUTH QUISPE SONCCO,4
57,3,3,673616620026,COMPACTADOR VIBRATORIO TIPO PLANCHA,O/C N° 000446,10/07/2013,3096,1503.020999,"MAQUINARIAS, EQUIPOS Y MOBILIARIOS DE OTRAS INSTALACIONES",M,DYNAMIC KOHLER,CH395T,PC-383-13,,4232406988,,,,,,,,,04/03/2023 17:58:39,,U,DELIA RUTH QUISPE SONCCO,4
58,3,3,673616620027,COMPACTADOR VIBRATORIO TIPO PLANCHA,O/C N° 000446,10/07/2013,3096,1503.020999,"MAQUINARIAS, EQUIPOS Y MOBILIARIOS DE OTRAS INSTALACIONES",M,DYNAMIC KOHLER,CH395T,PC-383-13,,4232407588,,,,,,,,,04/03/2023 17:55:39,,U,DELIA RUTH QUISPE SONCCO,4
59,3,3,673616620029,COMPACTADOR VIBRATORIO TIPO PLANCHA,O/C N° 000792,12/11/2013,3024,1503.020999,"MAQUINARIAS, EQUIPOS Y MOBILIARIOS DE OTRAS INSTALACIONES",M,DYNAMIC KOHLER,CH395T,,,43055018448,,,,,,,,,05/03/2023 14:43:37,,U,DELIA RUTH QUISPE SONCCO,4
60,3,3,673616620030,COMPACTADOR VIBRATORIO TIPO PLANCHA,SANEAR,31/12/2021,1,1503.020999,"MAQUINARIAS, EQUIPOS Y MOBILIARIOS DE OTRAS INSTALACIONES",M,KOHLER,IMETSA,,,12155768,,,,,,,,,04/03/2023 17:57:26,,U,DELIA RUTH QUISPE SONCCO,4
61,3,3,673616620031,COMPACTADOR VIBRATORIO TIPO PLANCHA,O/C N° 146,5/11/2008,4450,1503.020999,"MAQUINARIAS, EQUIPOS Y MOBILIARIOS DE OTRAS INSTALACIONES",M,HONDA,GX 160,2390,,4121298,,,,,,,,,04/03/2023 18:08:56,,U,DELIA RUTH QUISPE SONCCO,4
62,3,,672227260006,COMPRESORA DE AIRE,O/C Nª 000401,11/12/2012,1392,1503.020906,EQUIPOS PARA VEHICULOS,R,CAMPBELL-HAUSFD,VT640401,,NEGRO,KB090312-00149,,,,,,,,,,,U,,
63,3,3,672227260009,COMPRESORA DE AIRE,O/C Nª 125,23/06/2015,620,1503.020906,EQUIPOS PARA VEHICULOS,M,TRUPPER,MB-ACF50,50LTS. LUBRICAO,NARANJA/PLOMO,115PS,,,,,,,,,04/03/2023 18:00:04,,U,DELIA RUTH QUISPE SONCCO,4
64,3,3,672227260011,COMPRESORA DE AIRE,SANEAR,31/12/2021,1,1503.020906,EQUIPOS PARA VEHICULOS,M,WORK TOOL,AC60/220/20,,NEGRO/CELESTE,,,,,,,,,,05/03/2023 14:49:17,,U,DELIA RUTH QUISPE SONCCO,4
65,3,3,673618920001,CONTENEDOR,SANEAR,31/12/2021,1,1503.020999,"MAQUINARIAS, EQUIPOS Y MOBILIARIOS DE OTRAS INSTALACIONES",M,,,,,,,,,,,,,,04/03/2023 17:43:40,,U,DELIA RUTH QUISPE SONCCO,4
66,3,3,675009340002,EMPACADORA DE FORRAJE,O/C Nº E.F.01,1/01/1996,34684.12,1503.020999,"MAQUINARIAS, EQUIPOS Y MOBILIARIOS DE OTRAS INSTALACIONES",M,BAMFORD,SUPÉR 95,BL59,,7403-0571,,,,,,,,,04/03/2023 17:49:37,,U,DELIA RUTH QUISPE SONCCO,4
67,3,3,746435760004,ESCALERA METALICA,O/C Nº 156,14/06/2016,880,1503.020102,MOBILIARIO DE OFICINA,M,,,,ALUMINIO,,8 PELDAÑOS,,,,,,,,05/03/2023 14:56:34,,U,DELIA RUTH QUISPE SONCCO,4
68,3,3,746437120035,ESCRITORIO DE MADERA,SANEAR,31/12/2021,1,1503.020102,MOBILIARIO DE OFICINA,M,,6 GAVETAS,,PLOMO,,,,,,,,,,04/03/2023 17:30:18,,U,DELIA RUTH QUISPE SONCCO,4
69,3,,746437120055,ESCRITORIO DE MADERA,O/C Nº 266,8/09/2015,720,1503.020102,MOBILIARIO DE OFICINA,R,,,,,,,,,,,,,,,,U,,
70,3,3,746437790013,ESCRITORIO DE METAL,SANEAR,31/12/2021,1,1503.020102,MOBILIARIO DE OFICINA,M,,,,BEIGE/NEGRO,,,,,,,,,,04/03/2023 17:30:13,,U,DELIA RUTH QUISPE SONCCO,4
71,3,3,746437790016,ESCRITORIO DE METAL,SANEAR,31/12/2021,1,1503.020102,MOBILIARIO DE OFICINA,M,,6 GAVETAS,,PLOMO/NEGRO,,,,,,,,,,04/03/2023 17:28:23,,U,DELIA RUTH QUISPE SONCCO,4
72,3,3,746437790040,ESCRITORIO DE METAL,SANEAR,31/12/2021,1,1503.020102,MOBILIARIO DE OFICINA,M,,3 GAVETAS,,BEIGE/NEGRO,,46X87X68,,,,,,,,05/03/2023 11:38:46,,U,DELIA RUTH QUISPE SONCCO,4
73,3,3,746437790044,ESCRITORIO DE METAL,O/C Nº E.F.01,1/01/1996,461.01,1503.020102,MOBILIARIO DE OFICINA,M,,3 GAVETAS,,BEIGE/NEGRO,,,,,,,,,,04/03/2023 17:28:45,,U,DELIA RUTH QUISPE SONCCO,4
74,3,3,882225250002,EXTINTOR,SANEAR,31/12/2021,1,1503.020903,SEGURIDAD INDUSTRIAL,M,,,POLVO SECO,ROJO,,,,,,,,,,05/03/2023 12:25:34,,U,DELIA RUTH QUISPE SONCCO,4
75,3,3,882225250004,EXTINTOR,SANEAR,31/12/2021,1,1503.020903,SEGURIDAD INDUSTRIAL,M,ZIPAI,POLVO SECO,,ROJO,,,,,,,,,,05/03/2023 12:26:17,,U,DELIA RUTH QUISPE SONCCO,4
76,3,3,882225250005,EXTINTOR,SANEAR,31/12/2021,1,1503.020903,SEGURIDAD INDUSTRIAL,M,ZIPAI,POLVO SECO,,GRANATE,,,,,,,,,,05/03/2023 14:52:29,,U,DELIA RUTH QUISPE SONCCO,4
77,3,3,882225250007,EXTINTOR,SANEAR,31/12/2021,1,1503.020903,SEGURIDAD INDUSTRIAL,M,ABC,,POLVO SECO,ROJO,,,,,,,,,,05/03/2023 14:52:32,,U,DELIA RUTH QUISPE SONCCO,4
78,3,3,882225250008,EXTINTOR,,31/12/2021,1,1503.020903,SEGURIDAD INDUSTRIAL,M,ABC,,POLVO SECO,ROJO,,,,,,,,,ES PEQUEÑO,05/03/2023 14:50:34,,U,DELIA RUTH QUISPE SONCCO,4
79,3,3,672263370005,GATA HIDRAULICA DE ALUMINIO PARA RESCATE,SANEAR,31/12/2021,1,1503.020906,EQUIPOS PARA VEHICULOS,M,CHINA,,,VERDE,8511,,,,,,,,,05/03/2023 11:54:24,,U,DELIA RUTH QUISPE SONCCO,4
80,3,3,462261830003,GENERADOR (OTROS),O/C Nº 00192,14/05/2021,7900,1503.020904,ELECTRICIDAD Y ELECTRONICA,M,HONDA,EG2500,,ROJO,GC02-2278782,,,,,,,,,05/03/2023 11:17:03,,U,DELIA RUTH QUISPE SONCCO,4
81,3,3,462261830005,GENERADOR (OTROS),O/C Nº 6-00116,30/12/2009,7770,1503.020904,ELECTRICIDAD Y ELECTRONICA,M,VOLTMETER,,,AZUL,188F-D/090600012,,,,,,,,,04/03/2023 17:59:34,,U,DELIA RUTH QUISPE SONCCO,4
82,3,3,462261830006,GENERADOR (OTROS),O/C Nº 8-00118,23/04/2010,7100,1503.020904,ELECTRICIDAD Y ELECTRONICA,M,HONDA,EP6500CXS,,ROJO/NEGRO,GCAFH-0062051,,,,,,,,,04/03/2023 17:59:59,,U,DELIA RUTH QUISPE SONCCO,4
83,3,,462261830012,GENERADOR (OTROS),O/C Nº 6-00029,25/11/2009,3600,1503.020904,ELECTRICIDAD Y ELECTRONICA,M,,,,ROJO,GCAFH-1946299,,,,,,,,,,,U,,
84,3,3,462261830018,GENERADOR (OTROS),O/C Nº 409,12/12/2012,5600,1503.020904,ELECTRICIDAD Y ELECTRONICA,M,HONDA,EG6500CXS,,ROJO,,,,,,,,,,05/03/2023 13:35:18,,U,DELIA RUTH QUISPE SONCCO,4
85,3,3,462261830019,GENERADOR (OTROS),O/C Nº 482,29/12/2016,14000,1503.020904,ELECTRICIDAD Y ELECTRONICA,M,HYUNDAI,HY10000LE,ELECTRICO,NEGRO,,,,,,,,,,05/03/2023 13:40:51,,U,DELIA RUTH QUISPE SONCCO,4
86,3,3,462261830020,GENERADOR (OTROS),O/C Nº 00192,14/05/2021,7900,1503.020904,ELECTRICIDAD Y ELECTRONICA,M,HONDA,EG-5000X,,ROJO/NEGRO,20C19,,,,,,,,,05/03/2023 13:35:40,,U,DELIA RUTH QUISPE SONCCO,4
87,3,3,462261830021,GENERADOR (OTROS),O/C Nº 00192,14/05/2021,7900,1503.020904,ELECTRICIDAD Y ELECTRONICA,M,HONDA,EG-5000X,,ROJO/NEGRO,,,,,,,,,,05/03/2023 13:38:28,,U,DELIA RUTH QUISPE SONCCO,4
88,3,3,672275090002,MARTILLO DEMOLEDOR ELECTRICO,SANEAR,31/12/2021,1,1503.020906,EQUIPOS PARA VEHICULOS,M,BOSCH,GSH-27VC,,VERDE/PLOMO,121000057,,,,,,,,,05/03/2023 13:28:05,,U,DELIA RUTH QUISPE SONCCO,4
89,3,3,673638490013,MEZCLADOR DE CONCRETO,SANEAR,31/12/2021,1,1503.020999,"MAQUINARIAS, EQUIPOS Y MOBILIARIOS DE OTRAS INSTALACIONES",M,,MAGNUM 12,HP 12,,,,,,,,,,,04/03/2023 18:06:31,,U,DELIA RUTH QUISPE SONCCO,4
90,3,3,673638490015,MEZCLADOR DE CONCRETO,O/C Nª 30,29/05/2009,9790,1503.020999,"MAQUINARIAS, EQUIPOS Y MOBILIARIOS DE OTRAS INSTALACIONES",M,KOHLER,MAGNUM 12,HP 12,,373,,,,,,,,,04/03/2023 18:06:50,,U,DELIA RUTH QUISPE SONCCO,4
91,3,3,675080890002,MEZCLADORA DE CONCRETO TIPO TROMPO,SANEAR,31/12/2021,1,1503.020999,"MAQUINARIAS, EQUIPOS Y MOBILIARIOS DE OTRAS INSTALACIONES",M,KOHLER,MAGNUM 12,HP 12,,3720600689,,,,,,,,ERROR DE CODIFICACION - VIBRADOR ,04/03/2023 18:06:02,,U,DELIA RUTH QUISPE SONCCO,4
92,3,51,675080890007,MEZCLADORA DE CONCRETO TIPO TROMPO,O/C Nª 313,28/11/2003,6247.5,1503.020999,"MAQUINARIAS, EQUIPOS Y MOBILIARIOS DE OTRAS INSTALACIONES",R,,,,AMARILLO,,,,,,,,,,15/03/2023 17:12:53,,U,KEVIN MIDGUAR ARCE TAIRO,3
93,3,3,675080890009,MEZCLADORA DE CONCRETO TIPO TROMPO,O/C Nª 313,28/11/2003,6247.5,1503.020999,"MAQUINARIAS, EQUIPOS Y MOBILIARIOS DE OTRAS INSTALACIONES",M,,,,,,,,,,,,,ERROR DE CODIFICACIÓN,04/03/2023 18:04:44,,U,DELIA RUTH QUISPE SONCCO,4
94,3,,675080890014,MEZCLADORA DE CONCRETO TIPO TROMPO,O/C Nª 131,10/07/2007,6720,1503.020999,"MAQUINARIAS, EQUIPOS Y MOBILIARIOS DE OTRAS INSTALACIONES",M,HONDA,GX390,,,3622302975 - (MOTOR),,,,,,,,,,,U,,
95,3,3,675080890020,MEZCLADORA DE CONCRETO TIPO TROMPO,O/C Nª 74,30/06/2006,6040,1503.020999,"MAQUINARIAS, EQUIPOS Y MOBILIARIOS DE OTRAS INSTALACIONES",M,KOHLER,PRO,,,,,,,,,,,ERROR DE MODIFICIACION - VIBRADOR,04/03/2023 18:06:09,,U,DELIA RUTH QUISPE SONCCO,4
96,3,3,675080890024,MEZCLADORA DE CONCRETO TIPO TROMPO,O/C Nª 41,25/07/2008,8930,1503.020999,"MAQUINARIAS, EQUIPOS Y MOBILIARIOS DE OTRAS INSTALACIONES",M,KOHLER,MAGNUM 12,MDC9P,,3827500109,,,,,,,,ERROR DE CODIFICACION - VIBRADOR,04/03/2023 18:06:05,,U,DELIA RUTH QUISPE SONCCO,4
97,3,3,675080890026,MEZCLADORA DE CONCRETO TIPO TROMPO,O/C Nª 0-00117,26/08/2009,9430,1503.020999,"MAQUINARIAS, EQUIPOS Y MOBILIARIOS DE OTRAS INSTALACIONES",M,KOHLER,MAGNUM 12,N/S M9-480-09 5,,3919490149,,,,,,,,ERROR DE CODIFICACION - VIBRADOR ,04/03/2023 18:06:40,,U,DELIA RUTH QUISPE SONCCO,4
98,3,,675080890040,MEZCLADORA DE CONCRETO TIPO TROMPO,SANEAR,31/12/2021,1,1503.020999,"MAQUINARIAS, EQUIPOS Y MOBILIARIOS DE OTRAS INSTALACIONES",M,KHOLER,L512T,,,3622302645,,,,,,,,,,,U,,
99,3,3,675080890046,MEZCLADORA DE CONCRETO TIPO TROMPO,O/C Nª 000110,29/05/2012,6593,1503.020999,"MAQUINARIAS, EQUIPOS Y MOBILIARIOS DE OTRAS INSTALACIONES",M,DYNAMIC KOHLER,DYNAMIC KOHLER,,,M11-368-12/426900289,,,,,,,,RECODIFICAR - VIBRADOR,04/03/2023 18:07:48,,U,DELIA RUTH QUISPE SONCCO,4
100,3,3,675080890070,MEZCLADORA DE CONCRETO TIPO TROMPO,SANEAR,31/12/2021,1,1503.020999,"MAQUINARIAS, EQUIPOS Y MOBILIARIOS DE OTRAS INSTALACIONES",M,KOHLER,MAGNUM 12,HP 12,,1707,,,,,,,,ERROR DE MODIFICACION - VIBRADOR,04/03/2023 18:06:15,,U,DELIA RUTH QUISPE SONCCO,4
101,3,3,675080890073,MEZCLADORA DE CONCRETO TIPO TROMPO,SANEAR,31/12/2021,1,1503.020999,"MAQUINARIAS, EQUIPOS Y MOBILIARIOS DE OTRAS INSTALACIONES",M,HONDA,,,NARANJA,871030,,,,,,,,,05/03/2023 11:29:17,,U,DELIA RUTH QUISPE SONCCO,4
102,3,3,675080890074,MEZCLADORA DE CONCRETO TIPO TROMPO,SANEAR,31/12/2021,1,1503.020999,"MAQUINARIAS, EQUIPOS Y MOBILIARIOS DE OTRAS INSTALACIONES",M,HONDA,,,NARANJA,,,,,,,,,,05/03/2023 11:30:44,,U,DELIA RUTH QUISPE SONCCO,4
103,3,,675080890075,MEZCLADORA DE CONCRETO TIPO TROMPO,O/C Nª 41,25/07/2008,8930,1503.020999,"MAQUINARIAS, EQUIPOS Y MOBILIARIOS DE OTRAS INSTALACIONES",M,IMETSA,GX390,,,389CM3,,,,,,,,,,,U,,
104,3,32,675080890086,MEZCLADORA DE CONCRETO TIPO TROMPO,O/C Nª 456,21/12/2016,7500,1503.020999,"MAQUINARIAS, EQUIPOS Y MOBILIARIOS DE OTRAS INSTALACIONES",R,DYNAMIC HONDA,GX390,TROMPO,,,,,,,,,,,05/03/2023 11:35:24,,U,,
105,3,58,675080890093,MEZCLADORA DE CONCRETO TIPO TROMPO,O/C Nª 492,30/12/2016,4000,1503.020999,"MAQUINARIAS, EQUIPOS Y MOBILIARIOS DE OTRAS INSTALACIONES",R,DYNAMIC HONDA,SUI7OF,TROMPO,ANARANJADO,1604050971,,,,,,,,,14/03/2023 09:44:18,,U,,
106,3,58,675080890094,MEZCLADORA DE CONCRETO TIPO TROMPO,O/C Nª 492,30/12/2016,4000,1503.020999,"MAQUINARIAS, EQUIPOS Y MOBILIARIOS DE OTRAS INSTALACIONES",R,DYNAMIC HONDA,SUI7OF,TROMPO,ANARANJADO,1604050869,,,,,,,,,14/03/2023 09:47:04,,U,,
107,3,58,675080890095,MEZCLADORA DE CONCRETO TIPO TROMPO,O/C Nª 492,30/12/2016,4000,1503.020999,"MAQUINARIAS, EQUIPOS Y MOBILIARIOS DE OTRAS INSTALACIONES",R,DYNAMIC HONDA,SUI7OF,TROMPO,ANARANJADO,1604050999,,,,,,,,,15/03/2023 20:26:23,,U,KEVIN MIDGUAR ARCE TAIRO,3
108,3,3,678263500001,MONTACARGA,SANEAR,31/12/2021,1,1503.0101,VEHICULOS PARA TRANSPORTE TERRESTRE,M,TRUCK,FORKLIFT,,BLANCO/ANARANJ0,,,0,1,1,,0,,,05/03/2023 11:53:51,,U,DELIA RUTH QUISPE SONCCO,4
109,3,3,672275420001,MOTOBOMBA,O/C N°000439,27/07/1995,1582,1503.020906,EQUIPOS PARA VEHICULOS,M,HIDROSTAL,,,AZUL,8103766,,,,,,,,,04/03/2023 18:03:23,,U,DELIA RUTH QUISPE SONCCO,4
110,3,3,672275420002,MOTOBOMBA,O/C N°0611,28/09/1996,6595.64,1503.020906,EQUIPOS PARA VEHICULOS,M,HONDA,JOPCO,JOPCO,ROJO/NEGRO,2519101993,,,,,,,,,05/03/2023 13:46:59,,U,DELIA RUTH QUISPE SONCCO,4
111,3,3,672275420003,MOTOBOMBA,O/C N°0611,28/09/1996,6595.64,1503.020906,EQUIPOS PARA VEHICULOS,M,KHOLER,MAGNUM 12P,JOPCO,ROJO/NEGRO,2519101975,,,,,,,,,05/03/2023 13:47:07,,U,DELIA RUTH QUISPE SONCCO,4
112,3,3,672275420008,MOTOBOMBA,O/C N°3-00030,12/05/2010,3250,1503.020906,EQUIPOS PARA VEHICULOS,M,HONDA,GX390,JOPCO,ROJO/NEGRO/BLAO,GCAET1540460,,,,,,,,,05/03/2023 13:47:10,,U,DELIA RUTH QUISPE SONCCO,4
113,3,3,672275420014,MOTOBOMBA,O/C N°6-00026,23/11/2009,2500,1503.020906,EQUIPOS PARA VEHICULOS,M,HONDA,OHV,,ROJO,GCADT1181630,,,,,,,,,05/03/2023 13:47:16,,U,DELIA RUTH QUISPE SONCCO,4
114,3,3,672275420015,MOTOBOMBA,O/C N°000805,15/11/2013,2870,1503.020906,EQUIPOS PARA VEHICULOS,M,HONDA,GX390,JOPCO,ROJO/BLANCO,GCAET-1585517,,,,,,,,,04/03/2023 18:04:28,,U,DELIA RUTH QUISPE SONCCO,4
115,3,3,672275420017,MOTOBOMBA,O/C N°00178,7/07/2011,1980,1503.020906,EQUIPOS PARA VEHICULOS,M,MEBA,CARACOL,JOPCO,ROJO,T1010020023285,,,,,,,,,04/03/2023 18:04:33,,U,DELIA RUTH QUISPE SONCCO,4
116,3,3,672275420020,MOTOBOMBA,O/C N°000313,11/06/2013,3170,1503.020906,EQUIPOS PARA VEHICULOS,M,HONDA,GX 390,,BLANCO/ROJO/NEO,GCAFH-0304714,,,,,,,,,04/03/2023 17:59:40,,U,DELIA RUTH QUISPE SONCCO,4
117,3,3,672275420024,MOTOBOMBA,O/C N°000401,11/12/2012,1310,1503.020906,EQUIPOS PARA VEHICULOS,M,HONDA,GX 390,AXEL,ROJO/NEGRO/PLOO,GCAFH-0296353,,,,,,,,,04/03/2023 18:01:04,,U,DELIA RUTH QUISPE SONCCO,4
118,3,3,672275420025,MOTOBOMBA,O/C N°000499,22/07/2013,3450,1503.020906,EQUIPOS PARA VEHICULOS,M,HONDA,GX 390,AXEL,ROJO/NEGRO/PLOO,GCAFH-0313868,,,,,,,,,04/03/2023 18:07:54,,U,DELIA RUTH QUISPE SONCCO,4
119,3,3,672275420026,MOTOBOMBA,O/C N°000446,10/07/2013,3997.5,1503.020906,EQUIPOS PARA VEHICULOS,M,AXEL HONDA,GX 390H1QH2,,ROJO/NEGRO/PLOM,GCAFH-0313873,,,,,,,,,04/03/2023 18:00:15,,U,DELIA RUTH QUISPE SONCCO,4
120,3,,672275420029,MOTOBOMBA,O/C N°000499,22/07/2013,2020,1503.020906,EQUIPOS PARA VEHICULOS,R,HONDA,,,ROJO/BLANCO,1043182,,,,,,,,,,,U,,
121,3,3,672275420031,MOTOBOMBA,O/C N°000523,23/07/2013,3100,1503.020906,EQUIPOS PARA VEHICULOS,M,JOSPAC,H1/4/13A,J1-SP100,ROJO/BLANCO/NEG,324363,,,,,,,,,05/03/2023 13:43:25,,U,DELIA RUTH QUISPE SONCCO,4
122,3,,672275420033,MOTOBOMBA,O/C N°000792,12/11/2013,4695,1503.020906,EQUIPOS PARA VEHICULOS,R,HONDA,GX390,,ROJO/BLANCO,1511180402,,,,,,,,,,,U,,
123,3,3,678281500002,MOTOCAR,O/C N°435,8/07/2013,6350,1503.0101,VEHICULOS PARA TRANSPORTE TERRESTRE,M,YADE,250 ZH,,ROJO,,,,,,,,,,04/03/2023 17:32:23,,U,DELIA RUTH QUISPE SONCCO,4
124,3,3,678281500004,MOTOCAR,O/C N°000630,27/08/2013,7200,1503.0101,VEHICULOS PARA TRANSPORTE TERRESTRE,M,SUNSHINE,250 ZH,,ANARANJADO,,,,,,,,,,04/03/2023 17:32:50,,U,DELIA RUTH QUISPE SONCCO,4
125,3,3,678281500005,MOTOCAR,O/C N°000630,27/08/2013,7200,1503.0101,VEHICULOS PARA TRANSPORTE TERRESTRE,M,SUNSHINE,250 ZH,,AZUL,,,,,,,,,,04/03/2023 17:32:57,,U,DELIA RUTH QUISPE SONCCO,4
126,3,3,678268000002,MOTOCICLETA,SANEAR,31/12/2021,1,1503.0101,VEHICULOS PARA TRANSPORTE TERRESTRE,M,HONDA,XL-125S,MH-6907 PLACA,ROJO,,,,,,,,,,04/03/2023 17:35:48,,U,DELIA RUTH QUISPE SONCCO,4
127,3,3,678268000003,MOTOCICLETA,O/C N°2,30/03/2006,12800,1503.0101,VEHICULOS PARA TRANSPORTE TERRESTRE,M,HONDA,XL-200,MU-5398 PLACA ),ROJO,,,-7421,,,,2015,,,04/03/2023 17:35:53,,U,DELIA RUTH QUISPE SONCCO,4
128,3,3,678268000006,MOTOCICLETA,O/C N°252,12/08/2004,11246,1503.0101,VEHICULOS PARA TRANSPORTE TERRESTRE,M,HONDA,XL-200,MU-4751; XL125S,ROJO,,,,MD28E94202267,9C2MD28974R202267,,2004,,,04/03/2023 17:35:57,,U,DELIA RUTH QUISPE SONCCO,4
129,3,58,678268000010,MOTOCICLETA,O/C N°00112,9/06/2011,12316.5,1503.0101,VEHICULOS PARA TRANSPORTE TERRESTRE,M,HONDA,XL-250,N.P,ROJO,,,,,,,,,,15/03/2023 20:23:35,9C2MD2894DR200649,U,KEVIN MIDGUAR ARCE TAIRO,3
130,3,3,678268000026,MOTOCICLETA,O/C N°00182,27/12/2017,4800,1503.0101,VEHICULOS PARA TRANSPORTE TERRESTRE,M,RONCO,X - PLORER 2005,,NEGRO/BLANCO,,,,163FML8H700303,LY4YCMLEOHOA41559,,2017,,,04/03/2023 17:36:06,,U,DELIA RUTH QUISPE SONCCO,4
131,3,3,678268000029,MOTOCICLETA,SANEAR,31/12/2021,1,1503.0101,VEHICULOS PARA TRANSPORTE TERRESTRE,M,HONDA,XL-200,MOTO LINEAL,ROJO,,,,,,,,,,04/03/2023 17:36:14,,U,DELIA RUTH QUISPE SONCCO,4
132,3,3,672276900005,MOTOR COLGANTE,SANEAR,31/12/2021,1,1503.020906,EQUIPOS PARA VEHICULOS,M,FARYMANN,95A430,DIESEL,PLOMO,KII-841122,,,,,,,,,04/03/2023 17:49:43,,U,DELIA RUTH QUISPE SONCCO,4
133,3,3,672279880001,MOTORES ESTACIONARIOS Y MARINOS,SANEAR,31/12/2021,1,1503.020906,EQUIPOS PARA VEHICULOS,M,DONG FENG,4135AN,,ANARANJADO,8310040,,,,,,,,,04/03/2023 17:48:47,,U,DELIA RUTH QUISPE SONCCO,4
134,3,,746483900089,SILLA GIRATORIA DE METAL,O/C Nº 000047,7/02/2013,200,1503.020102,MOBILIARIO DE OFICINA,M,,FUNDA,,NEGRO,,,,,,,,,,,,U,,
135,3,3,746488310010,SILLON GIRATORIO (OTROS),O/C Nº 6-00127,30/09/2010,290,1503.020102,MOBILIARIO DE OFICINA,M,,GRADUABLE,,NEGRO,,,,,,,,,,05/03/2023 11:33:25,,U,DELIA RUTH QUISPE SONCCO,4
136,3,3,746489330002,SILLON GIRATORIO DE METAL,O/C Nº 0901,30/12/1996,370,1503.020102,MOBILIARIO DE OFICINA,M,PATA ASPA,FUNDA,,CAFÉ,,,,,,,,,,04/03/2023 17:25:40,,U,DELIA RUTH QUISPE SONCCO,4
137,3,,672295930003,TALADRO ELECTRICO PORTATIL,O/C Nº 551,31/12/2001,1220,1503.020906,EQUIPOS PARA VEHICULOS,R,,2512-1,,,863980,,,,,,,,,,,U,,
138,3,,672295930004,TALADRO ELECTRICO PORTATIL,O/C Nº 20,26/03/2019,250,1503.020906,EQUIPOS PARA VEHICULOS,B,BICK DEKER,ED 121,TALADRO HIDRAÚO,,,,,,,,,,,,,U,,
139,3,3,673692590001,TRACTOR ORUGA,SANEAR,31/12/2021,1,1503.020999,"MAQUINARIAS, EQUIPOS Y MOBILIARIOS DE OTRAS INSTALACIONES",M,DONG FENG,6135AK-2,,,SG08676,,,,,,,, TRACTOR ORUGA- MOTOR EN ALMACEN GENERAL,05/03/2023 12:17:16,,U,DELIA RUTH QUISPE SONCCO,4
140,3,3,675099500001,VIBRADOR DE CONCRETO,SANEAR,31/12/2021,1,1503.020999,"MAQUINARIAS, EQUIPOS Y MOBILIARIOS DE OTRAS INSTALACIONES",M,RODEO,,,NARANJA,18350119,,,,,,,,PERTECE 3,04/03/2023 18:03:14,,U,DELIA RUTH QUISPE SONCCO,4
141,3,3,675099500002,VIBRADOR DE CONCRETO,SANEAR,31/12/2021,1,1503.020999,"MAQUINARIAS, EQUIPOS Y MOBILIARIOS DE OTRAS INSTALACIONES",M,HONDA DYNAMIC,G200,,,9328224,,,,,,,,,04/03/2023 18:00:51,,U,DELIA RUTH QUISPE SONCCO,4
142,3,3,675099500006,VIBRADOR DE CONCRETO,O/C Nº 76,30/06/2006,2550,1503.020999,"MAQUINARIAS, EQUIPOS Y MOBILIARIOS DE OTRAS INSTALACIONES",M,BRIGGS STRATTON,,6.5 HP,,407172439,,,,,,,,,04/03/2023 18:01:36,,U,DELIA RUTH QUISPE SONCCO,4
143,3,3,675099500008,VIBRADOR DE CONCRETO,O/C Nº 146,5/11/2008,2680,1503.020999,"MAQUINARIAS, EQUIPOS Y MOBILIARIOS DE OTRAS INSTALACIONES",M,,,,,9314460,,,,,,,,,04/03/2023 18:02:00,,U,DELIA RUTH QUISPE SONCCO,4
144,3,3,675099500010,VIBRADOR DE CONCRETO,O/C Nº 27,27/05/2009,2939,1503.020999,"MAQUINARIAS, EQUIPOS Y MOBILIARIOS DE OTRAS INSTALACIONES",M,HONDA,GX160,,,9331933,,,,,,,,,04/03/2023 18:01:40,,U,DELIA RUTH QUISPE SONCCO,4
145,3,3,675099500011,VIBRADOR DE CONCRETO,O/C Nº 27,27/05/2009,2939,1503.020999,"MAQUINARIAS, EQUIPOS Y MOBILIARIOS DE OTRAS INSTALACIONES",M,HONDA,GX160,,,,,,,,,,,,05/03/2023 14:45:16,,U,DELIA RUTH QUISPE SONCCO,4
146,3,3,675099500013,VIBRADOR DE CONCRETO,O/C Nº 6-00026,23/11/2009,3900,1503.020999,"MAQUINARIAS, EQUIPOS Y MOBILIARIOS DE OTRAS INSTALACIONES",M,KOHLER,,,,3925000059,,,,,,,,,04/03/2023 18:05:10,,U,DELIA RUTH QUISPE SONCCO,4
147,3,3,675099500014,VIBRADOR DE CONCRETO,O/C Nº 0-00084,31/03/2010,2709,1503.020999,"MAQUINARIAS, EQUIPOS Y MOBILIARIOS DE OTRAS INSTALACIONES",M,HONDA,GX160,3683169,,,,,,,,,,,04/03/2023 18:04:14,,U,DELIA RUTH QUISPE SONCCO,4
148,3,3,675099500016,VIBRADOR DE CONCRETO,O/C Nº 8-00116,23/04/2010,2939,1503.020999,"MAQUINARIAS, EQUIPOS Y MOBILIARIOS DE OTRAS INSTALACIONES",M,HONDA DYNAMIC,GX160,ROJO/BLANCO,,GCABT3736629-J308,,,,,,,,,05/03/2023 14:46:52,,U,DELIA RUTH QUISPE SONCCO,4
149,3,3,675099500018,VIBRADOR DE CONCRETO,O/C Nº 6-00025,27/01/2010,2712,1503.020999,"MAQUINARIAS, EQUIPOS Y MOBILIARIOS DE OTRAS INSTALACIONES",M,HONDA DYNAMIC,V38TBG/GX16 00B,,,3736675,,,,,,,,,04/03/2023 18:00:59,,U,DELIA RUTH QUISPE SONCCO,4
150,3,3,675099500019,VIBRADOR DE CONCRETO,O/C Nº 6-00031,5/04/2010,2712,1503.020999,"MAQUINARIAS, EQUIPOS Y MOBILIARIOS DE OTRAS INSTALACIONES",M,HONDA DYNAMIC,GX160,,,,,,,,,,,,04/03/2023 18:02:35,,U,DELIA RUTH QUISPE SONCCO,4
151,3,3,675099500021,VIBRADOR DE CONCRETO,O/C Nº 00178,7/07/2011,1890,1503.020999,"MAQUINARIAS, EQUIPOS Y MOBILIARIOS DE OTRAS INSTALACIONES",M,HONDA,GX160,GCAAH,,2404331,,,,,,,,,04/03/2023 18:02:09,,U,DELIA RUTH QUISPE SONCCO,4
152,3,3,675099500024,VIBRADOR DE CONCRETO,O/C Nº 000059,10/04/2012,1950,1503.020999,"MAQUINARIAS, EQUIPOS Y MOBILIARIOS DE OTRAS INSTALACIONES",M,HONDA,GX200,,,9378186,,,,,,,,,04/03/2023 18:03:01,,U,DELIA RUTH QUISPE SONCCO,4
153,3,3,675099500025,VIBRADOR DE CONCRETO,O/C Nº 456,21/12/2016,2500,1503.020999,"MAQUINARIAS, EQUIPOS Y MOBILIARIOS DE OTRAS INSTALACIONES",M,HONDA DYNAMIC,GX160,H1QAB3,NEGRO,CGAAH-3304447/445,,,,,,,,,04/03/2023 18:04:07,,U,DELIA RUTH QUISPE SONCCO,4
154,3,,675099500026,VIBRADOR DE CONCRETO,O/C Nº 000446,10/07/2013,2117,1503.020999,"MAQUINARIAS, EQUIPOS Y MOBILIARIOS DE OTRAS INSTALACIONES",M,HONDA DYNAMIC,GX160,H1QAB1,,GCABT-4464226,,,,,,,,,22/03/2023 12:26:06,,U,KEVIN MIDGUAR ARCE TAIRO,3
155,3,3,675099500027,VIBRADOR DE CONCRETO,O/C Nº 000447,10/07/2013,1450,1503.020999,"MAQUINARIAS, EQUIPOS Y MOBILIARIOS DE OTRAS INSTALACIONES",M,KOHLER,,H1QAB1     ACIC,,196CC,,,,,,,,,04/03/2023 18:03:05,,U,DELIA RUTH QUISPE SONCCO,4
156,3,3,675099500028,VIBRADOR DE CONCRETO,O/C Nº 000447,10/07/2013,1450,1503.020999,"MAQUINARIAS, EQUIPOS Y MOBILIARIOS DE OTRAS INSTALACIONES",M,KOHLER,SH26500011,ACIMAC,,4224912408,,,,,,,,,04/03/2023 18:01:28,,U,DELIA RUTH QUISPE SONCCO,4
157,3,3,675099500029,VIBRADOR DE CONCRETO,O/C Nº 000792,12/11/2013,1650,1503.020999,"MAQUINARIAS, EQUIPOS Y MOBILIARIOS DE OTRAS INSTALACIONES",M,KOHLER,GX270,DYNAMIC HONDA,,4236201788/196CC,,,,,,,,,04/03/2023 17:51:23,,U,DELIA RUTH QUISPE SONCCO,4
158,3,3,675099500032,VIBRADOR DE CONCRETO,O/C Nº 3-00022,23/04/2010,2939,1503.020999,"MAQUINARIAS, EQUIPOS Y MOBILIARIOS DE OTRAS INSTALACIONES",M,HONDA,GCABT 3706448,,,3706448,,,,,,,,,04/03/2023 18:02:40,,U,DELIA RUTH QUISPE SONCCO,4
159,4,,740832000004,IMPRESORA (OTRAS),O/C N° 000451,29/12/2021,1350,1503.020301,EQUIPOS COMPUTACIONALES Y PERIFERICOS,M,EPSON,,,,,,,,,,,,,,,U,,
160,4,4,746406600016,ARMARIO DE METAL,SANEAR,31/12/2021,1,1503.020102,MOBILIARIO DE OFICINA,R,,5 NIV RANURADO,,BLANCO,,1.92X1.14X0.31,,,,,,,ELIMINAR,10/03/2023 17:01:16,,U,KEVIN MIDGUAR ARCE TAIRO,3
161,4,6,746437120023,ESCRITORIO DE MADERA,SANEAR,31/12/2021,1,1503.020102,MOBILIARIO DE OFICINA,M,,,,CAFE,,,,,,,,,,04/03/2023 11:50:10,,U,DELIA RUTH QUISPE SONCCO,4
162,4,4,746441180003,ESTANTE DE MADERA,O/C Nº 8-00166,25/05/2010,150,1503.020102,MOBILIARIO DE OFICINA,R,,,,CAFÉ,,1.12X0.41X1.48,,,,,,,,10/03/2023 16:53:47,,U,KEVIN MIDGUAR ARCE TAIRO,3
163,4,4,746441180006,ESTANTE DE MADERA,O/C Nº 8-00166,25/05/2010,150,1503.020102,MOBILIARIO DE OFICINA,R,,VITRINA 2 PUERT 3 DIVS,,CAFÉ,,1.0X0.37X1.58,,,,,,,,10/03/2023 16:57:28,,U,KEVIN MIDGUAR ARCE TAIRO,3
164,4,4,746441180013,ESTANTE DE MADERA,SANEAR,31/12/2021,1,1503.020102,MOBILIARIO DE OFICINA,M,,,,CAFÉ,,4x1.90x0.35,,,,,,,,13/03/2023 10:35:25,,U,KEVIN MIDGUAR ARCE TAIRO,3
165,4,4,746441860008,ESTANTE DE METAL,SANEAR,31/12/2021,1,1503.020102,MOBILIARIO DE OFICINA,R,,5 NIV RANURADO,,PLOMO,,,,,,,,,ELIMINAR,10/03/2023 16:49:50,,U,KEVIN MIDGUAR ARCE TAIRO,3
166,4,4,746441860009,ESTANTE DE METAL,SANEAR,31/12/2021,1,1503.020102,MOBILIARIO DE OFICINA,R,,4 NIV RANURADO,,BLANCO,,1.14X0.30X1.92,,,,,,,ELIMINAR,10/03/2023 17:11:56,,U,KEVIN MIDGUAR ARCE TAIRO,3
167,4,4,746441860011,ESTANTE DE METAL,SANEAR,31/12/2021,1,1503.020102,MOBILIARIO DE OFICINA,R,,RANURADO,,PLOMO,,1.14X0.30X2.40,,,,,,,ELIMINAR,10/03/2023 16:57:03,,U,KEVIN MIDGUAR ARCE TAIRO,3
168,4,4,746441860013,ESTANTE DE METAL,SANEAR,31/12/2021,1,1503.020102,MOBILIARIO DE OFICINA,R,,4 NIV RANURADO,,BLANCO,,1.14X0.30X1.92,,,,,,,ELIMINAR,10/03/2023 17:09:20,,U,KEVIN MIDGUAR ARCE TAIRO,3
169,4,4,746441860014,ESTANTE DE METAL,SANEAR,31/12/2021,1,1503.020102,MOBILIARIO DE OFICINA,R,,5 NIV RANURADO,,PLOMO/BLANCO,,1.14X0.30X2.40,,,,,,,ELIMINAR,10/03/2023 16:56:33,,U,KEVIN MIDGUAR ARCE TAIRO,3
170,4,4,746441860030,ESTANTE DE METAL,O/C Nº 200,1/08/2012,280,1503.020102,MOBILIARIO DE OFICINA,R,,6 NIV RANURADO,,PLOMO,,1.14X0.30X2.20,,,,,,,ELIMINAR,10/03/2023 17:07:53,,U,KEVIN MIDGUAR ARCE TAIRO,3
171,4,4,746441860031,ESTANTE DE METAL,SANEAR,31/12/2021,1,1503.020102,MOBILIARIO DE OFICINA,R,,5 NIV RANURADO,,BLANCO,,1.14X0.30X2.25,,,,,,,ELIMINAR,10/03/2023 17:07:24,,U,KEVIN MIDGUAR ARCE TAIRO,3
172,4,4,746441860032,ESTANTE DE METAL,O/C Nº 200,31/12/2021,1,1503.020102,MOBILIARIO DE OFICINA,R,,6 NIV RANURADO,,PLOMO,,1.14X0.31X2.19,,,,,,,ELIMINAR,10/03/2023 17:06:51,,U,KEVIN MIDGUAR ARCE TAIRO,3
173,4,4,746441860033,ESTANTE DE METAL,SANEAR,31/12/2021,1,1503.020102,MOBILIARIO DE OFICINA,R,,5 NIV RANURADO,,BLANCO,,1.14X0.30X2.25,,,,,,,ELIMINAR,10/03/2023 17:07:39,,U,KEVIN MIDGUAR ARCE TAIRO,3
174,4,4,746441860035,ESTANTE DE METAL,O/C Nº 200,1/08/2012,280,1503.020102,MOBILIARIO DE OFICINA,R,,6 NIV RANURADO,,PLOMO,,1.14X0.31X2.19,,,,,,,ELIMINAR,10/03/2023 17:06:29,,U,KEVIN MIDGUAR ARCE TAIRO,3
175,4,4,746441860036,ESTANTE DE METAL,O/C Nº 200,1/08/2012,280,1503.020102,MOBILIARIO DE OFICINA,R,,6 NIV RANURADO,,PLOMO,,1.14X0.30X2.25,,,,,,,ELIMINAR,10/03/2023 17:07:08,,U,KEVIN MIDGUAR ARCE TAIRO,3
176,4,4,746441860038,ESTANTE DE METAL,SANEAR,31/12/2021,1,1503.020102,MOBILIARIO DE OFICINA,R,,6 NIV RANURADO,,BLANCO,,1.14X0.29X2.39,,,,,,,ELIMINAR,10/03/2023 17:06:01,,U,KEVIN MIDGUAR ARCE TAIRO,3
177,4,4,746441860051,ESTANTE DE METAL,SANEAR,31/12/2021,1,1503.020102,MOBILIARIO DE OFICINA,R,,5 NIV RANURADO,,BLANCO,,1.92X1.14X0.31,,,,,,,ELIMINAR,10/03/2023 17:01:55,,U,KEVIN MIDGUAR ARCE TAIRO,3
178,4,4,746441860052,ESTANTE DE METAL,SANEAR,31/12/2021,1,1503.020102,MOBILIARIO DE OFICINA,R,,4 NIV RANURADO,,BLANCO,,1.13X0.30X1.92,,,,,,,ELIMINAR,10/03/2023 17:08:09,,U,KEVIN MIDGUAR ARCE TAIRO,3
179,4,4,746441860055,ESTANTE DE METAL,SANEAR,31/12/2021,1,1503.020102,MOBILIARIO DE OFICINA,R,,5 NIV RANURADO,,BLANCO,,1.92X1.14X0.31,,,,,,,ELIMINAR,10/03/2023 17:02:28,,U,KEVIN MIDGUAR ARCE TAIRO,3
180,4,4,746441860056,ESTANTE DE METAL,SANEAR,31/12/2021,1,1503.020102,MOBILIARIO DE OFICINA,R,,5 NIV RANURADO,,BLANCO,,1.92X1.14X0.31,,,,,,,ELIMINAR,10/03/2023 17:02:53,,U,KEVIN MIDGUAR ARCE TAIRO,3
181,4,4,746441860057,ESTANTE DE METAL,SANEAR,31/12/2021,1,1503.020102,MOBILIARIO DE OFICINA,R,,5 NIVELES/01 DN,,BLANCO/PLOMO,,1.14X0.29X2.05,,,,,,,ELIMINAR,10/03/2023 17:33:22,,U,KEVIN MIDGUAR ARCE TAIRO,3
182,4,4,746441860059,ESTANTE DE METAL,SANEAR,31/12/2021,1,1503.020102,MOBILIARIO DE OFICINA,R,,5 NIV RANURADO,,BLANCO,,1.92X1.14X0.31,,,,,,,ELIMINAR,10/03/2023 17:03:29,,U,KEVIN MIDGUAR ARCE TAIRO,3
183,4,4,746441860060,ESTANTE DE METAL,SANEAR,31/12/2021,1,1503.020102,MOBILIARIO DE OFICINA,R,,5 NIV RANURADO,,PLOMO,,0.91X0.30X1.90,,,,,,,ELIMINAR,10/03/2023 17:00:00,,U,KEVIN MIDGUAR ARCE TAIRO,3
184,4,4,746481190048,SILLA FIJA DE MADERA,O/C Nº 000153,4/07/2012,97,1503.020102,MOBILIARIO DE OFICINA,R,,,,CAFÉ,,0.42X0.43X0.85,,,,,,,,10/03/2023 16:51:09,,U,KEVIN MIDGUAR ARCE TAIRO,3
185,4,4,746482550003,SILLA FIJA DE OTRO MATERIAL,SANEAR,31/12/2021,1,1503.020102,MOBILIARIO DE OFICINA,R,REY,CON CODERAS,,CELESTE,,0.32X0.37X0.77,,,,,,,,10/03/2023 16:50:47,,U,KEVIN MIDGUAR ARCE TAIRO,3
186,5,5,746437120049,ESCRITORIO DE MADERA,O/C Nº 352,14/06/2013,300,1503.020102,MOBILIARIO DE OFICINA,R,,4 GAVETAS,,CAOBA,,0.70X1.20X0.80,,,,,,,,09/03/2023 09:49:56,,U,,
187,5,5,462252150093,ESTABILIZADOR,SANEAR,31/12/2021,1,1503.020904,ELECTRICIDAD Y ELECTRONICA,R,AVR,AVR-10006I,6 ENTRADAS,NEGRO,091106-05201620,,,,,,,,,09/03/2023 09:54:27,,U,,
188,5,5,746441860017,ESTANTE DE METAL,SANEAR,31/12/2021,1,1503.020102,MOBILIARIO DE OFICINA,R,INMEKA SAC,5 DIV RANURADO,,BLANCO/PLOMO,,0.44X1.14X2.40,,,,,,,,09/03/2023 09:52:20,,U,,
189,5,5,740841000024,IMPRESORA LASER,O/C Nº 00242,22/08/2014,412.82,1503.020301,EQUIPOS COMPUTACIONALES Y PERIFERICOS,M,HP,PRO P1102,,NEGRO,BRBSG76F9H,,,,,,,,,09/03/2023 09:55:15,,U,,
190,5,5,746460850010,MODULO DE MADERA PARA MICROCOMPUTADORA,SANEAR,31/12/2021,1,1503.020102,MOBILIARIO DE OFICINA,R,,,,MADERA,,0.83X0.64X1.25,,,,,,,,09/03/2023 09:56:34,,U,,
191,5,5,952258120063,MONITOR (OTROS),O/C N°000460,30/11/2011,845.73,1503.020303,EQUIPOS DE TELECOMUNICACIONES,R,LG,E1960ST,FLATRON,NEGRO,104LTWV0T201,,,,,,,,,09/03/2023 09:56:11,,U,,
192,5,5,952260580025,PARLANTES EN GENERAL (MAYOR A 1/8 UIT),O/C Nº 0-00037,22/02/2010,38.64,1503.020303,EQUIPOS DE TELECOMUNICACIONES,R,HALION,2009,,NEGRO,9.061E+11,,,,,,,,MENOR A 1/8 DE L uit,09/03/2023 09:57:30,,U,,
193,5,27,746481190041,SILLA FIJA DE MADERA,O/C Nº 000295,6/11/2012,94.5,1503.020102,MOBILIARIO DE OFICINA,R,,TAPIZ TELA,,CAFÉ,,0.40X0.42X0.84,,,,,,,,09/03/2023 10:45:44,,U,,
194,5,45,746481870094,SILLA FIJA DE METAL,SANEAR,31/12/2021,1,1503.020102,MOBILIARIO DE OFICINA,R,,TAPIZ MARROQUIN,,NEGRO,,0.42X0.45X0.82,,,,,,,,09/03/2023 11:26:55,,U,KEVIN MIDGUAR ARCE TAIRO,3
195,5,5,746485260011,SILLA PLEGABLE DE METAL,SANEAR,31/12/2021,1,1503.020102,MOBILIARIO DE OFICINA,R,,CROMADO,,NEGRO,,0.42X0.45X0.86,,,,,,,,09/03/2023 09:52:59,,U,,
196,5,,746489330012,SILLON GIRATORIO DE METAL,O/C Nº 000310,15/11/2012,180,1503.020102,MOBILIARIO DE OFICINA,R,,TAPIZ MARROQUIN,,CAFÉ,,0.70X0.70X1.15,,,,,,,,,,U,,
197,5,5,746489330023,SILLON GIRATORIO DE METAL,O/C Nº 30,4/03/2016,510,1503.020102,MOBILIARIO DE OFICINA,R,,RECLINABLE,,NEGRO,,0.60X0.60X1.10,,,,,,,,09/03/2023 09:51:58,,U,,
198,5,5,740895000163,TECLADO - KEYBOARD,SANEAR,31/12/2021,1,1503.020301,EQUIPOS COMPUTACIONALES Y PERIFERICOS,R,GENIUS,KU-0138,,NEGRO,ZCE99I502949 - KB-0E,,,,,,,,,09/03/2023 09:55:40,,U,,
199,5,5,740899500066,UNIDAD CENTRAL DE PROCESO - CPU,O/C Nº 0-00037,22/02/2010,2302.3,1503.020301,EQUIPOS COMPUTACIONALES Y PERIFERICOS,R,MICRONICS,GORETM2,RAM: 26GB,NEGRO,33 BITS,,,,,,,,,09/03/2023 09:54:50,,U,,
200,41,,462200500006,ACUMULADOR DE ENERGIA - EQUIPO DE UPS,SANEAR,31/12/2021,1,1503.020904,ELECTRICIDAD Y ELECTRONICA,R,,,,,,,,,,,,,,,,U,,
201,41,,462200500016,ACUMULADOR DE ENERGIA - EQUIPO DE UPS,O/C Nº 175,19/04/2013,62.22,1503.020904,ELECTRICIDAD Y ELECTRONICA,M,APC RS 550,BECK UPS 550,,NEGRO,3B1250X08593,,,,,,,,,,,U,,
202,41,,462200500018,ACUMULADOR DE ENERGIA - EQUIPO DE UPS,O/C Nº 496,30/12/2016,350,1503.020904,ELECTRICIDAD Y ELECTRONICA,M,APC RS 550,VR-550GI,,NEGRO,3B1250X08588,,,,,,,,,,,U,,
203,41,,462200500031,ACUMULADOR DE ENERGIA - EQUIPO DE UPS,SANEAR,31/12/2021,1,1503.020904,ELECTRICIDAD Y ELECTRONICA,R,,,,,,,,,,,,,,,,U,,
204,41,,462200500033,ACUMULADOR DE ENERGIA - EQUIPO DE UPS,SANEAR,31/12/2021,1,1503.020904,ELECTRICIDAD Y ELECTRONICA,R,,,,,,,,,,,,,,,,U,,
205,41,,462200500034,ACUMULADOR DE ENERGIA - EQUIPO DE UPS,SANEAR,31/12/2021,1,1503.020904,ELECTRICIDAD Y ELECTRONICA,R,,,,,,,,,,,,,,,,U,,
206,41,,462200500035,ACUMULADOR DE ENERGIA - EQUIPO DE UPS,SANEAR,31/12/2021,1,1503.020904,ELECTRICIDAD Y ELECTRONICA,R,,,,,,,,,,,,,,,,U,,
207,41,,462200500036,ACUMULADOR DE ENERGIA - EQUIPO DE UPS,SANEAR,31/12/2021,1,1503.020904,ELECTRICIDAD Y ELECTRONICA,R,,,,,,,,,,,,,,,,U,,
208,41,,462200500037,ACUMULADOR DE ENERGIA - EQUIPO DE UPS,SANEAR,31/12/2021,1,1503.020904,ELECTRICIDAD Y ELECTRONICA,R,APC,,283255,ANARANJADO,,,,,,,,,,,,U,,
209,41,,532201600002,AGITADOR (OTROS),SANEAR,31/12/2021,1,1503.020402,EQUIPO MEDICO,R,,,,,,,,,,,,,,,,U,,
210,41,,602202760001,ALTIMETRO,O/C Nº 020E,13/09/2004,748.6,1503.020905,EQUIPOS E INSTRUMENTOS DE MEDICION,M,SUUNTO,,,PLOMO,,,,,,,,,,,,U,,
211,41,,602202760002,ALTIMETRO,SANEAR,31/12/2021,1,1503.020905,EQUIPOS E INSTRUMENTOS DE MEDICION,M,SUUNTO,,,PLOMO/NEGRO,,,,,,,,,,,,U,,
212,41,,675001050003,AMOLADORA,O/C Nº 20,26/03/2019,300,1503.020999,"MAQUINARIAS, EQUIPOS Y MOBILIARIOS DE OTRAS INSTALACIONES",R,,,ELECTRICO,,,,,,,,,,,15/03/2023 18:18:50,,U,KEVIN MIDGUAR ARCE TAIRO,3
213,41,,952205030001,ANTENA (OTRAS) (MAYOR A 1/8 UIT),VERIFICAR,31/12/2021,1,1503.020303,EQUIPOS DE TELECOMUNICACIONES,R,,,METALICO,PLOMO,,,,,,,,,,,,U,,
214,41,,952205030002,ANTENA (OTRAS) (MAYOR A 1/8 UIT),VERIFICAR,31/12/2021,1,1503.020303,EQUIPOS DE TELECOMUNICACIONES,R,,,METALICO,PLOMO,,,,,,,,,,,,U,,
215,41,,952205030003,ANTENA (OTRAS) (MAYOR A 1/8 UIT),VERIFICAR,31/12/2021,1,1503.020303,EQUIPOS DE TELECOMUNICACIONES,R,,,METALICO,PLOMO,,,,,,,,,,,,U,,
216,41,,952205030004,ANTENA (OTRAS) (MAYOR A 1/8 UIT),VERIFICAR,31/12/2021,1,1503.020303,EQUIPOS DE TELECOMUNICACIONES,R,,,METALICO,PLOMO,,,,,,,,,,,,U,,
217,41,,952205030005,ANTENA (OTRAS) (MAYOR A 1/8 UIT),VERIFICAR,31/12/2021,1,1503.020303,EQUIPOS DE TELECOMUNICACIONES,R,,,METALICO,PLOMO,,,,,,,,,,,,U,,
218,41,,952205030006,ANTENA (OTRAS) (MAYOR A 1/8 UIT),VERIFICAR,31/12/2021,1,1503.020303,EQUIPOS DE TELECOMUNICACIONES,R,,,METALICO,PLOMO,,,,,,,,,,,,U,,
219,41,,952205030007,ANTENA (OTRAS) (MAYOR A 1/8 UIT),VERIFICAR,31/12/2021,1,1503.020303,EQUIPOS DE TELECOMUNICACIONES,R,,,METALICO,PLOMO,,,,,,,,,,,,U,,
220,41,,746403550003,ARCHIVADOR DE MELAMINA,SANEAR,31/12/2021,1,1503.020102,MOBILIARIO DE OFICINA,R,,,,CAFE,,,,,,,,,,,,U,,
221,41,,746403550004,ARCHIVADOR DE MELAMINA,SANEAR,31/12/2021,1,1503.020102,MOBILIARIO DE OFICINA,R,,,,CAFE,,,,,,,,,,,,U,,
222,41,32,746403890003,ARCHIVADOR DE METAL,SANEAR,31/12/2021,1,1503.020102,MOBILIARIO DE OFICINA,R,,4 GAVETAS,,PLOMO/NEGRO,,0.47X0.64X1.33,,,,,,,,07/03/2023 01:54:37,,U,user user user,1
223,41,,746403890013,ARCHIVADOR DE METAL,SANEAR,31/12/2021,1,1503.020102,MOBILIARIO DE OFICINA,R,,4 GAVETAS,,PLOMO/NEGRO,,0.60X0.46X1.34,,,,,,,,,,U,,
224,41,,746403890014,ARCHIVADOR DE METAL,SANEAR,31/12/2021,1,1503.020102,MOBILIARIO DE OFICINA,M,,,,,,,,,,,,,,,,U,,
225,41,18,746405920004,ARMARIO DE MADERA,SANEAR,31/12/2021,1,1503.020102,MOBILIARIO DE OFICINA,R,,3 NIVELES,,BLANCO,,0.40X0.97X1.51,,,,,,,,07/03/2023 01:55:28,,U,user user user,1
226,41,,746406600002,ARMARIO DE METAL,SANEAR,31/12/2021,1,1503.020102,MOBILIARIO DE OFICINA,M,,2 CUERPOS,,,,,,,,,,,,,,U,,
227,41,,746406600014,ARMARIO DE METAL,SANEAR,31/12/2021,1,1503.020102,MOBILIARIO DE OFICINA,M,,,,,,,,,,,,,,,,U,,
228,41,,678202750001,AUTOHORMIGONERA,O/C Nº 423,17/12/2012,209734,1503.0101,VEHICULOS PARA TRANSPORTE TERRESTRE,R,AUSA,X1100RH,CAMION TRANSPOO,NARANJA,,,0,0,0,,0,,,,,U,,
229,41,28,602207380001,BALANZA DIGITAL,SANEAR,31/12/2021,1,1503.020905,EQUIPOS E INSTRUMENTOS DE MEDICION,R,OHAUS,TAJ 602,TAJ 602,CREMA,7131050173,,,,,,,,,10/03/2023 13:02:05,,U,KEVIN MIDGUAR ARCE TAIRO,3
230,41,,602208420004,BALANZA MECANICA,SANEAR,31/12/2021,1,1503.020905,EQUIPOS E INSTRUMENTOS DE MEDICION,M,CORONA,,,VERDE,,,,,,,,,,,,U,,
231,41,57,602208420005,BALANZA MECANICA,SANEAR,31/12/2021,1,1503.020905,EQUIPOS E INSTRUMENTOS DE MEDICION,R,CAMRY,,,BLANCO,,,,,,,,,,15/03/2023 20:00:57,,U,KEVIN MIDGUAR ARCE TAIRO,3
232,41,,602208420006,BALANZA MECANICA,SANEAR,31/12/2021,1,1503.020905,EQUIPOS E INSTRUMENTOS DE MEDICION,M,,,METAL,NEGRO,,,,,,,,,,,,U,,
233,41,,532209720006,BALON INTRA AORTICO,SANEAR,31/12/2021,1,1503.020402,EQUIPO MEDICO,M,,,BALON INTRA AOO,ROJO,,,,,,,,,,,,U,,
234,41,35,602210680029,BOMBA DE SUCCION,SANEAR,31/12/2021,1,1503.020905,EQUIPOS E INSTRUMENTOS DE MEDICION,M,HS-25,,,PLOMO/ROJO,,,,,,,,,,14/03/2023 11:57:58,,U,KEVIN MIDGUAR ARCE TAIRO,3
235,41,35,672208530007,BOMBA FUMIGADORA TIPO MOCHILA,SANEAR,31/12/2021,1,1503.020906,EQUIPOS PARA VEHICULOS,R,TIHL,,,NARANJA/BLANCO,,,,,,,,,,14/03/2023 12:03:10,,U,KEVIN MIDGUAR ARCE TAIRO,3
236,41,,746417450011,CABINA - CASETA,SANEAR,31/12/2021,1,1503.020102,MOBILIARIO DE OFICINA,R,CHINA,,,AMARILLO,,2.70X5.20X2.75,,,,,,,,,,U,,
237,41,,742200500002,CALCULADORA CIENTIFICA,SANEAR,31/12/2021,1,1503.020101,MAQUINAS Y EQUIPOS DE OFICINA,M,,,,,,,,,,,,,,,,U,,
238,41,,742200500011,CALCULADORA CIENTIFICA,SANEAR,31/12/2021,1,1503.020101,MAQUINAS Y EQUIPOS DE OFICINA,M,,,,,,,,,,,,,,,,U,,
239,41,,742200500018,CALCULADORA CIENTIFICA,SANEAR,31/12/2021,1,1503.020101,MAQUINAS Y EQUIPOS DE OFICINA,M,,,,,,,,,,,,,,,,U,,
240,41,6,742203180007,CALCULADORA ELECTRICA,SANEAR,31/12/2021,1,1503.020101,MAQUINAS Y EQUIPOS DE OFICINA,M,CASIO,R7,,BLANCO,222480,,,,,,,,,07/03/2023 01:37:48,,U,user user user,1
241,41,,742203180019,CALCULADORA ELECTRICA,SANEAR,31/12/2021,1,1503.020101,MAQUINAS Y EQUIPOS DE OFICINA,M,OLIVETTI,31PD,,VERDE,51838853,,,,,,,,,,,U,,
242,41,6,742203180026,CALCULADORA ELECTRICA,SANEAR,31/12/2021,1,1503.020101,MAQUINAS Y EQUIPOS DE OFICINA,M,CASIO,,,NEGRO,,,,,,,,,,07/03/2023 01:40:44,,U,user user user,1
243,41,14,746421520001,CAMA DE MADERA,SANEAR,31/12/2021,1,1503.020102,MOBILIARIO DE OFICINA,M,,,,MADERA,,,,,,,,,,13/03/2023 17:25:37,,U,KEVIN MIDGUAR ARCE TAIRO,3
244,41,,952214670001,CAMARA DE VIDEO,SANEAR,31/12/2021,1,1503.020303,EQUIPOS DE TELECOMUNICACIONES,R,,,,,,,,,,,,,,,,U,,
245,41,,952214700001,CAMARA DE VIDEO DIGITAL,O/C Nº 343,13/11/2015,1000,1503.020303,EQUIPOS DE TELECOMUNICACIONES,B,HIKVISION,DS-2CE16DTTT-A3,CAMARA D VIGILA,BLANCO,528315922,,,,,,,,,,,U,,
246,41,,746422200001,CAMAROTE DE MADERA,SANEAR,31/12/2021,1,1503.020102,MOBILIARIO DE OFICINA,M,,CAMA DE METAL,,,,,,,,,,,,,,U,,
247,41,,462213410001,CARGADOR DE BATERIA EN GENERAL,SANEAR,31/12/2021,1,1503.020904,ELECTRICIDAD Y ELECTRONICA,M,TEUNIN,420,2X80A,ROJO,1256381,,,,,,,,,,,U,,
248,41,,462213410002,CARGADOR DE BATERIA EN GENERAL,SANEAR,31/12/2021,1,1503.020904,ELECTRICIDAD Y ELECTRONICA,M,,GCA301072TH,,VERDE,DOBLECON1689,,,,,,,,,,,U,,
249,41,,462213410003,CARGADOR DE BATERIA EN GENERAL,SANEAR,31/12/2021,1,1503.020904,ELECTRICIDAD Y ELECTRONICA,M,NI-NH,DE-RB,,AMARILLO,,,,,,,,,,,,U,,
250,41,,462213410004,CARGADOR DE BATERIA EN GENERAL,SANEAR,31/12/2021,1,1503.020904,ELECTRICIDAD Y ELECTRONICA,R,OKI TELECOM,RP9070,,NEGRO,,,,,,,,,,,,U,,
251,41,,462213410006,CARGADOR DE BATERIA EN GENERAL,SANEAR,31/12/2021,1,1503.020904,ELECTRICIDAD Y ELECTRONICA,M,,,,,,,,,,,,,,,,U,,
252,41,,462213410007,CARGADOR DE BATERIA EN GENERAL,SANEAR,31/12/2021,1,1503.020904,ELECTRICIDAD Y ELECTRONICA,M,,,,,,,,,,,,,,,,U,,
253,41,,462213410008,CARGADOR DE BATERIA EN GENERAL,SANEAR,31/12/2021,1,1503.020904,ELECTRICIDAD Y ELECTRONICA,M,,,,,,,,,,,,,,,,U,,
254,41,,462213410009,CARGADOR DE BATERIA EN GENERAL,SANEAR,31/12/2021,1,1503.020904,ELECTRICIDAD Y ELECTRONICA,M,,,,,,,,,,,,,,,,U,,
255,41,,462213410010,CARGADOR DE BATERIA EN GENERAL,SANEAR,31/12/2021,1,1503.020904,ELECTRICIDAD Y ELECTRONICA,M,,,,,,,,,,,,,,,,U,,
256,41,,462213410011,CARGADOR DE BATERIA EN GENERAL,SANEAR,31/12/2021,1,1503.020904,ELECTRICIDAD Y ELECTRONICA,M,,,,,,,,,,,,,,,,U,,
257,41,,462213410012,CARGADOR DE BATERIA EN GENERAL,SANEAR,31/12/2021,1,1503.020904,ELECTRICIDAD Y ELECTRONICA,M,,,,,,,,,,,,,,,,U,,
258,41,,462213410013,CARGADOR DE BATERIA EN GENERAL,SANEAR,31/12/2021,1,1503.020904,ELECTRICIDAD Y ELECTRONICA,M,,,,,,,,,,,,,,,,U,,
259,41,,462213410014,CARGADOR DE BATERIA EN GENERAL,SANEAR,31/12/2021,1,1503.020904,ELECTRICIDAD Y ELECTRONICA,M,,,,,,,,,,,,,,,,U,,
260,41,,462213410015,CARGADOR DE BATERIA EN GENERAL,SANEAR,31/12/2021,1,1503.020904,ELECTRICIDAD Y ELECTRONICA,M,,,,,,,,,,,,,,,,U,,
261,41,,462213410016,CARGADOR DE BATERIA EN GENERAL,SANEAR,31/12/2021,1,1503.020904,ELECTRICIDAD Y ELECTRONICA,M,,,,,,,,,,,,,,,,U,,
262,41,,462213410017,CARGADOR DE BATERIA EN GENERAL,SANEAR,31/12/2021,1,1503.020904,ELECTRICIDAD Y ELECTRONICA,M,,,,,,,,,,,,,,,,U,,
263,41,,462213410018,CARGADOR DE BATERIA EN GENERAL,SANEAR,31/12/2021,1,1503.020904,ELECTRICIDAD Y ELECTRONICA,M,,,,,,,,,,,,,,,,U,,
264,41,,462213410019,CARGADOR DE BATERIA EN GENERAL,SANEAR,31/12/2021,1,1503.020904,ELECTRICIDAD Y ELECTRONICA,M,,,,,,,,,,,,,,,,U,,
265,41,,462213410020,CARGADOR DE BATERIA EN GENERAL,SANEAR,31/12/2021,1,1503.020904,ELECTRICIDAD Y ELECTRONICA,M,,,,,,,,,,,,,,,,U,,
266,41,,462213410021,CARGADOR DE BATERIA EN GENERAL,SANEAR,31/12/2021,1,1503.020904,ELECTRICIDAD Y ELECTRONICA,M,,,,,,,,,,,,,,,,U,,
267,41,,462213410022,CARGADOR DE BATERIA EN GENERAL,SANEAR,31/12/2021,1,1503.020904,ELECTRICIDAD Y ELECTRONICA,M,,,,,,,,,,,,,,,,U,,
268,41,,462213410023,CARGADOR DE BATERIA EN GENERAL,SANEAR,31/12/2021,1,1503.020904,ELECTRICIDAD Y ELECTRONICA,M,,,,,,,,,,,,,,,,U,,
269,41,,462213410024,CARGADOR DE BATERIA EN GENERAL,SANEAR,31/12/2021,1,1503.020904,ELECTRICIDAD Y ELECTRONICA,B,LEICA,TS 06,,NEGRO,,,,,,,,,,,,U,,
270,41,28,322218180001,COCINA A GAS,SANEAR,31/12/2021,1,1503.020902,"ASEO, LIMPIEZA Y COCINA",R,OROGAS,3 ORNILLAS,03 HORNILLAS,PLOMO,,1.21X0.43X0.69,,,,,,,,10/03/2023 16:33:24,,U,KEVIN MIDGUAR ARCE TAIRO,3
271,41,,322225250003,COCINA ELECTRICA,SANEAR,31/12/2021,1,1503.020902,"ASEO, LIMPIEZA Y COCINA",R,PREMIER,,02 HORNILLAS,,,,,,,,,,,,,U,,
272,41,,673616620005,COMPACTADOR VIBRATORIO TIPO PLANCHA,O/C Nª 6-00026,23/11/2009,4200,1503.020999,"MAQUINARIAS, EQUIPOS Y MOBILIARIOS DE OTRAS INSTALACIONES",M,KOHLER,MAGNUM 8,AC67009,,3924000539,,,,,,,,,,,U,,
273,41,,673616620017,COMPACTADOR VIBRATORIO TIPO PLANCHA,SANEAR,31/12/2021,1,1503.020999,"MAQUINARIAS, EQUIPOS Y MOBILIARIOS DE OTRAS INSTALACIONES",R,HONDA,XG270CC,COFERSA,,QH**JH177F,,,COLOR: ROJO/PLOMO,,,,,,,,U,,
274,41,56,673616620018,COMPACTADOR VIBRATORIO TIPO PLANCHA,SANEAR,31/12/2021,1,1503.020999,"MAQUINARIAS, EQUIPOS Y MOBILIARIOS DE OTRAS INSTALACIONES",M,HONDA,GX 270,COFERSA,ROJO/AMARILLO,JH177FGCADH0094830,,,QH**JH177F,,,,,PARA MANTENIMIENTO,15/03/2023 18:31:56,,U,KEVIN MIDGUAR ARCE TAIRO,3
275,41,,673616620022,COMPACTADOR VIBRATORIO TIPO PLANCHA,SANEAR,31/12/2021,1,1503.020999,"MAQUINARIAS, EQUIPOS Y MOBILIARIOS DE OTRAS INSTALACIONES",R,DYNAMIC KOHLER,CH395T,,,PO-397-13 - (423240),,,,,,,,,,,U,,
276,41,58,673616620023,COMPACTADOR VIBRATORIO TIPO PLANCHA,SANEAR,31/12/2021,1,1503.020999,"MAQUINARIAS, EQUIPOS Y MOBILIARIOS DE OTRAS INSTALACIONES",M,DYNAMIC KOHLER,CH395T,227CC,AMARILLO/NEGRO,PC-441-13 - (423202),,,,,,,,,14/03/2023 10:02:29,,D,,
277,41,,673616620024,COMPACTADOR VIBRATORIO TIPO PLANCHA,SANEAR,31/12/2021,1,1503.020999,"MAQUINARIAS, EQUIPOS Y MOBILIARIOS DE OTRAS INSTALACIONES",R,DYNAMIC KOHLER,CH395T,,,4232405738,,,,,,,,,,,U,,
278,41,51,673616620028,COMPACTADOR VIBRATORIO TIPO PLANCHA,O/C N° 000446,10/07/2013,3096,1503.020999,"MAQUINARIAS, EQUIPOS Y MOBILIARIOS DE OTRAS INSTALACIONES",R,DYNAMIC KOHLER,CH395T,,AMARILLO ,4232407148,,,,,,,,,13/03/2023 16:30:04,,U,,
279,41,,673616620032,COMPACTADOR VIBRATORIO TIPO PLANCHA,SANEAR,31/12/2021,1,1503.020999,"MAQUINARIAS, EQUIPOS Y MOBILIARIOS DE OTRAS INSTALACIONES",R,MASALTA,MSH160-4,,,K1604121289,,,,,,,,,,,U,,
280,41,,672227260010,COMPRESORA DE AIRE,SANEAR,31/12/2021,1,1503.020906,EQUIPOS PARA VEHICULOS,M,KAILY,KL-7101,2.5 HP,AZUL,3560 RPM,,,,,,,,,,,U,,
281,41,,740805000016,COMPUTADORA PERSONAL PORTATIL,SANEAR,31/12/2021,1,1503.020301,EQUIPOS COMPUTACIONALES Y PERIFERICOS,B,HP,HP 240 G5,,NEGRO,5CG62743D3,,,,,,,,,,,U,,
282,41,,740805000017,COMPUTADORA PERSONAL PORTATIL,SANEAR,31/12/2021,1,1503.020301,EQUIPOS COMPUTACIONALES Y PERIFERICOS,B,HP,PROBOOK 640 G2,,NEGRO,A5CG6150KMW,,,,,,,,,,,U,,
283,41,,740805000018,COMPUTADORA PERSONAL PORTATIL,SANEAR,31/12/2021,1,1503.020301,EQUIPOS COMPUTACIONALES Y PERIFERICOS,B,HP,PROBOOK 450 G3,,NEGRO,5CD6390DJ2,,,,,,,,,,,U,,
284,41,,532222990002,CONCENTRADOR DE OXIGENO,SANEAR,31/12/2021,1,1503.020402,EQUIPO MEDICO,R,,,,,846251,,,,,,,,,,,U,,
285,41,,532222990004,CONCENTRADOR DE OXIGENO,SANEAR,31/12/2021,1,1503.020402,EQUIPO MEDICO,M,,,,,237943,,,,,,,,,,,U,,
286,41,,532222990005,CONCENTRADOR DE OXIGENO,SANEAR,31/12/2021,1,1503.020402,EQUIPO MEDICO,R,,,,,,,,,,,,,,,,U,,
287,41,,532222990006,CONCENTRADOR DE OXIGENO,SANEAR,31/12/2021,1,1503.020402,EQUIPO MEDICO,R,,,,,,,,,,,,,,,,U,,
288,41,28,602223970002,COPA DE CASA GRANDE - LIMITE LIQUIDO,O/C Nª 114,10/07/2007,952,1503.020905,EQUIPOS E INSTRUMENTOS DE MEDICION,M,SOILTEST-TAMISA,TCPOO5,TCPOO5,PLOMO,950,,,,,,,,,10/03/2023 13:05:16,,U,KEVIN MIDGUAR ARCE TAIRO,3
289,41,28,602230480002,DETERMINADOR DE DENSIDAD,O/C Nª 000037,20/03/2012,490,1503.020905,EQUIPOS E INSTRUMENTOS DE MEDICION,R,FORNEY,,,COBRE,734,,,,,,,,,10/03/2023 13:08:35,,U,KEVIN MIDGUAR ARCE TAIRO,3
290,41,28,602230480003,DETERMINADOR DE DENSIDAD,O/C Nª 000475,16/07/2013,400,1503.020905,EQUIPOS E INSTRUMENTOS DE MEDICION,R,FORNEY,,,COBRE/BLANCO/NO,101,,,,,,,,,10/03/2023 13:10:18,,U,KEVIN MIDGUAR ARCE TAIRO,3
291,41,,602230480006,DETERMINADOR DE DENSIDAD,SANEAR,31/12/2021,1,1503.020905,EQUIPOS E INSTRUMENTOS DE MEDICION,R,,,,,,,,,,,,,,,,U,,
292,41,57,602231050001,DETERMINADOR DE HUMEDAD,O/C Nª 000432,18/12/2012,2500,1503.020905,EQUIPOS E INSTRUMENTOS DE MEDICION,R,PALIO - LEICA,NA 730,EQ. D TELETERMO,AZUL,5655347,,,,,,,,,13/03/2023 10:10:01,,U,,
293,41,,675008200001,DOBLADORA DE TUBOS,SANEAR,31/12/2021,1,1503.020999,"MAQUINARIAS, EQUIPOS Y MOBILIARIOS DE OTRAS INSTALACIONES",R,TRUPPER,,02/07/2015,,,,,,,,,,,,,U,,
294,41,,602234440002,ECLIMETRO,SANEAR,31/12/2021,1,1503.020905,EQUIPOS E INSTRUMENTOS DE MEDICION,M,,,,,,,,,,,,,,,,U,,
295,41,,675009340001,EMPACADORA DE FORRAJE,SANEAR,31/12/2021,1,1503.020999,"MAQUINARIAS, EQUIPOS Y MOBILIARIOS DE OTRAS INSTALACIONES",M,BAMFORD,SUPÉR 95,BL59,,7403-0571,,,,,,,,,,,U,,
296,41,35,462243540002,EQUIPO DE ALARMA Y PROTECCION,O/C Nº 343,13/11/2015,1459,1503.020904,ELECTRICIDAD Y ELECTRONICA,B,LONGHORN SISTEA,,ANTIRROBO,BLANCO/PLOMO,,,,,,,,,,10/03/2023 18:11:18,,U,,
297,41,,952231860008,EQUIPO DE POSICIONAMIENTO - GPS,SANEAR,31/12/2021,1,1503.020303,EQUIPOS DE TELECOMUNICACIONES,B,GARMIN,MONTERA,,,2TG024968,,,,,,,,,,,U,,
298,41,35,952231860014,EQUIPO DE POSICIONAMIENTO - GPS,SANEAR,31/12/2021,1,1503.020303,EQUIPOS DE TELECOMUNICACIONES,R,GARMIN,OREGON 650T,NAVEGADOR,NEGRO/PLOMO,,,,,,,,,,14/03/2023 12:36:52,,U,KEVIN MIDGUAR ARCE TAIRO,3
299,41,,952231860015,EQUIPO DE POSICIONAMIENTO - GPS,SANEAR,31/12/2021,1,1503.020303,EQUIPOS DE TELECOMUNICACIONES,B,GARMIN,,,NEGRO,,,,,,,,,,,,U,,
300,41,,952231860016,EQUIPO DE POSICIONAMIENTO - GPS,SANEAR,31/12/2021,1,1503.020303,EQUIPOS DE TELECOMUNICACIONES,B,GARMIN,,,NEGRO,,,,,,,,,,,,U,,
301,41,,42234770001,EQUIPO DE RIEGO POR ASPERSION,SANEAR,31/12/2021,1,1503.020502,EQUIPO DE USO AGRICOLA Y PESQUERO,M,,,,,,,,,,,,,,,,U,,
302,41,32,672249550003,EQUIPO DE SOLDADURA,SANEAR,31/12/2021,1,1503.020906,EQUIPOS PARA VEHICULOS,M,,,,ROJO,,,,,,,,,,05/03/2023 17:22:09,,U,,
303,41,,742223580022,EQUIPO MULTIFUNCIONAL COPIADORA IMPRESORA SCANNER Y/O FAX,SANEAR,31/12/2021,1,1503.020101,MAQUINAS Y EQUIPOS DE OFICINA,M,CANON,MG-2410,PIXMA,BLANCO,,,,,,,,,,,,U,,
304,41,,742223580029,EQUIPO MULTIFUNCIONAL COPIADORA IMPRESORA SCANNER Y/O FAX,SANEAR,31/12/2021,1,1503.020101,MAQUINAS Y EQUIPOS DE OFICINA,B,,,,,,,,,,,,,,,,U,,
305,41,,742223580035,EQUIPO MULTIFUNCIONAL COPIADORA IMPRESORA SCANNER Y/O FAX,SANEAR,31/12/2021,1,1503.020101,MAQUINAS Y EQUIPOS DE OFICINA,M,KYOCERA,FS-6525MFP,,NEGRO,,,,,,,,,,,,U,,
306,41,35,42240480001,EQUIPO PARA ANALISIS DE SUELOS,O/C Nº 000139,27/03/2013,172571.48,1503.020502,EQUIPO DE USO AGRICOLA Y PESQUERO,M,,,,PLOMO,,,,,,,,,BAJA,14/03/2023 10:30:07,,U,,
307,41,28,42240480002,EQUIPO PARA ANALISIS DE SUELOS,SANEAR,31/12/2021,1,1503.020502,EQUIPO DE USO AGRICOLA Y PESQUERO,R,FORNEY,TAMIZ-200,,PLATEADO,,,,,,,,,ELIMINAR/PROCTOR,10/03/2023 13:11:28,,U,KEVIN MIDGUAR ARCE TAIRO,3
308,41,,42240480010,EQUIPO PARA ANALISIS DE SUELOS,SANEAR,31/12/2021,1,1503.020502,EQUIPO DE USO AGRICOLA Y PESQUERO,R,,,MORTERO PEQUEÑO,BLANCO,,,,,,,,,,,,U,,
309,41,,42240480011,EQUIPO PARA ANALISIS DE SUELOS,SANEAR,31/12/2021,1,1503.020502,EQUIPO DE USO AGRICOLA Y PESQUERO,R,FORNEY,TAMIZ Nª 200,CIRCULAR,BRONCE,200BS8F6250570,,,,,,,,,,,U,,
310,41,,42240480012,EQUIPO PARA ANALISIS DE SUELOS,SANEAR,31/12/2021,1,1503.020502,EQUIPO DE USO AGRICOLA Y PESQUERO,R,FORNEY,TAMIZ Nª 200,CIRCULAR,PLATEDO,,,,,,,,,,,,U,,
311,41,,42240480020,EQUIPO PARA ANALISIS DE SUELOS,SANEAR,31/12/2021,1,1503.020502,EQUIPO DE USO AGRICOLA Y PESQUERO,B,ORION,5.5LBS,,,,,,,,,,,,,,U,,
312,41,,42240480021,EQUIPO PARA ANALISIS DE SUELOS,SANEAR,31/12/2021,1,1503.020502,EQUIPO DE USO AGRICOLA Y PESQUERO,M,,,PROBETA 500ML,,,,,,,,,,,,,U,,
313,41,,42240480028,EQUIPO PARA ANALISIS DE SUELOS,SANEAR,31/12/2021,1,1503.020502,EQUIPO DE USO AGRICOLA Y PESQUERO,R,,PROBETA 25ML,,,,,,,,,,,,,,U,,
314,41,,602237550001,EQUIPO PARA PRUEBA CBR,SANEAR,31/12/2021,1,1503.020905,EQUIPOS E INSTRUMENTOS DE MEDICION,R,FORNEY,,,PLOMO,110,,,,,,,,,,,U,,
315,41,31,746435760003,ESCALERA METALICA,O/C Nº 156,14/06/2016,880,1503.020102,MOBILIARIO DE OFICINA,M,,,,ALUMINIO,,8 PELDAÑOS,,,,,,,,07/03/2023 01:57:35,,U,user user user,1
316,41,,602238120002,ESCLEROMETRO PARA PRUEBA DE CONCRETO,O/C Nº 000470,9/12/2011,3800,1503.020905,EQUIPOS E INSTRUMENTOS DE MEDICION,R,INTERNATIONAL,,,,1M0903,,,,,,,,,,,U,,
317,41,4,746437120003,ESCRITORIO DE MADERA,O/C Nº 199,30/05/1997,230,1503.020102,MOBILIARIO DE OFICINA,M,,,,CAFE,,1.01X0.40X0.7,,,,,,,DUPLICADO 23 /SUELOS,10/03/2023 17:53:42,,U,KEVIN MIDGUAR ARCE TAIRO,3
318,41,,746437120007,ESCRITORIO DE MADERA,SANEAR,31/12/2021,1,1503.020102,MOBILIARIO DE OFICINA,M,,1 PUERTA,,,,,,,,,,,,,,U,,
319,41,,746437120009,ESCRITORIO DE MADERA,SANEAR,31/12/2021,1,1503.020102,MOBILIARIO DE OFICINA,R,,,,CAFÉ,,,,,,,,,,,,U,,
320,41,,746437120010,ESCRITORIO DE MADERA,SANEAR,31/12/2021,1,1503.020102,MOBILIARIO DE OFICINA,R,,,,CAFÉ,,,,,,,,,,,,U,,
321,41,,746437120012,ESCRITORIO DE MADERA,SANEAR,31/12/2021,1,1503.020102,MOBILIARIO DE OFICINA,M,,,,,,,,,,,,,,,,U,,
322,41,,746437120017,ESCRITORIO DE MADERA,SANEAR,31/12/2021,1,1503.020102,MOBILIARIO DE OFICINA,M,,,,,,,,,,,,,,,,U,,
323,41,,746437120026,ESCRITORIO DE MADERA,SANEAR,31/12/2021,1,1503.020102,MOBILIARIO DE OFICINA,M,,,,,,,,,,,,,,,,U,,
324,41,,746437120028,ESCRITORIO DE MADERA,SANEAR,31/12/2021,1,1503.020102,MOBILIARIO DE OFICINA,M,,,,,,,,,,,,,,,,U,,
325,41,4,746437120033,ESCRITORIO DE MADERA,SANEAR,31/12/2021,1,1503.020102,MOBILIARIO DE OFICINA,M,,,,CAFE,,1.26X0.74X0.75,,,,,,,,10/03/2023 17:53:52,,U,KEVIN MIDGUAR ARCE TAIRO,3
326,41,,746437120038,ESCRITORIO DE MADERA,SANEAR,31/12/2021,1,1503.020102,MOBILIARIO DE OFICINA,M,,,,,,,,,,,,,,,,U,,
327,41,,746437120039,ESCRITORIO DE MADERA,SANEAR,31/12/2021,1,1503.020102,MOBILIARIO DE OFICINA,M,,,,,,,,,,,,,,,,U,,
328,41,,746437120044,ESCRITORIO DE MADERA,SANEAR,31/12/2021,1,1503.020102,MOBILIARIO DE OFICINA,M,,,,,,,,,,,,,,,,U,,
329,41,,746437120059,ESCRITORIO DE MADERA,O/C Nº 266,8/09/2015,720,1503.020102,MOBILIARIO DE OFICINA,R,,,,MADERA,,,,,,,,,,,,U,,
330,41,,746437450022,ESCRITORIO DE MELAMINA,SANEAR,31/12/2021,1,1503.020102,MOBILIARIO DE OFICINA,B,,,,,,,,,,,,,,,,U,,
331,41,31,746437790028,ESCRITORIO DE METAL,SANEAR,31/12/2021,1,1503.020102,MOBILIARIO DE OFICINA,M,,,,PLOMO/CAFÉ/NEGO,,,,,,,,,,07/03/2023 02:02:19,,U,user user user,1
332,41,47,746437790043,ESCRITORIO DE METAL,SANEAR,31/12/2021,1,1503.020102,MOBILIARIO DE OFICINA,M,,3 GAVETAS,,BEIGE/NEGRO,,,,,,,,,,09/03/2023 12:49:39,,U,KEVIN MIDGUAR ARCE TAIRO,3
333,41,28,746437790048,ESCRITORIO DE METAL,SANEAR,31/12/2021,1,1503.020102,MOBILIARIO DE OFICINA,R,,4 GAVETAS,,PLOMO,,1.15X0.72X0.74,,,,,,,CODIGO PEGADO DUPLICADO/ILLPA,10/03/2023 16:38:53,,U,KEVIN MIDGUAR ARCE TAIRO,3
334,41,,746437790051,ESCRITORIO DE METAL,SANEAR,31/12/2021,1,1503.020102,MOBILIARIO DE OFICINA,M,,,,NEGRO/CAFÉ,,,,,,,,,,,,U,,
335,41,,672254910002,ESMERIL ELECTRICO,SANEAR,31/12/2021,1,1503.020906,EQUIPOS PARA VEHICULOS,R,KAILI,BENCH GRINGER,,VERDE,PZ0830,,,,,,,,,,,U,,
336,41,,462252150037,ESTABILIZADOR,SANEAR,31/12/2021,1,1503.020904,ELECTRICIDAD Y ELECTRONICA,M,DUAL PLUS,600-DP-4,,BLANCO,,,,,,,,,,,,U,,
337,41,22,462252150052,ESTABILIZADOR,O/C Nº 298,6/11/2012,61.37,1503.020904,ELECTRICIDAD Y ELECTRONICA,R,ELISE,FES 10 FASE,SOLIDO,BLANCO,12050778,,,,,,,,,09/03/2023 12:22:38,,U,,
338,41,35,462252150055,ESTABILIZADOR,O/C Nº 175,19/04/2013,58.56,1503.020904,ELECTRICIDAD Y ELECTRONICA,M,FES,FES10,301,BLANCO,12051696,,,,,,,,,10/03/2023 12:04:38,,D,,
339,41,48,462252150063,ESTABILIZADOR,SANEAR,31/12/2021,1,1503.020904,ELECTRICIDAD Y ELECTRONICA,M,CDP,,,NEGRO,,,,,,,,,,13/03/2023 12:58:31,,U,KEVIN MIDGUAR ARCE TAIRO,3
340,41,45,462252150101,ESTABILIZADOR,SANEAR,31/12/2021,1,1503.020904,ELECTRICIDAD Y ELECTRONICA,M,SOLE,NSB200D1,,BLANCO,,,,,,,,,,09/03/2023 11:23:25,,U,KEVIN MIDGUAR ARCE TAIRO,3
341,41,,462252150108,ESTABILIZADOR,SANEAR,31/12/2021,1,1503.020904,ELECTRICIDAD Y ELECTRONICA,B,,,,,,,,,,,,,,,,U,,
342,41,,462252150109,ESTABILIZADOR,SANEAR,31/12/2021,1,1503.020904,ELECTRICIDAD Y ELECTRONICA,R,AVR,AVR OUTLLEAS,,NEGRO,1.20926E+15,,,,,,,,,,,U,,
343,41,,462252150112,ESTABILIZADOR,SANEAR,31/12/2021,1,1503.020904,ELECTRICIDAD Y ELECTRONICA,R,,,,,,,,,,,,,,,,U,,
344,41,,462252150120,ESTABILIZADOR,SANEAR,31/12/2021,1,1503.020904,ELECTRICIDAD Y ELECTRONICA,M,BELTRON,,CDP,ROJO,,,,,,,,,,,,U,,
345,41,,462252150122,ESTABILIZADOR,SANEAR,31/12/2021,1,1503.020904,ELECTRICIDAD Y ELECTRONICA,R,FX EVOLUTION,FXE-1000,,NEGRO,,,,,,,,,,,,U,,
346,41,,462252150123,ESTABILIZADOR,SANEAR,31/12/2021,1,1503.020904,ELECTRICIDAD Y ELECTRONICA,R,AVR,OUTLETS,,NEGRO,091106*05201619,,,,,,,,,,,U,,
347,41,,462252150124,ESTABILIZADOR,SANEAR,31/12/2021,1,1503.020904,ELECTRICIDAD Y ELECTRONICA,R,,FES-10,,BLANCO,12080793,,,,,,,,,,,U,,
348,41,,462252150125,ESTABILIZADOR,SANEAR,31/12/2021,1,1503.020904,ELECTRICIDAD Y ELECTRONICA,R,CDP,AVR OUTLETS,,NEGRO,1.20926E+15,,,,,,,,,,,U,,
349,41,,462252150127,ESTABILIZADOR,SANEAR,31/12/2021,1,1503.020904,ELECTRICIDAD Y ELECTRONICA,R,ALLIED,SL8320BTX,,PLOMO,,,,,,,,,,,,U,,
350,41,,462252150128,ESTABILIZADOR,SANEAR,31/12/2021,1,1503.020904,ELECTRICIDAD Y ELECTRONICA,R,ALTRON,KY-680ATX,,PLOMO,,,,,,,,,,,,U,,
351,41,48,602240520003,ESTACION TOTAL,O/C Nº 001,10/01/2013,29237,1503.020905,EQUIPOS E INSTRUMENTOS DE MEDICION,R,LEICA,TSO6POWER 2,,VERDE/BLANCO,13527813,,,,,,,,EN CAJA ROJA,13/03/2023 11:41:49,,U,KEVIN MIDGUAR ARCE TAIRO,3
352,41,48,602240520004,ESTACION TOTAL,SANEAR,31/12/2021,1,1503.020905,EQUIPOS E INSTRUMENTOS DE MEDICION,R,LEICA,2440-12,,,1314379,,,,,,,,CAJA ROJA,13/03/2023 13:12:14,,U,KEVIN MIDGUAR ARCE TAIRO,3
353,41,,746440330001,ESTANTE ARCHIVADOR DE MELAMINA,SANEAR,31/12/2021,1,1503.020102,MOBILIARIO DE OFICINA,R,,,,CAFÉ/NEGRO,,,,,,,,,,,,U,,
354,41,,746441180022,ESTANTE DE MADERA,SANEAR,31/12/2021,1,1503.020102,MOBILIARIO DE OFICINA,R,,,,CAFÉ,,,,,,,,,,,,U,,
355,41,,746441180028,ESTANTE DE MADERA,SANEAR,31/12/2021,1,1503.020102,MOBILIARIO DE OFICINA,M,,4 CUERPOS,,,,,,,,,,,,,,U,,
356,41,,746441520003,ESTANTE DE MELAMINA,SANEAR,31/12/2021,1,1503.020102,MOBILIARIO DE OFICINA,B,,,,,,,,,,,,,,,,U,,
357,41,,746441520004,ESTANTE DE MELAMINA,SANEAR,31/12/2021,1,1503.020102,MOBILIARIO DE OFICINA,B,,,,,,,,,,,,,,,,U,,
358,41,,746441520005,ESTANTE DE MELAMINA,SANEAR,31/12/2021,1,1503.020102,MOBILIARIO DE OFICINA,M,,,,,,,,,,,,,,,,U,,
359,41,,746441860004,ESTANTE DE METAL,SANEAR,31/12/2021,1,1503.020102,MOBILIARIO DE OFICINA,R,,,,,,,,,,,,,,,,U,,
360,41,32,746441860005,ESTANTE DE METAL,,31/12/2021,1,1503.020102,MOBILIARIO DE OFICINA,R,,5NIV 1 DIV,,PLOMO,,RANURADO,,,,,,,,05/03/2023 16:45:12,,U,,
361,41,35,746441860010,ESTANTE DE METAL,SANEAR,31/12/2021,1,1503.020102,MOBILIARIO DE OFICINA,R,,5 NIVELES 3DIV,,PLOMO/BLANCO,,ANDAMIO,,,,,,,HASTA AQUI ALMACEN 2,14/03/2023 12:04:40,,U,KEVIN MIDGUAR ARCE TAIRO,3
362,41,,746441860020,ESTANTE DE METAL,SANEAR,31/12/2021,1,1503.020102,MOBILIARIO DE OFICINA,R,,,,PLOMO,,,,,,,,,,,,U,,
363,41,,746441860021,ESTANTE DE METAL,SANEAR,31/12/2021,1,1503.020102,MOBILIARIO DE OFICINA,R,,5 NIVELES,,PLOMO,,1 DIVISION,,,,,,,,,,U,,
364,41,,746441860022,ESTANTE DE METAL,SANEAR,31/12/2021,1,1503.020102,MOBILIARIO DE OFICINA,M,,ANDAMIO,,,,,,,,,,,,,,U,,
365,41,,746441860023,ESTANTE DE METAL,SANEAR,31/12/2021,1,1503.020102,MOBILIARIO DE OFICINA,R,,5 NIVELES,,PLOMO/BLANCO,,,,,,,,,,,,U,,
366,41,,746441860024,ESTANTE DE METAL,SANEAR,31/12/2021,1,1503.020102,MOBILIARIO DE OFICINA,M,,ANDAMIO,,,,,,,,,,,,,,U,,
367,41,,746441860025,ESTANTE DE METAL,SANEAR,31/12/2021,1,1503.020102,MOBILIARIO DE OFICINA,M,,ANDAMIO,,,,,,,,,,,,,,U,,
368,41,,746441860026,ESTANTE DE METAL,SANEAR,31/12/2021,1,1503.020102,MOBILIARIO DE OFICINA,M,,,,PLOMO,,,,,,,,,,,,U,,
369,41,35,746441860061,ESTANTE DE METAL,SANEAR,31/12/2021,1,1503.020102,MOBILIARIO DE OFICINA,R,,4 NIVELES 1 DIV,,PLOMO,,ANDAMIO,,,,,,,,14/03/2023 12:04:30,,U,KEVIN MIDGUAR ARCE TAIRO,3
370,41,,532262380003,ESTUFA,SANEAR,31/12/2021,1,1503.020402,EQUIPO MEDICO,M,,,,ROJO,,,,,,,,,,,,U,,
371,41,,322239390001,ESTUFA ELECTRICA,O/C Nº 440,29/08/1997,253,1503.020902,"ASEO, LIMPIEZA Y COCINA",M,DELONGHI,IMACO,NEA,NEGRO,,,,,,,,,,,,U,,
372,41,,322239390010,ESTUFA ELECTRICA,SANEAR,31/12/2021,1,1503.020902,"ASEO, LIMPIEZA Y COCINA",M,,,,CAFÉ/BLANCO,,,,,,,,,,,,U,,
373,41,51,882225250009,EXTINTOR,SANEAR,31/12/2021,1,1503.020903,SEGURIDAD INDUSTRIAL,M,ABC,,POLVO SECO,ROJO,,,,,,,,,,15/03/2023 16:16:58,,U,KEVIN MIDGUAR ARCE TAIRO,3
374,41,,952238290006,FILMADORA,SANEAR,31/12/2021,1,1503.020303,EQUIPOS DE TELECOMUNICACIONES,M,SONY,DCR-SR42,FILMADORA,PLOMO,950546,,,,,,,,,,,U,,
375,41,,462260760007,FUENTE DE PODER,SANEAR,31/12/2021,1,1503.020904,ELECTRICIDAD Y ELECTRONICA,R,,11-9215,,,,,,,,,,,,,,U,,
376,41,,462260760008,FUENTE DE PODER,SANEAR,31/12/2021,1,1503.020904,ELECTRICIDAD Y ELECTRONICA,R,,,,,,,,,,,,,,,,U,,
377,41,,462260760009,FUENTE DE PODER,SANEAR,31/12/2021,1,1503.020904,ELECTRICIDAD Y ELECTRONICA,R,CYBERLINK,ATX-580W,,PLOMO,,,,,,,,,,,,U,,
378,41,,462260760010,FUENTE DE PODER,SANEAR,31/12/2021,1,1503.020904,ELECTRICIDAD Y ELECTRONICA,M,CYBERTEL,SXZW/500,,PLOMO,,,,,,,,,,,,U,,
379,41,,672263370004,GATA HIDRAULICA DE ALUMINIO PARA RESCATE,SANEAR,31/12/2021,1,1503.020906,EQUIPOS PARA VEHICULOS,R,,,,,8511,,,,,,,,,,,U,,
380,41,,672263820001,GATAS EN GENERAL,O/C Nº 316,30/06/1995,285,1503.020906,EQUIPOS PARA VEHICULOS,M,NIKE,,GATAS EN GENERL,AZUL,,,,,,,,,,,,U,,
381,41,,672263820002,GATAS EN GENERAL,O/C Nº 125,23/06/2015,1850,1503.020906,EQUIPOS PARA VEHICULOS,M,TRUPPER,,,ROJO/NARANJA/PO,,,,,,,,,,,,U,,
382,41,,462261830004,GENERADOR (OTROS),O/C Nº 132,31/12/2021,1,1503.020904,ELECTRICIDAD Y ELECTRONICA,M,HONDA,GX-140,EB-1800X,ROJO,2566835,,,,,,,,,,,U,,
383,41,,462261830015,GENERADOR (OTROS),O/C Nº 3,8/01/2014,6850,1503.020904,ELECTRICIDAD Y ELECTRONICA,R,HONDA GX,ED9*JH188F,GEN. ELECTRICO,AZUL,,,,,,,,,,,,U,,
384,41,,462261830016,GENERADOR (OTROS),O/C Nº 454,16/12/2015,3350,1503.020904,ELECTRICIDAD Y ELECTRONICA,R,HONDA GX,EP 2500 CX,,ROJO,4641681,,,,,,,,,,,U,,
385,41,55,462261830017,GENERADOR (OTROS),O/C Nº 405,12/12/2012,4880,1503.020904,ELECTRICIDAD Y ELECTRONICA,R,HONDA GX,EG 5000CX,,ROJO,23205,,,,,,,,,15/03/2023 17:33:45,,U,KEVIN MIDGUAR ARCE TAIRO,3
386,41,,672264720002,GENERADOR EOLICO,SANEAR,31/12/2021,1,1503.020906,EQUIPOS PARA VEHICULOS,M,HONDA,GX390,,ROJO,ED9X JH188F GCAFH 08,,,,,,,,,,,U,,
387,41,,672264720004,GENERADOR EOLICO,SANEAR,26/03/2013,2600,1503.020906,EQUIPOS PARA VEHICULOS,R,HONDA,EP2500CX,,ROJO,EAMC3294414,,,,,,,,,,,U,,
388,41,,462265070004,GRUPO ELECTROGENO,SANEAR,31/12/2021,1,1503.020904,ELECTRICIDAD Y ELECTRONICA,M,,326431,,,635935,,,,,,,,,,,U,,
389,41,35,740832000015,IMPRESORA (OTRAS),SANEAR,31/12/2021,1,1503.020301,EQUIPOS COMPUTACIONALES Y PERIFERICOS,M,HP,LASER JET 1020,,BLANCO,BRCS787G2Q,,,,,,,,BAJA,10/03/2023 12:41:43,,D,,
390,41,32,740832000020,IMPRESORA (OTRAS),O/C Nª 6-00046,27/11/2009,290,1503.020301,EQUIPOS COMPUTACIONALES Y PERIFERICOS,M,HP,MULTIFUNCIONAL,INYECCION DE TA,NEGRO,,,,,,,,,,05/03/2023 13:13:18,,U,,
391,41,,740832000031,IMPRESORA (OTRAS),SANEAR,31/12/2021,1,1503.020301,EQUIPOS COMPUTACIONALES Y PERIFERICOS,M,,,,,,,,,,,,,,,,U,,
392,41,,740832000036,IMPRESORA (OTRAS),SANEAR,31/12/2021,1,1503.020301,EQUIPOS COMPUTACIONALES Y PERIFERICOS,R,HP,,CE847A,,BRBGFC7DM1V,,,,,,,,,,,U,,
393,41,,740832000056,IMPRESORA (OTRAS),SANEAR,31/12/2021,1,1503.020301,EQUIPOS COMPUTACIONALES Y PERIFERICOS,M,CANON,,,,KJACO9441,,,,,,,,,,,U,,
394,41,,740832000068,IMPRESORA (OTRAS),O/C Nª 0-00091,31/03/2010,1035,1503.020301,EQUIPOS COMPUTACIONALES Y PERIFERICOS,M,HP,LASERJET M1319P,,,CNJ8B18381,,,,,,,,,,,U,,
395,41,,740832000081,IMPRESORA (OTRAS),SANEAR,31/12/2021,1,1503.020301,EQUIPOS COMPUTACIONALES Y PERIFERICOS,R,KYOCERA,TASKALFA  3511I,,NEGRO,3511I1102RH4US0,,,,,,,,,,,U,,
396,41,,740832000084,IMPRESORA (OTRAS),SANEAR,31/12/2021,1,1503.020301,EQUIPOS COMPUTACIONALES Y PERIFERICOS,R,EPSON,L575,C463C,NEGRO,14431,,,,,,,,,,,U,,
397,41,,740832000087,IMPRESORA (OTRAS),O/C Nº 87,25/07/2019,1241.55,1503.020301,EQUIPOS COMPUTACIONALES Y PERIFERICOS,R,EPSON,ECOTANK L6171,INYECCION DE TA,NEGRO,X4ET009353,,,,,,,,,,,U,,
398,41,32,740836500010,IMPRESORA A INYECCION DE TINTA,SANEAR,31/12/2021,1,1503.020301,EQUIPOS COMPUTACIONALES Y PERIFERICOS,M,HP,DESKJET 3820,,AZUL/PLOMO,,,,,,,,,,05/03/2023 15:09:43,,U,,
399,41,57,740836500032,IMPRESORA A INYECCION DE TINTA,O/C Nº 55,31/05/2019,941.19,1503.020301,EQUIPOS COMPUTACIONALES Y PERIFERICOS,R,EPSON,L 575,MULTIFUNCIONAL,NEGRO,W9AY109973,,,,,,,,,15/03/2023 19:02:04,,U,KEVIN MIDGUAR ARCE TAIRO,3
400,41,,740841000001,IMPRESORA LASER,O/C Nª 364,29/10/2004,1656,1503.020301,EQUIPOS COMPUTACIONALES Y PERIFERICOS,M,HP,LASERJET 1300,,BLANCO,,,,,,,,,,,,U,,
401,41,58,740841000011,IMPRESORA LASER,O/C Nª 385,30/10/2004,680,1503.020301,EQUIPOS COMPUTACIONALES Y PERIFERICOS,M,HP,CE658A,,NEGRO,BRBSF1RMOS,,,,,,,,,14/03/2023 10:24:49,,D,,
402,41,,740841000032,IMPRESORA LASER,SANEAR,31/12/2021,1,1503.020301,EQUIPOS COMPUTACIONALES Y PERIFERICOS,R,HP,CE658A,,NEGRO,BRB5F7PNKT,,,,,,,,,,,U,,
403,41,,952246980007,INTERCOMUNICADOR,SANEAR,31/12/2021,1,1503.020303,EQUIPOS DE TELECOMUNICACIONES,M,PANASONIC,RJ-380,,NEGRO,1234,,,,,,,,,,,U,,
404,41,,952246980008,INTERCOMUNICADOR,SANEAR,31/12/2021,1,1503.020303,EQUIPOS DE TELECOMUNICACIONES,M,PANASONIC,RJ-380,,NEGRO,1234,,,,,,,,,,,U,,
405,41,32,952246980009,INTERCOMUNICADOR,SANEAR,31/12/2021,1,1503.020303,EQUIPOS DE TELECOMUNICACIONES,M,COMAX,WI-2CN,,BLANCO,,,,,,,,,,21/03/2023 16:46:03,,D,DELIA RUTH QUISPE SONCCO,4
406,41,,952246980010,INTERCOMUNICADOR,SANEAR,31/12/2021,1,1503.020303,EQUIPOS DE TELECOMUNICACIONES,M,,RJ- 380,,,1491,,,,,,,,,,,U,,
407,41,,952246980013,INTERCOMUNICADOR,SANEAR,31/12/2021,1,1503.020303,EQUIPOS DE TELECOMUNICACIONES,M,MOTOROLA,,,NEGRO/VERDE,,,,,,,,,,,,U,,
408,41,57,46427500001,JUEGO DE TAMICES,SANEAR,31/12/2021,1,1503.020501,MOBILIARIO DE USO AGRICOLA Y PESQUERO,M,,,,,,,,,,,,,,15/03/2023 19:24:24,,U,KEVIN MIDGUAR ARCE TAIRO,3
409,41,6,672269180002,LAMPARA TIPO PETROMAX,O/C Nº 322,30/06/1995,485,1503.020906,EQUIPOS PARA VEHICULOS,M,,,,PLOMO,,,,,,,,,,04/03/2023 15:28:12,,U,DELIA RUTH QUISPE SONCCO,4
410,41,,672269180003,LAMPARA TIPO PETROMAX,O/C Nº 322,30/06/1995,485,1503.020906,EQUIPOS PARA VEHICULOS,M,KOLEMAN,,,ALUMINIO/ROJO,,,,,,,,,,,,U,,
411,41,,672269180010,LAMPARA TIPO PETROMAX,SANEAR,31/12/2021,1,1503.020906,EQUIPOS PARA VEHICULOS,M,PETROMAX,RAPID,,ALUMINIO/AZUL,,,,,,,,,,,,U,,
412,41,,742232610007,MAQUINA ANILLADORA PERFORADORA,O/C Nª 013-C,22/07/2004,700,1503.020101,MAQUINAS Y EQUIPOS DE OFICINA,R,ESPIRAMATIC,,,PLOMO PLATA,,,,,,,,,,,,U,,
413,41,,675016450001,MAQUINA CORTADORA (OTRAS),O/C Nº 20,26/03/2019,305,1503.020999,"MAQUINARIAS, EQUIPOS Y MOBILIARIOS DE OTRAS INSTALACIONES",M,,,,,,,,,,,,,,,,U,,
414,41,,742237960018,MAQUINA DE ESCRIBIR ELECTRICA,SANEAR,31/12/2021,1,1503.020101,MAQUINAS Y EQUIPOS DE OFICINA,M,ERIKA,128-1266,,BLANCO/NEGRO,253530,,,,,,,,,,,U,,
415,41,,742237960019,MAQUINA DE ESCRIBIR ELECTRICA,SANEAR,31/12/2021,1,1503.020101,MAQUINAS Y EQUIPOS DE OFICINA,M,FACIT,1742/6479,,BLANCO/NEGRO,619896101,,,,,,,,,,,U,,
416,41,,742237960020,MAQUINA DE ESCRIBIR ELECTRICA,SANEAR,31/12/2021,1,1503.020101,MAQUINAS Y EQUIPOS DE OFICINA,M,OLIVETI,TEKENE-4,,,6677274 205 ESP,,,,,,,,,,,U,,
417,41,,742237960021,MAQUINA DE ESCRIBIR ELECTRICA,SANEAR,31/12/2021,1,1503.020101,MAQUINAS Y EQUIPOS DE OFICINA,M,TRIUMPH,ELECTRIC,51D,BLANCO,,,,,,,,,,,,U,,
418,41,6,742243310008,MAQUINA DE ESCRIBIR MECANICA,SANEAR,31/12/2021,1,1503.020101,MAQUINAS Y EQUIPOS DE OFICINA,M,OLYMPIA,,,BLANCO/PLOMO,62497932 DE 130 ESP.,,,,,,,,,07/03/2023 01:49:04,,U,user user user,1
419,41,,675026900006,MAQUINA DE SOLDAR,SANEAR,31/12/2021,1,1503.020999,"MAQUINARIAS, EQUIPOS Y MOBILIARIOS DE OTRAS INSTALACIONES",M,,BX3-SHT,,,868706,,,,,,,,,,,U,,
420,41,,675026900009,MAQUINA DE SOLDAR,SANEAR,31/12/2021,1,1503.020999,"MAQUINARIAS, EQUIPOS Y MOBILIARIOS DE OTRAS INSTALACIONES",R,TRUPPER,,,,,,,,,,,,,,,U,,
421,41,,675053300001,MAQUINA MOLEDORA DE CARNE,SANEAR,31/12/2021,1,1503.020999,"MAQUINARIAS, EQUIPOS Y MOBILIARIOS DE OTRAS INSTALACIONES",M,,KM-2,,,1-1 380V,,,,,,,,,,,U,,
422,41,6,742254010001,MAQUINA SUMADORA,SANEAR,31/12/2021,1,1503.020101,MAQUINAS Y EQUIPOS DE OFICINA,M,REMINGTON 2000,SPERRY RAND,,VERDE/AMARILLO,66261,,,,,,,,,07/03/2023 01:51:04,,U,user user user,1
423,41,,602255230001,MARTILLO DE SCHMIDT,SANEAR,31/12/2021,1,1503.020905,EQUIPOS E INSTRUMENTOS DE MEDICION,R,BOSCH,GBH11DE,MARTILLO DE SC,VERDE/ OSCURO,,,,,,,,,,,,U,,
424,41,,602255230002,MARTILLO DE SCHMIDT,SANEAR,31/12/2021,1,1503.020905,EQUIPOS E INSTRUMENTOS DE MEDICION,R,BOSCH,GBH11DE,MARTILLO DE SC,VERDE/ OSCURO,305000724,,,,,,,,,,,U,,
425,41,58,672275090004,MARTILLO DEMOLEDOR ELECTRICO,SANEAR,31/12/2021,1,1503.020906,EQUIPOS PARA VEHICULOS,M,BOSCH,GSH - 27 VC,,VERDE/PLOMO,110232,,,,,,,,,17/03/2023 19:45:59,,U,KEVIN MIDGUAR ARCE TAIRO,3
426,41,,602255370001,MEDIDOR (OTROS),SANEAR,31/12/2021,1,1503.020905,EQUIPOS E INSTRUMENTOS DE MEDICION,M,,PH RANG,,ROJO,6409161,,,,,,,,,,,U,,
427,41,,746449320011,MESA DE MADERA,SANEAR,31/12/2021,1,1503.020102,MOBILIARIO DE OFICINA,R,,,,BLANCO/CAFÉ,,,,,,,,,,,,U,,
428,41,,746449320015,MESA DE MADERA,SANEAR,31/12/2021,1,1503.020102,MOBILIARIO DE OFICINA,R,,,,BLANCO Y CAFÉ,,,,,,,,,,,,U,,
429,41,,746450680002,MESA DE METAL,SANEAR,31/12/2021,1,1503.020102,MOBILIARIO DE OFICINA,M,,,,,,,,,,,,,,,,U,,
430,41,,746450680010,MESA DE METAL,SANEAR,31/12/2021,1,1503.020102,MOBILIARIO DE OFICINA,M,,,,PLOMO,,1.67X0.41X0.75,,,,,,,,,,U,,
431,41,32,746450680016,MESA DE METAL,SANEAR,31/12/2021,1,1503.020102,MOBILIARIO DE OFICINA,R,,,,PLOMO,,1.22X2.41X0.70,,,,,,,,21/03/2023 12:24:29,,U,DELIA RUTH QUISPE SONCCO,4
432,41,,746451360001,MESA DE METAL PARA DIBUJO,SANEAR,31/12/2021,1,1503.020102,MOBILIARIO DE OFICINA,M,,,,,,,,,,,,,,,,U,,
433,41,16,746451360003,MESA DE METAL PARA DIBUJO,SANEAR,31/12/2021,1,1503.020102,MOBILIARIO DE OFICINA,M,,CINEF,,BLANCO,,0.75X1.20X0.92,,,,,,,,07/03/2023 02:10:36,,U,user user user,1
434,41,,746452030002,MESA DE REUNIONES,SANEAR,31/12/2021,1,1503.020102,MOBILIARIO DE OFICINA,R,,,,ROJO/AMARILLO,,,,,,,,,,,,U,,
435,41,,746453390001,MESA PLEGABLE DE METAL,SANEAR,31/12/2021,1,1503.020102,MOBILIARIO DE OFICINA,R,,,,ROJO/AMARILLO,,,,,,,,,,,,U,,
436,41,44,746454580002,MESITA DE MADERA,SANEAR,31/12/2021,1,1503.020102,MOBILIARIO DE OFICINA,R,,,,MADERA,,,,,,,,,,09/03/2023 16:17:21,,U,,
437,41,,746454580005,MESITA DE MADERA,SANEAR,31/12/2021,1,1503.020102,MOBILIARIO DE OFICINA,M,,BORDES METALIC,,MADERA,,,,,,,,,,,,U,,
438,41,,746456440003,MESITA DE METAL,SANEAR,31/12/2021,1,1503.020102,MOBILIARIO DE OFICINA,R,,3 GAVETAS,,BEIGE/NEGRO,,,,,,,,,,,,U,,
439,41,,746456440004,MESITA DE METAL,SANEAR,31/12/2021,1,1503.020102,MOBILIARIO DE OFICINA,M,,3 GAVETAS,,BEIGE/NEGRO,,,,,,,,,,,,U,,
440,41,,746456440005,MESITA DE METAL,SANEAR,31/12/2021,1,1503.020102,MOBILIARIO DE OFICINA,M,,,,,,0.56X0.56X0.31,,,,,,,,,,U,,
441,41,,746456780002,MESITA DE METAL PARA MAQUINA DE ESCRIBIR,SANEAR,31/12/2021,1,1503.020102,MOBILIARIO DE OFICINA,R,,,,PLOMO,,,,,,,,,,,,U,,
442,41,35,746456780004,MESITA DE METAL PARA MAQUINA DE ESCRIBIR,SANEAR,31/12/2021,1,1503.020102,MOBILIARIO DE OFICINA,R,,,,CAOBA/NEGRO,,,,,,,,,,10/03/2023 11:24:40,,U,,
443,41,43,746456780005,MESITA DE METAL PARA MAQUINA DE ESCRIBIR,SANEAR,31/12/2021,1,1503.020102,MOBILIARIO DE OFICINA,M,,3 GAVETAS,,BEIGE/NEGRO,,0.40X0.90X0.67,,,,,,,,09/03/2023 11:25:31,,U,,
444,41,47,746456780007,MESITA DE METAL PARA MAQUINA DE ESCRIBIR,SANEAR,31/12/2021,1,1503.020102,MOBILIARIO DE OFICINA,R,,3 GAVETAS,,PLOMO/NEGRO,,0.66X1.10X0.74,,,,,,,,09/03/2023 12:51:27,,U,KEVIN MIDGUAR ARCE TAIRO,3
445,41,37,746458140003,MESITA DE METAL PARA TELEFONO,SANEAR,31/12/2021,1,1503.020102,MOBILIARIO DE OFICINA,R,,5 GAVETAS,,PLOMO,,0.32X0.30X0.70,,,,,,,,09/03/2023 10:03:36,,U,user user user,1
446,41,32,673638490029,MEZCLADOR DE CONCRETO,SANEAR,31/12/2021,1,1503.020999,"MAQUINARIAS, EQUIPOS Y MOBILIARIOS DE OTRAS INSTALACIONES",M,DYNAMIC,,TROMPO,,,,,,,,,,,05/03/2023 16:34:03,,U,,
447,41,,675080890060,MEZCLADORA DE CONCRETO TIPO TROMPO,O/C Nª 000446,10/07/2013,5416.5,1503.020999,"MAQUINARIAS, EQUIPOS Y MOBILIARIOS DE OTRAS INSTALACIONES",R,KOHLER DYNAMIC,CH440T,,,583,,,,,,,,,,,U,,
448,41,57,675080890082,MEZCLADORA DE CONCRETO TIPO TROMPO,O/C Nº 27,26/02/2016,4600,1503.020999,"MAQUINARIAS, EQUIPOS Y MOBILIARIOS DE OTRAS INSTALACIONES",M,DYNAMIC HONDA,GX390,TROMPO,ANANJADO,1511180581,,,,,,,,,13/03/2023 10:29:41,,U,,
449,41,58,675080890084,MEZCLADORA DE CONCRETO TIPO TROMPO,O/C Nª 456,21/12/2016,7500,1503.020999,"MAQUINARIAS, EQUIPOS Y MOBILIARIOS DE OTRAS INSTALACIONES",M,DYNAMIC HONDA,GX390,TROMPO,AMARILLO,,,,,,,,,,14/03/2023 10:01:40,,D,,
450,41,,675080890087,MEZCLADORA DE CONCRETO TIPO TROMPO,O/C Nª 481,29/12/2016,7700,1503.020999,"MAQUINARIAS, EQUIPOS Y MOBILIARIOS DE OTRAS INSTALACIONES",R,DYNAMIC HONDA,GX390-389 CM2,TROMPO,,,,,,,,,,,,,U,,
451,41,56,675080890089,MEZCLADORA DE CONCRETO TIPO TROMPO,O/C Nª 481,29/12/2016,7700,1503.020999,"MAQUINARIAS, EQUIPOS Y MOBILIARIOS DE OTRAS INSTALACIONES",M,DYNAMIC,GX390-389 CM2,TROMPO,,1604050711,,,,,,,,,15/03/2023 18:37:32,,D,KEVIN MIDGUAR ARCE TAIRO,3
452,41,,675080890097,MEZCLADORA DE CONCRETO TIPO TROMPO,SANEAR,31/12/2021,1,1503.020999,"MAQUINARIAS, EQUIPOS Y MOBILIARIOS DE OTRAS INSTALACIONES",M,BRIGGS KOHLER,MAGNUM 10,,,,,,,,,,,,,,U,,
453,41,,46436500009,MIRA TOPOGRAFICA,O/C N°342,12/06/2013,138,1503.020501,MOBILIARIO DE USO AGRICOLA Y PESQUERO,M,,,,PLOMO,,,,,,,,,,,,U,,
454,41,,46436500010,MIRA TOPOGRAFICA,O/C N°000342,12/06/2013,138,1503.020501,MOBILIARIO DE USO AGRICOLA Y PESQUERO,R,,,,PLOMO/BLANCO,,,,,,,,,,,,U,,
455,41,,46436500052,MIRA TOPOGRAFICA,O/C N°00278,15/09/2011,727.77,1503.020501,MOBILIARIO DE USO AGRICOLA Y PESQUERO,R,KOLIDA,AGRS,,ROJO/BLANCO,,CON FUNDA,,,,,,,,,,U,,
456,41,,46436500053,MIRA TOPOGRAFICA,O/C N°00030,18/04/2011,951.73,1503.020501,MOBILIARIO DE USO AGRICOLA Y PESQUERO,R,KOMBO LEICA,AGRS,,ROJO/PLOMO,,388,,,,,,,,,,U,,
457,41,,46436500054,MIRA TOPOGRAFICA,SANEAR,31/12/2021,1,1503.020501,MOBILIARIO DE USO AGRICOLA Y PESQUERO,M,LEICA,,,PLOMO,,,,,,,,,,,,U,,
458,41,48,46436500058,MIRA TOPOGRAFICA,O/C N°000135,26/06/2012,1100,1503.020501,MOBILIARIO DE USO AGRICOLA Y PESQUERO,R,,5 MTS,,ALUMINIO,,,,,,,,,,14/03/2023 10:28:31,,U,KEVIN MIDGUAR ARCE TAIRO,3
459,41,,46436500065,MIRA TOPOGRAFICA,SANEAR,31/12/2021,1,1503.020501,MOBILIARIO DE USO AGRICOLA Y PESQUERO,R,,,,PLOMO BLANCO,,,,,,,,,,,,U,,
460,41,,46436500066,MIRA TOPOGRAFICA,O/C N°000066,15/02/2013,179.99,1503.020501,MOBILIARIO DE USO AGRICOLA Y PESQUERO,R,,,,PLOMO/BLANCO,,,,,,,,,,,,U,,
461,41,,46436500085,MIRA TOPOGRAFICA,SANEAR,31/12/2021,1,1503.020501,MOBILIARIO DE USO AGRICOLA Y PESQUERO,R,,,,PLOMO,,,,,,,,,,,,U,,
462,41,,46436500101,MIRA TOPOGRAFICA,SANEAR,31/12/2021,1,1503.020501,MOBILIARIO DE USO AGRICOLA Y PESQUERO,B,,,,ROJO / BLANCO,,,,,,,,,,,,U,,
463,41,,46436500105,MIRA TOPOGRAFICA,SANEAR,31/12/2021,1,1503.020501,MOBILIARIO DE USO AGRICOLA Y PESQUERO,R,,,,,,5 MTS,,,,,,,,,,U,,
464,41,,46436500106,MIRA TOPOGRAFICA,SANEAR,31/12/2021,1,1503.020501,MOBILIARIO DE USO AGRICOLA Y PESQUERO,R,,,,,,5 MTS,,,,,,,,,,U,,
465,41,,46436500107,MIRA TOPOGRAFICA,SANEAR,31/12/2021,1,1503.020501,MOBILIARIO DE USO AGRICOLA Y PESQUERO,R,,,,,,5 MTS,,,,,,,,,,U,,
466,41,,46436500108,MIRA TOPOGRAFICA,SANEAR,31/12/2021,1,1503.020501,MOBILIARIO DE USO AGRICOLA Y PESQUERO,R,,,,,,5 MTS,,,,,,,,,,U,,
467,41,,740872500001,MODEM EXTERNO,SANEAR,31/12/2021,1,1503.020301,EQUIPOS COMPUTACIONALES Y PERIFERICOS,M,,,,,28800,,,,,,,,,,,U,,
468,41,,740872500007,MODEM EXTERNO,SANEAR,31/12/2021,1,1503.020301,EQUIPOS COMPUTACIONALES Y PERIFERICOS,R,MEGATECH,,SWITCH PARA RE),BLANCO,8.39015E+13,,,,,,,,,,,U,,
469,41,,746459830001,MODULO DE COMPUTO (OTROS),SANEAR,31/12/2021,1,1503.020102,MOBILIARIO DE OFICINA,M,,2 NIVELES 3 DIV,,CEDRO,,1.10X0.40X0.66,,,,,,,,,,U,,
470,41,30,746460170013,MODULO DE MADERA,SANEAR,31/12/2021,1,1503.020102,MOBILIARIO DE OFICINA,M,,,,AMARILLO,,1.20X0.58X0.77,,,,,,,,09/03/2023 18:29:59,,U,KEVIN MIDGUAR ARCE TAIRO,3
471,41,58,952258120004,MONITOR (OTROS),O/C N°101,24/09/2008,742.8,1503.020303,EQUIPOS DE TELECOMUNICACIONES,R,LG,L175375,,NEGRO,808ndnu1b303,,,,,,,,,14/03/2023 10:29:49,,U,,
472,41,,952258120007,MONITOR (OTROS),O/C N°3-00059,10/08/2009,766.2,1503.020303,EQUIPOS DE TELECOMUNICACIONES,M,LG,W20435V,,NEGRO,904MDSK6Q542,,,,,,,,,,,U,,
473,41,,952258120014,MONITOR (OTROS),O/C N°6-00046,27/11/2009,787.2,1503.020303,EQUIPOS DE TELECOMUNICACIONES,M,BENQ,,LCD,,ETXA801231026,,,,,,,,,,,U,,
474,41,,952258120015,MONITOR (OTROS),O/C N°0-00032,22/02/2010,772.8,1503.020303,EQUIPOS DE TELECOMUNICACIONES,M,SAMSUNG,PLASMA LCD,,NEGRO,SM20H9LSP17423,,,,,,,,,,,U,,
475,41,34,952258120016,MONITOR (OTROS),O/C N°0-00033,22/02/2010,772.8,1503.020303,EQUIPOS DE TELECOMUNICACIONES,R,SAMSUNG,2023SWPLUS,,NEGRO,CH20H9LSB14316H,,,,,,,,,10/03/2023 10:12:17,,U,,
476,41,,952258120035,MONITOR (OTROS),OC N°6-00066,16/07/2010,550,1503.020303,EQUIPOS DE TELECOMUNICACIONES,M,SAMSUNG,,,NEGRO,YC56H9LZ501199N,,,,,,,,,,,U,,
477,41,35,952258120056,MONITOR (OTROS),O/C N°000701,10/10/2013,624.43,1503.020303,EQUIPOS DE TELECOMUNICACIONES,M,SAMSUNG,LS20B3DOHC/P,,NEGRO,ZUP7HTJD400020F,,,,,,,,,10/03/2023 11:58:37,,D,,
478,41,,952258120057,MONITOR (OTROS),SANEAR,31/12/2021,1,1503.020303,EQUIPOS DE TELECOMUNICACIONES,R,,,,,,,,,,,,,,,,U,,
479,41,,952258120061,MONITOR (OTROS),SANEAR,31/12/2021,1,1503.020303,EQUIPOS DE TELECOMUNICACIONES,R,SAMSUNG,,,NEGRO,ZWQ1HTJC700708J,,,,,,,,,,,U,,
480,41,,952258120068,MONITOR (OTROS),SANEAR,31/12/2021,1,1503.020303,EQUIPOS DE TELECOMUNICACIONES,M,,,,,,,,,,,,,,,,U,,
481,41,,952258120069,MONITOR (OTROS),SANEAR,31/12/2021,1,1503.020303,EQUIPOS DE TELECOMUNICACIONES,M,LG,STUDIO WORKS,,BLANCO,,,,,,,,,,,,U,,
482,41,,952258120070,MONITOR (OTROS),O/C N°000446,20/12/2012,883.2,1503.020303,EQUIPOS DE TELECOMUNICACIONES,M,SAMSUNG,,,BLANCO,,,,,,,,,,,,U,,
483,41,45,952258120078,MONITOR (OTROS),SANEAR,31/12/2021,1,1503.020303,EQUIPOS DE TELECOMUNICACIONES,R,LG,20M47A,,NEGRO,507NTCZD6723,,,,,,,,,09/03/2023 11:16:25,,U,KEVIN MIDGUAR ARCE TAIRO,3
484,41,,740877000008,MONITOR A COLOR,SANEAR,31/12/2021,1,1503.020301,EQUIPOS COMPUTACIONALES Y PERIFERICOS,R,SAMSUNG,SYNC MASTER 3NC,,BLANCO,,,,,,,,,,,,U,,
485,41,,952258350001,MONITOR LCD,SANEAR,31/12/2021,1,1503.020303,EQUIPOS DE TELECOMUNICACIONES,R,SAMSUNG,,PLASMA LCD,NEGRO,CM20H9LSB13320D,,,,,,,,,,,U,,
486,41,,740881870014,MONITOR PLANO,SANEAR,31/12/2021,1,1503.020301,EQUIPOS COMPUTACIONALES Y PERIFERICOS,B,BENQ,GL2250-T,PLASMA LCD 21.5,NEGRO,ET57DO1405019,,,,,,,,,,,U,,
487,41,31,672275420004,MOTOBOMBA,SANEAR,31/12/2021,1,1503.020906,EQUIPOS PARA VEHICULOS,M,HISPANOMOTOR,LOMBARDINI,,VERDE,5LD675-2/U3530022,,,,,,,,,21/03/2023 17:53:17,,U,DELIA RUTH QUISPE SONCCO,4
488,41,15,672275420006,MOTOBOMBA,O/C N°313,28/11/2003,3748.5,1503.020906,EQUIPOS PARA VEHICULOS,M,,,,ROJO,,,,,,,,,,13/03/2023 18:34:38,,U,KEVIN MIDGUAR ARCE TAIRO,3
489,41,,672275420019,MOTOBOMBA,O/C N°000401,11/12/2012,1310,1503.020906,EQUIPOS PARA VEHICULOS,R,HONDA,GX 160TI,WB30XH,BLANCO/PLOMO,GCAAM3169774,,,,,,,,,,,U,,
490,41,58,672275420022,MOTOBOMBA,O/C N°000366,17/06/2013,2450,1503.020906,EQUIPOS PARA VEHICULOS,M,HONDA,GX 390 H1QH3,,BLANCO/ROJO/NEG,GCAFH-0296174,,,,,,,,,14/03/2023 09:48:14,,D,,
491,41,,672275420023,MOTOBOMBA,O/C N°000366,17/06/2013,2450,1503.020906,EQUIPOS PARA VEHICULOS,R,HONDA,GX 160,,BLANCO/ROJO/NEG,GCAFH-0296189,,,,,,,,,,,U,,
492,41,,672275420027,MOTOBOMBA,O/C N°000499,22/07/2013,3450,1503.020906,EQUIPOS PARA VEHICULOS,M,HONDA,HJ/4/3A,,BLANCO/PLOMO,324282,,,,,,,,,,,U,,
493,41,,672275420030,MOTOBOMBA,O/C N°000499,22/07/2013,2020,1503.020906,EQUIPOS PARA VEHICULOS,R,HONDA,G 300,JOPCO,ROJO/BLANCO,1039184,,,,,,,,,,,U,,
494,41,57,672275420032,MOTOBOMBA,O/C N°000523,23/07/2013,3100,1503.020906,EQUIPOS PARA VEHICULOS,M,HONDA,HJ/4/13A,,ROJO/BLANCO/NEG,324365,,,,,,,,,13/03/2023 09:40:29,,U,,
495,41,,672275420038,MOTOBOMBA,O/C N°454,16/12/2015,1600,1503.020906,EQUIPOS PARA VEHICULOS,M,HONDA(BRIGGS S),205432,INTEK K305,NEGRO,051286YE,,,,,,,,,,,U,,
496,41,,672275420039,MOTOBOMBA,SANEAR,31/12/2021,1,1503.020906,EQUIPOS PARA VEHICULOS,R,HONDA,GX390,,ROJO/BLANCO,,,,,,,,,,,,U,,
497,41,,672275420040,MOTOBOMBA,SANEAR,31/12/2021,1,1503.020906,EQUIPOS PARA VEHICULOS,M,BRIGGS STRATION,205432,INTEK K305,NEGRO,051206YE,,,,,,,,,,,U,,
498,41,,672275420041,MOTOBOMBA,SANEAR,31/12/2021,1,1503.020906,EQUIPOS PARA VEHICULOS,M,BRIGGS STRATION,205432,INTEK K305,NEGRO,030401YD,,,,,,,,,,,U,,
499,41,,672275420042,MOTOBOMBA,SANEAR,31/12/2021,1,1503.020906,EQUIPOS PARA VEHICULOS,M,,,,NEGRO,,,,,,,,,,,,U,,
500,41,,672275420043,MOTOBOMBA,SANEAR,31/12/2021,1,1503.020906,EQUIPOS PARA VEHICULOS,M,BRIGGS STRATION,205432,INTEK K305,NEGRO,030401YD,,,,,,,,,,,U,,
501,41,,672275420044,MOTOBOMBA,SANEAR,31/12/2021,1,1503.020906,EQUIPOS PARA VEHICULOS,M,KOHLER DYNAMIC,CM421,,NEGRO,40954318762 (27015W),,,,,,,,,,,U,,
502,41,,678281500001,MOTOCAR,O/C N°000158,10/04/2013,7650,1503.0101,VEHICULOS PARA TRANSPORTE TERRESTRE,R,SONIK,SONIK 250,,ROJO,,,2,2,2,,2,,,,,U,,
503,41,,678281500003,MOTOCAR,O/C N°000437,8/07/2013,6350,1503.0101,VEHICULOS PARA TRANSPORTE TERRESTRE,R,YADE,250 ZH,,ROJO/AZUL,,,,,LC4HCNXL2DF872016,,,,,,,U,,
504,41,58,678281500006,MOTOCAR,O/C N°000158,10/04/2013,7650,1503.0101,VEHICULOS PARA TRANSPORTE TERRESTRE,M,SONIK,SONIK 250,,AZUL,,,,,,,,,,14/03/2023 10:05:42,,D,,
505,41,,678268000007,MOTOCICLETA,SANEAR,31/12/2021,1,1503.0101,VEHICULOS PARA TRANSPORTE TERRESTRE,M,HONDA,XL200,,ROJO,,,,,,,,,,,,U,,
506,41,,678268000009,MOTOCICLETA,SANEAR,31/12/2021,1,1503.0101,VEHICULOS PARA TRANSPORTE TERRESTRE,R,,,,ROJO,,,,,,,,,,,,U,,
507,41,58,678268000011,MOTOCICLETA,O/C N°00125,15/06/2011,4450,1503.0101,VEHICULOS PARA TRANSPORTE TERRESTRE,M,FORTE,FORTE 250,,ROJO,,,,16FMMFCB250300,S/CH,,0,,,14/03/2023 09:39:06,,D,,
508,41,,678268000012,MOTOCICLETA,O/C N°00125,15/06/2011,4450,1503.0101,VEHICULOS PARA TRANSPORTE TERRESTRE,M,FORTE,FORTE 250,,AMARILLO,,,,,,,0,,,,,U,,
509,41,58,678268000013,MOTOCICLETA,SANEAR,31/12/2021,1,1503.0101,VEHICULOS PARA TRANSPORTE TERRESTRE,M,WANXIN,WX200GY-A,,ROJO,,,,,,,0,,,14/03/2023 09:37:38,,D,,
510,41,,678268000018,MOTOCICLETA,O/C N°317,26/10/2015,7850,1503.0101,VEHICULOS PARA TRANSPORTE TERRESTRE,R,HONDA,XR150L,,ROJO,,,,KDO7E2110999,,,0,,,,,U,,
511,41,56,678268000021,MOTOCICLETA,O/C N°480,29/12/2016,12000,1503.0101,VEHICULOS PARA TRANSPORTE TERRESTRE,R,HONDA,XR-190L,,ROJO,,,,,,,0,,,12/03/2023 10:47:50,,U,,
512,41,,678268000022,MOTOCICLETA,O/C N°480,29/12/2016,12000,1503.0101,VEHICULOS PARA TRANSPORTE TERRESTRE,R,HONDA,XR-190L,,NEGRO,,,EB-903A,,,,0,,,,,U,,
513,41,,678268000025,MOTOCICLETA,O/C N°00182,27/12/2017,4800,1503.0101,VEHICULOS PARA TRANSPORTE TERRESTRE,R,RONCO,X - PLORER 2005,,ROJO/BLANCO,,,,163FML8H700358,LY4YCMLEGHOA41629,,2017,,,,,U,,
514,41,,672276900001,MOTOR COLGANTE,SANEAR,31/12/2021,1,1503.020906,EQUIPOS PARA VEHICULOS,M,,GBBI-1983-5393,,,,,,,,,,,,,,U,,
515,41,,672276900003,MOTOR COLGANTE,SANEAR,31/12/2021,1,1503.020906,EQUIPOS PARA VEHICULOS,M,,112M,,CELESTE,895,,,,,,,,,,,U,,
516,41,,672276900024,MOTOR COLGANTE,SANEAR,31/12/2021,1,1503.020906,EQUIPOS PARA VEHICULOS,M,,6X390,MOTOR DE MEZCLA,,1025073,,,,,,,,,,,U,,
517,41,3,672276900026,MOTOR COLGANTE,O/C N°185,1/10/2007,2928,1503.020906,EQUIPOS PARA VEHICULOS,M,KOHLER,MAGNUM 12,HP 12,NEGRO,3720600899,,,,,,,,,04/03/2023 18:07:02,,U,DELIA RUTH QUISPE SONCCO,4
518,41,3,672279880005,MOTORES ESTACIONARIOS Y MARINOS,SANEAR,31/12/2021,1,1503.020906,EQUIPOS PARA VEHICULOS,M,KOHLER,MAGNUM 12,HP 12,NEGRO,3720600859,,,,,,,,,04/03/2023 18:06:46,,U,DELIA RUTH QUISPE SONCCO,4
519,41,,740882240048,MOUSE INALAMBRICO,SANEAR,31/12/2021,1,1503.020301,EQUIPOS COMPUTACIONALES Y PERIFERICOS,R,,,,NEGRO,,,,,,,,,,,,U,,
520,41,,740882240057,MOUSE INALAMBRICO,SANEAR,31/12/2021,1,1503.020301,EQUIPOS COMPUTACIONALES Y PERIFERICOS,R,,,,,,,,,,,,,,,,U,,
521,41,,602264430001,MULTIMETRO-MULTITESTER,SANEAR,31/12/2021,1,1503.020905,EQUIPOS E INSTRUMENTOS DE MEDICION,M,SUNWA-SUMA,YX-360TR,,NEGRO,,,,,,,,,,,,U,,
522,41,,952258500001,NAVEGADOR DE SATELITE,SANEAR,31/12/2021,1,1503.020303,EQUIPOS DE TELECOMUNICACIONES,M,GPS MAP,765,,NEGRO,,,,,,,,,,,,U,,
523,41,,952258500003,NAVEGADOR DE SATELITE,SANEAR,31/12/2021,1,1503.020303,EQUIPOS DE TELECOMUNICACIONES,M,GPS MAP,765,,NEGRO,,,,,,,,,,,,U,,
524,41,,602264990013,NIVEL TOPOGRAFICO,O/C N°170,24/09/2007,4840,1503.020905,EQUIPOS E INSTRUMENTOS DE MEDICION,M,KERN WISS,AT_G6,GK 1-A,VERDE/OSCURO,279060,,,,,,,,,,,U,,
525,41,,602264990020,NIVEL TOPOGRAFICO,SANEAR,31/12/2021,1,1503.020905,EQUIPOS E INSTRUMENTOS DE MEDICION,R,LEICA,NA720,,ROJO/PLOMO,55945050,,,,,,,,,,,U,,
526,41,,602264990025,NIVEL TOPOGRAFICO,SANEAR,31/12/2021,1,1503.020905,EQUIPOS E INSTRUMENTOS DE MEDICION,R,LEICA,NA 730,SIN PLOMADA,ROJO,5655347,,,,,,,,,,,U,,
527,41,,602264990031,NIVEL TOPOGRAFICO,O/C N°302,6/06/2013,2693,1503.020905,EQUIPOS E INSTRUMENTOS DE MEDICION,M,PENTAX,AP 281,,PLOMO/ROJO,229290,,,,,,,,,,,U,,
528,41,,602264990033,NIVEL TOPOGRAFICO,O/C N°312,10/06/2013,933,1503.020905,EQUIPOS E INSTRUMENTOS DE MEDICION,M,PENTAX,AP281,,PLOMO/ROJO,610196,,,,,,,,,,,U,,
529,41,,602264990039,NIVEL TOPOGRAFICO,SANEAR,31/12/2021,1,1503.020905,EQUIPOS E INSTRUMENTOS DE MEDICION,M,PENTAX,AP 281,,PLOMO/ROJO,610214 - (610284),,,,,,,,,,,U,,
530,41,,602264990041,NIVEL TOPOGRAFICO,SANEAR,31/12/2021,1,1503.020905,EQUIPOS E INSTRUMENTOS DE MEDICION,M,KERN,GK 0-A,,VERDE/OSCURO,268460,,,,,,,,,,,U,,
531,41,,42271890001,NIVELADOR DE SUELOS,SANEAR,31/12/2021,1,1503.020502,EQUIPO DE USO AGRICOLA Y PESQUERO,B,"CINEF 8,",,,,,,,,,,,,,,,U,,
532,41,16,746466270001,PANEL PUBLICITARIO,SANEAR,31/12/2021,1,1503.020102,MOBILIARIO DE OFICINA,M,,,,CAFÉ,,0.80X1.60,,,,,,,,20/03/2023 11:58:53,,U,DELIA RUTH QUISPE SONCCO,4
533,41,,746466270003,PANEL PUBLICITARIO,SANEAR,31/12/2021,1,1503.020102,MOBILIARIO DE OFICINA,M,,,,,,,,,,,,,,,,U,,
534,41,,746466950001,PANTALLA ECRAN,SANEAR,31/12/2021,1,1503.020102,MOBILIARIO DE OFICINA,R,VIEWSAC,,,BLANCO,,2.14X2.14,,,,,,,,,,U,,
535,41,,746466950003,PANTALLA ECRAN,SANEAR,31/12/2021,1,1503.020102,MOBILIARIO DE OFICINA,R,,,,BLANCO,,1.40X1.70,,,,,,,,,,U,,
536,41,,952260580002,PARLANTES EN GENERAL (MAYOR A 1/8 UIT),SANEAR,31/12/2021,1,1503.020303,EQUIPOS DE TELECOMUNICACIONES,M,OMEGA,,,NEGRO,,,,,,,,,,,,U,,
537,41,,952260580021,PARLANTES EN GENERAL (MAYOR A 1/8 UIT),SANEAR,31/12/2021,1,1503.020303,EQUIPOS DE TELECOMUNICACIONES,R,OMEGA,REVOLUTION SERS,,NEGRO,1.0116E+11,,,,,,,,,,,U,,
538,41,,952260580026,PARLANTES EN GENERAL (MAYOR A 1/8 UIT),SANEAR,31/12/2021,47.88,1503.020303,EQUIPOS DE TELECOMUNICACIONES,R,NITRON,,,NEGRO,,,,,,,,,,,,U,,
539,41,,952260580033,PARLANTES EN GENERAL (MAYOR A 1/8 UIT),SANEAR,31/12/2021,1,1503.020303,EQUIPOS DE TELECOMUNICACIONES,R,GENIUS,,,NEGRO,2F1338111425,,,,,,,,,,,U,,
540,41,30,952260580035,PARLANTES EN GENERAL (MAYOR A 1/8 UIT),O/C Nº 000460,30/11/2011,42.29,1503.020303,EQUIPOS DE TELECOMUNICACIONES,R,GENIUS,KMS-110,,NEGRO,2CE0A6500180,,,,,,,,,09/03/2023 15:55:23,,U,KEVIN MIDGUAR ARCE TAIRO,3
541,41,,952260580037,PARLANTES EN GENERAL (MAYOR A 1/8 UIT),SANEAR,31/12/2021,1,1503.020303,EQUIPOS DE TELECOMUNICACIONES,M,GENIUS,,,NEGRO,ZC193900619,,,,,,,,,,,U,,
542,41,,952260580047,PARLANTES EN GENERAL (MAYOR A 1/8 UIT),SANEAR,31/12/2021,1,1503.020303,EQUIPOS DE TELECOMUNICACIONES,M,OMEGA,,,NEGRO,2.11012E+13,,,,,,,,,,,U,,
543,41,35,952260580052,PARLANTES EN GENERAL (MAYOR A 1/8 UIT),O/C Nº 000446,20/12/2012,44.16,1503.020303,EQUIPOS DE TELECOMUNICACIONES,R,GENIUS,,,NEGRO,ZF3438004186,,,,,,,,MENOR A 1/8 DE UIT - ELIMINAR,10/03/2023 10:37:14,,U,,
544,41,,952260580085,PARLANTES EN GENERAL (MAYOR A 1/8 UIT),O/C Nº 00239,9/08/2011,42.41,1503.020303,EQUIPOS DE TELECOMUNICACIONES,R,1847,,2 UNIDADES,NEGRO,,,,,,,,,,,,U,,
545,41,,952260580096,PARLANTES EN GENERAL (MAYOR A 1/8 UIT),SANEAR,31/12/2021,1,1503.020303,EQUIPOS DE TELECOMUNICACIONES,R,MICRONICS,,,,2485530H308,,,,,,,,,,,U,,
546,41,48,532290990001,PERFORADOR MANUAL,VERIFICAR,31/12/2021,1,1503.020402,EQUIPO MEDICO,M,2718,KW-TRIO,,NEGRO,9576,,,,,,,,,13/03/2023 12:18:31,,U,KEVIN MIDGUAR ARCE TAIRO,3
547,41,19,746473050012,PIZARRA ACRILICA,SANEAR,31/12/2021,1,1503.020102,MOBILIARIO DE OFICINA,M,,,,BLANCO,,1.50X1.20,,,,,,,,21/03/2023 18:24:03,,U,DELIA RUTH QUISPE SONCCO,4
548,41,32,746473050021,PIZARRA ACRILICA,SANEAR,31/12/2021,1,1503.020102,MOBILIARIO DE OFICINA,R,,,,BLANCO,,0.92X1.50,,,,,,,,21/03/2023 17:28:08,,U,DELIA RUTH QUISPE SONCCO,4
549,41,35,602271210003,PLANIMETRO,O/C Nº 103,28/02/2004,670,1503.020905,EQUIPOS E INSTRUMENTOS DE MEDICION,M,,KP-27,,PLOMO,8746,,,,,,,,,10/03/2023 15:59:17,,U,,
550,41,,746475770002,PLANOTECA DE MADERA,SANEAR,31/12/2021,1,1503.020102,MOBILIARIO DE OFICINA,R,,,,,,,,,,,,,,,,U,,
551,41,29,746475770003,PLANOTECA DE MADERA,SANEAR,31/12/2021,1,1503.020102,MOBILIARIO DE OFICINA,M,,3 GAVETAS,,PLOMO,,0.91X1.40X0.66,,,,,,,,07/03/2023 02:16:52,,U,user user user,1
552,41,,746475770005,PLANOTECA DE MADERA,SANEAR,31/12/2021,1,1503.020102,MOBILIARIO DE OFICINA,M,,,,,,,,,,,,,,,,U,,
553,41,31,673656910001,PLATAFORMA TIPO CARRETA,SANEAR,31/12/2021,1,1503.020999,"MAQUINARIAS, EQUIPOS Y MOBILIARIOS DE OTRAS INSTALACIONES",M,,,,,,,,,,,,,,07/03/2023 01:21:58,,U,user user user,1
554,41,,602272490001,PODOMETRO,SANEAR,31/12/2021,1,1503.020905,EQUIPOS E INSTRUMENTOS DE MEDICION,R,KOMKA,QLDZ-08,,NEGRO/AMARILLO,40463006,,,,,,,,,,,U,,
555,41,,675083000002,PRENSA HIDRAULICA,SANEAR,31/12/2021,1,1503.020999,"MAQUINARIAS, EQUIPOS Y MOBILIARIOS DE OTRAS INSTALACIONES",M,,,,,,,,,,,,,,,,U,,
556,41,,602273050016,PRISMA CIRCULAR,SANEAR,31/12/2021,1,1503.020905,EQUIPOS E INSTRUMENTOS DE MEDICION,M,,,ES BASTON,NEGRO,,,,,,,,,,,,U,,
557,41,,602273050028,PRISMA CIRCULAR,SANEAR,31/12/2021,1,1503.020905,EQUIPOS E INSTRUMENTOS DE MEDICION,M,,,PRISMA CIRCULAR,,,,,,,,,,,,,U,,
558,41,,602273050029,PRISMA CIRCULAR,SANEAR,31/12/2021,1,1503.020905,EQUIPOS E INSTRUMENTOS DE MEDICION,M,,,PRISMA CIRCULAR,,,,,,,,,,,,,U,,
559,41,,602273050030,PRISMA CIRCULAR,O/C Nº 346,18/11/2015,520,1503.020905,EQUIPOS E INSTRUMENTOS DE MEDICION,B,LEICA,GLS 111,,ROJO,7309118,,,,,,,,,,,U,,
560,41,57,602273050034,PRISMA CIRCULAR,O/C Nº 000031,6/02/2013,486,1503.020905,EQUIPOS E INSTRUMENTOS DE MEDICION,M,LEICA,GLS 111,346,ROJO,7312124,,,,,,,,LE FALTA SU ESPEJO,13/03/2023 09:52:26,,U,KEVIN MIDGUAR ARCE TAIRO,3
561,41,48,602273050035,PRISMA CIRCULAR,SANEAR,31/12/2021,1,1503.020905,EQUIPOS E INSTRUMENTOS DE MEDICION,R,,,ESTUCHE Nº 8,ROJO,,,,,,,,,,14/03/2023 10:35:36,,U,KEVIN MIDGUAR ARCE TAIRO,3
562,41,48,602273050036,PRISMA CIRCULAR,SANEAR,31/12/2021,1,1503.020905,EQUIPOS E INSTRUMENTOS DE MEDICION,R,LEICA,,,ROJO BLANCO,,,,,,,,,,14/03/2023 10:35:45,,U,KEVIN MIDGUAR ARCE TAIRO,3
563,41,48,602273050043,PRISMA CIRCULAR,SANEAR,31/12/2021,1,1503.020905,EQUIPOS E INSTRUMENTOS DE MEDICION,R,LEICA,,,ROJO BLANCO,,,,,,,,,,14/03/2023 10:39:25,,U,KEVIN MIDGUAR ARCE TAIRO,3
564,41,48,602273050044,PRISMA CIRCULAR,SANEAR,31/12/2021,1,1503.020905,EQUIPOS E INSTRUMENTOS DE MEDICION,R,LEICA,,ESTUCHE Nº 14,ROJO BLANCO,,,,,,,,,,14/03/2023 10:39:30,,U,KEVIN MIDGUAR ARCE TAIRO,3
565,41,35,672286120003,PRISMA PENTAGONAL TOPOGRAFICO,O/C Nº 000152,2/07/2012,605,1503.020906,EQUIPOS PARA VEHICULOS,M,LEICA,GPH3,,,40008001,,,,,,,,BAJA,10/03/2023 17:10:48,,D,,
566,41,6,952266440002,PROYECTOR,SANEAR,31/12/2021,1,1503.020303,EQUIPOS DE TELECOMUNICACIONES,M,ELMO,S300,,BLANCO/PLOMO,446909,,,,,,,,,20/03/2023 16:02:57,,U,DELIA RUTH QUISPE SONCCO,4
567,41,,952266440005,PROYECTOR,SANEAR,31/12/2021,1,1503.020303,EQUIPOS DE TELECOMUNICACIONES,R,EPSON,910W,PROYECTOR DATAN,BLANCO GRIS,PA7F350048L,,,,,,,,,,,U,,
568,41,,952267660001,RADIO FOTOCONTROL,SANEAR,31/12/2021,1,1503.020303,EQUIPOS DE TELECOMUNICACIONES,M,,,,,,,,,,,,,,,,U,,
569,41,,952267660002,RADIO FOTOCONTROL,SANEAR,31/12/2021,1,1503.020303,EQUIPOS DE TELECOMUNICACIONES,M,MOTOROLA,MC-220,,AZUL,,,,,,,,,,,,U,,
570,41,,952267660003,RADIO FOTOCONTROL,SANEAR,31/12/2021,1,1503.020303,EQUIPOS DE TELECOMUNICACIONES,M,MOTOROLA TOLKAT,MC-220,,AZUL,,,,,,,,,,,,U,,
571,41,,952267660004,RADIO FOTOCONTROL,SANEAR,31/12/2021,1,1503.020303,EQUIPOS DE TELECOMUNICACIONES,M,MOTOROLA TOLKAT,MC-220,,AZUL,,,,,,,,,,,,U,,
572,41,,952267660006,RADIO FOTOCONTROL,SANEAR,31/12/2021,1,1503.020303,EQUIPOS DE TELECOMUNICACIONES,M,MOTOROLA TOLKAT,MC-220,,AZUL,,,,,,,,,,,,U,,
573,41,,952267660008,RADIO FOTOCONTROL,SANEAR,31/12/2021,1,1503.020303,EQUIPOS DE TELECOMUNICACIONES,M,MOTOROLA TOLKAT,MC-220,,AZUL,,,,,,,,,,,,U,,
574,41,,952267950001,RADIO PUENTE INALAMBRICO - RADIO WIRELESS BRIDGE,SANEAR,31/12/2021,1,1503.020303,EQUIPOS DE TELECOMUNICACIONES,M,,,RADIO PORTATILS,,,,,,,,,,,,,U,,
575,41,,952267950002,RADIO PUENTE INALAMBRICO - RADIO WIRELESS BRIDGE,SANEAR,31/12/2021,1,1503.020303,EQUIPOS DE TELECOMUNICACIONES,M,,,RADIO PORTATILS,,,,,,,,,,,,,U,,
576,41,,952267950003,RADIO PUENTE INALAMBRICO - RADIO WIRELESS BRIDGE,SANEAR,31/12/2021,1,1503.020303,EQUIPOS DE TELECOMUNICACIONES,M,,,RADIO PORTATILS,,,,,,,,,,,,,U,,
577,41,,952268140001,RADIO RECEPTOR,SANEAR,31/12/2021,1,1503.020303,EQUIPOS DE TELECOMUNICACIONES,M,,,RADIO RECEPTOR,,,,,,,,,,,,,U,,
578,41,,952268140005,RADIO RECEPTOR,SANEAR,31/12/2021,1,1503.020303,EQUIPOS DE TELECOMUNICACIONES,M,,,RADIO RECEPTOR,,,,,,,,,,,,,U,,
579,41,,952268890001,RADIO TELEFONO,O/C Nº 000085,27/04/2012,492,1503.020303,EQUIPOS DE TELECOMUNICACIONES,M,MOTOROLA TOLKAT,MC-220,,AZUL,,,,,,,,,,,,U,,
580,41,,952268890008,RADIO TELEFONO,SANEAR,31/12/2021,1,1503.020303,EQUIPOS DE TELECOMUNICACIONES,M,,,RADIO TELEFONO,,,,,,,,,,,,,U,,
581,41,,952268890011,RADIO TELEFONO,SANEAR,31/12/2021,1,1503.020303,EQUIPOS DE TELECOMUNICACIONES,M,,,RADIO TELEFONO,,,,,,,,,,,,,U,,
582,41,,952268890014,RADIO TELEFONO,SANEAR,31/12/2021,1,1503.020303,EQUIPOS DE TELECOMUNICACIONES,M,,,RADIO TELEFONO,,,,,,,,,,,,,U,,
583,41,,952268890019,RADIO TELEFONO,SANEAR,31/12/2021,1,1503.020303,EQUIPOS DE TELECOMUNICACIONES,M,,,OTRA CAUSAL,,,,,,,,,,,,,U,,
584,41,,952268890021,RADIO TELEFONO,SANEAR,31/12/2021,1,1503.020303,EQUIPOS DE TELECOMUNICACIONES,M,,,OTRA CAUSAL,,,,,,,,,,,,,U,,
585,41,,952268890023,RADIO TELEFONO,SANEAR,31/12/2021,1,1503.020303,EQUIPOS DE TELECOMUNICACIONES,M,,,OTRA CAUSAL,,,,,,,,,,,,,U,,
586,41,,952268890024,RADIO TELEFONO,SANEAR,31/12/2021,1,1503.020303,EQUIPOS DE TELECOMUNICACIONES,M,,,OTRA CAUSAL,,,,,,,,,,,,,U,,
587,41,,952268890025,RADIO TELEFONO,SANEAR,31/12/2021,1,1503.020303,EQUIPOS DE TELECOMUNICACIONES,M,,,OTRA CAUSAL,,,,,,,,,,,,,U,,
588,41,,952269650002,RADIO TRANSMISOR RECEPTOR,SANEAR,31/12/2021,1,1503.020303,EQUIPOS DE TELECOMUNICACIONES,M,ICOM,ICM700,,NEGRO,2655,,,,,,,,,,,U,,
589,41,,952269650008,RADIO TRANSMISOR RECEPTOR,O/C Nº 000085,27/04/2012,492,1503.020303,EQUIPOS DE TELECOMUNICACIONES,M,,,,,,,,,,,,,,,,U,,
590,41,,952269650039,RADIO TRANSMISOR RECEPTOR,SANEAR,31/12/2021,1,1503.020303,EQUIPOS DE TELECOMUNICACIONES,R,MOTOROLA,,,,,,,,,,,,,,,U,,
591,41,,952269650040,RADIO TRANSMISOR RECEPTOR,SANEAR,31/12/2021,1,1503.020303,EQUIPOS DE TELECOMUNICACIONES,R,MOTOROLA,,,,,,,,,,,,,,,U,,
592,41,,952269650041,RADIO TRANSMISOR RECEPTOR,SANEAR,31/12/2021,1,1503.020303,EQUIPOS DE TELECOMUNICACIONES,R,MOTOROLA,,,,,,,,,,,,,,,U,,
593,41,,952269650042,RADIO TRANSMISOR RECEPTOR,SANEAR,31/12/2021,1,1503.020303,EQUIPOS DE TELECOMUNICACIONES,R,MOTOROLA,,,,,,,,,,,,,,,U,,
594,41,,952269650049,RADIO TRANSMISOR RECEPTOR,SANEAR,31/12/2021,1,1503.020303,EQUIPOS DE TELECOMUNICACIONES,R,MOTOROLA,FCCIDK7GMDBJJPR,,NEGRO/VERDE,,,,,,,,,,,,U,,
595,41,,952270030002,RADIOGRABADORA,SANEAR,31/12/2021,1,1503.020303,EQUIPOS DE TELECOMUNICACIONES,M,MARCA,KW3005,,NEGRO,,,,,,,,,,,,U,,
596,41,,952270970001,RADIOTRANSMISOR,SANEAR,31/12/2021,1,1503.020303,EQUIPOS DE TELECOMUNICACIONES,M,MIDLAND,,CON CARGADOR,NEGRO,S1507003430,,,,,,,,,,,U,,
597,41,,952270970002,RADIOTRANSMISOR,SANEAR,31/12/2021,1,1503.020303,EQUIPOS DE TELECOMUNICACIONES,R,MOTOROLA,,RADIOTRANSMISOO,AZUL,,,,,,,,,,,,U,,
598,41,,952270970003,RADIOTRANSMISOR,SANEAR,31/12/2021,1,1503.020303,EQUIPOS DE TELECOMUNICACIONES,R,MOTOROLA,,RADIOTRANSMISOO,AZUL,,,,,,,,,,,,U,,
599,41,,952270970004,RADIOTRANSMISOR,O/C Nª 245,12/09/2016,599,1503.020303,EQUIPOS DE TELECOMUNICACIONES,R,MIDLAND,F20VP,,NEGRO,S1507003429,,,,,,,,,,,U,,
600,41,,952270970005,RADIOTRANSMISOR,O/C Nº 245,12/09/2016,599,1503.020303,EQUIPOS DE TELECOMUNICACIONES,R,MIDLAND X TALKR,F20VP,BOQUITOQUI,NEGRO,S1507002437,,,,,,,,,,,U,,
601,41,,952270970006,RADIOTRANSMISOR,SANEAR,31/12/2021,1,1503.020303,EQUIPOS DE TELECOMUNICACIONES,R,MIDLAND,,,NEGRO,S1507002438,,,,,,,,,,,U,,
602,41,,952270970007,RADIOTRANSMISOR,O/C Nº 245,12/09/2016,599,1503.020303,EQUIPOS DE TELECOMUNICACIONES,R,MIDLAND,F20VP,,NEGRO,S1507006319,,,,,,,,,,,U,,
603,41,,952270970008,RADIOTRANSMISOR,SANEAR,31/12/2021,1,1503.020303,EQUIPOS DE TELECOMUNICACIONES,R,MIDLAND,,CON CARGADOR,NEGRO,S1507006320,,,,,,,,,,,U,,
604,41,,952271540002,REBOBINADOR DE CINTA MAGNETICA,SANEAR,31/12/2021,1,1503.020303,EQUIPOS DE TELECOMUNICACIONES,B,LIGH TECH,33-FAL189,,NEGRO,,,,,,,,,,,,U,,
605,41,57,673660360003,RETROEXCAVADORA,O/C Nº 000336,11/06/2013,346642,1503.020999,"MAQUINARIAS, EQUIPOS Y MOBILIARIOS DE OTRAS INSTALACIONES",R,CATERPILLAR,420-F,,AMARILLO,LTG00614,,,,,,,,,13/03/2023 11:02:37,,U,,
606,41,56,673663810001,RODILLO LISO VIBRATORIO AUTOPROPULSADO,SANEAR,31/12/2021,1,1503.020999,"MAQUINARIAS, EQUIPOS Y MOBILIARIOS DE OTRAS INSTALACIONES",R,INGERSOLL RAND,DX-700H,,PLOMO,RJ0630-GCANK-1560859,,,,,,,,,18/03/2023 12:42:12,,U,DELIA RUTH QUISPE SONCCO,4
607,41,56,673664970001,RODILLO LISO VIBRATORIO MANUAL,O/C Nº 000238,16/05/2013,53850,1503.020999,"MAQUINARIAS, EQUIPOS Y MOBILIARIOS DE OTRAS INSTALACIONES",R,CATERPILLAR,CS533F,RODILLO VIBRATO,AMARILLO,MOTOR BZE02942 UNIDE,,,,,,,,,15/03/2023 18:39:50,,U,KEVIN MIDGUAR ARCE TAIRO,3
608,41,,673670720001,RODILLO VIBRATORIO,O/C Nº 000382,10/12/2012,53850,1503.020999,"MAQUINARIAS, EQUIPOS Y MOBILIARIOS DE OTRAS INSTALACIONES",M,STONE,WP3100R,,,,,,,,,,,,,,U,,
609,41,,952275360007,RUTEADOR DE RED - ROUTER,SANEAR,31/12/2021,1,1503.020303,EQUIPOS DE TELECOMUNICACIONES,R,ZYXEL,,,NEGRO,5323104875,,,,,,,,,,,U,,
610,41,35,952275410001,SCANNER DE COMUNICACIONES,O/C Nº 00273,7/10/2014,1200,1503.020303,EQUIPOS DE TELECOMUNICACIONES,R,ARGOX,AS-8020CL,LECTOR DE CODIS,PLOMO,C30969418,,,,,,,,,10/03/2023 18:12:59,,U,,
611,41,,42278560001,SEGADORA GIRATORIA,O/C Nº 0,31/01/1996,16520,1503.020502,EQUIPO DE USO AGRICOLA Y PESQUERO,M,,HEST-121ATH,,,,,,,,,,,,,,U,,
612,41,35,672293920001,SIERRA CIRCULAR PORTATIL,SANEAR,31/12/2021,1,1503.020906,EQUIPOS PARA VEHICULOS,B,TRUPER,SICI-714A-2,,NARANJA,,,,,,,,,,10/03/2023 18:30:56,,U,,
613,41,25,746481190001,SILLA FIJA DE MADERA,SANEAR,31/12/2021,1,1503.020102,MOBILIARIO DE OFICINA,M,,,,CAFÉ,,,,,,,,,,07/03/2023 02:17:30,,U,user user user,1
614,41,29,746481190006,SILLA FIJA DE MADERA,SANEAR,31/12/2021,1,1503.020102,MOBILIARIO DE OFICINA,M,,,,CAFÉ,,,,,,,,,,05/03/2023 17:56:39,,U,,
615,41,32,746481190011,SILLA FIJA DE MADERA,SANEAR,31/12/2021,1,1503.020102,MOBILIARIO DE OFICINA,M,,,,CAFÉ,,,,,,,,,,05/03/2023 11:25:49,,U,,
616,41,29,746481190023,SILLA FIJA DE MADERA,O/C NºTAS2,27/07/1995,19.55,1503.020102,MOBILIARIO DE OFICINA,R,,TAPIZ DE LONA,,CAOBA,,0.44X0.41X0.86,,,,,,,,05/03/2023 17:59:25,,U,,
617,41,37,746481190028,SILLA FIJA DE MADERA,O/C Nº 000294,6/11/2012,94,1503.020102,MOBILIARIO DE OFICINA,R,,,,CAFÉ,,,,,,,,,,09/03/2023 10:25:58,,U,user user user,1
618,41,,746481190036,SILLA FIJA DE MADERA,SANEAR,31/12/2021,1,1503.020102,MOBILIARIO DE OFICINA,M,,,,CAFÉ,,,,,,,,,,,,U,,
619,41,29,746481190037,SILLA FIJA DE MADERA,O/C Nº 000295,6/11/2012,94.5,1503.020102,MOBILIARIO DE OFICINA,M,,,,CAFÉ,,,,,,,,,,07/03/2023 02:18:47,,U,user user user,1
620,41,,746481190141,SILLA FIJA DE MADERA,SANEAR,31/12/2021,1,1503.020102,MOBILIARIO DE OFICINA,M,,,,,,,,,,,,,,,,U,,
621,41,,746481190142,SILLA FIJA DE MADERA,O/C Nª 00153,4/07/2012,97,1503.020102,MOBILIARIO DE OFICINA,M,,,,AZUL,,0.42X0.55X0.82,,,,,,,,,,U,,
622,41,,746481190143,SILLA FIJA DE MADERA,O/C Nº 6-00071,26/07/2010,90,1503.020102,MOBILIARIO DE OFICINA,M,,,,MADERA,,,,,,,,,,,,U,,
623,41,29,746481190150,SILLA FIJA DE MADERA,O/C Nº 381,27/07/1995,57,1503.020102,MOBILIARIO DE OFICINA,M,,,,CAFÉ,,,,,,,,,,07/03/2023 02:20:58,,U,user user user,1
624,41,,746481190151,SILLA FIJA DE MADERA,O/C Nº 381,31/12/2020,57,1503.020102,MOBILIARIO DE OFICINA,M,,,,CAFÉ,,,,,,,,,,,,U,,
625,41,25,746481870002,SILLA FIJA DE METAL,SANEAR,31/12/2021,1,1503.020102,MOBILIARIO DE OFICINA,M,,,,NEGRO,,,,,,,,,,07/03/2023 02:21:34,,U,user user user,1
626,41,31,746481870005,SILLA FIJA DE METAL,SANEAR,31/12/2021,1,1503.020102,MOBILIARIO DE OFICINA,M,,,,NEGRO,,,,,,,,,,07/03/2023 02:22:17,,U,user user user,1
627,41,14,746481870007,SILLA FIJA DE METAL,SANEAR,31/12/2021,1,1503.020102,MOBILIARIO DE OFICINA,M,,,,NEGRO,,,,,,,,,,13/03/2023 17:36:45,,U,KEVIN MIDGUAR ARCE TAIRO,3
628,41,,746481870009,SILLA FIJA DE METAL,SANEAR,31/12/2021,1,1503.020102,MOBILIARIO DE OFICINA,R,,,,NEGRO/PLOMO,,,,,,,,,,,,U,,
629,41,29,746481870011,SILLA FIJA DE METAL,SANEAR,31/12/2021,1,1503.020102,MOBILIARIO DE OFICINA,R,,,,NEGRO,,,,,,,,,,07/03/2023 02:22:39,,U,user user user,1
630,41,29,746481870013,SILLA FIJA DE METAL,SANEAR,31/12/2021,1,1503.020102,MOBILIARIO DE OFICINA,M,,,,NEGRO,,,,,,,,,,07/03/2023 02:23:10,,U,user user user,1
631,41,,746481870020,SILLA FIJA DE METAL,SANEAR,31/12/2021,1,1503.020102,MOBILIARIO DE OFICINA,M,,,,NEGRO,,,,,,,,,,,,U,,
632,41,32,746481870045,SILLA FIJA DE METAL,SANEAR,31/12/2021,1,1503.020102,MOBILIARIO DE OFICINA,M,,,,NEGRO,,,,,,,,,,07/03/2023 02:25:30,,U,user user user,1
633,41,9,746481870062,SILLA FIJA DE METAL,SANEAR,31/12/2021,1,1503.020102,MOBILIARIO DE OFICINA,M,,,,NEGRO,,,,,,,,,,21/03/2023 18:19:09,,U,DELIA RUTH QUISPE SONCCO,4
634,41,32,746481870085,SILLA FIJA DE METAL,SANEAR,31/12/2021,1,1503.020102,MOBILIARIO DE OFICINA,M,,,,NEGRO,,,,,,,,,,07/03/2023 02:28:26,,U,user user user,1
635,41,28,746481870090,SILLA FIJA DE METAL,SANEAR,31/12/2021,1,1503.020102,MOBILIARIO DE OFICINA,R,,CUERINA NEGRA,,PLOMO,,,,,,,,,,10/03/2023 16:10:37,,U,KEVIN MIDGUAR ARCE TAIRO,3
636,41,31,746481870113,SILLA FIJA DE METAL,SANEAR,31/12/2021,1,1503.020102,MOBILIARIO DE OFICINA,M,,,,NEGRO,,,,,,,,,,07/03/2023 02:28:48,,U,user user user,1
637,41,76,746482550004,SILLA FIJA DE OTRO MATERIAL,SANEAR,31/12/2021,1,1503.020102,MOBILIARIO DE OFICINA,R,REY,,,AZUL,,,,,,,,,,21/03/2023 18:17:50,,U,DELIA RUTH QUISPE SONCCO,4
638,41,,746482550005,SILLA FIJA DE OTRO MATERIAL,SANEAR,31/12/2021,1,1503.020102,MOBILIARIO DE OFICINA,R,REY,,,AZUL,,,,,,,,,,,,U,,
639,41,,746482550006,SILLA FIJA DE OTRO MATERIAL,SANEAR,31/12/2021,1,1503.020102,MOBILIARIO DE OFICINA,R,REY,,,AZUL,,,,,,,,,,,,U,,
640,41,,746482550007,SILLA FIJA DE OTRO MATERIAL,SANEAR,31/12/2021,1,1503.020102,MOBILIARIO DE OFICINA,R,REY,,,AZUL,,,,,,,,,,,,U,,
641,41,30,746482550010,SILLA FIJA DE OTRO MATERIAL,SANEAR,31/12/2021,1,1503.020102,MOBILIARIO DE OFICINA,R,,PLASTICO,,BLANCO,,,,,,,,,,09/03/2023 18:04:50,,U,KEVIN MIDGUAR ARCE TAIRO,3
642,41,,746482550017,SILLA FIJA DE OTRO MATERIAL,SANEAR,31/12/2021,1,1503.020102,MOBILIARIO DE OFICINA,R,REY,,,AZUL,,,,,,,,,,,,U,,
643,41,,746482550018,SILLA FIJA DE OTRO MATERIAL,SANEAR,31/12/2021,1,1503.020102,MOBILIARIO DE OFICINA,R,REY,,,AZUL,,,,,,,,,,,,U,,
644,41,,746482550019,SILLA FIJA DE OTRO MATERIAL,SANEAR,31/12/2021,1,1503.020102,MOBILIARIO DE OFICINA,M,,,,AZUL,,,,,,,,,,,,U,,
645,41,32,746482550028,SILLA FIJA DE OTRO MATERIAL,SANEAR,31/12/2021,1,1503.020102,MOBILIARIO DE OFICINA,M,,,,AZUL,,,,,,,,,,05/03/2023 10:51:42,,U,,
646,41,32,746482550029,SILLA FIJA DE OTRO MATERIAL,SANEAR,31/12/2021,1,1503.020102,MOBILIARIO DE OFICINA,M,,,,AZUL,,,,,,,,,,05/03/2023 10:51:48,,U,,
647,41,,746483230001,SILLA GIRATORIA DE MADERA,SANEAR,31/12/2021,1,1503.020102,MOBILIARIO DE OFICINA,M,,,,,,,,,,,,,,,,U,,
648,41,29,746483900005,SILLA GIRATORIA DE METAL,O/C Nº 000520,24/07/2013,280,1503.020102,MOBILIARIO DE OFICINA,M,,,,NEGRO,,,,,,,,,,07/03/2023 02:30:41,,U,user user user,1
649,41,,746483900006,SILLA GIRATORIA DE METAL,O/C Nº 0118,29/02/1996,70,1503.020102,MOBILIARIO DE OFICINA,M,,,,NEGRO,,,,,,,,,,,,U,,
650,41,,746483900009,SILLA GIRATORIA DE METAL,SANEAR,31/12/2021,1,1503.020102,MOBILIARIO DE OFICINA,R,,,,NEGRO,,0.46X0.65X0.98,,,,,,,,,,U,,
651,41,,746483900021,SILLA GIRATORIA DE METAL,O/C Nº 000352,14/06/2013,180,1503.020102,MOBILIARIO DE OFICINA,M,,TAPIZ LONA,,NEGRO,,,,,,,,,,,,U,,
652,41,,746483900022,SILLA GIRATORIA DE METAL,O/C Nº 000310,15/11/2012,180,1503.020102,MOBILIARIO DE OFICINA,M,,,,NEGRO,,,,,,,,,,,,U,,
653,41,,746483900024,SILLA GIRATORIA DE METAL,O/C Nº 000310,15/11/2012,180,1503.020102,MOBILIARIO DE OFICINA,R,,MONTHI,,NEGRO,,0.68X0.85X1.00,,,,,,,,,,U,,
654,41,,746483900068,SILLA GIRATORIA DE METAL,O/C Nº 000047,7/02/2013,200,1503.020102,MOBILIARIO DE OFICINA,M,,,,NEGRO,,,,,,,,,,,,U,,
655,41,,746483900071,SILLA GIRATORIA DE METAL,O/C Nº 000310,15/11/2012,180,1503.020102,MOBILIARIO DE OFICINA,M,,,,NEGRO,,,,,,,,,,,,U,,
656,41,,746483900074,SILLA GIRATORIA DE METAL,O/C Nº 000047,7/02/2013,200,1503.020102,MOBILIARIO DE OFICINA,M,,,,NEGRO,,,,,,,,,,,,U,,
657,41,48,746483900075,SILLA GIRATORIA DE METAL,O/C Nº 000047,7/02/2013,200,1503.020102,MOBILIARIO DE OFICINA,M,,,,NEGRO,,,,,,,,,,14/03/2023 12:08:02,,U,KEVIN MIDGUAR ARCE TAIRO,3
658,41,,746483900079,SILLA GIRATORIA DE METAL,O/C Nº 000047,7/02/2013,200,1503.020102,MOBILIARIO DE OFICINA,R,,,,NEGRO,,,,,,,,,,,,U,,
659,41,,746483900081,SILLA GIRATORIA DE METAL,O/C Nº 000047,7/02/2013,200,1503.020102,MOBILIARIO DE OFICINA,M,,,,NEGRO,,0.40X0.50X0.60,,,,,,,,,,U,,
660,41,,746483900082,SILLA GIRATORIA DE METAL,O/C Nº 000047,7/02/2013,200,1503.020102,MOBILIARIO DE OFICINA,M,,,,NEGRO,,,,,,,,,,,,U,,
661,41,,746483900088,SILLA GIRATORIA DE METAL,O/C Nº 000047,7/02/2013,200,1503.020102,MOBILIARIO DE OFICINA,M,,,,NEGRO,,,,,,,,,,,,U,,
662,41,,746483900094,SILLA GIRATORIA DE METAL,O/C Nº 000066,15/02/2013,179.99,1503.020102,MOBILIARIO DE OFICINA,M,,,,NEGRO,,0.44X0.62X0.99,,,,,,,,,,U,,
663,41,,746483900107,SILLA GIRATORIA DE METAL,O/C Nº 000161,12/04/2013,220,1503.020102,MOBILIARIO DE OFICINA,M,,,,NEGRO,,,,,,,,,,,,U,,
664,41,,746483900110,SILLA GIRATORIA DE METAL,SANEAR,31/12/2021,1,1503.020102,MOBILIARIO DE OFICINA,M,,,,,,,,,,,,,,,,U,,
665,41,,746483900114,SILLA GIRATORIA DE METAL,O/C Nº 000346,13/06/2013,220,1503.020102,MOBILIARIO DE OFICINA,M,,,,NEGRO,,,,,,,,,,,,U,,
666,41,,746483900115,SILLA GIRATORIA DE METAL,O/C Nº 000346,13/06/2013,220,1503.020102,MOBILIARIO DE OFICINA,M,,,,NEGRO,,,,,,,,,,,,U,,
667,41,,746483900118,SILLA GIRATORIA DE METAL,SANEAR,31/12/2021,1,1503.020102,MOBILIARIO DE OFICINA,M,,,,NEGRO,,,,,,,,,,,,U,,
668,41,,746483900119,SILLA GIRATORIA DE METAL,SANEAR,31/12/2021,1,1503.020102,MOBILIARIO DE OFICINA,R,,,,NEGRO,,,,,,,,,,,,U,,
669,41,,746483900120,SILLA GIRATORIA DE METAL,O/C Nº 000310,15/11/2012,180,1503.020102,MOBILIARIO DE OFICINA,M,,,,NEGRO,,0.43X0.46X0.72,,,,,,,,,,U,,
670,41,,746483900121,SILLA GIRATORIA DE METAL,SANEAR,31/12/2021,1,1503.020102,MOBILIARIO DE OFICINA,M,,,,NEGRO,,,,,,,,,,,,U,,
671,41,14,746487970010,SILLON FIJO DE METAL,SANEAR,31/12/2021,1,1503.020102,MOBILIARIO DE OFICINA,M,,,,NEGRO,,,,,,,,,,13/03/2023 16:29:49,,U,KEVIN MIDGUAR ARCE TAIRO,3
672,41,32,746488310002,SILLON GIRATORIO (OTROS),O/C Nº 6-00127,30/09/2010,490,1503.020102,MOBILIARIO DE OFICINA,M,,PRINCIPE,,MARRON,,0.43X0.50X0.73,,,,,,,,07/03/2023 02:31:14,,U,user user user,1
673,41,14,746489330006,SILLON GIRATORIO DE METAL,O/C Nº 000520,24/07/2013,280,1503.020102,MOBILIARIO DE OFICINA,M,,TAPIZ TELA,,NEGRO,,0.43X0.46X0.72,,,,,,,,13/03/2023 17:15:40,,U,KEVIN MIDGUAR ARCE TAIRO,3
674,41,,42291880001,SURCADOR,SANEAR,31/12/2021,1,1503.020502,EQUIPO DE USO AGRICOLA Y PESQUERO,M,,,,,,,,,,,,,,,,U,,
675,41,,952281740001,TABLERO ELECTRICO DE CONTROL,SANEAR,31/12/2021,1,1503.020303,EQUIPOS DE TELECOMUNICACIONES,M,SQUARE,ATS 46C48N,ALTISTAR 46,PLOMO,TELEMECANIQUE,,,,,,,,,,,U,,
676,41,35,746494750001,TABURETE FIJO DE METAL,SANEAR,31/12/2021,1,1503.020102,MOBILIARIO DE OFICINA,R,,,,NEGRO/PLOMO,,,,,,,,,,10/03/2023 11:15:23,,U,,
677,41,14,746494750002,TABURETE FIJO DE METAL,SANEAR,31/12/2021,1,1503.020102,MOBILIARIO DE OFICINA,M,,,,PLOMO,,,,,,,,,,13/03/2023 17:09:02,,U,KEVIN MIDGUAR ARCE TAIRO,3
678,41,,746495430002,TABURETE GIRATORIO DE METAL,SANEAR,31/12/2021,1,1503.020102,MOBILIARIO DE OFICINA,M,,,,,,,,,,,,,,,,U,,
679,41,,746495430003,TABURETE GIRATORIO DE METAL,SANEAR,31/12/2021,1,1503.020102,MOBILIARIO DE OFICINA,M,,,,,,,,,,,,,,,,U,,
680,41,6,673677040001,TANQUE ABLANDADOR DE AGUA,SANEAR,31/12/2021,1,1503.020999,"MAQUINARIAS, EQUIPOS Y MOBILIARIOS DE OTRAS INSTALACIONES",M,,,,,,,,,,,,,,04/03/2023 13:03:25,,U,DELIA RUTH QUISPE SONCCO,4
681,41,,673677040002,TANQUE ABLANDADOR DE AGUA,SANEAR,31/12/2021,1,1503.020999,"MAQUINARIAS, EQUIPOS Y MOBILIARIOS DE OTRAS INSTALACIONES",R,,,,,,,,,,,,,,,,U,,
682,41,6,46482620001,TANQUE DE ACERO INOXIDABLE (MAYOR A 1/8 UIT),VERIFICAR,31/12/2021,1,1503.020501,MOBILIARIO DE USO AGRICOLA Y PESQUERO,M,,,,,,,,,,,,,,04/03/2023 12:46:20,,U,DELIA RUTH QUISPE SONCCO,4
683,41,,673677630001,TANQUE DE METAL - CISTERNA,SANEAR,31/12/2021,1,1503.020999,"MAQUINARIAS, EQUIPOS Y MOBILIARIOS DE OTRAS INSTALACIONES",R,,,,,,,,,,,,,,,,U,,
684,41,31,673677630002,TANQUE DE METAL - CISTERNA,SANEAR,31/12/2021,1,1503.020999,"MAQUINARIAS, EQUIPOS Y MOBILIARIOS DE OTRAS INSTALACIONES",M,,,,,,,,,,,,,OXIDADO,05/03/2023 16:20:26,,U,DELIA RUTH QUISPE SONCCO,4
685,41,,676466670005,TANQUE DE POLIETILENO PARA AGUA,O/C Nº 499,30/12/2016,590,1503.020102,MOBILIARIO DE OFICINA,R,,,,BLANCO,,1000 LTS.,,,,,,,,,,U,,
686,41,,676466670007,TANQUE DE POLIETILENO PARA AGUA,SANEAR,31/12/2021,1,1503.020102,MOBILIARIO DE OFICINA,R,,,,BLANCO,,,,,,,,,,,,U,,
687,41,,676466670008,TANQUE DE POLIETILENO PARA AGUA,O/C Nº 00047,31/12/2021,1,1503.020102,MOBILIARIO DE OFICINA,R,,,,,,,,,,,,,,,,U,,
688,41,,676466670009,TANQUE DE POLIETILENO PARA AGUA,SANEAR,31/12/2021,1,1503.020102,MOBILIARIO DE OFICINA,R,,,,,,,,,,,,,,,,U,,
689,41,,676466670010,TANQUE DE POLIETILENO PARA AGUA,SANEAR,31/12/2021,1,1503.020102,MOBILIARIO DE OFICINA,R,,,,,,,,,,,,,,,,U,,
690,41,,676466670013,TANQUE DE POLIETILENO PARA AGUA,SANEAR,31/12/2021,1,1503.020102,MOBILIARIO DE OFICINA,R,,,,,,,,,,,,,,,,U,,
691,41,,676466670014,TANQUE DE POLIETILENO PARA AGUA,SANEAR,31/12/2021,1,1503.020102,MOBILIARIO DE OFICINA,R,,,,,,,,,,,,,,,,U,,
692,41,,676466670016,TANQUE DE POLIETILENO PARA AGUA,SANEAR,31/12/2021,1,1503.020102,MOBILIARIO DE OFICINA,R,,,,AZUL,,,,,,,,,,,,U,,
693,41,,676466670017,TANQUE DE POLIETILENO PARA AGUA,SANEAR,31/12/2021,1,1503.020102,MOBILIARIO DE OFICINA,R,,,,,,,,,,,,,,,,U,,
694,41,,676466670018,TANQUE DE POLIETILENO PARA AGUA,SANEAR,31/12/2021,1,1503.020102,MOBILIARIO DE OFICINA,R,,,,BLANCO,,250 GLS.,,,,,,,,,,U,,
695,41,,676466670019,TANQUE DE POLIETILENO PARA AGUA,SANEAR,31/12/2021,1,1503.020102,MOBILIARIO DE OFICINA,R,,,,BLANCO,,250 GLS.,,,,,,,,,,U,,
696,41,,676466670020,TANQUE DE POLIETILENO PARA AGUA,SANEAR,31/12/2021,1,1503.020102,MOBILIARIO DE OFICINA,R,,,,BLANCO,,250 GLS.,,,,,,,,,,U,,
697,41,,676466670021,TANQUE DE POLIETILENO PARA AGUA,SANEAR,31/12/2021,1,1503.020102,MOBILIARIO DE OFICINA,R,,,,BLANCO,,250 GLS.,,,,,,,,,,U,,
698,41,,676466670023,TANQUE DE POLIETILENO PARA AGUA,SANEAR,31/12/2021,1,1503.020102,MOBILIARIO DE OFICINA,M,PLASTICO,,,AZUL,,,,,,,,,,,,U,,
699,41,,676466670024,TANQUE DE POLIETILENO PARA AGUA,SANEAR,31/12/2021,1,1503.020102,MOBILIARIO DE OFICINA,R,PLASTICO,,,BLANCO,,,,,,,,,,,,U,,
700,41,,676466670025,TANQUE DE POLIETILENO PARA AGUA,SANEAR,31/12/2021,1,1503.020102,MOBILIARIO DE OFICINA,R,,,,BLANCO,,,,,,,,,,,,U,,
701,41,,676466670026,TANQUE DE POLIETILENO PARA AGUA,SANEAR,31/12/2021,1,1503.020102,MOBILIARIO DE OFICINA,R,,,,NEGRO,,,,,,,,,,,,U,,
702,41,,676466670027,TANQUE DE POLIETILENO PARA AGUA,SANEAR,31/12/2021,1,1503.020102,MOBILIARIO DE OFICINA,R,,,,NEGRO,,,,,,,,,,,,U,,
703,41,,746495760001,TARIMA,SANEAR,31/12/2021,1,1503.020102,MOBILIARIO DE OFICINA,M,,,,,,,,,,,,,,,,U,,
704,41,,740895000028,TECLADO - KEYBOARD,SANEAR,31/12/2021,1,1503.020301,EQUIPOS COMPUTACIONALES Y PERIFERICOS,M,,,,,,,,,,,,,,,,U,,
705,41,6,740895000074,TECLADO - KEYBOARD,O/C Nº 54,30/01/2004,42.6,1503.020301,EQUIPOS COMPUTACIONALES Y PERIFERICOS,M,,5530K-SP,,,K693806705,,,,,,,,,07/03/2023 01:30:48,,U,user user user,1
706,41,,740895000095,TECLADO - KEYBOARD,O/C Nº 0-00038,22/02/2010,51.52,1503.020301,EQUIPOS COMPUTACIONALES Y PERIFERICOS,M,GENIUS,,,NEGRO,XEBCO7006164,,,,,,,,,,,U,,
707,41,,740895000106,TECLADO - KEYBOARD,O/C Nº 95,19/09/2008,49.52,1503.020301,EQUIPOS COMPUTACIONALES Y PERIFERICOS,M,GENIUS,,,NEGRO,XEC907012167,,,,,,,,,,,U,,
708,41,,740895000110,TECLADO - KEYBOARD,O/C Nº 000279,31/05/2013,69.08,1503.020301,EQUIPOS COMPUTACIONALES Y PERIFERICOS,R,MICROSOFT,1366,,NEGRO,66903508287,,,,,,,,,,,U,,
709,41,,740895000120,TECLADO - KEYBOARD,SANEAR,31/12/2021,1,1503.020301,EQUIPOS COMPUTACIONALES Y PERIFERICOS,R,GENIUS,,,NEGRO,WV1355404505,,,,,,,,,,,U,,
710,41,,740895000155,TECLADO - KEYBOARD,O/C Nº 000348,13/06/2013,47.2,1503.020301,EQUIPOS COMPUTACIONALES Y PERIFERICOS,M,BTC,9000A,,NEGRO,,,,,,,,,,,,U,,
711,41,,740895000164,TECLADO - KEYBOARD,SANEAR,31/12/2021,1,1503.020301,EQUIPOS COMPUTACIONALES Y PERIFERICOS,R,GENIUS,,,NEGRO,XEC507004424,,,,,,,,,,,U,,
712,41,,740895000167,TECLADO - KEYBOARD,O/C Nº 000022,8/03/2012,57.22,1503.020301,EQUIPOS COMPUTACIONALES Y PERIFERICOS,R,GENIUS,K639,,NEGRO,ZM6602042991,,,,,,,,,,,U,,
713,41,,740895000178,TECLADO - KEYBOARD,SANEAR,31/12/2021,1,1503.020301,EQUIPOS COMPUTACIONALES Y PERIFERICOS,M,GENIUS,KKB-2050U,,NEGRO,,,,,,,,,,,,U,,
714,41,,740895000195,TECLADO - KEYBOARD,SANEAR,31/12/2021,1,1503.020301,EQUIPOS COMPUTACIONALES Y PERIFERICOS,B,DATAONE,DAT-425C,,NEGRO,,,,,,,,,,,,U,,
715,41,,740895000201,TECLADO - KEYBOARD,SANEAR,31/12/2021,1,1503.020301,EQUIPOS COMPUTACIONALES Y PERIFERICOS,R,DATAONE,DAT-425C,S/N,NEGRO,,,,,,,,,,,,U,,
716,41,,740895560002,TECLADO INALAMBRICO,O/C Nº 3-00059,10/08/2009,51.08,1503.020301,EQUIPOS COMPUTACIONALES Y PERIFERICOS,M,CYBERTEL,K238,,NEGRO,K238,,,,,,,,,,,U,,
717,41,,672297720001,TECLE,O/C Nº 425,7/12/2015,1300,1503.020906,EQUIPOS PARA VEHICULOS,R,,,,ANARANJADO,,,,,,,,,,,,U,,
718,41,,672297720002,TECLE,SANEAR,31/12/2021,1,1503.020906,EQUIPOS PARA VEHICULOS,M,,,,,,,,,,,,,,,,U,,
719,41,,672297720003,TECLE,SANEAR,31/12/2021,1,1503.020906,EQUIPOS PARA VEHICULOS,R,,,,ANARANJADO,,,,,,,,,,,,U,,
720,41,,672297720004,TECLE,SANEAR,31/12/2021,1,1503.020906,EQUIPOS PARA VEHICULOS,R,UYUTOOLS,TEC 205,,AMARILLO,,,,,,,,,,,,U,,
721,41,32,952282870011,TELEFONO,SANEAR,31/12/2021,1,1503.020303,EQUIPOS DE TELECOMUNICACIONES,M,,,,BLANCO,,,,,,,,,,21/03/2023 17:22:23,,D,DELIA RUTH QUISPE SONCCO,4
722,41,,952282870016,TELEFONO,SANEAR,31/12/2021,1,1503.020303,EQUIPOS DE TELECOMUNICACIONES,M,COMMEX,WI-2CN,,BLANCO,,,,,,,,,,,,U,,
723,41,,952282870019,TELEFONO,SANEAR,31/12/2021,1,1503.020303,EQUIPOS DE TELECOMUNICACIONES,M,PANASONIC,KX T2315,EASA PHONE,BLANCO,,,,,,,,,,,,U,,
724,41,,952282870023,TELEFONO,SANEAR,31/12/2021,1,1503.020303,EQUIPOS DE TELECOMUNICACIONES,R,VISUATEL,INTELBRAS,,NEGRO,O8611773068303,,,,,,,,,,,U,,
725,41,,952282870031,TELEFONO,SANEAR,31/12/2021,1,1503.020303,EQUIPOS DE TELECOMUNICACIONES,M,FORMA PLUS,,,BLANCO,AA072079,,,,,,,,,,,U,,
726,41,,952282870037,TELEFONO,SANEAR,31/12/2021,1,1503.020303,EQUIPOS DE TELECOMUNICACIONES,R,MOTOROLA,,,NEGRO,,,,,,,,,,,,U,,
727,41,35,602289320003,TEODOLITO ELECTRONICO,O/C Nº 000128,15/06/2012,1100,1503.020905,EQUIPOS E INSTRUMENTOS DE MEDICION,R,CTS,DT DT610,,AMARILLO,119205,,,,,,,,,14/03/2023 10:00:31,,U,,
728,41,,602289320013,TEODOLITO ELECTRONICO,SANEAR,31/12/2021,1,1503.020905,EQUIPOS E INSTRUMENTOS DE MEDICION,R,CST/BERGER,DGT2,TEODOLITO ELECO,AMARILLO NEGRO,127296,,,,,,,,,,,U,,
729,41,,602289320014,TEODOLITO ELECTRONICO,O/C Nº 000472,16/07/2013,1283.33,1503.020905,EQUIPOS E INSTRUMENTOS DE MEDICION,R,CST/BERGER,DGT2,,AMARILLO/NEGRO,143220,,,,,,,,,,,U,,
730,41,,672298610001,TORNILLO DE BANCO,SANEAR,31/12/2021,1,1503.020906,EQUIPOS PARA VEHICULOS,R,,,,AZUL,,,,,,,,,,,,U,,
731,41,,462299500010,TRANSFORMADOR (MAYOR A 1/8 UIT),VERIFICAR,31/12/2021,1,1503.020904,ELECTRICIDAD Y ELECTRONICA,R,,,,,,,,,,,,,,,,U,,
732,41,,462299500011,TRANSFORMADOR (MAYOR A 1/8 UIT),VERIFICAR,31/12/2021,1,1503.020904,ELECTRICIDAD Y ELECTRONICA,M,FADEX,,,ROJO,,,,,,,,,,,,U,,
733,41,,462299500012,TRANSFORMADOR (MAYOR A 1/8 UIT),VERIFICAR,31/12/2021,1,1503.020904,ELECTRICIDAD Y ELECTRONICA,M,,,,PLATA,,,,,,,,,,,,U,,
734,41,,676473450004,TRIPODE DE MADERA,SANEAR,31/12/2021,1,1503.020102,MOBILIARIO DE OFICINA,M,,,,AMARILLO,,,,,,,,,,,,U,,
735,41,,676473450007,TRIPODE DE MADERA,O/C Nº 0-00074,26/02/2010,839.5,1503.020102,MOBILIARIO DE OFICINA,M,,,,,,,,,,,,,,,,U,,
736,41,,676473450013,TRIPODE DE MADERA,O/C Nº 000066,15/02/2013,2,1503.020102,MOBILIARIO DE OFICINA,M,,,,,,,,,,,,,,,,U,,
737,41,,676473450015,TRIPODE DE MADERA,O/C Nº 000424,5/07/2013,277,1503.020102,MOBILIARIO DE OFICINA,M,,,,,,,,,,,,,,,,U,,
738,41,,676478660003,TRIPODE METALICO,SANEAR,31/12/2021,1,1503.020102,MOBILIARIO DE OFICINA,B,,ALUMINIO,,PLOMO/NARANJA,,,,,,,,,,,,U,,
739,41,,676478660012,TRIPODE METALICO,O/C Nº 000128,15/06/2012,1100,1503.020102,MOBILIARIO DE OFICINA,R,QUICK CLAMP,A20 4.50KG.171M,,PLOMO,,110,,,,,,,,,,U,,
740,41,,676478660024,TRIPODE METALICO,O/C Nº 000207,30/05/2013,132,1503.020102,MOBILIARIO DE OFICINA,R,CST/BERGER,,,PLOMO/NARANJA,,,,,,,,,,,,U,,
741,41,,676478660052,TRIPODE METALICO,O/C Nº 000066,15/02/2013,2,1503.020102,MOBILIARIO DE OFICINA,R,,,,MOSTASA,,,,,,,,,,,,U,,
742,41,,676478660056,TRIPODE METALICO,SANEAR,31/12/2021,1,1503.020102,MOBILIARIO DE OFICINA,R,STANDAR,,,,,,,,,,,,,,,U,,
743,41,,676478660059,TRIPODE METALICO,SANEAR,31/12/2021,1,1503.020102,MOBILIARIO DE OFICINA,B,PROEL,,,NEGRO,,,,,,,,,,,,U,,
744,41,,676478660061,TRIPODE METALICO,SANEAR,31/12/2021,1,1503.020102,MOBILIARIO DE OFICINA,B,,,,PLOMO,,,,,,,,,,,,U,,
745,41,,676478660062,TRIPODE METALICO,SANEAR,31/12/2021,1,1503.020102,MOBILIARIO DE OFICINA,M,,,,AMARILLO,,,,,,,,,,,,U,,
746,41,,676478660063,TRIPODE METALICO,SANEAR,31/12/2021,1,1503.020102,MOBILIARIO DE OFICINA,R,,,,NARANJA/PLOMO,,,,,,,,,,,,U,,
747,41,,676478660064,TRIPODE METALICO,SANEAR,31/12/2021,1,1503.020102,MOBILIARIO DE OFICINA,R,,,,,,,,,,,,,,,,U,,
748,41,,676478660065,TRIPODE METALICO,SANEAR,31/12/2021,1,1503.020102,MOBILIARIO DE OFICINA,R,,,,NARANJA/PLOMO,,,,,,,,,,,,U,,
749,41,,676478660066,TRIPODE METALICO,SANEAR,31/12/2021,1,1503.020102,MOBILIARIO DE OFICINA,R,,,,NARANJA/PLOMO,,,,,,,,,,,,U,,
750,41,34,740899500055,UNIDAD CENTRAL DE PROCESO - CPU,O/C Nº 3-00060,10/08/2009,2282.5,1503.020301,EQUIPOS COMPUTACIONALES Y PERIFERICOS,R,INTEL,DUAL CORE2,,NEGRO,,,,,,,,,,10/03/2023 10:20:36,,U,,
751,41,,740899500071,UNIDAD CENTRAL DE PROCESO - CPU,SANEAR,31/12/2021,1,1503.020301,EQUIPOS COMPUTACIONALES Y PERIFERICOS,M,,,,,,,,,,,,,,,,U,,
752,41,,740899500075,UNIDAD CENTRAL DE PROCESO - CPU,SANEAR,31/12/2021,1,1503.020301,EQUIPOS COMPUTACIONALES Y PERIFERICOS,M,INTEL,CORE 2 DUO,,NEGRO,,,,,,,,,,09/03/2023 13:01:22,,U,KEVIN MIDGUAR ARCE TAIRO,3
753,41,,740899500080,UNIDAD CENTRAL DE PROCESO - CPU,O/C Nº 3-00043,25/05/2010,2140,1503.020301,EQUIPOS COMPUTACIONALES Y PERIFERICOS,R,INTEL,CORE I 3,,NEGRO,,,,,,,,,,,,U,,
754,41,,740899500081,UNIDAD CENTRAL DE PROCESO - CPU,SANEAR,31/12/2021,1,1503.020301,EQUIPOS COMPUTACIONALES Y PERIFERICOS,M,NEW DESIGN,,,BLANCO,,,,,,,,,,,,U,,
755,41,,740899500083,UNIDAD CENTRAL DE PROCESO - CPU,O/C Nº 6-00066,16/07/2010,2265,1503.020301,EQUIPOS COMPUTACIONALES Y PERIFERICOS,R,INTEL,,ALTRON,NEGRO,,,,,,,,,,,,U,,
756,41,,740899500097,UNIDAD CENTRAL DE PROCESO - CPU,O/C Nº 000446,20/12/2012,2631.2,1503.020301,EQUIPOS COMPUTACIONALES Y PERIFERICOS,M,INTEL,CORE I7,GAB. ALTRON,NEGRO,,,,,,,,,,,,U,,
757,41,,740899500100,UNIDAD CENTRAL DE PROCESO - CPU,O/C Nº 000298,6/11/2012,2581.15,1503.020301,EQUIPOS COMPUTACIONALES Y PERIFERICOS,M,,CORE I7,INTEL,NEGRO,,,,,,,,,,,,U,,
758,41,,740899500116,UNIDAD CENTRAL DE PROCESO - CPU,SANEAR,31/12/2021,1,1503.020301,EQUIPOS COMPUTACIONALES Y PERIFERICOS,B,INTEL,,,NEGRO,,,,,,,,,,,,U,,
759,41,,740899500124,UNIDAD CENTRAL DE PROCESO - CPU,SANEAR,31/12/2021,1,1503.020301,EQUIPOS COMPUTACIONALES Y PERIFERICOS,R,,,,,,,,,,,,,,,,U,,
760,41,48,740899500127,UNIDAD CENTRAL DE PROCESO - CPU,O/C Nº 025-C,9/12/2004,2286.9,1503.020301,EQUIPOS COMPUTACIONALES Y PERIFERICOS,M,MICRONICS,,,NEGRO,,,,,,,,,,14/03/2023 10:58:16,,U,KEVIN MIDGUAR ARCE TAIRO,3
761,41,,740899500131,UNIDAD CENTRAL DE PROCESO - CPU,SANEAR,31/12/2021,1,1503.020301,EQUIPOS COMPUTACIONALES Y PERIFERICOS,M,,,,,,,,,,,,,,,,U,,
762,41,,740899500137,UNIDAD CENTRAL DE PROCESO - CPU,SANEAR,31/12/2021,1,1503.020301,EQUIPOS COMPUTACIONALES Y PERIFERICOS,M,MICRONICS,,,NEGRO,,,,,,,,,,,,U,,
763,41,32,740899500141,UNIDAD CENTRAL DE PROCESO - CPU,SANEAR,31/12/2021,1,1503.020301,EQUIPOS COMPUTACIONALES Y PERIFERICOS,R,,,,CELESTES/CREMA,,,,,,,,,,21/03/2023 17:07:32,,U,DELIA RUTH QUISPE SONCCO,4
764,41,,396499740001,URNA DE MADERA,SANEAR,31/12/2021,1,1503.020602,MOBILIARIO DE CULTURA Y ARTE,R,,,,,,,,,,,,,,,,U,,
765,41,,112279700010,VENTILADOR ELECTRICO PARA MESA O DE PIE,SANEAR,31/12/2021,1,1503.020901,AIRE ACONDICIONADO Y REFRIGERACION,R,,,,PLOMO,,,,,,,,,,,,U,,
766,41,,112279700011,VENTILADOR ELECTRICO PARA MESA O DE PIE,SANEAR,31/12/2021,1,1503.020901,AIRE ACONDICIONADO Y REFRIGERACION,M,,,,,,,,,,,,,,,,U,,
767,41,,112287620010,VENTILADOR ELECTRICO PARA TECHO,SANEAR,31/12/2021,1,1503.020901,AIRE ACONDICIONADO Y REFRIGERACION,R,,,,VERDE CLARO,,,,,,,,,,,,U,,
768,41,,112287620011,VENTILADOR ELECTRICO PARA TECHO,SANEAR,31/12/2021,1,1503.020901,AIRE ACONDICIONADO Y REFRIGERACION,R,,,,VERDE CLARO,,,,,,,,,,,,U,,
769,41,,112287620013,VENTILADOR ELECTRICO PARA TECHO,SANEAR,31/12/2021,1,1503.020901,AIRE ACONDICIONADO Y REFRIGERACION,R,,,,VERDE,,,,,,,,,,,,U,,
770,41,,112287620019,VENTILADOR ELECTRICO PARA TECHO,SANEAR,31/12/2021,1,1503.020901,AIRE ACONDICIONADO Y REFRIGERACION,R,,,,VERDE,,,,,,,,,,,,U,,
771,41,,112287620020,VENTILADOR ELECTRICO PARA TECHO,SANEAR,31/12/2021,1,1503.020901,AIRE ACONDICIONADO Y REFRIGERACION,M,,,,VERDE,,,,,,,,,,,,U,,
772,41,,675099500012,VIBRADOR DE CONCRETO,O/C Nº 27,27/05/2009,2939,1503.020999,"MAQUINARIAS, EQUIPOS Y MOBILIARIOS DE OTRAS INSTALACIONES",M,HONDA,,,,9328452,,,,,,,,,,,U,,
773,41,57,675099500017,VIBRADOR DE CONCRETO,O/C Nº 8-00145,30/04/2010,2939,1503.020999,"MAQUINARIAS, EQUIPOS Y MOBILIARIOS DE OTRAS INSTALACIONES",R,HONDA,VC-867-09GCBT,,BLANCO,36631167,,,,,,,,,13/03/2023 09:43:07,,U,,
774,41,58,675099500020,VIBRADOR DE CONCRETO,O/C Nº 6-00035,28/01/2010,2712,1503.020999,"MAQUINARIAS, EQUIPOS Y MOBILIARIOS DE OTRAS INSTALACIONES",M,HONDA,GX160,QAB3 GCABT,ROJO/BLANCO,3758138,,,,,,,,,15/03/2023 20:31:25,,D,KEVIN MIDGUAR ARCE TAIRO,3
775,41,3,675099500023,VIBRADOR DE CONCRETO,O/C Nº 000059,10/04/2012,1950,1503.020999,"MAQUINARIAS, EQUIPOS Y MOBILIARIOS DE OTRAS INSTALACIONES",M,HONDA,G 200,,,9373542,,,,,,,,,07/03/2023 01:27:40,,U,user user user,1
776,41,,675099500033,VIBRADOR DE CONCRETO,O/C Nº 000868,3/12/2013,2021,1503.020999,"MAQUINARIAS, EQUIPOS Y MOBILIARIOS DE OTRAS INSTALACIONES",R,HONDA DYNAMIC,GX160,H1QAB3,,GCAAH3638607,,,,,,,,,,,U,,
777,41,,675099500034,VIBRADOR DE CONCRETO,O/C Nº 456,23/01/2005,2734,1503.020999,"MAQUINARIAS, EQUIPOS Y MOBILIARIOS DE OTRAS INSTALACIONES",R,HONDA DYNAMIC,G200,,,9328224,,,,,,,,,,,U,,
778,41,,675099500035,VIBRADOR DE CONCRETO,O/C Nº 456,21/12/2016,2500,1503.020999,"MAQUINARIAS, EQUIPOS Y MOBILIARIOS DE OTRAS INSTALACIONES",R,HONDA DYNAMIC,GX160,,,KMC168FNA16070730288,,,,,,,,,,,U,,
779,41,,675099500036,VIBRADOR DE CONCRETO,SANEAR,31/12/2021,1,1503.020999,"MAQUINARIAS, EQUIPOS Y MOBILIARIOS DE OTRAS INSTALACIONES",M,OHV,CAUTION,,,,,,,,,,,,,,U,,
780,41,,675099500037,VIBRADOR DE CONCRETO,SANEAR,31/12/2021,1,1503.020999,"MAQUINARIAS, EQUIPOS Y MOBILIARIOS DE OTRAS INSTALACIONES",R,HONDA DYNAMIC,KMC168FBA,,,1.60707E+12,,,,,,,,,,,U,,
781,41,,675099500038,VIBRADOR DE CONCRETO,SANEAR,31/12/2021,1,1503.020999,"MAQUINARIAS, EQUIPOS Y MOBILIARIOS DE OTRAS INSTALACIONES",R,OHV,CAUTION,,,,,,,,,,,,,,U,,
782,41,6,952299120003,VIDEOGRABADORA,O/C Nº 0294,29/04/1996,852.15,1503.020303,EQUIPOS DE TELECOMUNICACIONES,M,,,VR755/50,,MR120Q1869,,,,,,,,,07/03/2023 02:52:06,,U,user user user,1
783,41,,746498140002,VITRINA DE MADERA,SANEAR,31/12/2021,1,1503.020102,MOBILIARIO DE OFICINA,R,,,,AMARILLO,,0.10X0.39X0.39,,,,,,,,,,U,,
784,41,,676499500001,YUNQUE,SANEAR,31/12/2021,1,1503.020102,MOBILIARIO DE OFICINA,R,,,,,,,,,,,,,,,,U,,
785,6,6,462200500002,ACUMULADOR DE ENERGIA - EQUIPO DE UPS,SANEAR,31/12/2021,1,1503.020904,ELECTRICIDAD Y ELECTRONICA,M,ANVIL,,,BLANCO,753-93DE500WT,,,,,,,,,04/03/2023 11:53:33,,U,DELIA RUTH QUISPE SONCCO,4
786,6,6,602206720001,BALANZA DE PLATAFORMA,SANEAR,31/12/2021,1,1503.020905,EQUIPOS E INSTRUMENTOS DE MEDICION,M,,,,VERDE,,,,,,,,,,04/03/2023 11:53:24,,U,DELIA RUTH QUISPE SONCCO,4
787,6,6,602210680032,BOMBA DE SUCCION,SANEAR,31/12/2021,1,1503.020905,EQUIPOS E INSTRUMENTOS DE MEDICION,M,10JD140X7,2135AN,DESMANTELADO,PLOMO,,,,,,,,,,04/03/2023 12:02:04,,U,DELIA RUTH QUISPE SONCCO,4
788,6,6,742203180003,CALCULADORA ELECTRICA,SANEAR,31/12/2021,1,1503.020101,MAQUINAS Y EQUIPOS DE OFICINA,M,OLIVETTI,7189787,,PLOMO/VERDE,6460780,,,,,,,,,04/03/2023 12:45:35,,U,DELIA RUTH QUISPE SONCCO,4
789,6,6,742203180008,CALCULADORA ELECTRICA,SANEAR,31/12/2021,1,1503.020101,MAQUINAS Y EQUIPOS DE OFICINA,M,CASIO,F2,,BLANCO,62450,,,,,,,,,04/03/2023 12:47:06,,U,DELIA RUTH QUISPE SONCCO,4
790,6,6,742203180009,CALCULADORA ELECTRICA,SANEAR,31/12/2021,1,1503.020101,MAQUINAS Y EQUIPOS DE OFICINA,M,CASIO,F2,,BLANCO,90322393,,,,,,,,,04/03/2023 12:43:41,,U,DELIA RUTH QUISPE SONCCO,4
791,6,6,742203180010,CALCULADORA ELECTRICA,SANEAR,31/12/2021,1,1503.020101,MAQUINAS Y EQUIPOS DE OFICINA,M,CASIO,F2,,BLANCO,9032397,,,,,,,,,04/03/2023 12:47:16,,U,DELIA RUTH QUISPE SONCCO,4
792,6,6,742203180011,CALCULADORA ELECTRICA,SANEAR,31/12/2021,1,1503.020101,MAQUINAS Y EQUIPOS DE OFICINA,M,CASIO,FR-1211,HIRAOKA,AMARILLO,6312944,,,,,,,,,04/03/2023 12:45:11,,U,DELIA RUTH QUISPE SONCCO,4
793,6,6,742203180012,CALCULADORA ELECTRICA,SANEAR,31/12/2021,1,1503.020101,MAQUINAS Y EQUIPOS DE OFICINA,M,FACIT,2263,,BLANCO,6460797,,,,,,,,,04/03/2023 12:43:22,,U,DELIA RUTH QUISPE SONCCO,4
794,6,6,742203180013,CALCULADORA ELECTRICA,SANEAR,31/12/2021,1,1503.020101,MAQUINAS Y EQUIPOS DE OFICINA,M,FACIT,2263,6120690,CREMA,6120553,,,,,,,,,04/03/2023 12:47:39,,U,DELIA RUTH QUISPE SONCCO,4
795,6,6,742203180014,CALCULADORA ELECTRICA,SANEAR,31/12/2021,1,1503.020101,MAQUINAS Y EQUIPOS DE OFICINA,M,FACIT,2263,7189787,CREMA,6120690,,,,,,,,,04/03/2023 12:45:21,,U,DELIA RUTH QUISPE SONCCO,4
796,6,,742203180015,CALCULADORA ELECTRICA,SANEAR,31/12/2021,1,1503.020101,MAQUINAS Y EQUIPOS DE OFICINA,M,FACIT,2263,,BLANCO,6460780,,,,,,,,,,,U,,
797,6,6,742203180016,CALCULADORA ELECTRICA,SANEAR,31/12/2021,1,1503.020101,MAQUINAS Y EQUIPOS DE OFICINA,M,FACIT,2263,,CREMA,6460809,,,,,,,,,04/03/2023 12:43:33,,U,DELIA RUTH QUISPE SONCCO,4
798,6,6,742203180017,CALCULADORA ELECTRICA,SANEAR,31/12/2021,1,1503.020101,MAQUINAS Y EQUIPOS DE OFICINA,M,OLIVETTI,NEW LOGOCART 40,,VERDE,S1821536,,,,,,,,,04/03/2023 12:45:45,,U,DELIA RUTH QUISPE SONCCO,4
799,6,6,742203180018,CALCULADORA ELECTRICA,SANEAR,31/12/2021,1,1503.020101,MAQUINAS Y EQUIPOS DE OFICINA,M,OLIVETTI,H057,,PLOMO,A6-61837,,,,,,,,,04/03/2023 12:47:33,,U,DELIA RUTH QUISPE SONCCO,4
800,6,6,742203180021,CALCULADORA ELECTRICA,SANEAR,31/12/2021,1,1503.020101,MAQUINAS Y EQUIPOS DE OFICINA,M,TOWA,121MAP,,PLOMO/BLANCO,3240493,,,,,,,,,04/03/2023 12:44:43,,U,DELIA RUTH QUISPE SONCCO,4
801,6,6,742203180022,CALCULADORA ELECTRICA,SANEAR,31/12/2021,1,1503.020101,MAQUINAS Y EQUIPOS DE OFICINA,M,TOWA,,,BLANCO,7189784,,,,,,,,,04/03/2023 13:36:02,,U,DELIA RUTH QUISPE SONCCO,4
802,6,6,742208530008,CAMARA FOTOGRAFICA,SANEAR,31/12/2021,1,1503.020101,MAQUINAS Y EQUIPOS DE OFICINA,M,,,,NEGRO,6120553,,,,,,,,,04/03/2023 12:41:11,,U,DELIA RUTH QUISPE SONCCO,4
803,6,,462234930002,CONVERTIDOR DE CORRIENTE,SANEAR,31/12/2021,1,1503.020904,ELECTRICIDAD Y ELECTRONICA,M,ELEKTRA,GAMA-30M-3055,,PLOMO,,,,,,,,,,,,U,,
804,6,6,602232750001,DISCO DE PLATINO,SANEAR,31/12/2021,1,1503.020905,EQUIPOS E INSTRUMENTOS DE MEDICION,M,NEC,FD-1231H,,BLANCO/PLOMO,,,,,,,,,,04/03/2023 12:41:37,,U,DELIA RUTH QUISPE SONCCO,4
805,6,6,602232750002,DISCO DE PLATINO,SANEAR,31/12/2021,1,1503.020905,EQUIPOS E INSTRUMENTOS DE MEDICION,M,EPSON,SD-600,,BLANCO/PLOMO,P0041261,,,,,,,,,04/03/2023 12:41:24,,U,DELIA RUTH QUISPE SONCCO,4
806,6,6,952236860001,ESCANER DE RED,SANEAR,31/12/2021,1,1503.020303,EQUIPOS DE TELECOMUNICACIONES,M,EPSON,G54A,ES600C,BLANCO,1CZ0008848,,,,,,,,,04/03/2023 12:31:41,,U,DELIA RUTH QUISPE SONCCO,4
807,6,6,746437120002,ESCRITORIO DE MADERA,O/C Nº 8,29/01/1996,212.4,1503.020102,MOBILIARIO DE OFICINA,M,,,,CAFÉ,,,,,,,,,,04/03/2023 11:52:08,,U,DELIA RUTH QUISPE SONCCO,4
808,6,,746437120022,ESCRITORIO DE MADERA,SANEAR,31/12/2021,1,1503.020102,MOBILIARIO DE OFICINA,R,,,,CAOBA,,,,,,,,,,,,U,,
809,6,6,746441180001,ESTANTE DE MADERA,O/C Nº 8-00166,25/05/2010,150,1503.020102,MOBILIARIO DE OFICINA,M,,3 NIVELES,,AMARILLO/CAOBA,,1 DIVISION,,,,,,,,04/03/2023 12:39:28,,U,DELIA RUTH QUISPE SONCCO,4
810,6,6,746441180016,ESTANTE DE MADERA,SANEAR,31/12/2021,1,1503.020102,MOBILIARIO DE OFICINA,M,MADERA,3 NIVELES,,AMARILLO/CAOBA,,1 DIVISION,,,,,,,,04/03/2023 11:37:19,,D,DELIA RUTH QUISPE SONCCO,4
811,6,6,322239390006,ESTUFA ELECTRICA,SANEAR,31/12/2021,1,1503.020902,"ASEO, LIMPIEZA Y COCINA",M,FAEDI,RAYOMATIC,,ROJO,,,,,,,,,,04/03/2023 12:33:02,,U,DELIA RUTH QUISPE SONCCO,4
812,6,6,322239390007,ESTUFA ELECTRICA,SANEAR,31/12/2021,1,1503.020902,"ASEO, LIMPIEZA Y COCINA",M,FAEDI,,,ROJO,,,,,,,,,,04/03/2023 12:32:52,,U,DELIA RUTH QUISPE SONCCO,4
813,6,6,322239390008,ESTUFA ELECTRICA,SANEAR,31/12/2021,1,1503.020902,"ASEO, LIMPIEZA Y COCINA",M,,,,ROJO,,,,,,,,,,04/03/2023 12:32:42,,U,DELIA RUTH QUISPE SONCCO,4
814,6,6,952237910002,FACSIMIL,SANEAR,31/12/2021,1,1503.020303,EQUIPOS DE TELECOMUNICACIONES,M,PANASONIC,KFK-50,,NEGRO,2KAHD 306082,,,,,,,,,04/03/2023 11:37:24,,U,DELIA RUTH QUISPE SONCCO,4
815,6,6,742227260002,FOTOCOPIADORA EN GENERAL,O/C Nº 284,28/11/2003,7402.5,1503.020101,MAQUINAS Y EQUIPOS DE OFICINA,M,MITA,DC 3055,,BLANCO,316958,,,,,,,,,04/03/2023 11:50:02,,U,DELIA RUTH QUISPE SONCCO,4
816,6,6,742227260003,FOTOCOPIADORA EN GENERAL,SANEAR,31/12/2021,1,1503.020101,MAQUINAS Y EQUIPOS DE OFICINA,M,PRINCE FAN,UIZAO,DL4084F,BLANCO/PLOMO,46011013,,,,,,,,,04/03/2023 12:31:50,,U,DELIA RUTH QUISPE SONCCO,4
817,6,6,742227260004,FOTOCOPIADORA EN GENERAL,SANEAR,31/12/2021,1,1503.020101,MAQUINAS Y EQUIPOS DE OFICINA,M,ROYAL,28031ZMR,,BLANCO,,,,,,,,,,04/03/2023 11:52:13,,U,DELIA RUTH QUISPE SONCCO,4
818,6,6,740832000001,IMPRESORA (OTRAS),SANEAR,31/12/2021,1,1503.020301,EQUIPOS COMPUTACIONALES Y PERIFERICOS,M,EPSON,FX 1170 - FX-10,P12PB,BLANCO,DE10163010,,,,,,,,,04/03/2023 11:21:29,,D,DELIA RUTH QUISPE SONCCO,4
819,6,6,740832000002,IMPRESORA (OTRAS),SANEAR,31/12/2021,1,1503.020301,EQUIPOS COMPUTACIONALES Y PERIFERICOS,M,EPSON,FX-1050,,BLANCO,DE11362267,,,,,,,,,04/03/2023 11:20:03,,D,DELIA RUTH QUISPE SONCCO,4
820,6,6,740836500006,IMPRESORA A INYECCION DE TINTA,SANEAR,31/12/2021,1,1503.020301,EQUIPOS COMPUTACIONALES Y PERIFERICOS,M,HP,C2168A,DY560 DESKJET5C,BLANCO,SG420140ZD,,,,,,,,,04/03/2023 12:29:16,,U,DELIA RUTH QUISPE SONCCO,4
821,6,6,740841000020,IMPRESORA LASER,SANEAR,31/12/2021,1,1503.020301,EQUIPOS COMPUTACIONALES Y PERIFERICOS,M,EPSON,FX 1170 - L160A,ACTION LASER 10,BLANCO,1D50105914,,,,,,,,,04/03/2023 12:29:23,,U,DELIA RUTH QUISPE SONCCO,4
822,6,6,740845500002,IMPRESORA MATRIZ DE PUNTO,SANEAR,31/12/2021,1,1503.020301,EQUIPOS COMPUTACIONALES Y PERIFERICOS,M,EPSON,FX-1170,P711A,BLANCO,6211498273,,,,,,,,,04/03/2023 11:26:01,,D,DELIA RUTH QUISPE SONCCO,4
823,6,6,740845500005,IMPRESORA MATRIZ DE PUNTO,O/C Nª 000998,29/12/1995,1427.4,1503.020301,EQUIPOS COMPUTACIONALES Y PERIFERICOS,M,EPSON,LQ-1070,,BLANCO,1K210071799,,,,,,,,,04/03/2023 11:19:33,,U,DELIA RUTH QUISPE SONCCO,4
824,6,6,740845500008,IMPRESORA MATRIZ DE PUNTO,O/C Nª 340,30/06/1995,494.99,1503.020301,EQUIPOS COMPUTACIONALES Y PERIFERICOS,M,EPSON,LX300,,BLANCO,1YLY,,,,,,,,,04/03/2023 11:30:55,,U,DELIA RUTH QUISPE SONCCO,4
825,6,6,740845500009,IMPRESORA MATRIZ DE PUNTO,O/C Nª 000764,29/09/1995,1406.25,1503.020301,EQUIPOS COMPUTACIONALES Y PERIFERICOS,M,EPSON,FX-1170,P711A,BLANCO,6211498267,,,,,,,,,04/03/2023 11:22:11,,U,DELIA RUTH QUISPE SONCCO,4
826,6,6,740845500010,IMPRESORA MATRIZ DE PUNTO,SANEAR,31/12/2021,1,1503.020301,EQUIPOS COMPUTACIONALES Y PERIFERICOS,M,EPSON,LQ1170,,BLANCO,4161213624,,,,,,,,,04/03/2023 11:20:44,,D,DELIA RUTH QUISPE SONCCO,4
827,6,6,740845500012,IMPRESORA MATRIZ DE PUNTO,SANEAR,31/12/2021,1,1503.020301,EQUIPOS COMPUTACIONALES Y PERIFERICOS,M,EPSON,FX-1170,,BLANCO,1K0104731,,,,,,,,,04/03/2023 11:20:21,,D,DELIA RUTH QUISPE SONCCO,4
828,6,6,740845500013,IMPRESORA MATRIZ DE PUNTO,SANEAR,31/12/2021,1,1503.020301,EQUIPOS COMPUTACIONALES Y PERIFERICOS,M,EPSON,FX-1170,,BLANCO,1KD1034497,,,,,,,,,04/03/2023 11:26:09,,D,DELIA RUTH QUISPE SONCCO,4
829,6,6,740845500015,IMPRESORA MATRIZ DE PUNTO,O/C Nª 49,15/09/1997,1558.7,1503.020301,EQUIPOS COMPUTACIONALES Y PERIFERICOS,M,EPSON,FX-1170,P711A,BLANCO,6211142334,,,,,,,,,04/03/2023 11:23:07,,U,DELIA RUTH QUISPE SONCCO,4
830,6,6,740845500016,IMPRESORA MATRIZ DE PUNTO,SANEAR,31/12/2021,1,1503.020301,EQUIPOS COMPUTACIONALES Y PERIFERICOS,M,EPSON,LQ-1070,,BLANCO,S/SERIE,,,,,,,,,04/03/2023 11:19:10,,U,DELIA RUTH QUISPE SONCCO,4
831,6,6,740845500020,IMPRESORA MATRIZ DE PUNTO,SANEAR,31/12/2021,1,1503.020301,EQUIPOS COMPUTACIONALES Y PERIFERICOS,M,EPSON,FX-1170,,BLANCO,6211215322,,,,,,,,,04/03/2023 11:26:29,,D,DELIA RUTH QUISPE SONCCO,4
832,6,6,740845500021,IMPRESORA MATRIZ DE PUNTO,SANEAR,31/12/2021,1,1503.020301,EQUIPOS COMPUTACIONALES Y PERIFERICOS,M,EPSON,FX-1170,,BLANCO,6211176919,,,,,,,,,04/03/2023 11:22:22,,D,DELIA RUTH QUISPE SONCCO,4
833,6,6,740845500023,IMPRESORA MATRIZ DE PUNTO,SANEAR,31/12/2021,1,1503.020301,EQUIPOS COMPUTACIONALES Y PERIFERICOS,M,EPSON,STYLUS,STYLUS 1000,BLANCO,S/S,,,,,,,,,04/03/2023 11:18:07,,D,DELIA RUTH QUISPE SONCCO,4
834,6,6,952246980001,INTERCOMUNICADOR,SANEAR,31/12/2021,1,1503.020303,EQUIPOS DE TELECOMUNICACIONES,M,COMMAX,WI-2CH,,BLANCO,,,,,,,,,,04/03/2023 12:40:48,,U,DELIA RUTH QUISPE SONCCO,4
835,6,6,952246980005,INTERCOMUNICADOR,SANEAR,31/12/2021,1,1503.020303,EQUIPOS DE TELECOMUNICACIONES,M,PANASONIC,RJ-27,,PLOMO/NEGRO,,,,,,,,,,04/03/2023 12:39:52,,U,DELIA RUTH QUISPE SONCCO,4
836,6,6,952246980006,INTERCOMUNICADOR,SANEAR,31/12/2021,1,1503.020303,EQUIPOS DE TELECOMUNICACIONES,M,PANASONIC,RJ-27,,PLOMO/NEGRO,,,,,,,,,,04/03/2023 12:40:32,,U,DELIA RUTH QUISPE SONCCO,4
837,6,6,672269180004,LAMPARA TIPO PETROMAX,O/C Nº 322,30/06/1995,485,1503.020906,EQUIPOS PARA VEHICULOS,M,PETROMAX,,,ALIMINIO/AZUL,,,,,,,,,,04/03/2023 12:38:06,,U,DELIA RUTH QUISPE SONCCO,4
838,6,6,672269180005,LAMPARA TIPO PETROMAX,SANEAR,31/12/2021,1,1503.020906,EQUIPOS PARA VEHICULOS,M,PETROMAX,,,ALUMINIO,,,,,,,,,,04/03/2023 12:38:20,,U,DELIA RUTH QUISPE SONCCO,4
839,6,6,672269180006,LAMPARA TIPO PETROMAX,O/C Nº 322,30/06/1995,485,1503.020906,EQUIPOS PARA VEHICULOS,M,,,,ALUMINIO/ROJO,,,,,,,,,,04/03/2023 12:38:13,,U,DELIA RUTH QUISPE SONCCO,4
840,6,6,672269180007,LAMPARA TIPO PETROMAX,O/C Nº 322,30/06/1995,485,1503.020906,EQUIPOS PARA VEHICULOS,M,,,,ALUMINIO/ROJO,,,,,,,,,,04/03/2023 12:37:54,,U,DELIA RUTH QUISPE SONCCO,4
841,6,,672269180009,LAMPARA TIPO PETROMAX,SANEAR,31/12/2021,1,1503.020906,EQUIPOS PARA VEHICULOS,M,,,,ALUMINIO/AZUL,,,,,,,,,,,,U,,
842,6,6,672269180011,LAMPARA TIPO PETROMAX,O/C Nº 322,30/06/1995,485,1503.020906,EQUIPOS PARA VEHICULOS,M,KOLEMAN,214700,MINI RAPID,VERDE/PETROLEO,,,,,,,,,,04/03/2023 12:36:43,,U,DELIA RUTH QUISPE SONCCO,4
843,6,6,252235860002,LUSTRADORA ELECTRICA DOMESTICA,SANEAR,31/12/2021,1,1503.020902,"ASEO, LIMPIEZA Y COCINA",M,ROWENTA,SUMDEUM,,PLATEADO,,,,,,,,,,04/03/2023 12:03:14,,U,DELIA RUTH QUISPE SONCCO,4
844,6,6,742237960001,MAQUINA DE ESCRIBIR ELECTRICA,SANEAR,31/12/2021,1,1503.020101,MAQUINAS Y EQUIPOS DE OFICINA,M,OLIVETTI,ET-2300,,BLANCO,6153058,,,,,,,,,04/03/2023 11:37:23,,U,DELIA RUTH QUISPE SONCCO,4
845,6,6,742237960002,MAQUINA DE ESCRIBIR ELECTRICA,SANEAR,31/12/2021,1,1503.020101,MAQUINAS Y EQUIPOS DE OFICINA,M,CORONA,SCM-SMTH - 4EB3,SECTORIAL-415,BLANCO/VERDE,6244598 DE320 ESP,,,,,,,,,04/03/2023 11:37:18,,D,DELIA RUTH QUISPE SONCCO,4
846,6,6,742237960003,MAQUINA DE ESCRIBIR ELECTRICA,SANEAR,31/12/2021,1,1503.020101,MAQUINAS Y EQUIPOS DE OFICINA,M,FACIT,1832/4222,,BLANCO/NEGRO,710958902,,,,,,,,,04/03/2023 11:37:21,,U,DELIA RUTH QUISPE SONCCO,4
847,6,6,742237960004,MAQUINA DE ESCRIBIR ELECTRICA,SANEAR,31/12/2021,1,1503.020101,MAQUINAS Y EQUIPOS DE OFICINA,M,ERIKA,,,BLANCO/NEGRO,710958987,,,,,,,,,04/03/2023 12:39:18,,U,DELIA RUTH QUISPE SONCCO,4
848,6,6,742237960006,MAQUINA DE ESCRIBIR ELECTRICA,SANEAR,31/12/2021,1,1503.020101,MAQUINAS Y EQUIPOS DE OFICINA,M,OLIVETTI,TEKNE-3,,PLOMO,300159 DE 320 ESP,,,,,,,,,04/03/2023 13:34:35,,U,DELIA RUTH QUISPE SONCCO,4
849,6,6,742237960007,MAQUINA DE ESCRIBIR ELECTRICA,SANEAR,31/12/2021,1,1503.020101,MAQUINAS Y EQUIPOS DE OFICINA,M,OLIVETTI,TEKNE-4,,BLANCO,6654181,,,,,,,,,04/03/2023 11:37:17,,D,DELIA RUTH QUISPE SONCCO,4
850,6,6,742237960008,MAQUINA DE ESCRIBIR ELECTRICA,SANEAR,31/12/2021,1,1503.020101,MAQUINAS Y EQUIPOS DE OFICINA,M,OLIVETTI,TEKNE-4,ELECTRIC,NEGRO,6677252 DE 205ESP,,,,,,,,,04/03/2023 12:46:49,,U,DELIA RUTH QUISPE SONCCO,4
851,6,6,742237960010,MAQUINA DE ESCRIBIR ELECTRICA,SANEAR,31/12/2021,1,1503.020101,MAQUINAS Y EQUIPOS DE OFICINA,M,OLIVETTI,TEKNE-4,,PLOMO,M84501321,,,,,,,,,04/03/2023 11:50:07,,U,DELIA RUTH QUISPE SONCCO,4
852,6,6,742237960012,MAQUINA DE ESCRIBIR ELECTRICA,SANEAR,31/12/2021,1,1503.020101,MAQUINAS Y EQUIPOS DE OFICINA,M,OLIMPIA,,,BLANCO/NEGRO,M84782056,,,,,,,,,04/03/2023 15:19:03,,U,DELIA RUTH QUISPE SONCCO,4
853,6,6,742237960013,MAQUINA DE ESCRIBIR ELECTRICA,SANEAR,31/12/2021,1,1503.020101,MAQUINAS Y EQUIPOS DE OFICINA,M,OLIMPIA,,,BLANCO/NEGRO,N84782056,,,,,,,,,04/03/2023 15:18:01,,U,DELIA RUTH QUISPE SONCCO,4
854,6,6,742237960014,MAQUINA DE ESCRIBIR ELECTRICA,SANEAR,31/12/2021,1,1503.020101,MAQUINAS Y EQUIPOS DE OFICINA,M,GOLDEN,,TOUCH,CAFÉ,15-80599009 DE 140 .,,,,,,,,,04/03/2023 15:19:18,,U,DELIA RUTH QUISPE SONCCO,4
855,6,6,742237960016,MAQUINA DE ESCRIBIR ELECTRICA,SANEAR,31/12/2021,1,1503.020101,MAQUINAS Y EQUIPOS DE OFICINA,M,FACIT,,,BLANCO/NEGRO,0.649936075,,,,,,,,,04/03/2023 15:15:32,,U,DELIA RUTH QUISPE SONCCO,4
856,6,6,742237960017,MAQUINA DE ESCRIBIR ELECTRICA,SANEAR,31/12/2021,1,1503.020101,MAQUINAS Y EQUIPOS DE OFICINA,M,OLIVETTI,STUDIO 46,,BLANCO/CAFÉ,.S/SERIE,,,,,,,,,04/03/2023 15:19:45,,U,DELIA RUTH QUISPE SONCCO,4
857,6,6,742243310002,MAQUINA DE ESCRIBIR MECANICA,SANEAR,31/12/2021,1,1503.020101,MAQUINAS Y EQUIPOS DE OFICINA,M,OLIVETTI,LINEA 98,,PLOMO,4084306,,,,,,,,,04/03/2023 12:39:06,,U,DELIA RUTH QUISPE SONCCO,4
858,6,6,746454750002,MESITA DE MADERA PARA MAQUINA DE ESCRIBIR,SANEAR,31/12/2021,1,1503.020102,MOBILIARIO DE OFICINA,M,,,,MADERA (BLANCO),,,,,,,,,,04/03/2023 12:32:01,,U,DELIA RUTH QUISPE SONCCO,4
859,6,6,740877000002,MONITOR A COLOR,SANEAR,31/12/2021,1,1503.020301,EQUIPOS COMPUTACIONALES Y PERIFERICOS,M,SAMSUNG,CVM4967T,SYNCMASTER TRES,BLANCO,H8Z801020,,,,,,,,,04/03/2023 12:02:13,,U,DELIA RUTH QUISPE SONCCO,4
860,6,6,740877000005,MONITOR A COLOR,SANEAR,31/12/2021,1,1503.020301,EQUIPOS COMPUTACIONALES Y PERIFERICOS,M,SAMTRON,SC-441V,,BLANCO,9321423731,,,,,,,,,04/03/2023 12:04:10,,U,DELIA RUTH QUISPE SONCCO,4
861,6,6,740877000007,MONITOR A COLOR,SANEAR,31/12/2021,1,1503.020301,EQUIPOS COMPUTACIONALES Y PERIFERICOS,M,GOLDSTAR,1465DLS,,BLANCO,259R6A064781,,,,,,,,,04/03/2023 12:02:12,,D,DELIA RUTH QUISPE SONCCO,4
862,6,6,740877000010,MONITOR A COLOR,O/C N°000998,29/12/1995,930.59,1503.020301,EQUIPOS COMPUTACIONALES Y PERIFERICOS,M,SAMSUNG,CQB4147,,BLANCO,H2JFA08417,,,,,,,,,04/03/2023 14:56:27,,U,DELIA RUTH QUISPE SONCCO,4
863,6,6,740877000020,MONITOR A COLOR,SANEAR,31/12/2021,1,1503.020202,MOBILIARIO EDUCATIVO,M,SAMSUNG,CQA 4147,SYNCMASTER TRES,BLANCO,H8WG903726,,,,,,,,,04/03/2023 12:02:29,,U,DELIA RUTH QUISPE SONCCO,4
864,6,6,740877000027,MONITOR A COLOR,SANEAR,31/12/2021,1,1503.020202,MOBILIARIO EDUCATIVO,M,SAMSUNG,CVM4967T,SYNCMASTER TRES,BLANCO,H8YD701852,,,,,,,,,04/03/2023 12:02:18,,U,DELIA RUTH QUISPE SONCCO,4
865,6,6,740877000028,MONITOR A COLOR,SANEAR,31/12/2021,1,1503.020202,MOBILIARIO EDUCATIVO,M,SAMSUNG,MA2675,,BLANCO,4002345,,,,,,,,,04/03/2023 12:04:07,,U,DELIA RUTH QUISPE SONCCO,4
866,6,6,740877000031,MONITOR A COLOR,SANEAR,31/12/2021,1,1503.020202,MOBILIARIO EDUCATIVO,M,SAMSUNG,450NB,,BLANCO,DP14HCER507617V,,,,,,,,,04/03/2023 12:03:04,,U,DELIA RUTH QUISPE SONCCO,4
867,6,6,740877000033,MONITOR A COLOR,O/C N°547,31/12/2001,688.53,1503.020202,MOBILIARIO EDUCATIVO,M,SAMSUNG,CV-M4967,SYNCMASTER TRES,BLANCO,H8VBB09103,,,,,,,,,04/03/2023 12:02:22,,U,DELIA RUTH QUISPE SONCCO,4
868,6,6,740877000034,MONITOR A COLOR,SANEAR,31/12/2021,1,1503.020202,MOBILIARIO EDUCATIVO,M,GOLDSTAR,60NDI,,BLANCO,237F4664278A,,,,,,,,,04/03/2023 12:08:22,,U,DELIA RUTH QUISPE SONCCO,4
869,6,6,740877000035,MONITOR A COLOR,SANEAR,31/12/2021,1,1503.020202,MOBILIARIO EDUCATIVO,M,OLIVETTI,DSMCA-146613,,BLANCO,9.46197E+11,,,,,,,,,04/03/2023 12:04:18,,U,DELIA RUTH QUISPE SONCCO,4
870,6,6,740881500001,MONITOR MONOCROMATICO,SANEAR,31/12/2021,1,1503.020301,EQUIPOS COMPUTACIONALES Y PERIFERICOS,M,SAMSUNG,MA2561,RADIATION,BLANCO,U10801061,,,,,,,,,04/03/2023 12:04:05,,U,DELIA RUTH QUISPE SONCCO,4
871,6,6,740881500002,MONITOR MONOCROMATICO,SANEAR,31/12/2021,1,1503.020301,EQUIPOS COMPUTACIONALES Y PERIFERICOS,M,SUNSHINE,MA-14,LOW,BLANCO,C-951200017581,,,,,,,,,04/03/2023 12:02:35,,U,DELIA RUTH QUISPE SONCCO,4
872,6,6,740881500003,MONITOR MONOCROMATICO,SANEAR,31/12/2021,1,1503.020301,EQUIPOS COMPUTACIONALES Y PERIFERICOS,M,SAMTRON,SM-470,,BLANCO,9343068983,,,,,,,,,04/03/2023 12:02:55,,U,DELIA RUTH QUISPE SONCCO,4
873,6,6,740881500004,MONITOR MONOCROMATICO,SANEAR,31/12/2021,1,1503.020301,EQUIPOS COMPUTACIONALES Y PERIFERICOS,M,SAMTRON,SM-470,,BLANCO,9345078568,,,,,,,,,04/03/2023 12:02:23,,U,DELIA RUTH QUISPE SONCCO,4
874,6,6,672279880024,MOTORES ESTACIONARIOS Y MARINOS,SANEAR,31/12/2021,1,1503.020906,EQUIPOS PARA VEHICULOS,M,,MCDJ27O,,VERDE OSCURO,551,,,,,,,,,20/03/2023 17:13:32,,U,DELIA RUTH QUISPE SONCCO,4
875,6,6,952269650003,RADIO TRANSMISOR RECEPTOR,SANEAR,31/12/2021,1,1503.020303,EQUIPOS DE TELECOMUNICACIONES,M,STONER,SSB-112A,,PLOMO,CX 639,,,,,,,,,04/03/2023 12:41:49,,U,DELIA RUTH QUISPE SONCCO,4
876,6,,952269650007,RADIO TRANSMISOR RECEPTOR,SANEAR,31/12/2021,1,1503.020303,EQUIPOS DE TELECOMUNICACIONES,M,YAESU,FT180A,,PLOMO,3C11098,,,,,,,,,,,U,,
877,6,6,746481190009,SILLA FIJA DE MADERA,O/C Nº 229,28/04/1995,85,1503.020102,MOBILIARIO DE OFICINA,M,,,,CAFÉ,,,,,,,,,,04/03/2023 12:51:39,,U,DELIA RUTH QUISPE SONCCO,4
878,6,6,746481870015,SILLA FIJA DE METAL,SANEAR,31/12/2021,1,1503.020102,MOBILIARIO DE OFICINA,M,,,,NEGRO,,,,,,,,,,04/03/2023 13:10:16,,U,DELIA RUTH QUISPE SONCCO,4
879,6,6,742299910001,TABLERO DIGITALIZADOR ELECTRONICO,O/C Nº 000642,29/09/1995,1816.02,1503.020101,MAQUINAS Y EQUIPOS DE OFICINA,M,,SUMAGRAPHS,CEM1212-FX,BLANCO,010454001E706540001,,,,,,,,EXISTE SOLO TAPA,20/03/2023 17:31:03,,U,DELIA RUTH QUISPE SONCCO,4
880,6,6,740895000001,TECLADO - KEYBOARD,SANEAR,31/12/2021,1,1503.020301,EQUIPOS COMPUTACIONALES Y PERIFERICOS,M,ACER,6511,,BLANCO,K6552136504,,,,,,,,,04/03/2023 12:27:55,,U,DELIA RUTH QUISPE SONCCO,4
881,6,6,740895000004,TECLADO - KEYBOARD,SANEAR,31/12/2021,1,1503.020301,EQUIPOS COMPUTACIONALES Y PERIFERICOS,M,LITE-ON-4100,SK4100R- IU,,BLANCO,M930619006,,,,,,,,,04/03/2023 12:32:33,,U,DELIA RUTH QUISPE SONCCO,4
882,6,6,740895000005,TECLADO - KEYBOARD,SANEAR,31/12/2021,1,1503.020301,EQUIPOS COMPUTACIONALES Y PERIFERICOS,M,DVE,DK-100C,,BLANCO,,,,,,,,,,04/03/2023 12:20:17,,D,DELIA RUTH QUISPE SONCCO,4
883,6,6,740895000006,TECLADO - KEYBOARD,SANEAR,31/12/2021,1,1503.020301,EQUIPOS COMPUTACIONALES Y PERIFERICOS,M,UASA,901,,BLANCO,KSC0102653,,,,,,,,,04/03/2023 12:20:57,,U,DELIA RUTH QUISPE SONCCO,4
884,6,6,740895000008,TECLADO - KEYBOARD,SANEAR,31/12/2021,1,1503.020301,EQUIPOS COMPUTACIONALES Y PERIFERICOS,M,ACER,6312-T,,BLANCO,K63-61221292,,,,,,,,,04/03/2023 12:28:20,,U,DELIA RUTH QUISPE SONCCO,4
885,6,6,740895000010,TECLADO - KEYBOARD,SANEAR,31/12/2021,1,1503.020301,EQUIPOS COMPUTACIONALES Y PERIFERICOS,M,PROFESSIONAL,DK 100,,BLANCO,9.31235E+16,,,,,,,,,04/03/2023 12:22:29,,U,DELIA RUTH QUISPE SONCCO,4
886,6,6,740895000011,TECLADO - KEYBOARD,SANEAR,31/12/2021,1,1503.020301,EQUIPOS COMPUTACIONALES Y PERIFERICOS,M,BTC,BTC-55XXK,,BLANCO,BTC-55XXK,,,,,,,,,04/03/2023 12:20:41,,U,DELIA RUTH QUISPE SONCCO,4
887,6,6,740895000012,TECLADO - KEYBOARD,O/C Nº 000998,29/12/1995,58.97,1503.020301,EQUIPOS COMPUTACIONALES Y PERIFERICOS,M,SUNSHINE,F-21,,BLANCO,628290,,,,,,,,,04/03/2023 12:27:11,,U,DELIA RUTH QUISPE SONCCO,4
888,6,6,740895000013,TECLADO - KEYBOARD,SANEAR,31/12/2021,1,1503.020301,EQUIPOS COMPUTACIONALES Y PERIFERICOS,M,PROFESSIONAL,MCK-701W,,BLANCO,6751706,,,,,,,,,04/03/2023 12:24:16,,U,DELIA RUTH QUISPE SONCCO,4
889,6,6,740895000014,TECLADO - KEYBOARD,SANEAR,31/12/2021,1,1503.020301,EQUIPOS COMPUTACIONALES Y PERIFERICOS,M,TURBO PLUS,HQK,,BLANCO,BITS6001,,,,,,,,,04/03/2023 12:21:37,,U,DELIA RUTH QUISPE SONCCO,4
890,6,6,740895000016,TECLADO - KEYBOARD,O/C Nº 0246,29/04/1996,86.5,1503.020301,EQUIPOS COMPUTACIONALES Y PERIFERICOS,M,ACER,6511,,BLANCO,K6553307506,,,,,,,,,04/03/2023 12:19:54,,U,DELIA RUTH QUISPE SONCCO,4
891,6,6,740895000017,TECLADO - KEYBOARD,O/C Nº 0099,29/01/1996,90.62,1503.020301,EQUIPOS COMPUTACIONALES Y PERIFERICOS,M,,1TB101,,BLANCO,,,,,,,,,,04/03/2023 12:24:33,,U,DELIA RUTH QUISPE SONCCO,4
892,6,6,740895000018,TECLADO - KEYBOARD,O/C Nº 0246,29/04/1996,86.5,1503.020301,EQUIPOS COMPUTACIONALES Y PERIFERICOS,M,ACER,6511,,BLANCO,K6552011698,,,,,,,,,04/03/2023 12:27:48,,U,DELIA RUTH QUISPE SONCCO,4
893,6,6,740895000019,TECLADO - KEYBOARD,O/C Nº 000998,29/12/1995,58.97,1503.020301,EQUIPOS COMPUTACIONALES Y PERIFERICOS,M,SUNSHINE,F-21,,BLANCO,1.28021E+13,,,,,,,,,04/03/2023 12:20:03,,U,DELIA RUTH QUISPE SONCCO,4
894,6,6,740895000021,TECLADO - KEYBOARD,O/C Nº 49,15/09/1997,49.56,1503.020301,EQUIPOS COMPUTACIONALES Y PERIFERICOS,M,PROFESSIONAL,5140,,BLANCO,C66263225,,,,,,,,,04/03/2023 12:20:31,,U,DELIA RUTH QUISPE SONCCO,4
895,6,6,740895000023,TECLADO - KEYBOARD,O/C Nº 654,28/11/1997,47.54,1503.020301,EQUIPOS COMPUTACIONALES Y PERIFERICOS,M,BTC,BTC-53,,BLANCO,,,,,,,,,,04/03/2023 12:27:26,,U,DELIA RUTH QUISPE SONCCO,4
896,6,6,740895000026,TECLADO - KEYBOARD,SANEAR,31/12/2021,1,1503.020301,EQUIPOS COMPUTACIONALES Y PERIFERICOS,M,BTC,5121,,BLANCO,M73185006,,,,,,,,,04/03/2023 12:28:02,,U,DELIA RUTH QUISPE SONCCO,4
897,6,6,740895000029,TECLADO - KEYBOARD,SANEAR,31/12/2021,1,1503.020301,EQUIPOS COMPUTACIONALES Y PERIFERICOS,M,PROFESSIONAL,TKN1501C,KEYBOARD,BLANCO,256675,,,,,,,,,04/03/2023 12:20:46,,U,DELIA RUTH QUISPE SONCCO,4
898,6,6,740895000037,TECLADO - KEYBOARD,SANEAR,31/12/2021,1,1503.020301,EQUIPOS COMPUTACIONALES Y PERIFERICOS,M,PROFESSIONAL,TK-M501C,,BLANCO,192982,,,,,,,,,04/03/2023 12:21:18,,U,DELIA RUTH QUISPE SONCCO,4
899,6,6,740895000038,TECLADO - KEYBOARD,SANEAR,31/12/2021,1,1503.020301,EQUIPOS COMPUTACIONALES Y PERIFERICOS,M,BELTRON,TK-M501C,,BLANCO,283645,,,,,,,,,04/03/2023 12:24:24,,U,DELIA RUTH QUISPE SONCCO,4
900,6,6,740895000040,TECLADO - KEYBOARD,SANEAR,31/12/2021,1,1503.020301,EQUIPOS COMPUTACIONALES Y PERIFERICOS,M,BTC,TK-M501C,,BLANCO,E5XKBM10140,,,,,,,,,04/03/2023 12:22:01,,D,DELIA RUTH QUISPE SONCCO,4
901,6,6,740895000043,TECLADO - KEYBOARD,SANEAR,31/12/2021,1,1503.020301,EQUIPOS COMPUTACIONALES Y PERIFERICOS,M,PROFESSIONAL,3001-1,,BLANCO,628389,,,,,,,,,04/03/2023 12:23:54,,U,DELIA RUTH QUISPE SONCCO,4
902,6,6,740895000046,TECLADO - KEYBOARD,SANEAR,31/12/2021,1,1503.020301,EQUIPOS COMPUTACIONALES Y PERIFERICOS,M,LITE,SK4100R- 2E,,BLANCO,M931103746LITE-ON/40,,,,,,,,,04/03/2023 12:24:01,,U,DELIA RUTH QUISPE SONCCO,4
903,6,6,740895000047,TECLADO - KEYBOARD,SANEAR,31/12/2021,1,1503.020301,EQUIPOS COMPUTACIONALES Y PERIFERICOS,M,TWC,SK-88018V-1V,,BLANCO,X901037983,,,,,,,,,04/03/2023 12:21:46,,U,DELIA RUTH QUISPE SONCCO,4
904,6,6,740895000048,TECLADO - KEYBOARD,SANEAR,31/12/2021,1,1503.020301,EQUIPOS COMPUTACIONALES Y PERIFERICOS,M,BELTRON,TK-M501C,,BLANCO,256547,,,,,,,,,04/03/2023 12:21:32,,U,DELIA RUTH QUISPE SONCCO,4
905,6,6,740895000050,TECLADO - KEYBOARD,SANEAR,31/12/2021,1,1503.020301,EQUIPOS COMPUTACIONALES Y PERIFERICOS,M,SUNSHINE,F-21,,BLANCO,112640110,,,,,,,,,04/03/2023 12:27:41,,U,DELIA RUTH QUISPE SONCCO,4
906,6,6,740895000051,TECLADO - KEYBOARD,SANEAR,31/12/2021,1,1503.020301,EQUIPOS COMPUTACIONALES Y PERIFERICOS,M,SUNSHINE,F-21,,BLANCO,,,,,,,,,,04/03/2023 12:19:39,,U,DELIA RUTH QUISPE SONCCO,4
907,6,6,740895000052,TECLADO - KEYBOARD,SANEAR,31/12/2021,1,1503.020301,EQUIPOS COMPUTACIONALES Y PERIFERICOS,M,SUNSHINE,F-21,,BLANCO,G0GAPC-21,,,,,,,,,04/03/2023 12:28:09,,D,DELIA RUTH QUISPE SONCCO,4
908,6,6,740895000053,TECLADO - KEYBOARD,SANEAR,31/12/2021,1,1503.020301,EQUIPOS COMPUTACIONALES Y PERIFERICOS,M,SUNSHINE,F-21,,BLANCO,1118173434,,,,,,,,,04/03/2023 12:23:48,,U,DELIA RUTH QUISPE SONCCO,4
909,6,6,740895000054,TECLADO - KEYBOARD,SANEAR,31/12/2021,1,1503.020301,EQUIPOS COMPUTACIONALES Y PERIFERICOS,M,SUNSHINE,F-21,,BLANCO,6481137,,,,,,,,,04/03/2023 12:23:06,,U,DELIA RUTH QUISPE SONCCO,4
910,6,6,740895000055,TECLADO - KEYBOARD,SANEAR,31/12/2021,1,1503.020301,EQUIPOS COMPUTACIONALES Y PERIFERICOS,M,SUNSHINE,F-21,,BLANCO,1.20141E+16,,,,,,,,,04/03/2023 12:20:24,,U,DELIA RUTH QUISPE SONCCO,4
911,6,6,740895000057,TECLADO - KEYBOARD,SANEAR,31/12/2021,1,1503.020301,EQUIPOS COMPUTACIONALES Y PERIFERICOS,M,SUNSHINE,F-21,,BLANCO,H000856618,,,,,,,,,04/03/2023 12:23:21,,U,DELIA RUTH QUISPE SONCCO,4
912,6,6,740895000058,TECLADO - KEYBOARD,SANEAR,31/12/2021,1,1503.020301,EQUIPOS COMPUTACIONALES Y PERIFERICOS,M,SUNSHINE,F-21,,BLANCO,GOGAS-21,,,,,,,,,04/03/2023 12:24:09,,U,DELIA RUTH QUISPE SONCCO,4
913,6,6,740895000059,TECLADO - KEYBOARD,SANEAR,31/12/2021,1,1503.020301,EQUIPOS COMPUTACIONALES Y PERIFERICOS,M,UASA,901,,BLANCO,9.31235E+16,,,,,,,,,04/03/2023 12:23:34,,U,DELIA RUTH QUISPE SONCCO,4
914,6,6,740895000060,TECLADO - KEYBOARD,SANEAR,31/12/2021,1,1503.020301,EQUIPOS COMPUTACIONALES Y PERIFERICOS,M,SUNSHINE,DAGD,,BLANCO,9293417,,,,,,,,,04/03/2023 12:23:28,,U,DELIA RUTH QUISPE SONCCO,4
915,6,6,740895000061,TECLADO - KEYBOARD,SANEAR,31/12/2021,1,1503.020301,EQUIPOS COMPUTACIONALES Y PERIFERICOS,M,SUNSHINE,,,BLANCO,H00857103,,,,,,,,,04/03/2023 12:23:16,,U,DELIA RUTH QUISPE SONCCO,4
916,6,6,740895000062,TECLADO - KEYBOARD,SANEAR,31/12/2021,1,1503.020301,EQUIPOS COMPUTACIONALES Y PERIFERICOS,M,BTC,BTC-55XXK,,BLANCO,J15013776,,,,,,,,,04/03/2023 12:20:50,,U,DELIA RUTH QUISPE SONCCO,4
917,6,6,740895000076,TECLADO - KEYBOARD,O/C Nº 025-C,9/12/2004,53.55,1503.020301,EQUIPOS COMPUTACIONALES Y PERIFERICOS,M,,5530KR-SP,,BLANCO,K812304823,,,,,,,,,04/03/2023 12:27:03,,U,DELIA RUTH QUISPE SONCCO,4
918,6,6,740895000093,TECLADO - KEYBOARD,SANEAR,31/12/2021,1,1503.020301,EQUIPOS COMPUTACIONALES Y PERIFERICOS,M,LITE,SK4100R-2E,,BLANCO,M931101535,,,,,,,,,04/03/2023 12:28:28,,U,DELIA RUTH QUISPE SONCCO,4
919,6,6,740895000177,TECLADO - KEYBOARD,SANEAR,31/12/2021,1,1503.020301,EQUIPOS COMPUTACIONALES Y PERIFERICOS,M,BELTRON,TK-501C,,BLANCO,210253,,,,,,,,,04/03/2023 12:27:20,,U,DELIA RUTH QUISPE SONCCO,4
920,6,6,952285520001,TELEVISOR BLANCO Y NEGRO,SANEAR,31/12/2021,1,1503.020303,EQUIPOS DE TELECOMUNICACIONES,M,UHF,,,BLANCO Y NEGRO,,,,,,,,,,04/03/2023 12:02:20,,U,DELIA RUTH QUISPE SONCCO,4
921,6,6,740899500010,UNIDAD CENTRAL DE PROCESO - CPU,SANEAR,31/12/2021,1,1503.020301,EQUIPOS COMPUTACIONALES Y PERIFERICOS,M,WIN,,,BLANCO,,,,,,,,,,04/03/2023 11:52:52,,U,DELIA RUTH QUISPE SONCCO,4
922,6,6,740899500011,UNIDAD CENTRAL DE PROCESO - CPU,SANEAR,31/12/2021,1,1503.020301,EQUIPOS COMPUTACIONALES Y PERIFERICOS,M,WIN,,,BLANCO,,,,,,,,,,04/03/2023 11:56:24,,U,DELIA RUTH QUISPE SONCCO,4
923,6,6,740899500013,UNIDAD CENTRAL DE PROCESO - CPU,SANEAR,31/12/2021,1,1503.020301,EQUIPOS COMPUTACIONALES Y PERIFERICOS,M,,,,BLANCO,,,,,,,,,,04/03/2023 11:56:20,,U,DELIA RUTH QUISPE SONCCO,4
924,6,6,740899500015,UNIDAD CENTRAL DE PROCESO - CPU,O/C Nº 000998,29/12/1995,2695.94,1503.020301,EQUIPOS COMPUTACIONALES Y PERIFERICOS,M,WIN,,,BLANCO,,,,,,,,,,04/03/2023 15:23:28,,U,DELIA RUTH QUISPE SONCCO,4
925,6,6,740899500016,UNIDAD CENTRAL DE PROCESO - CPU,O/C Nº 000998,29/12/1995,2695.94,1503.020301,EQUIPOS COMPUTACIONALES Y PERIFERICOS,M,,,,BLANCO,,,,,,,,,,04/03/2023 11:59:25,,U,DELIA RUTH QUISPE SONCCO,4
926,6,6,740899500019,UNIDAD CENTRAL DE PROCESO - CPU,O/C Nº 49,15/09/1997,2265.67,1503.020301,EQUIPOS COMPUTACIONALES Y PERIFERICOS,M,,,,BLANCO,,,,,,,,,,04/03/2023 11:56:22,,U,DELIA RUTH QUISPE SONCCO,4
927,6,6,740899500023,UNIDAD CENTRAL DE PROCESO - CPU,SANEAR,31/12/2021,1,1503.020301,EQUIPOS COMPUTACIONALES Y PERIFERICOS,M,MICROSOFT,,,BLANCO,,,,,,,,,,04/03/2023 11:56:15,,D,DELIA RUTH QUISPE SONCCO,4
928,6,6,740899500024,UNIDAD CENTRAL DE PROCESO - CPU,SANEAR,31/12/2021,1,1503.020301,EQUIPOS COMPUTACIONALES Y PERIFERICOS,M,,,,BLANCO,,,,,,,,,,04/03/2023 11:59:34,,U,DELIA RUTH QUISPE SONCCO,4
929,6,6,740899500030,UNIDAD CENTRAL DE PROCESO - CPU,SANEAR,31/12/2021,1,1503.020301,EQUIPOS COMPUTACIONALES Y PERIFERICOS,M,WIN,,,BLANCO,,,,,,,,,,04/03/2023 11:53:04,,U,DELIA RUTH QUISPE SONCCO,4
930,6,6,740899500042,UNIDAD CENTRAL DE PROCESO - CPU,SANEAR,31/12/2021,1,1503.020301,EQUIPOS COMPUTACIONALES Y PERIFERICOS,M,,,,BLANCO,,,,,,,,,,04/03/2023 11:53:15,,U,DELIA RUTH QUISPE SONCCO,4
931,6,6,740899500043,UNIDAD CENTRAL DE PROCESO - CPU,SANEAR,31/12/2021,1,1503.020301,EQUIPOS COMPUTACIONALES Y PERIFERICOS,M,,,,BLANCO,,,,,,,,,,04/03/2023 11:53:10,,U,DELIA RUTH QUISPE SONCCO,4
932,6,6,740899500045,UNIDAD CENTRAL DE PROCESO - CPU,SANEAR,31/12/2021,1,1503.020301,EQUIPOS COMPUTACIONALES Y PERIFERICOS,M,,,,BLANCO,,,,,,,,,,04/03/2023 11:53:07,,U,DELIA RUTH QUISPE SONCCO,4
933,6,6,740899500088,UNIDAD CENTRAL DE PROCESO - CPU,SANEAR,31/12/2021,1,1503.020301,EQUIPOS COMPUTACIONALES Y PERIFERICOS,M,SONY,KW3005,,NEGRO,,,,,,,,,,04/03/2023 12:02:31,,U,DELIA RUTH QUISPE SONCCO,4
934,6,6,112279700003,VENTILADOR ELECTRICO PARA MESA O DE PIE,SANEAR,31/12/2021,1,1503.020901,AIRE ACONDICIONADO Y REFRIGERACION,M,WAHSON,,,VERDE,,,,,,,,,,04/03/2023 11:52:01,,U,DELIA RUTH QUISPE SONCCO,4
935,6,6,112287620001,VENTILADOR ELECTRICO PARA TECHO,SANEAR,31/12/2021,1,1503.020901,AIRE ACONDICIONADO Y REFRIGERACION,M,,,,VERDE/CLARO,,,,,,,,,,04/03/2023 13:13:19,,U,DELIA RUTH QUISPE SONCCO,4
936,6,6,112287620014,VENTILADOR ELECTRICO PARA TECHO,SANEAR,31/12/2021,1,1503.020901,AIRE ACONDICIONADO Y REFRIGERACION,M,,,,VERDE,,,,,,,,,,04/03/2023 13:14:38,,U,DELIA RUTH QUISPE SONCCO,4
937,6,6,112287620015,VENTILADOR ELECTRICO PARA TECHO,SANEAR,31/12/2021,1,1503.020901,AIRE ACONDICIONADO Y REFRIGERACION,M,,,,VERDE,,,,,,,,,,04/03/2023 15:22:21,,U,DELIA RUTH QUISPE SONCCO,4
938,6,6,952299120001,VIDEOGRABADORA,SANEAR,31/12/2021,1,1503.020303,EQUIPOS DE TELECOMUNICACIONES,M,PHILIPS,VHS HQ,,NEGRO,149ES268,,,,,,,,,22/03/2023 12:49:02,,U,KEVIN MIDGUAR ARCE TAIRO,3
939,7,7,746475770008,PLANOTECA DE MADERA,SANEAR,31/12/2021,1,1503.020102,MOBILIARIO DE OFICINA,M,,,,PLOMO,,,,,,,,,,04/03/2023 16:58:27,,U,DELIA RUTH QUISPE SONCCO,4
940,8,8,746441860003,ESTANTE DE METAL,SANEAR,31/12/2021,1,1503.020102,MOBILIARIO DE OFICINA,M,,3 NIVELES,,CELESTE,,2 PUERTAS,,,,,,,,04/03/2023 16:53:29,,U,DELIA RUTH QUISPE SONCCO,4
941,8,8,112287620012,VENTILADOR ELECTRICO PARA TECHO,SANEAR,31/12/2021,1,1503.020901,AIRE ACONDICIONADO Y REFRIGERACION,M,,,,VERDE,,,,,,,,,,04/03/2023 16:53:45,,U,DELIA RUTH QUISPE SONCCO,4
942,9,,746441180027,ESTANTE DE MADERA,SANEAR,31/12/2021,1,1503.020102,MOBILIARIO DE OFICINA,R,,4 NIVELES,,MADERA,,2 PUERTAS,,,,,,,,,,U,,
943,9,9,746449320007,MESA DE MADERA,SANEAR,31/12/2021,1,1503.020102,MOBILIARIO DE OFICINA,M,,,,MADERA,,0.61X0.81X1.50,,,,,,,,04/03/2023 17:02:35,,U,DELIA RUTH QUISPE SONCCO,4
944,9,9,746450680006,MESA DE METAL,SANEAR,31/12/2021,1,1503.020102,MOBILIARIO DE OFICINA,M,,,,PLOMO,,0.65X1.56X1.00,,,,,,,,04/03/2023 16:59:57,,U,DELIA RUTH QUISPE SONCCO,4
945,10,10,42240480004,EQUIPO PARA ANALISIS DE SUELOS,SANEAR,31/12/2021,1,1503.020502,EQUIPO DE USO AGRICOLA Y PESQUERO,M,,,MARTILLO,PLOMO,,,,,,,,,,04/03/2023 17:07:03,,U,DELIA RUTH QUISPE SONCCO,4
946,11,11,740832000028,IMPRESORA (OTRAS),SANEAR,31/12/2021,1,1503.020301,EQUIPOS COMPUTACIONALES Y PERIFERICOS,M,,,,,,,,,,,,,,04/03/2023 16:29:46,,U,DELIA RUTH QUISPE SONCCO,4
947,11,11,740832000030,IMPRESORA (OTRAS),O/C Nª 8-00110,23/04/2010,480,1503.020301,EQUIPOS COMPUTACIONALES Y PERIFERICOS,M,HP,LASERJET P1006,,PLOMO/NEGRO,VNF360584,,,,,,,,,04/03/2023 16:29:08,,U,DELIA RUTH QUISPE SONCCO,4
948,11,11,740832000070,IMPRESORA (OTRAS),SANEAR,31/12/2021,1,1503.020301,EQUIPOS COMPUTACIONALES Y PERIFERICOS,M,EPSON,STYLUS C41.2A,,NEGRO,MDJZ264747,,,,,,,,,04/03/2023 16:30:16,,U,DELIA RUTH QUISPE SONCCO,4
949,11,11,740832000071,IMPRESORA (OTRAS),SANEAR,31/12/2021,1,1503.020301,EQUIPOS COMPUTACIONALES Y PERIFERICOS,M,EPSON,STYLUS T-25,,NEGRO,ME62099612,,,,,,,,,04/03/2023 16:39:08,,U,DELIA RUTH QUISPE SONCCO,4
950,11,11,740832000072,IMPRESORA (OTRAS),O/C Nª 015-C,11/08/2004,1050,1503.020301,EQUIPOS COMPUTACIONALES Y PERIFERICOS,M,HP,LASERJET 1015,,PLOMO/CREMA,CNFB040291,,,,,,,,,04/03/2023 16:30:28,,U,DELIA RUTH QUISPE SONCCO,4
951,11,11,740841000003,IMPRESORA LASER,O/C Nª 3-00062,13/08/2009,7500,1503.020301,EQUIPOS COMPUTACIONALES Y PERIFERICOS,M,XEROX PAS,LASER 9860,,BLANCO,HAV401502,,,,,,,,,04/03/2023 16:42:03,,U,DELIA RUTH QUISPE SONCCO,4
952,11,11,740877000053,MONITOR A COLOR,SANEAR,31/12/2021,1,1503.020301,EQUIPOS COMPUTACIONALES Y PERIFERICOS,M,LG,,,BLANCO,406SPLC34640,,,,,,,,,04/03/2023 16:29:54,,U,DELIA RUTH QUISPE SONCCO,4
953,11,11,746481190002,SILLA FIJA DE MADERA,SANEAR,31/12/2021,1,1503.020102,MOBILIARIO DE OFICINA,M,,,,CAOBA,,,,,,,,,,04/03/2023 16:35:54,,U,DELIA RUTH QUISPE SONCCO,4
954,11,11,746481190010,SILLA FIJA DE MADERA,SANEAR,31/12/2021,1,1503.020102,MOBILIARIO DE OFICINA,M,,,,CAFÉ,,,,,,,,,,04/03/2023 16:51:41,,U,DELIA RUTH QUISPE SONCCO,4
955,11,11,746481190025,SILLA FIJA DE MADERA,SANEAR,31/12/2021,1,1503.020102,MOBILIARIO DE OFICINA,M,,,,CAFÉ,,,,,,,,,,04/03/2023 16:29:49,,U,DELIA RUTH QUISPE SONCCO,4
956,11,11,746481190035,SILLA FIJA DE MADERA,O/C Nº 000295,6/11/2012,94.5,1503.020102,MOBILIARIO DE OFICINA,M,,,,CAOBA,,,,,,,,,,04/03/2023 16:36:47,,U,DELIA RUTH QUISPE SONCCO,4
957,11,11,746481190038,SILLA FIJA DE MADERA,SANEAR,31/12/2021,1,1503.020102,MOBILIARIO DE OFICINA,M,,,,CAFÉ,,,,,,,,,,04/03/2023 16:44:06,,U,DELIA RUTH QUISPE SONCCO,4
958,11,11,746481190148,SILLA FIJA DE MADERA,O/C Nº 8-00215,28/06/2010,90,1503.020102,MOBILIARIO DE OFICINA,M,,,,CAFÉ,,,,,,,,,,04/03/2023 16:35:32,,U,DELIA RUTH QUISPE SONCCO,4
959,11,11,746481870004,SILLA FIJA DE METAL,SANEAR,31/12/2021,1,1503.020102,MOBILIARIO DE OFICINA,M,,,,PLOMO/NEGRO,,,,,,,,,,04/03/2023 16:28:11,,U,DELIA RUTH QUISPE SONCCO,4
960,11,11,746481870078,SILLA FIJA DE METAL,SANEAR,31/12/2021,1,1503.020102,MOBILIARIO DE OFICINA,M,,,,NEGRO,,,,,,,,,,04/03/2023 16:30:36,,U,DELIA RUTH QUISPE SONCCO,4
961,11,11,746481870091,SILLA FIJA DE METAL,SANEAR,31/12/2021,1,1503.020102,MOBILIARIO DE OFICINA,M,,,,NEGRO,,,,,,,,,,04/03/2023 16:30:08,,U,DELIA RUTH QUISPE SONCCO,4
962,11,11,746483900010,SILLA GIRATORIA DE METAL,O/C Nº 0901,30/12/1996,240,1503.020102,MOBILIARIO DE OFICINA,M,,,,NEGRO,,0.46X0.65X0.98,,,,,,,,04/03/2023 16:36:30,,U,DELIA RUTH QUISPE SONCCO,4
963,11,11,746483900092,SILLA GIRATORIA DE METAL,O/C Nº 000047,7/02/2013,200,1503.020102,MOBILIARIO DE OFICINA,M,,,,NEGRO,,,,,,,,,,04/03/2023 16:36:13,,U,DELIA RUTH QUISPE SONCCO,4
964,11,11,746483900095,SILLA GIRATORIA DE METAL,O/C Nº 000161,12/04/2013,220,1503.020102,MOBILIARIO DE OFICINA,M,,,,NEGRO,,,,,,,,,,04/03/2023 16:29:33,,U,DELIA RUTH QUISPE SONCCO,4
965,11,11,746483900096,SILLA GIRATORIA DE METAL,O/C Nº 000161,12/04/2013,220,1503.020102,MOBILIARIO DE OFICINA,M,,,,NEGRO,,,,,,,,,,04/03/2023 16:28:47,,U,DELIA RUTH QUISPE SONCCO,4
966,11,11,746483900097,SILLA GIRATORIA DE METAL,O/C Nº 000161,12/04/2013,220,1503.020102,MOBILIARIO DE OFICINA,M,,,,NEGRO,,,,,,,,,,04/03/2023 16:29:41,,U,DELIA RUTH QUISPE SONCCO,4
967,11,11,746483900103,SILLA GIRATORIA DE METAL,O/C Nº 000310,15/11/2012,180,1503.020102,MOBILIARIO DE OFICINA,M,,,,NEGRO,,,,,,,,,,04/03/2023 16:50:18,,U,DELIA RUTH QUISPE SONCCO,4
968,11,11,746483900105,SILLA GIRATORIA DE METAL,O/C Nº 000047,7/02/2013,200,1503.020102,MOBILIARIO DE OFICINA,M,,,,NEGRO,,,,,,,,,,04/03/2023 16:28:59,,U,DELIA RUTH QUISPE SONCCO,4
969,11,11,746483900106,SILLA GIRATORIA DE METAL,O/C Nº 000161,12/04/2013,220,1503.020102,MOBILIARIO DE OFICINA,M,,,,NEGRO,,,,,,,,,,04/03/2023 16:36:20,,U,DELIA RUTH QUISPE SONCCO,4
970,11,11,740895000162,TECLADO - KEYBOARD,SANEAR,31/12/2021,1,1503.020301,EQUIPOS COMPUTACIONALES Y PERIFERICOS,M,DELUZ,K5003,,PLOMO/NEGRO,K5003080200485,,,,,,,,,04/03/2023 16:38:26,,U,DELIA RUTH QUISPE SONCCO,4
971,11,11,740895000180,TECLADO - KEYBOARD,O/C Nº 8-00110,23/04/2010,45.95,1503.020301,EQUIPOS COMPUTACIONALES Y PERIFERICOS,M,MICRONICS,MIC K-502,,PLOMO/NEGRO,,,,,,,,,,04/03/2023 16:38:49,,U,DELIA RUTH QUISPE SONCCO,4
972,11,11,740895560001,TECLADO INALAMBRICO,O/C Nº 253,12/11/2007,31.02,1503.020301,EQUIPOS COMPUTACIONALES Y PERIFERICOS,M,CYBERTEL,CY-K258,,PLOMO/NEGRO,,,,,,,,,,04/03/2023 16:47:16,,U,DELIA RUTH QUISPE SONCCO,4
973,11,11,952282870035,TELEFONO,SANEAR,31/12/2021,1,1503.020303,EQUIPOS DE TELECOMUNICACIONES,M,KEO,K-302,,NEGRO,,,,,,,,,,04/03/2023 16:40:59,,U,DELIA RUTH QUISPE SONCCO,4
974,11,11,740899500133,UNIDAD CENTRAL DE PROCESO - CPU,SANEAR,31/12/2021,1,1503.020301,EQUIPOS COMPUTACIONALES Y PERIFERICOS,M,,,,BLANCO/AZUL,,,,,,,,,,04/03/2023 16:30:04,,U,DELIA RUTH QUISPE SONCCO,4
975,11,11,112287620002,VENTILADOR ELECTRICO PARA TECHO,SANEAR,31/12/2021,1,1503.020901,AIRE ACONDICIONADO Y REFRIGERACION,M,,,,VERDE,,,,,,,,,,04/03/2023 16:43:02,,U,DELIA RUTH QUISPE SONCCO,4
976,12,,746437120019,ESCRITORIO DE MADERA,SANEAR,31/12/2021,1,1503.020102,MOBILIARIO DE OFICINA,R,,7 GAVETAS,,CAFÉ,,,,,,,,,,,,U,,
977,12,,746454750003,MESITA DE MADERA PARA MAQUINA DE ESCRIBIR,SANEAR,31/12/2021,1,1503.020102,MOBILIARIO DE OFICINA,M,,,,MADERA,,0.62X1.40X0.77,,,,,,,,,,U,,
978,12,31,746460850016,MODULO DE MADERA PARA MICROCOMPUTADORA,SANEAR,31/12/2021,1,1503.020102,MOBILIARIO DE OFICINA,M,,,,MADERA,,,,,,,,,,07/03/2023 02:15:46,,U,user user user,1
979,12,,746481870003,SILLA FIJA DE METAL,SANEAR,31/12/2021,1,1503.020102,MOBILIARIO DE OFICINA,M,,,,CREMA,,,,,,,,,,,,U,,
980,12,,746481870101,SILLA FIJA DE METAL,SANEAR,31/12/2021,1,1503.020102,MOBILIARIO DE OFICINA,R,,,,CREMA,,,,,,,,,,,,U,,
981,13,13,322216410001,COCINA (OTRAS),O/C Nª 209,30/06/2004,480,1503.020902,"ASEO, LIMPIEZA Y COCINA",M,HOGAS,4 HORNILLAS A E,,PLOMO,,,,,,,,,,05/03/2023 17:24:26,,U,DELIA RUTH QUISPE SONCCO,4
982,13,13,322221710008,COCINA A KEROSENE,O/C Nª 15,13/08/1997,200,1503.020902,"ASEO, LIMPIEZA Y COCINA",M,SURGE,,3 HORNILLAS,BLANCO,,,,,,,,,,05/03/2023 17:22:30,,U,DELIA RUTH QUISPE SONCCO,4
983,13,13,746437790011,ESCRITORIO DE METAL,SANEAR,31/12/2021,1,1503.020102,MOBILIARIO DE OFICINA,M,,3 GAVETAS,,PLOMO/NEGRO,,,,,,,,,,05/03/2023 17:23:36,,U,DELIA RUTH QUISPE SONCCO,4
984,13,13,746437790037,ESCRITORIO DE METAL,SANEAR,31/12/2021,1,1503.020102,MOBILIARIO DE OFICINA,M,,,,PLOMO/NEGRO,,,,,,,,,,05/03/2023 17:21:59,,U,DELIA RUTH QUISPE SONCCO,4
985,13,13,746449320005,MESA DE MADERA,SANEAR,31/12/2021,1,1503.020102,MOBILIARIO DE OFICINA,M,,,,PLOMO,,,,,,,,,SIN CUERPO,05/03/2023 17:25:17,,U,DELIA RUTH QUISPE SONCCO,4
986,13,13,746449320009,MESA DE MADERA,SANEAR,31/12/2021,1,1503.020102,MOBILIARIO DE OFICINA,M,,,,,,0.55X2.90X0.84,,,,,,,,05/03/2023 17:22:16,,U,DELIA RUTH QUISPE SONCCO,4
987,13,13,746451360002,MESA DE METAL PARA DIBUJO,SANEAR,31/12/2021,1,1503.020102,MOBILIARIO DE OFICINA,M,,,,PLOMO,,,,,,,,,,05/03/2023 17:23:14,,U,DELIA RUTH QUISPE SONCCO,4
988,14,14,746406600001,ARMARIO DE METAL,SANEAR,31/12/2021,1,1503.020102,MOBILIARIO DE OFICINA,M,,,,PLOMO,,,,,,,,,,13/03/2023 16:22:38,,U,KEVIN MIDGUAR ARCE TAIRO,3
989,14,14,746410670001,ATRIL MECANICO DE METAL,SANEAR,31/12/2021,1,1503.020102,MOBILIARIO DE OFICINA,M,SPERRY,REMINGTON,,PLOMO,,,,,,,,,,13/03/2023 17:44:32,,U,KEVIN MIDGUAR ARCE TAIRO,3
990,14,14,602206160003,BALANZA (OTRAS),O/C Nº 372,20/10/2011,180,1503.020905,EQUIPOS E INSTRUMENTOS DE MEDICION,M,ESTÁNDAR,,,VERDE,,,,,,,,,,13/03/2023 16:48:46,,U,KEVIN MIDGUAR ARCE TAIRO,3
991,14,14,602208420003,BALANZA MECANICA,SANEAR,31/12/2021,1,1503.020905,EQUIPOS E INSTRUMENTOS DE MEDICION,M,CORONA,,,VERDE,,,,,,,,,,13/03/2023 16:48:58,,U,KEVIN MIDGUAR ARCE TAIRO,3
992,14,14,746421520002,CAMA DE MADERA,SANEAR,31/12/2021,1,1503.020102,MOBILIARIO DE OFICINA,M,,,,AMARILLO,,,,,,,,,,13/03/2023 16:43:39,,U,KEVIN MIDGUAR ARCE TAIRO,3
993,14,14,746421520003,CAMA DE MADERA,SANEAR,31/12/2021,1,1503.020102,MOBILIARIO DE OFICINA,M,,,,NARANA,,,,,,,,,ROTO,13/03/2023 16:42:39,,U,KEVIN MIDGUAR ARCE TAIRO,3
994,14,14,536419540008,CAMA DE METAL PLEGABLE,SANEAR,31/12/2021,1,1503.020401,MOBILIARIO MEDICO,M,,,,ROJO,,,,,,,,,,13/03/2023 16:47:52,,U,KEVIN MIDGUAR ARCE TAIRO,3
995,14,14,746437120050,ESCRITORIO DE MADERA,SANEAR,31/12/2021,1,1503.020102,MOBILIARIO DE OFICINA,M,,,,PLOMO,,,,,,,,,ROTO,13/03/2023 17:00:29,,U,KEVIN MIDGUAR ARCE TAIRO,3
996,14,14,746437790024,ESCRITORIO DE METAL,SANEAR,31/12/2021,1,1503.020102,MOBILIARIO DE OFICINA,M,,,,NEGRO,,,,,,,,,,13/03/2023 17:22:32,,U,KEVIN MIDGUAR ARCE TAIRO,3
997,14,14,746437790025,ESCRITORIO DE METAL,SANEAR,31/12/2021,1,1503.020102,MOBILIARIO DE OFICINA,M,,,,BEIGE/NEGRO,,,,,,,,,,13/03/2023 17:05:56,,U,KEVIN MIDGUAR ARCE TAIRO,3
998,14,25,746437790030,ESCRITORIO DE METAL,SANEAR,31/12/2021,1,1503.020102,MOBILIARIO DE OFICINA,M,,,,BEIGE/NEGRO,,,,,,,,,,07/03/2023 02:03:11,,U,user user user,1
999,14,14,746437790034,ESCRITORIO DE METAL,SANEAR,31/12/2021,1,1503.020102,MOBILIARIO DE OFICINA,M,,,,PLOMO,,,,,,,,,,13/03/2023 16:52:13,,U,KEVIN MIDGUAR ARCE TAIRO,3
1000,14,14,746437790039,ESCRITORIO DE METAL,SANEAR,31/12/2021,1,1503.020102,MOBILIARIO DE OFICINA,M,,,,PLOMO,,,,,,,,,,13/03/2023 16:58:37,,U,KEVIN MIDGUAR ARCE TAIRO,3
1001,14,14,746437790046,ESCRITORIO DE METAL,SANEAR,31/12/2021,1,1503.020102,MOBILIARIO DE OFICINA,M,,,,PLOMO/NEGRO,,,,,,,,,,13/03/2023 16:59:43,,U,KEVIN MIDGUAR ARCE TAIRO,3
1002,14,14,746441180011,ESTANTE DE MADERA,SANEAR,31/12/2021,1,1503.020102,MOBILIARIO DE OFICINA,M,,,,PLOMO,,1.04X1.52X0.50,,,,,,,ROTO,13/03/2023 16:25:05,,U,KEVIN MIDGUAR ARCE TAIRO,3
1003,14,14,322239390011,ESTUFA ELECTRICA,SANEAR,31/12/2021,1,1503.020902,"ASEO, LIMPIEZA Y COCINA",M,,,,VERDE,,,,,,,,,,13/03/2023 17:30:26,,U,KEVIN MIDGUAR ARCE TAIRO,3
1004,14,14,322239390012,ESTUFA ELECTRICA,SANEAR,31/12/2021,1,1503.020902,"ASEO, LIMPIEZA Y COCINA",M,,,,VERDE,,,,,,,,,,13/03/2023 17:30:21,,U,KEVIN MIDGUAR ARCE TAIRO,3
1005,14,14,322250000003,HERVIDOR ELECTRICO,SANEAR,31/12/2021,1,1503.020902,"ASEO, LIMPIEZA Y COCINA",M,,,,NEGRO/ALUMINIO,,,,,,,,,,13/03/2023 17:43:52,,U,KEVIN MIDGUAR ARCE TAIRO,3
1006,14,14,322257950005,HORNO ELECTRICO,SANEAR,31/12/2021,1,1503.020902,"ASEO, LIMPIEZA Y COCINA",M,,202-1,,VERDE,85528,,,,,,,,,13/03/2023 17:06:59,,U,KEVIN MIDGUAR ARCE TAIRO,3
1007,14,14,746449320003,MESA DE MADERA,SANEAR,31/12/2021,1,1503.020102,MOBILIARIO DE OFICINA,M,,,,MADERA,,0.80X1.53X0.77,,,,,,,,13/03/2023 17:10:08,,U,KEVIN MIDGUAR ARCE TAIRO,3
1008,14,14,746449320006,MESA DE MADERA,SANEAR,31/12/2021,1,1503.020102,MOBILIARIO DE OFICINA,M,,,,CAFÉ,,,,,,,,,,13/03/2023 17:06:14,,U,KEVIN MIDGUAR ARCE TAIRO,3
1009,14,14,746449320010,MESA DE MADERA,SANEAR,31/12/2021,1,1503.020102,MOBILIARIO DE OFICINA,M,,,,PLOMO,,0.65X0.90X0.88,,,,,,,,13/03/2023 16:49:52,,U,KEVIN MIDGUAR ARCE TAIRO,3
1010,14,14,746450680007,MESA DE METAL,SANEAR,31/12/2021,1,1503.020102,MOBILIARIO DE OFICINA,M,,,,ROJO,,,,,,,,,,13/03/2023 16:26:40,,U,KEVIN MIDGUAR ARCE TAIRO,3
1011,14,14,746454750001,MESITA DE MADERA PARA MAQUINA DE ESCRIBIR,SANEAR,31/12/2021,1,1503.020102,MOBILIARIO DE OFICINA,M,,,,CAQUI,,,,,,,,,PARA MANTENIMIENTO,13/03/2023 16:28:26,,U,KEVIN MIDGUAR ARCE TAIRO,3
1012,14,14,46436500001,MIRA TOPOGRAFICA,O/C N° 288,30/05/1995,828.74,1503.020501,MOBILIARIO DE USO AGRICOLA Y PESQUERO,M,,,,BLANCO,,,,,,,,,,13/03/2023 17:17:09,,U,KEVIN MIDGUAR ARCE TAIRO,3
1013,14,14,46436500002,MIRA TOPOGRAFICA,O/C N° 288,30/05/1995,716.8,1503.020501,MOBILIARIO DE USO AGRICOLA Y PESQUERO,M,,,,BLANCO,,,,,,,,,,13/03/2023 17:24:21,,U,KEVIN MIDGUAR ARCE TAIRO,3
1014,14,14,46436500004,MIRA TOPOGRAFICA,O/C N° 288,30/05/1995,716.8,1503.020501,MOBILIARIO DE USO AGRICOLA Y PESQUERO,M,,,,BLANCO,,,,,,,,,,13/03/2023 17:17:02,,U,KEVIN MIDGUAR ARCE TAIRO,3
1015,14,14,46436500006,MIRA TOPOGRAFICA,O/C N° 288,30/05/1995,716.8,1503.020501,MOBILIARIO DE USO AGRICOLA Y PESQUERO,M,,,,BLANCO,,,,,,,,,,13/03/2023 17:25:05,,U,KEVIN MIDGUAR ARCE TAIRO,3
1016,14,14,46436500007,MIRA TOPOGRAFICA,O/C N° 288,30/05/1995,716.8,1503.020501,MOBILIARIO DE USO AGRICOLA Y PESQUERO,M,,,,BLANCO,,,,,,,,,,13/03/2023 17:24:25,,U,KEVIN MIDGUAR ARCE TAIRO,3
1017,14,14,46436500011,MIRA TOPOGRAFICA,O/C N°288,30/05/1995,716.8,1503.020501,MOBILIARIO DE USO AGRICOLA Y PESQUERO,M,,,,BLANCO,,,,,,,,,,13/03/2023 17:24:59,,U,KEVIN MIDGUAR ARCE TAIRO,3
1018,14,14,46436500012,MIRA TOPOGRAFICA,O/C N°288,30/05/1995,716.8,1503.020501,MOBILIARIO DE USO AGRICOLA Y PESQUERO,M,,,,BLANCO,,,,,,,,,,13/03/2023 17:16:52,,U,KEVIN MIDGUAR ARCE TAIRO,3
1019,14,14,46436500014,MIRA TOPOGRAFICA,SANEAR,31/12/2021,1,1503.020501,MOBILIARIO DE USO AGRICOLA Y PESQUERO,M,,,,BLANCO,,,,,,,,,,13/03/2023 17:26:05,,U,KEVIN MIDGUAR ARCE TAIRO,3
1020,14,14,46436500015,MIRA TOPOGRAFICA,O/C N°001E,31/08/2004,557.45,1503.020501,MOBILIARIO DE USO AGRICOLA Y PESQUERO,M,,,,BLANCO,,,,,,,,,,13/03/2023 17:24:51,,U,KEVIN MIDGUAR ARCE TAIRO,3
1021,14,14,46436500016,MIRA TOPOGRAFICA,SANEAR,31/12/2021,1,1503.020501,MOBILIARIO DE USO AGRICOLA Y PESQUERO,M,,,,AZUL,,,,,,,,,,13/03/2023 17:24:10,,U,KEVIN MIDGUAR ARCE TAIRO,3
1022,14,14,46436500017,MIRA TOPOGRAFICA,SANEAR,31/12/2021,1,1503.020501,MOBILIARIO DE USO AGRICOLA Y PESQUERO,M,,,,BLANCO,,,,,,,,,,13/03/2023 17:26:17,,U,KEVIN MIDGUAR ARCE TAIRO,3
1023,14,14,46436500018,MIRA TOPOGRAFICA,SANEAR,31/12/2021,1,1503.020501,MOBILIARIO DE USO AGRICOLA Y PESQUERO,M,,,,BLANCO,,,,,,,,,,13/03/2023 17:25:12,,U,KEVIN MIDGUAR ARCE TAIRO,3
1024,14,14,46436500019,MIRA TOPOGRAFICA,O/C N°000152,2/07/2012,190,1503.020501,MOBILIARIO DE USO AGRICOLA Y PESQUERO,M,,,,BLANCO,,,,,,,,,,13/03/2023 17:24:32,,U,KEVIN MIDGUAR ARCE TAIRO,3
1025,14,14,46436500020,MIRA TOPOGRAFICA,SANEAR,31/12/2021,1,1503.020501,MOBILIARIO DE USO AGRICOLA Y PESQUERO,M,,,,BLANCO,,,,,,,,,,13/03/2023 17:17:34,,U,KEVIN MIDGUAR ARCE TAIRO,3
1026,14,14,46436500021,MIRA TOPOGRAFICA,SANEAR,31/12/2021,1,1503.020501,MOBILIARIO DE USO AGRICOLA Y PESQUERO,M,,,,BLANCO,,,,,,,,,,13/03/2023 17:21:36,,U,KEVIN MIDGUAR ARCE TAIRO,3
1027,14,14,46436500022,MIRA TOPOGRAFICA,O/C N°000152,2/07/2012,190,1503.020501,MOBILIARIO DE USO AGRICOLA Y PESQUERO,M,,,,BLANCO,,,,,,,,,,13/03/2023 17:25:54,,U,KEVIN MIDGUAR ARCE TAIRO,3
1028,14,14,46436500023,MIRA TOPOGRAFICA,SANEAR,31/12/2021,1,1503.020501,MOBILIARIO DE USO AGRICOLA Y PESQUERO,M,,,,BLANCO,,,,,,,,,,13/03/2023 17:27:27,,U,KEVIN MIDGUAR ARCE TAIRO,3
1029,14,14,46436500024,MIRA TOPOGRAFICA,SANEAR,31/12/2021,1,1503.020501,MOBILIARIO DE USO AGRICOLA Y PESQUERO,M,,,,ANARANJADO,,,,,,,,,,13/03/2023 17:22:26,,U,KEVIN MIDGUAR ARCE TAIRO,3
1030,14,14,46436500025,MIRA TOPOGRAFICA,SANEAR,31/12/2021,1,1503.020501,MOBILIARIO DE USO AGRICOLA Y PESQUERO,M,,,,BLANCO,,,,,,,,,,13/03/2023 17:21:04,,U,KEVIN MIDGUAR ARCE TAIRO,3
1031,14,14,46436500026,MIRA TOPOGRAFICA,SANEAR,31/12/2021,1,1503.020501,MOBILIARIO DE USO AGRICOLA Y PESQUERO,M,,,,BLANCO,,,,,,,,,,13/03/2023 17:28:19,,U,KEVIN MIDGUAR ARCE TAIRO,3
1032,14,14,46436500027,MIRA TOPOGRAFICA,SANEAR,31/12/2021,1,1503.020501,MOBILIARIO DE USO AGRICOLA Y PESQUERO,M,,,,BLANCO,,,,,,,,,,13/03/2023 17:16:48,,U,KEVIN MIDGUAR ARCE TAIRO,3
1033,14,14,46436500028,MIRA TOPOGRAFICA,SANEAR,31/12/2021,1,1503.020501,MOBILIARIO DE USO AGRICOLA Y PESQUERO,M,,,,BLANCO,,,,,,,,,,13/03/2023 17:12:37,,U,KEVIN MIDGUAR ARCE TAIRO,3
1034,14,14,46436500029,MIRA TOPOGRAFICA,SANEAR,31/12/2021,1,1503.020501,MOBILIARIO DE USO AGRICOLA Y PESQUERO,M,,,,BLANCO,,,,,,,,,,13/03/2023 17:11:54,,U,KEVIN MIDGUAR ARCE TAIRO,3
1035,14,14,46436500030,MIRA TOPOGRAFICA,SANEAR,31/12/2021,1,1503.020501,MOBILIARIO DE USO AGRICOLA Y PESQUERO,M,,,,ANARANJADO,,,,,,,,,,13/03/2023 17:12:24,,U,KEVIN MIDGUAR ARCE TAIRO,3
1036,14,14,46436500031,MIRA TOPOGRAFICA,SANEAR,31/12/2021,1,1503.020501,MOBILIARIO DE USO AGRICOLA Y PESQUERO,M,,,,BLANCO,,,,,,,,,,13/03/2023 17:21:51,,U,KEVIN MIDGUAR ARCE TAIRO,3
1037,14,14,46436500036,MIRA TOPOGRAFICA,O/C N°254,16/08/2004,562.28,1503.020501,MOBILIARIO DE USO AGRICOLA Y PESQUERO,M,,,,ANARANJADO,,,,,,,,,,13/03/2023 17:16:55,,U,KEVIN MIDGUAR ARCE TAIRO,3
1038,14,14,46436500038,MIRA TOPOGRAFICA,O/C N°85,21/06/2007,605,1503.020501,MOBILIARIO DE USO AGRICOLA Y PESQUERO,M,,,,BLANCO,,,,,,,,,,13/03/2023 17:27:17,,U,KEVIN MIDGUAR ARCE TAIRO,3
1039,14,14,46436500039,MIRA TOPOGRAFICA,O/C N°001E,31/08/2004,557.45,1503.020501,MOBILIARIO DE USO AGRICOLA Y PESQUERO,M,,,,ANARANJADO,,,,,,,,,,13/03/2023 17:14:07,,U,KEVIN MIDGUAR ARCE TAIRO,3
1040,14,14,46436500040,MIRA TOPOGRAFICA,O/C N°85,21/06/2007,605,1503.020501,MOBILIARIO DE USO AGRICOLA Y PESQUERO,M,,,,BLANCO,,,,,,,,,,13/03/2023 17:24:15,,U,KEVIN MIDGUAR ARCE TAIRO,3
1041,14,14,46436500041,MIRA TOPOGRAFICA,O/C N°85,21/06/2007,605,1503.020501,MOBILIARIO DE USO AGRICOLA Y PESQUERO,M,,,,AZUL,,,,,,,,,,13/03/2023 17:22:03,,U,KEVIN MIDGUAR ARCE TAIRO,3
1042,14,14,46436500047,MIRA TOPOGRAFICA,O/C N°00031,16/04/2011,2674.86,1503.020501,MOBILIARIO DE USO AGRICOLA Y PESQUERO,M,,,,BLANCO,,,,,,,,,,13/03/2023 17:21:24,,U,KEVIN MIDGUAR ARCE TAIRO,3
1043,14,14,46436500050,MIRA TOPOGRAFICA,O/C N°00042,20/04/2011,951.73,1503.020501,MOBILIARIO DE USO AGRICOLA Y PESQUERO,M,,,,BLANCO,,,,,,,,,,13/03/2023 17:27:43,,U,KEVIN MIDGUAR ARCE TAIRO,3
1044,14,14,46436500059,MIRA TOPOGRAFICA,O/C N°288,30/05/1995,716.8,1503.020501,MOBILIARIO DE USO AGRICOLA Y PESQUERO,M,,,,BLANCO,,,,,,,,,,13/03/2023 17:14:28,,U,KEVIN MIDGUAR ARCE TAIRO,3
1045,14,14,46436500099,MIRA TOPOGRAFICA,O/C N°000472,16/07/2013,1283.33,1503.020501,MOBILIARIO DE USO AGRICOLA Y PESQUERO,M,,,,AMARILLO,,,,,,,,,,13/03/2023 17:24:43,,U,KEVIN MIDGUAR ARCE TAIRO,3
1046,14,14,602269520002,PLANCHETA AUTOREDUCTORA,SANEAR,31/12/2021,1,1503.020905,EQUIPOS E INSTRUMENTOS DE MEDICION,M,,,CROMADA,CAFE,,,,,,,,,,13/03/2023 17:18:33,,U,KEVIN MIDGUAR ARCE TAIRO,3
1047,14,14,746481190005,SILLA FIJA DE MADERA,SANEAR,31/12/2021,1,1503.020102,MOBILIARIO DE OFICINA,M,,,,CAFÉ,,,,,,,,,,13/03/2023 17:10:45,,U,KEVIN MIDGUAR ARCE TAIRO,3
1048,14,14,746481190008,SILLA FIJA DE MADERA,SANEAR,31/12/2021,1,1503.020102,MOBILIARIO DE OFICINA,M,,,,CAFÉ,,,,,,,,,,13/03/2023 17:07:12,,U,KEVIN MIDGUAR ARCE TAIRO,3
1049,14,14,746481190034,SILLA FIJA DE MADERA,O/C Nº 000295,6/11/2012,94.5,1503.020102,MOBILIARIO DE OFICINA,M,,,,CAQUI,,,,,,,,,ROTO,13/03/2023 16:42:15,,U,KEVIN MIDGUAR ARCE TAIRO,3
1050,14,14,746481190144,SILLA FIJA DE MADERA,O/C Nº 6-00071,26/07/2010,90,1503.020102,MOBILIARIO DE OFICINA,M,,,,CAFÉ,,,,,,,,,,13/03/2023 17:32:32,,U,KEVIN MIDGUAR ARCE TAIRO,3
1051,14,14,746481190146,SILLA FIJA DE MADERA,O/C Nº 6-00071,31/12/2021,90,1503.020102,MOBILIARIO DE OFICINA,M,,,,MADERA,,,,,,,,,,13/03/2023 17:02:54,,U,KEVIN MIDGUAR ARCE TAIRO,3
1052,14,14,746481190147,SILLA FIJA DE MADERA,O/C Nº 381,3/08/2010,90,1503.020102,MOBILIARIO DE OFICINA,M,,,,BLANCO,,,,,,,,,,13/03/2023 16:47:15,,U,KEVIN MIDGUAR ARCE TAIRO,3
1053,14,14,746481870001,SILLA FIJA DE METAL,SANEAR,31/12/2021,1,1503.020102,MOBILIARIO DE OFICINA,M,,,,NEGRO,,,,,,,,,,13/03/2023 16:32:10,,U,KEVIN MIDGUAR ARCE TAIRO,3
1054,14,14,746481870006,SILLA FIJA DE METAL,SANEAR,31/12/2021,1,1503.020102,MOBILIARIO DE OFICINA,M,,,,NEGRO,,,,,,,,,,13/03/2023 17:17:01,,U,KEVIN MIDGUAR ARCE TAIRO,3
1055,14,14,746481870026,SILLA FIJA DE METAL,SANEAR,31/12/2021,1,1503.020102,MOBILIARIO DE OFICINA,M,,,,NEGRO,,,,,,,,,,13/03/2023 16:55:23,,U,KEVIN MIDGUAR ARCE TAIRO,3
1056,14,14,746481870039,SILLA FIJA DE METAL,SANEAR,31/12/2021,1,1503.020102,MOBILIARIO DE OFICINA,M,,,,NEGRO,,,,,,,,,,13/03/2023 17:01:16,,U,KEVIN MIDGUAR ARCE TAIRO,3
1057,14,14,746481870040,SILLA FIJA DE METAL,SANEAR,31/12/2021,1,1503.020102,MOBILIARIO DE OFICINA,M,,,,PLOMO,,,,,,,,,,13/03/2023 17:04:34,,U,KEVIN MIDGUAR ARCE TAIRO,3
1058,14,14,746481870043,SILLA FIJA DE METAL,SANEAR,31/12/2021,1,1503.020102,MOBILIARIO DE OFICINA,M,,,,NEGRO/PLOMO,,,,,,,,,,13/03/2023 17:14:47,,U,KEVIN MIDGUAR ARCE TAIRO,3
1059,14,14,746481870051,SILLA FIJA DE METAL,SANEAR,31/12/2021,1,1503.020102,MOBILIARIO DE OFICINA,M,,,,NEGRO,,,,,,,,,,13/03/2023 17:11:17,,U,KEVIN MIDGUAR ARCE TAIRO,3
1060,14,14,746481870059,SILLA FIJA DE METAL,SANEAR,31/12/2021,1,1503.020102,MOBILIARIO DE OFICINA,M,,,,NEGRO,,,,,,,,,SOLO EL ASIENTO,13/03/2023 16:26:21,,U,KEVIN MIDGUAR ARCE TAIRO,3
1061,14,14,746481870060,SILLA FIJA DE METAL,SANEAR,31/12/2021,1,1503.020102,MOBILIARIO DE OFICINA,M,,,,NEGRO,,,,,,,,,,13/03/2023 17:13:26,,U,KEVIN MIDGUAR ARCE TAIRO,3
1062,14,14,746481870064,SILLA FIJA DE METAL,SANEAR,31/12/2021,1,1503.020102,MOBILIARIO DE OFICINA,M,,,,NEGRO,,,,,,,,,,13/03/2023 17:21:50,,U,KEVIN MIDGUAR ARCE TAIRO,3
1063,14,14,746481870068,SILLA FIJA DE METAL,SANEAR,31/12/2021,1,1503.020102,MOBILIARIO DE OFICINA,M,,,,NEGRO,,,,,,,,,,13/03/2023 17:17:51,,U,KEVIN MIDGUAR ARCE TAIRO,3
1064,14,14,746481870070,SILLA FIJA DE METAL,SANEAR,31/12/2021,1,1503.020102,MOBILIARIO DE OFICINA,M,,,,PLOMO,,,,,,,,,,13/03/2023 16:56:54,,U,KEVIN MIDGUAR ARCE TAIRO,3
1065,14,14,746481870072,SILLA FIJA DE METAL,SANEAR,31/12/2021,1,1503.020102,MOBILIARIO DE OFICINA,M,,,,NEGRO,,,,,,,,,,13/03/2023 17:01:09,,U,KEVIN MIDGUAR ARCE TAIRO,3
1066,14,14,746481870086,SILLA FIJA DE METAL,SANEAR,31/12/2021,1,1503.020102,MOBILIARIO DE OFICINA,M,,,,NEGRO,,,,,,,,,,13/03/2023 16:56:15,,U,KEVIN MIDGUAR ARCE TAIRO,3
1067,14,14,746481870096,SILLA FIJA DE METAL,SANEAR,31/12/2021,1,1503.020102,MOBILIARIO DE OFICINA,M,,,,NEGRO,,,,,,,,,,13/03/2023 17:14:38,,U,KEVIN MIDGUAR ARCE TAIRO,3
1068,14,14,746481870097,SILLA FIJA DE METAL,SANEAR,31/12/2021,1,1503.020102,MOBILIARIO DE OFICINA,M,,,,NEGRO,,,,,,,,,,13/03/2023 17:17:33,,U,KEVIN MIDGUAR ARCE TAIRO,3
1069,14,14,746481870102,SILLA FIJA DE METAL,SANEAR,31/12/2021,1,1503.020102,MOBILIARIO DE OFICINA,M,,,,PLOMO,,,,,,,,,,13/03/2023 17:11:08,,U,KEVIN MIDGUAR ARCE TAIRO,3
1070,14,14,746481870105,SILLA FIJA DE METAL,SANEAR,31/12/2021,1,1503.020102,MOBILIARIO DE OFICINA,M,,,,NEGRO,,,,,,,,,,13/03/2023 17:31:00,,U,KEVIN MIDGUAR ARCE TAIRO,3
1071,14,14,746483900001,SILLA GIRATORIA DE METAL,O/C Nº 000520,24/07/2013,280,1503.020102,MOBILIARIO DE OFICINA,M,,,,NEGRO,,,,,,,,,,13/03/2023 17:05:21,,U,KEVIN MIDGUAR ARCE TAIRO,3
1072,14,14,746483900002,SILLA GIRATORIA DE METAL,O/C Nº 000520,24/07/2013,280,1503.020102,MOBILIARIO DE OFICINA,M,,,,CAFÉ,,,,,,,,,,13/03/2023 17:18:22,,U,KEVIN MIDGUAR ARCE TAIRO,3
1073,14,14,746483900004,SILLA GIRATORIA DE METAL,O/C Nº 000520,24/07/2013,280,1503.020102,MOBILIARIO DE OFICINA,M,,,,NEGRO,,,,,,,,,,13/03/2023 17:19:04,,U,KEVIN MIDGUAR ARCE TAIRO,3
1074,14,14,746483900007,SILLA GIRATORIA DE METAL,O/C Nº 000520,24/07/2013,280,1503.020102,MOBILIARIO DE OFICINA,M,,,,NEGRO,,,,,,,,,,13/03/2023 17:14:55,,U,KEVIN MIDGUAR ARCE TAIRO,3
1075,14,14,746483900008,SILLA GIRATORIA DE METAL,SANEAR,31/12/2021,1,1503.020102,MOBILIARIO DE OFICINA,M,,,,CAFÉ,,,,,,,,,,13/03/2023 17:00:10,,U,KEVIN MIDGUAR ARCE TAIRO,3
1076,14,14,746483900104,SILLA GIRATORIA DE METAL,O/C Nº 000310,15/11/2012,180,1503.020102,MOBILIARIO DE OFICINA,M,,,,NEGRO,,,,,,,,,,13/03/2023 17:26:58,,U,KEVIN MIDGUAR ARCE TAIRO,3
1077,14,14,746485260005,SILLA PLEGABLE DE METAL,SANEAR,31/12/2021,1,1503.020102,MOBILIARIO DE OFICINA,R,,,,GRANATE,,,,,,,,,,13/03/2023 17:05:54,,U,KEVIN MIDGUAR ARCE TAIRO,3
1078,14,14,746485260006,SILLA PLEGABLE DE METAL,SANEAR,31/12/2021,1,1503.020102,MOBILIARIO DE OFICINA,M,,,,GRANATE,,,,,,,,,,13/03/2023 17:33:07,,U,KEVIN MIDGUAR ARCE TAIRO,3
1079,14,14,746485260007,SILLA PLEGABLE DE METAL,SANEAR,31/12/2021,1,1503.020102,MOBILIARIO DE OFICINA,M,,,,GRANATE,,,,,,,,,,13/03/2023 17:10:19,,U,KEVIN MIDGUAR ARCE TAIRO,3
1080,14,14,746485260008,SILLA PLEGABLE DE METAL,SANEAR,31/12/2021,1,1503.020102,MOBILIARIO DE OFICINA,M,,,,GRANATE,,,,,,,,,,13/03/2023 17:04:33,,U,KEVIN MIDGUAR ARCE TAIRO,3
1081,14,14,746485260009,SILLA PLEGABLE DE METAL,SANEAR,31/12/2021,1,1503.020102,MOBILIARIO DE OFICINA,M,,,,GRANATE,,,,,,,,,,13/03/2023 17:07:35,,U,KEVIN MIDGUAR ARCE TAIRO,3
1082,14,14,746485260010,SILLA PLEGABLE DE METAL,SANEAR,31/12/2021,1,1503.020102,MOBILIARIO DE OFICINA,M,,,,GRANATE,,,,,,,,,,13/03/2023 17:04:13,,U,KEVIN MIDGUAR ARCE TAIRO,3
1083,14,14,746487970001,SILLON FIJO DE METAL,SANEAR,31/12/2021,1,1503.020102,MOBILIARIO DE OFICINA,M,,,,NEGRO,,,,,,,,,,13/03/2023 17:01:20,,U,KEVIN MIDGUAR ARCE TAIRO,3
1084,14,14,746487970003,SILLON FIJO DE METAL,SANEAR,31/12/2021,1,1503.020102,MOBILIARIO DE OFICINA,M,,,,NEGRO,,,,,,,,,,13/03/2023 16:33:09,,U,KEVIN MIDGUAR ARCE TAIRO,3
1085,14,14,746489330001,SILLON GIRATORIO DE METAL,O/C Nº 0697,30/11/1996,250,1503.020102,MOBILIARIO DE OFICINA,M,,,,NEGRO,,,,,,,,,,13/03/2023 17:16:27,,U,KEVIN MIDGUAR ARCE TAIRO,3
1086,14,14,746489330005,SILLON GIRATORIO DE METAL,O/C Nº 000310,15/11/2012,180,1503.020102,MOBILIARIO DE OFICINA,M,,,,NEGRO,,0.43X0.46X0.72,,,,,,,,13/03/2023 17:22:42,,U,KEVIN MIDGUAR ARCE TAIRO,3
1087,14,14,746489330008,SILLON GIRATORIO DE METAL,O/C Nº 000310,15/11/2012,180,1503.020102,MOBILIARIO DE OFICINA,M,,,,NEGRO,,,,,,,,,SOLO EL ASIENTO,13/03/2023 16:27:08,,U,KEVIN MIDGUAR ARCE TAIRO,3
1088,14,14,746489330009,SILLON GIRATORIO DE METAL,SANEAR,31/12/2021,1,1503.020102,MOBILIARIO DE OFICINA,M,,,,NEGRO,,,,,,,,,,13/03/2023 17:07:48,,U,KEVIN MIDGUAR ARCE TAIRO,3
1089,14,14,746494750005,TABURETE FIJO DE METAL,SANEAR,31/12/2021,1,1503.020102,MOBILIARIO DE OFICINA,M,,,,ROJO,,,,,,,,,,13/03/2023 17:09:26,,U,KEVIN MIDGUAR ARCE TAIRO,3
1090,14,14,746495430001,TABURETE GIRATORIO DE METAL,SANEAR,31/12/2021,1,1503.020102,MOBILIARIO DE OFICINA,M,,,,CAFE,,,,,,,,,,13/03/2023 17:08:38,,U,KEVIN MIDGUAR ARCE TAIRO,3
1091,14,14,676473450001,TRIPODE DE MADERA,SANEAR,31/12/2021,1,1503.020102,MOBILIARIO DE OFICINA,M,,,,ANARANJADO,,,,,,,,,,13/03/2023 17:03:52,,U,KEVIN MIDGUAR ARCE TAIRO,3
1092,14,14,676473450009,TRIPODE DE MADERA,O/C Nº 135,31/03/1997,65,1503.020102,MOBILIARIO DE OFICINA,M,,,,AMARILLO,,,,,,,,,,13/03/2023 17:05:16,,U,KEVIN MIDGUAR ARCE TAIRO,3
1093,15,15,812215970002,BICICLETA,O/C Nº 445,27/07/1995,336,1503.020701,EQUIPO DE DEPORTES Y RECREACION,M,,,SOLO CUADRO,ROJO,,,,,,,,,,13/03/2023 18:30:22,,U,KEVIN MIDGUAR ARCE TAIRO,3
1094,15,15,746419490001,CAMA CUNA DE MADERA,SANEAR,31/12/2021,1,1503.020102,MOBILIARIO DE OFICINA,M,,,,,,,,,,,,,,13/03/2023 18:36:04,,U,KEVIN MIDGUAR ARCE TAIRO,3
1095,15,15,746421520004,CAMA DE MADERA,SANEAR,31/12/2021,1,1503.020102,MOBILIARIO DE OFICINA,M,,,,CAFÉ,,,,,,,,,,13/03/2023 18:36:11,,U,KEVIN MIDGUAR ARCE TAIRO,3
1096,15,15,746421520005,CAMA DE MADERA,SANEAR,31/12/2021,1,1503.020102,MOBILIARIO DE OFICINA,M,,,,CAFÉ,,,,,,,,,,13/03/2023 18:36:16,,U,KEVIN MIDGUAR ARCE TAIRO,3
1097,15,15,536417630002,CAMA DE METAL,SANEAR,31/12/2021,1,1503.020401,MOBILIARIO MEDICO,M,,,,AZUL,,,,,,,,,,13/03/2023 18:36:25,,U,KEVIN MIDGUAR ARCE TAIRO,3
1098,15,15,536417630003,CAMA DE METAL,SANEAR,31/12/2021,1,1503.020401,MOBILIARIO MEDICO,M,,,,CELESTE/AZUL MO,,,,,,,,,,13/03/2023 18:36:29,,U,KEVIN MIDGUAR ARCE TAIRO,3
1099,15,15,536417630004,CAMA DE METAL,SANEAR,31/12/2021,1,1503.020401,MOBILIARIO MEDICO,M,,,,CELESTE/AZUL MO,,,,,,,,,,13/03/2023 18:36:33,,U,KEVIN MIDGUAR ARCE TAIRO,3
1100,15,15,536417630007,CAMA DE METAL,SANEAR,31/12/2021,1,1503.020401,MOBILIARIO MEDICO,M,,,,GRANATE,,,,,,,,,,13/03/2023 18:36:37,,U,KEVIN MIDGUAR ARCE TAIRO,3
1101,15,15,536417630008,CAMA DE METAL,SANEAR,31/12/2021,1,1503.020401,MOBILIARIO MEDICO,M,,,,CELESTE,,,,,,,,,,13/03/2023 18:36:40,,U,KEVIN MIDGUAR ARCE TAIRO,3
1102,15,15,536419540001,CAMA DE METAL PLEGABLE,SANEAR,31/12/2021,1,1503.020401,MOBILIARIO MEDICO,M,,,,AZUL,,,,,,,,,,13/03/2023 18:29:07,,U,KEVIN MIDGUAR ARCE TAIRO,3
1103,15,15,536419540002,CAMA DE METAL PLEGABLE,SANEAR,31/12/2021,1,1503.020401,MOBILIARIO MEDICO,M,,,,NEGRO,,,,,,,,,,13/03/2023 18:29:11,,U,KEVIN MIDGUAR ARCE TAIRO,3
1104,15,15,536419540003,CAMA DE METAL PLEGABLE,SANEAR,31/12/2021,1,1503.020401,MOBILIARIO MEDICO,M,,,,AZUL,,,,,,,,,,13/03/2023 18:36:44,,U,KEVIN MIDGUAR ARCE TAIRO,3
1105,15,15,536419540004,CAMA DE METAL PLEGABLE,SANEAR,31/12/2021,1,1503.020401,MOBILIARIO MEDICO,M,,,,ROJO,,,,,,,,,,13/03/2023 18:31:04,,U,KEVIN MIDGUAR ARCE TAIRO,3
1106,15,15,536419540005,CAMA DE METAL PLEGABLE,SANEAR,31/12/2021,1,1503.020401,MOBILIARIO MEDICO,M,,,,CAFÉ,,,,,,,,,,13/03/2023 18:36:47,,U,KEVIN MIDGUAR ARCE TAIRO,3
1107,15,15,536419540006,CAMA DE METAL PLEGABLE,SANEAR,31/12/2021,1,1503.020401,MOBILIARIO MEDICO,M,,,,ROJO,,,,,,,,,,13/03/2023 18:30:23,,U,KEVIN MIDGUAR ARCE TAIRO,3
1108,15,15,536419540007,CAMA DE METAL PLEGABLE,SANEAR,31/12/2021,1,1503.020401,MOBILIARIO MEDICO,M,,,,ROJO,,,,,,,,,,13/03/2023 18:36:51,,U,KEVIN MIDGUAR ARCE TAIRO,3
1109,15,15,536419540009,CAMA DE METAL PLEGABLE,SANEAR,31/12/2021,1,1503.020401,MOBILIARIO MEDICO,M,,,,ROJO,,,,,,,,,,13/03/2023 18:36:54,,U,KEVIN MIDGUAR ARCE TAIRO,3
1110,15,15,536419540010,CAMA DE METAL PLEGABLE,SANEAR,31/12/2021,1,1503.020401,MOBILIARIO MEDICO,M,,,,ROJO,,,,,,,,,,13/03/2023 18:36:57,,U,KEVIN MIDGUAR ARCE TAIRO,3
1111,15,15,536419540011,CAMA DE METAL PLEGABLE,SANEAR,31/12/2021,1,1503.020401,MOBILIARIO MEDICO,M,,,,ANARANJADO,,,,,,,,,,13/03/2023 18:28:21,,U,KEVIN MIDGUAR ARCE TAIRO,3
1112,15,15,536419540012,CAMA DE METAL PLEGABLE,SANEAR,31/12/2021,1,1503.020401,MOBILIARIO MEDICO,M,,,,ROJO,,,,,,,,,,13/03/2023 18:37:01,,U,KEVIN MIDGUAR ARCE TAIRO,3
1113,15,15,536419540013,CAMA DE METAL PLEGABLE,SANEAR,31/12/2021,1,1503.020401,MOBILIARIO MEDICO,M,,,,VERDE CLARO,,,,,,,,,,13/03/2023 18:37:04,,U,KEVIN MIDGUAR ARCE TAIRO,3
1114,15,15,536419540014,CAMA DE METAL PLEGABLE,SANEAR,31/12/2021,1,1503.020401,MOBILIARIO MEDICO,M,,,,VERDE,,,,,,,,,,13/03/2023 18:37:10,,U,KEVIN MIDGUAR ARCE TAIRO,3
1115,15,15,536419540015,CAMA DE METAL PLEGABLE,SANEAR,31/12/2021,1,1503.020401,MOBILIARIO MEDICO,M,,,,VERDE,,,,,,,,,,13/03/2023 18:37:13,,U,KEVIN MIDGUAR ARCE TAIRO,3
1116,15,15,536419540016,CAMA DE METAL PLEGABLE,SANEAR,31/12/2021,1,1503.020401,MOBILIARIO MEDICO,M,,,,AZUL,,,,,,,,,,13/03/2023 18:37:19,,U,KEVIN MIDGUAR ARCE TAIRO,3
1117,15,15,536419540017,CAMA DE METAL PLEGABLE,SANEAR,31/12/2021,1,1503.020401,MOBILIARIO MEDICO,M,,,,ROJO,,,,,,,,,,13/03/2023 18:37:23,,U,KEVIN MIDGUAR ARCE TAIRO,3
1118,15,15,536419540018,CAMA DE METAL PLEGABLE,SANEAR,31/12/2021,1,1503.020401,MOBILIARIO MEDICO,M,,,,GRANATE,,,,,,,,,,13/03/2023 18:29:15,,U,KEVIN MIDGUAR ARCE TAIRO,3
1119,15,15,536419540019,CAMA DE METAL PLEGABLE,SANEAR,31/12/2021,1,1503.020401,MOBILIARIO MEDICO,M,,,,NEGRO,,,,,,,,,,13/03/2023 18:29:25,,U,KEVIN MIDGUAR ARCE TAIRO,3
1120,15,15,536419540020,CAMA DE METAL PLEGABLE,SANEAR,31/12/2021,1,1503.020401,MOBILIARIO MEDICO,M,,,,AZUL,,,,,,,,,,13/03/2023 18:30:51,,U,KEVIN MIDGUAR ARCE TAIRO,3
1121,15,15,536419540021,CAMA DE METAL PLEGABLE,SANEAR,31/12/2021,1,1503.020401,MOBILIARIO MEDICO,M,,,,ROJO,,2*1/2,,,,,,,,13/03/2023 18:34:46,,U,KEVIN MIDGUAR ARCE TAIRO,3
1122,15,15,746422880001,CAMAROTE DE METAL,SANEAR,31/12/2021,1,1503.020102,MOBILIARIO DE OFICINA,M,,,,CELESTE,,,,,,,,,,13/03/2023 18:37:27,,U,KEVIN MIDGUAR ARCE TAIRO,3
1123,15,15,322221710001,COCINA A KEROSENE,O/C Nª 000795,29/12/1995,190,1503.020902,"ASEO, LIMPIEZA Y COCINA",M,SURGE,3 HORNILLAS,0.50X1.40X0.72,VERDE,,,,,,,,,,13/03/2023 18:33:04,,U,KEVIN MIDGUAR ARCE TAIRO,3
1124,15,15,322221710006,COCINA A KEROSENE,SANEAR,31/12/2021,1,1503.020902,"ASEO, LIMPIEZA Y COCINA",M,SURGE,,0.45X0.90X0.74,BLANCO/NEGRO/VE,,,,,,,,,,13/03/2023 18:32:16,,U,KEVIN MIDGUAR ARCE TAIRO,3
1125,15,15,322221710010,COCINA A KEROSENE,SANEAR,31/12/2021,1,1503.020902,"ASEO, LIMPIEZA Y COCINA",M,SURGE,,2 HORNILLAS,BLANCO/NEGRO,,,,,,,,,,13/03/2023 18:33:17,,U,KEVIN MIDGUAR ARCE TAIRO,3
1126,15,32,746434400001,ESCALERA DE MADERA,SANEAR,31/12/2021,1,1503.020102,MOBILIARIO DE OFICINA,M,,3 PELDAÑOS,,MADERA,,,,,,,,,ELIMINAR,22/03/2023 15:46:38,PARTE DE LA CUNA,U,KEVIN MIDGUAR ARCE TAIRO,3
1127,15,15,746434400002,ESCALERA DE MADERA,SANEAR,31/12/2021,1,1503.020102,MOBILIARIO DE OFICINA,M,,4 PELDAÑOS,,CAFE,,,,,,,,,,21/03/2023 17:59:07,,U,DELIA RUTH QUISPE SONCCO,4
1128,15,31,746437790019,ESCRITORIO DE METAL,SANEAR,31/12/2021,1,1503.020102,MOBILIARIO DE OFICINA,M,,4 GAVETAS,,PLOMO/NEGRO,,,,,,,,,,07/03/2023 02:01:41,,U,user user user,1
1129,15,15,746450000002,MESA DE MADERA PARA DIBUJO,SANEAR,31/12/2021,1,1503.020102,MOBILIARIO DE OFICINA,M,,,,PLOMO,,MEDIANO,,,,,,,,13/03/2023 18:42:21,,U,KEVIN MIDGUAR ARCE TAIRO,3
1130,15,15,746451360004,MESA DE METAL PARA DIBUJO,SANEAR,31/12/2021,1,1503.020102,MOBILIARIO DE OFICINA,M,,,,PLOMO,,MEDIANO,,,,,,,,13/03/2023 18:43:22,,U,KEVIN MIDGUAR ARCE TAIRO,3
1131,15,15,746451360005,MESA DE METAL PARA DIBUJO,SANEAR,31/12/2021,1,1503.020102,MOBILIARIO DE OFICINA,M,,,,PLOMO,,,,,,,,,,13/03/2023 18:42:35,,U,KEVIN MIDGUAR ARCE TAIRO,3
1132,15,15,746458140001,MESITA DE METAL PARA TELEFONO,SANEAR,31/12/2021,1,1503.020102,MOBILIARIO DE OFICINA,M,,,,PLOMO,,0.40X0.86X0.71,,,,,,,,13/03/2023 18:38:45,,U,KEVIN MIDGUAR ARCE TAIRO,3
1133,15,15,672275420009,MOTOBOMBA,O/C N°3-00002,2/06/2009,3250,1503.020906,EQUIPOS PARA VEHICULOS,M,,,,AZUL,,,,,,,,,,13/03/2023 18:28:12,,U,KEVIN MIDGUAR ARCE TAIRO,3
1134,15,15,672275420045,MOTOBOMBA,SANEAR,31/12/2021,1,1503.020906,EQUIPOS PARA VEHICULOS,M,,KD 120,,ROJO,SC02,,,,,,,,,13/03/2023 18:39:49,,U,KEVIN MIDGUAR ARCE TAIRO,3
1135,15,15,672275420046,MOTOBOMBA,SANEAR,31/12/2021,1,1503.020906,EQUIPOS PARA VEHICULOS,M,,KVKI KD-120,,PLOMO,SC03,,,,,,,,,13/03/2023 18:39:57,,U,KEVIN MIDGUAR ARCE TAIRO,3
1136,15,15,672275420047,MOTOBOMBA,SANEAR,31/12/2021,1,1503.020906,EQUIPOS PARA VEHICULOS,M,,,,ANARNJADO,SC01,,,,,,,,,13/03/2023 18:40:02,,U,KEVIN MIDGUAR ARCE TAIRO,3
1137,15,15,746473050013,PIZARRA ACRILICA,SANEAR,31/12/2021,1,1503.020102,MOBILIARIO DE OFICINA,M,,,,BLANCO,,1.20X0.80,,,,,,,,13/03/2023 18:39:25,,U,KEVIN MIDGUAR ARCE TAIRO,3
1138,15,15,746481870069,SILLA FIJA DE METAL,SANEAR,31/12/2021,1,1503.020102,MOBILIARIO DE OFICINA,M,,,,NEGRO,,,,,,,,,,13/03/2023 18:33:12,,U,KEVIN MIDGUAR ARCE TAIRO,3
1139,15,,746482550008,SILLA FIJA DE OTRO MATERIAL,SANEAR,31/12/2021,1,1503.020102,MOBILIARIO DE OFICINA,R,,,,AZUL,,,,,,,,,,,,U,,
1140,42,,746417450033,CABINA - CASETA,SANEAR,31/12/2021,1,1503.020102,MOBILIARIO DE OFICINA,R,PY. PECSA,PATIO PRORRIDRE,,VERDE,,,,,,,,,,,,U,,
1141,16,16,746403210001,ARCHIVADOR DE MADERA,SANEAR,31/12/2020,1,1503.020102,MOBILIARIO DE OFICINA,M,,4 NIVELES 2PUER,,MADERA,,0.45X0.92X1.70,,,,,,,,04/03/2023 16:05:55,,U,DELIA RUTH QUISPE SONCCO,4
1142,16,16,322221710002,COCINA A KEROSENE,O/C Nª 000496,27/07/1995,180,1503.020902,"ASEO, LIMPIEZA Y COCINA",M,,2 HORNILLAS,,VERDE,,,,,,,,,,04/03/2023 16:10:39,,U,DELIA RUTH QUISPE SONCCO,4
1143,16,16,322221710007,COCINA A KEROSENE,SANEAR,31/12/2021,1,1503.020902,"ASEO, LIMPIEZA Y COCINA",M,PRIMUS,1 HORNILLA,,DORADO,,,,,,,,,1,04/03/2023 16:07:13,,U,DELIA RUTH QUISPE SONCCO,4
1144,16,16,746432370002,CREDENZA DE MADERA,SANEAR,31/12/2021,1,1503.020102,MOBILIARIO DE OFICINA,M,,,,CAFÉ,,0.60X2.00X1.10,,,,,,,,04/03/2023 16:06:58,,U,DELIA RUTH QUISPE SONCCO,4
1145,16,16,746441860002,ESTANTE DE METAL,SANEAR,31/12/2021,1,1503.020102,MOBILIARIO DE OFICINA,M,,3 NIVELES,,BLANCO/PLOMO,,,,,,,,,CONSTRUCCION DE RIEGO TECNIFICADO,04/03/2023 16:04:43,,U,DELIA RUTH QUISPE SONCCO,4
1146,16,16,742243310007,MAQUINA DE ESCRIBIR MECANICA,SANEAR,31/12/2021,1,1503.020101,MAQUINAS Y EQUIPOS DE OFICINA,M,FACIT,174276421,,BLANCO/NEGRO,619896101,,,,,,,,CONSTRUCCION DE RIEGO TECNIFICADO,04/03/2023 16:06:52,,U,DELIA RUTH QUISPE SONCCO,4
1147,16,16,742243310011,MAQUINA DE ESCRIBIR MECANICA,SANEAR,31/12/2021,1,1503.020101,MAQUINAS Y EQUIPOS DE OFICINA,M,,,,BLANCO/PLOMO,62497932 DE 130 ESP.,,,,,,,,CONSTRUCCION DE RIEGO TECNIFICADO,04/03/2023 16:06:34,,U,DELIA RUTH QUISPE SONCCO,4
1148,16,16,746451360006,MESA DE METAL PARA DIBUJO,SANEAR,31/12/2021,1,1503.020102,MOBILIARIO DE OFICINA,M,,,,CELESTE,,0.70X1.10X0.88,,,,,,,CONSTRUCCION DE RIEGO TECNIFICADO,04/03/2023 16:04:52,,U,DELIA RUTH QUISPE SONCCO,4
1149,16,16,742258690001,PANTOGRAFO,SANEAR,31/12/2021,1,1503.020101,MAQUINAS Y EQUIPOS DE OFICINA,M,,,,COBRE/DORADO,,,,,,,,,CONSTRUCCION DE RIEGO TECNIFICADO,04/03/2023 16:05:25,,U,DELIA RUTH QUISPE SONCCO,4
1150,16,16,746481190013,SILLA FIJA DE MADERA,SANEAR,31/12/2021,1,1503.020102,MOBILIARIO DE OFICINA,M,,,,MADERA,,,,,,,,,CONSTRUCCION DE RIEGO TECNIFICADO,04/03/2023 16:13:06,,U,DELIA RUTH QUISPE SONCCO,4
1151,16,16,746494080005,TABURETE FIJO DE MADERA,SANEAR,31/12/2021,1,1503.020102,MOBILIARIO DE OFICINA,M,,,,CAFÉ,,,,,,,,,CONSTRUCCION DE RIEGO TECNIFICADO,04/03/2023 16:13:13,,U,DELIA RUTH QUISPE SONCCO,4
1152,16,16,746494750003,TABURETE FIJO DE METAL,SANEAR,31/12/2021,1,1503.020102,MOBILIARIO DE OFICINA,M,,,,PLOMO Y CAFE,,,,,,,,,CONSTRUCCION DE RIEGO TECNIFICADO,04/03/2023 16:07:30,,U,DELIA RUTH QUISPE SONCCO,4
1153,16,16,112279700008,VENTILADOR ELECTRICO PARA MESA O DE PIE,SANEAR,31/12/2021,1,1503.020901,AIRE ACONDICIONADO Y REFRIGERACION,M,,,,VERDE,,,,,,,,,CONSTRUCCION DE RIEGO TECNIFICADO,04/03/2023 16:05:41,,U,DELIA RUTH QUISPE SONCCO,4
1154,16,16,112279700009,VENTILADOR ELECTRICO PARA MESA O DE PIE,SANEAR,31/12/2021,1,1503.020901,AIRE ACONDICIONADO Y REFRIGERACION,M,,,,VERDE,,,,,,,,,CONSTRUCCION DE RIEGO TECNIFICADO,04/03/2023 16:18:50,,U,DELIA RUTH QUISPE SONCCO,4
1155,17,,322221710009,COCINA A KEROSENE,O/C Nª 15,13/08/1997,200,1503.020902,"ASEO, LIMPIEZA Y COCINA",M,SURGE,,3 HORNILLAS,BLANCO/ROJO,,,,,,,,,CONSTRUCCION DE RIEGO TECNIFICADO,,,U,,
1156,18,18,672208530001,BOMBA FUMIGADORA TIPO MOCHILA,SANEAR,31/12/2021,1,1503.020906,EQUIPOS PARA VEHICULOS,M,VOLPI VOTTOLI,,0.16X0.35X0.40,AMARILLO,6 GLS.,,,,,,,,CONSTRUCCION DE RIEGO TECNIFICADO,04/03/2023 15:42:30,,U,DELIA RUTH QUISPE SONCCO,4
1157,18,18,672208530002,BOMBA FUMIGADORA TIPO MOCHILA,O/C Nº 152,31/12/2021,1,1503.020906,EQUIPOS PARA VEHICULOS,M,,VOLPI VOTTOLI,6 GLS.,AMARILLO,6 GLS.,,,,,,,,CONSTRUCCION DE RIEGO TECNIFICADO,04/03/2023 15:43:05,,U,DELIA RUTH QUISPE SONCCO,4
1158,18,18,672208530003,BOMBA FUMIGADORA TIPO MOCHILA,O/C Nº 152,7/07/2015,150,1503.020906,EQUIPOS PARA VEHICULOS,M,,VOLPI VOTTOLI,6 GLS.,AMARILLO,6 GLS.,,,,,,,,CONSTRUCCION DE RIEGO TECNIFICADO,04/03/2023 15:42:48,,U,DELIA RUTH QUISPE SONCCO,4
1159,18,18,672208530004,BOMBA FUMIGADORA TIPO MOCHILA,O/C Nº 152,7/07/2015,150,1503.020906,EQUIPOS PARA VEHICULOS,M,,VOLPI VOTTOLI,6 GLS.,AMARILLO,6 GLS.,,,,,,,,CONSTRUCCION DE RIEGO TECNIFICADO,04/03/2023 15:42:54,,U,DELIA RUTH QUISPE SONCCO,4
1160,18,18,672208530005,BOMBA FUMIGADORA TIPO MOCHILA,O/C Nº 152,7/07/2015,150,1503.020906,EQUIPOS PARA VEHICULOS,M,,VOLPI VOTTOLI,6 GLS.,AMARILLO,6 GLS.,,,,,,,,CONSTRUCCION INFRA ALMACENAMIE YANAMAYO,04/03/2023 15:42:59,,U,DELIA RUTH QUISPE SONCCO,4
1161,18,18,672208530006,BOMBA FUMIGADORA TIPO MOCHILA,O/C Nº 152,7/07/2015,150,1503.020906,EQUIPOS PARA VEHICULOS,M,,VOLPI VOTTOLI,6 GLS.,AMARILLO,6 GLS.,,,,,,,,CONSTRUCCION INFRA ALMACENAMIE YANAMAYO,04/03/2023 15:43:11,,U,DELIA RUTH QUISPE SONCCO,4
1162,18,18,746418810001,CAJA FUERTE,SANEAR,31/12/2021,1,1503.020102,MOBILIARIO DE OFICINA,M,,,,VERDE/BLANCO,,0.47X0.50X0.70,,,,,,,CONSTRUCCION INFRA ALMACENAMIE YANAMAYO,04/03/2023 15:44:25,,U,DELIA RUTH QUISPE SONCCO,4
1163,18,18,746418810004,CAJA FUERTE,SANEAR,31/12/2021,1,1503.020102,MOBILIARIO DE OFICINA,M,,4953,,PLOMO,,0.20X0.45X0.65R,,,,,,,CONSTRUCCION INFRA ALMACENAMIE YANAMAYO,04/03/2023 15:47:17,,U,DELIA RUTH QUISPE SONCCO,4
1164,18,18,746450680014,MESA DE METAL,SANEAR,31/12/2021,1,1503.020102,MOBILIARIO DE OFICINA,M,,,,PLOMO,,0.31X0.57X0.62,,,,,,,,04/03/2023 15:43:53,,U,DELIA RUTH QUISPE SONCCO,4
1165,18,18,746487970006,SILLON FIJO DE METAL,SANEAR,31/12/2021,1,1503.020102,MOBILIARIO DE OFICINA,M,,,,VERDE/NEGRO,,0.52X0.97X1.51,,,,,,,,04/03/2023 15:47:52,,U,DELIA RUTH QUISPE SONCCO,4
1166,19,19,746408640001,ATRIL DE MADERA,SANEAR,31/12/2021,1,1503.020102,MOBILIARIO DE OFICINA,M,,,,CELESTE,,,,,,,,,,04/03/2023 15:57:42,,U,DELIA RUTH QUISPE SONCCO,4
1167,19,19,746451360008,MESA DE METAL PARA DIBUJO,SANEAR,31/12/2021,1,1503.020102,MOBILIARIO DE OFICINA,M,,,,PLOMO,,1.20X1.50X0.76,,,,,,,,04/03/2023 16:00:13,,U,DELIA RUTH QUISPE SONCCO,4
1168,19,19,746451360009,MESA DE METAL PARA DIBUJO,SANEAR,31/12/2021,1,1503.020102,MOBILIARIO DE OFICINA,M,,,,PLOMO,,GRANDE,,,,,,,,04/03/2023 15:53:51,,U,DELIA RUTH QUISPE SONCCO,4
1169,20,20,746451360010,MESA DE METAL PARA DIBUJO,SANEAR,31/12/2021,1,1503.020102,MOBILIARIO DE OFICINA,M,,,,CREMA,,,,,,,,,,04/03/2023 16:02:33,,U,DELIA RUTH QUISPE SONCCO,4
1170,20,20,746451360011,MESA DE METAL PARA DIBUJO,SANEAR,31/12/2021,1,1503.020102,MOBILIARIO DE OFICINA,M,,,,BLANCO,,,,,,,,,,04/03/2023 16:02:36,,U,DELIA RUTH QUISPE SONCCO,4
1171,21,,746406260007,ARMARIO DE MELAMINA,O/C Nº 8-00189,1/06/2010,525,1503.020102,MOBILIARIO DE OFICINA,R,,3 NIV 2 DIV,,NEGRO/CAFE,,0.90X0.40X1.90,,,,,,,,,,U,,
1172,21,,746406260008,ARMARIO DE MELAMINA,O/C Nº 8-00189,1/06/2010,525,1503.020102,MOBILIARIO DE OFICINA,R,,3 NIV 2 DIV,,NEGRO/CAFE,,0.90X0.40X1.90,,,,,,,,,,U,,
1173,21,21,746433050003,CREDENZA DE METAL,SANEAR,31/12/2021,1,1503.020102,MOBILIARIO DE OFICINA,R,,NIV 3 GAV,,NEGRO/CAOBA,,1.70X0.50X0.75,,,,,,,ESCRITORIO DE METAL,09/03/2023 16:18:38,,U,KEVIN MIDGUAR ARCE TAIRO,3
1174,21,,746437120004,ESCRITORIO DE MADERA,SANEAR,31/12/2021,1,1503.020102,MOBILIARIO DE OFICINA,R,,6 GAVETAS,,CAOBA,,0.74*0.75*1.54,,,,,,,,,,U,,
1175,21,21,746437450014,ESCRITORIO DE MELAMINA,O/C Nº 161,12/04/2013,280,1503.020102,MOBILIARIO DE OFICINA,R,,3 GAVETAS,,NEGRO/CAFE,,1.30*0.58*0.76,,,,,,,,09/03/2023 16:43:48,,U,KEVIN MIDGUAR ARCE TAIRO,3
1176,21,21,746437790004,ESCRITORIO DE METAL,O/C Nª 000773,29/10/1995,240,1503.020102,MOBILIARIO DE OFICINA,R,,,,PLOMO/NEGRO,,180*0.75*0.76,,,,,,,,09/03/2023 16:18:14,,U,KEVIN MIDGUAR ARCE TAIRO,3
1177,21,21,462252150006,ESTABILIZADOR,O/C Nº 189,30/10/1993,308.64,1503.020904,ELECTRICIDAD Y ELECTRONICA,R,BELTRON,,4 ENTRADAS,ROJO,,,,,,,,,,09/03/2023 16:11:05,,U,KEVIN MIDGUAR ARCE TAIRO,3
1178,21,21,462252150047,ESTABILIZADOR,O/C Nº 460,30/11/2011,59.91,1503.020904,ELECTRICIDAD Y ELECTRONICA,R,CDP,,6 ENTRADAS,NEGRO,110531-052000588,,,,,,,,,09/03/2023 16:52:18,,U,KEVIN MIDGUAR ARCE TAIRO,3
1179,21,6,742227260009,FOTOCOPIADORA EN GENERAL,O/C Nº 580,29/12/2011,8100,1503.020101,MAQUINAS Y EQUIPOS DE OFICINA,M,KONICA MINOLTA,1312HUB 920,,PLOMO,15SARO7141,,,,,,,,,04/03/2023 12:46:25,,U,DELIA RUTH QUISPE SONCCO,4
1180,21,21,742229930005,GUILLOTINA,SANEAR,31/12/2021,1,1503.020101,MAQUINAS Y EQUIPOS DE OFICINA,M,TOWER,,1980-WARRIOR,BLANCO,,,,,,,,,,09/03/2023 16:29:53,,U,KEVIN MIDGUAR ARCE TAIRO,3
1181,21,21,740836500015,IMPRESORA A INYECCION DE TINTA,O/C Nª 190,17/07/2015,970,1503.020301,EQUIPOS COMPUTACIONALES Y PERIFERICOS,B,EPSON,L555,,NEGRO,S4XY069527,,,,,,,,,09/03/2023 17:11:13,,U,KEVIN MIDGUAR ARCE TAIRO,3
1182,21,21,740841000022,IMPRESORA LASER,O/C Nª 00073,21/04/2014,593.96,1503.020301,EQUIPOS COMPUTACIONALES Y PERIFERICOS,R,HP,PRO P1606,,NEGRO,BRCSF6VM18,,,,,,,,,09/03/2023 17:12:42,,U,KEVIN MIDGUAR ARCE TAIRO,3
1183,21,21,746460850011,MODULO DE MADERA PARA MICROCOMPUTADORA,O/C N°000718,29/09/1995,364.8,1503.020102,MOBILIARIO DE OFICINA,R,,,,CAOBA,,0.70*0.63*0.84,,,,,,,,14/03/2023 09:58:45,,U,KEVIN MIDGUAR ARCE TAIRO,3
1184,21,35,952258120028,MONITOR (OTROS),O/C N°8-00109,23/04/2010,662.23,1503.020303,EQUIPOS DE TELECOMUNICACIONES,R,HYUNDAI,V96W,,NEGRO,V960WDSCR980000,,,,,,,,,10/03/2023 10:12:49,,U,,
1185,21,21,952258120065,MONITOR (OTROS),SANEAR,31/12/2021,1,1503.020303,EQUIPOS DE TELECOMUNICACIONES,R,ASUS,,LCD,NEGRO,C2LMTF166058,,,,,,,,,09/03/2023 17:07:42,,U,KEVIN MIDGUAR ARCE TAIRO,3
1186,21,21,952260580046,PARLANTES EN GENERAL (MAYOR A 1/8 UIT),O/C Nº 67,21/06/2003,33.93,1503.020303,EQUIPOS DE TELECOMUNICACIONES,R,MICRONICS,,,NEGRO,2531S3202485,,,,,,,,,09/03/2023 16:47:01,,U,KEVIN MIDGUAR ARCE TAIRO,3
1187,21,35,952260580075,PARLANTES EN GENERAL (MAYOR A 1/8 UIT),ELIMINAR,23/04/2010,32.44,1503.020303,EQUIPOS DE TELECOMUNICACIONES,R,MICRONICS,,,NEGRO,1.67554E+11,,,,,,,,MENOR 1/8 UIT- ELIMINAR,10/03/2023 10:22:47,,U,,
1188,21,48,746473050003,PIZARRA ACRILICA,O/C Nº172,26/11/1993,240,1503.020102,MOBILIARIO DE OFICINA,R,,,,BLANCO,,0.97X0.50,,,,,,,,10/03/2023 18:12:51,,U,,
1189,21,,952266440003,PROYECTOR,O/C Nº 00132,21/06/2011,1900,1503.020303,EQUIPOS DE TELECOMUNICACIONES,R,EPSON,H369A,DATA DISPLAY,NEGRO,NE6F09F09B019L,,,,,,,,,,,U,,
1190,21,21,746481190111,SILLA FIJA DE MADERA,SANEAR,31/12/2021,1,1503.020102,MOBILIARIO DE OFICINA,R,,TAPIZ DE LONA,,CAOBA,,0.44X0.41X0.86,,,,,,,,09/03/2023 17:00:08,,U,KEVIN MIDGUAR ARCE TAIRO,3
1191,21,21,746481190114,SILLA FIJA DE MADERA,O/C Nº 6-00113,3/09/2010,90,1503.020102,MOBILIARIO DE OFICINA,B,,TAPIZ DE LONA,,CAOBA,,0.44X0.41X0.86,,,,,,,,09/03/2023 16:11:55,,U,KEVIN MIDGUAR ARCE TAIRO,3
1192,21,35,746481870104,SILLA FIJA DE METAL,SANEAR,31/12/2021,1,1503.020102,MOBILIARIO DE OFICINA,M,,TAPIZ MARROQUI,,NEGRO,,0.40X0.38X0.83,,,,,,,,10/03/2023 11:16:55,,U,,
1193,21,35,746489330010,SILLON GIRATORIO DE METAL,O/C Nº 000520,24/07/2013,280,1503.020102,MOBILIARIO DE OFICINA,M,,BASE CROMADO,,NEGRO,,0.50X0.45X0.90,,,,,,,BAJA /ROTO,14/03/2023 12:45:29,,U,KEVIN MIDGUAR ARCE TAIRO,3
1194,21,21,746489330026,SILLON GIRATORIO DE METAL,O/C Nº 30,4/03/2016,510,1503.020102,MOBILIARIO DE OFICINA,B,,TAPIZ MARROQUI,,NEGRO,,0.50X0.45X1.20,,,,,,,,09/03/2023 16:26:46,,U,KEVIN MIDGUAR ARCE TAIRO,3
1195,21,21,952281170010,SWITCH PARA RED,SANEAR,31/12/2021,1,1503.020303,EQUIPOS DE TELECOMUNICACIONES,R,CAPTOR,BHSVASL,P8804T,BLANCO,10406100138,,,,,,,,,09/03/2023 17:10:13,,U,KEVIN MIDGUAR ARCE TAIRO,3
1196,21,21,740895000101,TECLADO - KEYBOARD,O/C Nº 8-00107,23/04/2010,45.95,1503.020301,EQUIPOS COMPUTACIONALES Y PERIFERICOS,B,GENIUS,K369,,NEGRO,W27920C6858,,,,,,,,,09/03/2023 16:46:13,,U,KEVIN MIDGUAR ARCE TAIRO,3
1197,21,35,740895000150,TECLADO - KEYBOARD,O/C Nº 000740,24/10/2013,99.84,1503.020301,EQUIPOS COMPUTACIONALES Y PERIFERICOS,R,GENIUS,L639,,NEGRO,WE2B92022018,,,,,,,,,10/03/2023 10:49:55,,U,,
1198,21,35,952285140002,TELEVISOR A COLORES,O/C Nº 379,27/07/1995,976.74,1503.020303,EQUIPOS DE TELECOMUNICACIONES,M,PHILIPS,14GX1810 STEREO,,NEGRO,SV009408-103152,,,,,,,,RAEE - BAJA,10/03/2023 11:19:33,,U,,
1199,21,35,740899500070,UNIDAD CENTRAL DE PROCESO - CPU,O/C Nº 8-00002,24/02/2010,1995,1503.020301,EQUIPOS COMPUTACIONALES Y PERIFERICOS,M,INTEL,CORE I7,32 BITS,NEGRO,,,,,,,,,BAJA,10/03/2023 10:16:17,,D,,
1200,21,21,740899500112,UNIDAD CENTRAL DE PROCESO - CPU,O/C Nº 000701,10/10/2013,1809,1503.020301,EQUIPOS COMPUTACIONALES Y PERIFERICOS,R,INTEL,CORE I7,64 BITS,NEGRO,,,,,,,,,,09/03/2023 17:05:58,,U,KEVIN MIDGUAR ARCE TAIRO,3
1201,21,21,112279700001,VENTILADOR ELECTRICO PARA MESA O DE PIE,SANEAR,31/12/2021,1,1503.020901,AIRE ACONDICIONADO Y REFRIGERACION,R,,,TORRE,VERDE,,,,,,,,,,10/03/2023 18:08:50,,U,KEVIN MIDGUAR ARCE TAIRO,3
1202,22,22,462200500007,ACUMULADOR DE ENERGIA - EQUIPO DE UPS,SANEAR,31/12/2021,1,1503.020904,ELECTRICIDAD Y ELECTRONICA,M,APC,550G1.550VA,6 PUERTOS,NEGRO,3B1228X30608,,,,,,,,RAEE- BAJA,09/03/2023 15:01:32,,D,,
1203,22,22,462200500020,ACUMULADOR DE ENERGIA - EQUIPO DE UPS,O/C Nº 496,30/12/2016,350,1503.020904,ELECTRICIDAD Y ELECTRONICA,M,APC RS 550,BR550Y,,NEGRO,3B1250X08582,,,,,,,,RAEE - BAJA,09/03/2023 15:14:13,,U,,
1204,22,22,462200500027,ACUMULADOR DE ENERGIA - EQUIPO DE UPS,SANEAR,31/12/2021,1,1503.020904,ELECTRICIDAD Y ELECTRONICA,M,APC,2109,,NEGRO,,,,,,,,,RAEE- BAJA,09/03/2023 12:21:23,,U,,
1205,22,22,462200500032,ACUMULADOR DE ENERGIA - EQUIPO DE UPS,SANEAR,31/12/2021,1,1503.020904,ELECTRICIDAD Y ELECTRONICA,M,APC,BR550Y,PRO -550,NEGRO,3B1116X22805,,,,,,,,RAEE - BAJA,09/03/2023 15:12:47,,U,,
1206,22,22,746405920013,ARMARIO DE MADERA,SANEAR,31/12/2021,1,1503.020102,MOBILIARIO DE OFICINA,R,,3 GAVETAS 2PUER,,MADERA,,0.45X1.23X1.88,,,,,,,,09/03/2023 12:18:16,,U,,
1207,22,22,746417450016,CABINA - CASETA,SANEAR,31/12/2021,1,1503.020102,MOBILIARIO DE OFICINA,R,,CASETA 2,,VERDE/NARANJA,,5.20X2.70X2.75,,,,,,,,09/03/2023 16:53:41,,U,,
1208,22,22,746417450028,CABINA - CASETA,SANEAR,31/12/2021,1,1503.020102,MOBILIARIO DE OFICINA,R,CHINA,,,VERDE,,5.20X2.70X2.759,,,,,,,,09/03/2023 18:00:18,,U,,
1209,22,22,746417450034,CABINA - CASETA,SANEAR,31/12/2021,1,1503.020102,MOBILIARIO DE OFICINA,R,CHINA,,,VERDE/NARANJA,,5.20X2.70X2.75,,,,,,,,09/03/2023 16:17:56,,U,,
1210,22,22,678250000020,CAMIONETA,O/C Nª 000137,27/03/2013,108066,1503.0101,VEHICULOS PARA TRANSPORTE TERRESTRE,R,TOYOTA,HILUX,EGK-518,PLATA METALICO,,,EGK-518,MOTOR: 1KDA015594,MR0FZ22G3D1190304,,2012,,,09/03/2023 17:57:51,,U,,
1211,22,22,740805000011,COMPUTADORA PERSONAL PORTATIL,O/C Nª 000283,31/05/2013,4284.88,1503.020301,EQUIPOS COMPUTACIONALES Y PERIFERICOS,M,HP,CORE I7,LAPTOP,NEGRO,2CE3052CKC,,,,,,,,RAEE - BAJA,09/03/2023 12:23:30,,D,,
1212,22,22,740805000014,COMPUTADORA PERSONAL PORTATIL,O/C Nª 247,12/09/2016,3150,1503.020301,EQUIPOS COMPUTACIONALES Y PERIFERICOS,M,QOSMIO TOSHIBA,CORE I7,LAPTOP,NEGRO,MP12TC5R,,,,,,,,INOPERATIVO,09/03/2023 12:24:49,,D,,
1213,22,22,746433050002,CREDENZA DE METAL,SANEAR,31/12/2021,1,1503.020102,MOBILIARIO DE OFICINA,R,,2 NIVELES,,PLOMO,,0.75x0.54x0.45,,,,,,,,09/03/2023 15:38:59,,D,,
1214,22,22,675009350001,"ENGRAPADORA, DOBLADORA Y GUILLOTINA",SANEAR,31/12/2021,1,1503.020999,"MAQUINARIAS, EQUIPOS Y MOBILIARIOS DE OTRAS INSTALACIONES",R,,,,,,,,,,,,,RECODIFICAR SOLO ES ENGRAMPADORA,09/03/2023 12:57:54,,U,,
1215,22,22,675009350002,"ENGRAPADORA, DOBLADORA Y GUILLOTINA",SANEAR,31/12/2021,1,1503.020999,"MAQUINARIAS, EQUIPOS Y MOBILIARIOS DE OTRAS INSTALACIONES",R,DL -130,,,,,,,,,,,,RECODIFICAR - ENGRAMPADORA,09/03/2023 12:56:59,,U,,
1216,22,22,742223580037,EQUIPO MULTIFUNCIONAL COPIADORA IMPRESORA SCANNER Y/O FAX,SANEAR,31/12/2021,1,1503.020101,MAQUINAS Y EQUIPOS DE OFICINA,R,EPSON,L3210,,NEGRO,XAGC019293,,,,,,,,,09/03/2023 12:51:10,,U,,
1217,22,22,746437120058,ESCRITORIO DE MADERA,SANEAR,31/12/2021,1,1503.020102,MOBILIARIO DE OFICINA,R,,4 GAVETAS,,CAFÉ,,0.70X1.20X0.78,,,,,,,,09/03/2023 12:44:50,,U,,
1218,22,22,746437450020,ESCRITORIO DE MELAMINA,O/C Nº 6-00127,31/12/2021,1,1503.020102,MOBILIARIO DE OFICINA,R,,"FORMA ""L""",,CAFÉ/NEGRO,,0.79X3.20X1.58,,,,,,,,09/03/2023 12:49:51,,U,,
1219,22,22,746437450025,ESCRITORIO DE MELAMINA,O/C Nº 30,4/03/2016,990,1503.020102,MOBILIARIO DE OFICINA,B,,6 GAVETAS,,NEGRO/CAOBA,,0.75X1.50X0.75,,,,,,,,09/03/2023 18:04:47,,U,,
1220,22,22,462252150033,ESTABILIZADOR,O/C Nº 3-00059,10/08/2009,54.27,1503.020904,ELECTRICIDAD Y ELECTRONICA,M,ALTRON,,,NEGRO,,,,,,,,,RAEE - BAJA,09/03/2023 15:50:10,,D,,
1221,22,22,462252150040,ESTABILIZADOR,O/C Nº 3-00060,10/08/2009,54.27,1503.020904,ELECTRICIDAD Y ELECTRONICA,M,ALTRON,1000R,3-0057,NEGRO,,,,,,,,,,09/03/2023 15:22:57,,D,,
1222,22,22,462252150041,ESTABILIZADOR,O/C Nº 6-00002,25/09/2009,64.6,1503.020904,ELECTRICIDAD Y ELECTRONICA,M,ALTRON,,,NEGRO,926000727,,,,,,,,RAEE - BAJA,09/03/2023 15:15:46,,U,,
1223,22,22,462252150050,ESTABILIZADOR,O/C Nº 155,4/07/2012,82,1503.020904,ELECTRICIDAD Y ELECTRONICA,M,ELISE,FES 10 FASE,SOLIDO,PLOMO,12020324,,,,,,,,RAEE-BAJA,09/03/2023 12:16:57,,U,,
1224,22,22,462252150054,ESTABILIZADOR,O/C Nº 175,19/04/2013,58.56,1503.020904,ELECTRICIDAD Y ELECTRONICA,M ,S/M,FES10,5 PUERTOS,PLOMO,12050781,,,,,,,,RAEE - BAJA,09/03/2023 15:30:23,,D,,
1225,22,22,462252150058,ESTABILIZADOR,SANEAR,31/12/2021,1,1503.020904,ELECTRICIDAD Y ELECTRONICA,M,AVR OUTLES,,,NEGRO,1.20926E+14,,,,,,,,RAEE - BAJA,09/03/2023 15:42:04,,D,,
1226,22,22,462252150062,ESTABILIZADOR,O/C Nº 175,19/04/2013,58.56,1503.020904,ELECTRICIDAD Y ELECTRONICA,M,FX EVOLUTION,,,NEGRO,13026016,,,,,,,,RAEE - BAJA,09/03/2023 15:49:26,,D,,
1227,22,22,462252150082,ESTABILIZADOR,O/C Nº 998,29/12/1995,222.3,1503.020904,ELECTRICIDAD Y ELECTRONICA,M,EVOLUCION,EPXE-100,5 PUERTOS,NEGRO,,,,,,,,,,09/03/2023 15:16:25,,U,,
1228,22,22,462252150086,ESTABILIZADOR,O/C Nº 313,26/10/2015,189,1503.020904,ELECTRICIDAD Y ELECTRONICA,M,ENERGIT,ENE1000W,,CREMA/PLOMO,,,,,,,,,RAEE - BAJA,09/03/2023 15:16:55,,U,,
1229,22,22,462252150114,ESTABILIZADOR,O/C Nº 015-C,11/08/2004,63,1503.020904,ELECTRICIDAD Y ELECTRONICA,R,FX EVOLUCION,FXE-1000,,NEGRO,,,,,,,,,,09/03/2023 12:26:13,,U,,
1230,22,22,462252150115,ESTABILIZADOR,O/C Nº 22,8/03/2012,61.04,1503.020904,ELECTRICIDAD Y ELECTRONICA,R,SUPERTRON,,,BLANCO,,,,,,,,,,09/03/2023 12:47:35,,U,,
1231,22,22,462252150117,ESTABILIZADOR,SANEAR,31/12/2021,1,1503.020904,ELECTRICIDAD Y ELECTRONICA,M,ALTRON,,,NEGRO,,,,,,,,,RAEE - BAJA,09/03/2023 15:15:11,,U,,
1232,22,22,462252150118,ESTABILIZADOR,O/C Nº 821,20/11/2013,51.8,1503.020904,ELECTRICIDAD Y ELECTRONICA,R,CDP,B-AVR1006I,6 ENTRADAS,NEGRO,090713-0520221,,,,,,,,,09/03/2023 12:50:18,,U,,
1233,22,22,462252150119,ESTABILIZADOR,O/C Nº 348,13/06/2013,50.15,1503.020904,ELECTRICIDAD Y ELECTRONICA,M,APC,,4 ENTRADAS,BLANCO,5L0843T27687,,,,,,,,RAEE- BAJA,09/03/2023 12:59:27,,D,,
1234,22,22,746441180019,ESTANTE DE MADERA,O/C Nº 570,29/12/2011,450,1503.020102,MOBILIARIO DE OFICINA,R,,4 NIVELES,,MADERA,,0.30X1.00X1.80,,,,,,,,09/03/2023 12:48:10,,U,,
1235,22,22,746441520006,ESTANTE DE MELAMINA,O/C Nº 675,27/09/2013,720,1503.020102,MOBILIARIO DE OFICINA,R,,5 NIVELES/2 DIS,,CAFÉ,,038X1.20X2.05,,,,,,,,09/03/2023 12:53:58,,U,,
1236,22,22,746441520009,ESTANTE DE MELAMINA,O/C Nº 30,4/03/2016,950,1503.020102,MOBILIARIO DE OFICINA,R,,4 NIVELES,,NEGRO,,0.30X1.20X2.00,,,,,,,,09/03/2023 12:54:52,,U,,
1237,22,22,746441520010,ESTANTE DE MELAMINA,O/C Nº 30,4/03/2016,950,1503.020102,MOBILIARIO DE OFICINA,B,,5 NIVELES,,NEGRO,,0.30X1.20X2.00,,,,,,,,09/03/2023 18:04:23,,U,,
1238,22,22,742227260010,FOTOCOPIADORA EN GENERAL,O/C Nº 000153,7/07/2015,11549,1503.020101,MAQUINAS Y EQUIPOS DE OFICINA,M,KONICAV MINOLTA,BIZHUB 363,220V/METRIC,,A1UE041,,,,,,,,,09/03/2023 15:57:10,,U,,
1239,22,22,742229930008,GUILLOTINA,SANEAR,31/12/2021,1,1503.020101,MAQUINAS Y EQUIPOS DE OFICINA,R,IDEAL 1036,,,BLANCO,,,,,,,,,,09/03/2023 15:33:21,,D,,
1240,22,22,740832000044,IMPRESORA (OTRAS),O/C Nª 000359,5/12/2012,659,1503.020301,EQUIPOS COMPUTACIONALES Y PERIFERICOS,M,EPSON,L350,MULTIFUNCIONAL,NEGRO,Q8DK000718,,,,,,,,RAEE - BAJA,09/03/2023 15:24:49,,D,,
1241,22,22,740836500033,IMPRESORA A INYECCION DE TINTA,O/C Nº 55,31/05/2019,941.19,1503.020301,EQUIPOS COMPUTACIONALES Y PERIFERICOS,B,EPSON,L 575,MULTIFUNCIONAL,NEGRO,W9AY155174,,,,,,,,,09/03/2023 12:14:58,,U,,
1242,22,22,740836500034,IMPRESORA A INYECCION DE TINTA,SANEAR,31/12/2021,1,1503.020301,EQUIPOS COMPUTACIONALES Y PERIFERICOS,M,EPSON,L 575,,NEGRO,W9AY154596,,,,,,,,,09/03/2023 15:36:04,,D,,
1243,22,22,740836500035,IMPRESORA A INYECCION DE TINTA,SANEAR,31/12/2021,1,1503.020301,EQUIPOS COMPUTACIONALES Y PERIFERICOS,R,EPSON,V631C,,NEGRO,X5NV010557,,,,,,,,,09/03/2023 12:35:46,,U,,
1244,22,22,740841000013,IMPRESORA LASER,O/C Nª 000281,31/05/2013,359.21,1503.020301,EQUIPOS COMPUTACIONALES Y PERIFERICOS,M,HP,P1102,CE658A,NEGRO,BRBSF3GN2Q,,,,,,,,RAEE - BAJA,09/03/2023 15:25:33,,D,,
1245,22,22,740841000014,IMPRESORA LASER,O/C Nª 000281,31/05/2013,359.21,1503.020301,EQUIPOS COMPUTACIONALES Y PERIFERICOS,M,HP,P1102W,CE658A,NEGRO,BRBSF3FNNS,,,,,,,,RAEE - BAJA,09/03/2023 12:56:06,,D,,
1246,22,22,740841000027,IMPRESORA LASER,O/C Nª 00242,22/08/2014,412.82,1503.020301,EQUIPOS COMPUTACIONALES Y PERIFERICOS,M,HP,P1102,,NEGRO,BRBSG76F9R,,,,,,,,INOPERATIVO - BAJA,09/03/2023 12:55:29,,D,,
1247,22,22,740850000003,IMPRESORA PARA PLANOS - PLOTTERS,SANEAR,31/12/2021,1,1503.020301,EQUIPOS COMPUTACIONALES Y PERIFERICOS,M,HEWLETTPA,HP-DESIGNJET,DESINGJETT CARD,BLANCO,,,,,,,,,RAEE - BAJA,09/03/2023 12:27:17,,D,,
1248,22,22,740850000004,IMPRESORA PARA PLANOS - PLOTTERS,SANEAR,31/12/2021,1,1503.020301,EQUIPOS COMPUTACIONALES Y PERIFERICOS,R,HP,T2500,DESINGJETT,NEGRO,,,,,,,,,,09/03/2023 13:00:32,,U,,
1249,22,22,740850000005,IMPRESORA PARA PLANOS - PLOTTERS,SANEAR,31/12/2021,1,1503.020301,EQUIPOS COMPUTACIONALES Y PERIFERICOS,R,CANON,IPF770,,,BACG2142,,,,,,,,,09/03/2023 15:07:30,,D,,
1250,22,22,742232610003,MAQUINA ANILLADORA PERFORADORA,O/C Nª 316,21/11/2014,798,1503.020101,MAQUINAS Y EQUIPOS DE OFICINA,M,JAMSA,ESPIRIMATIC,,PLOMO,,,,,,,,,BAJA,09/03/2023 15:34:51,,D,,
1251,22,22,746450000003,MESA DE MADERA PARA DIBUJO,SANEAR,31/12/2021,1,1503.020102,MOBILIARIO DE OFICINA,M,,,,CAFÉ,,1.00X2.00X0.75,,,,,,,,09/03/2023 15:06:19,,D,,
1252,22,22,746459830002,MODULO DE COMPUTO (OTROS),O/C N°00143,7/07/2014,498,1503.020102,MOBILIARIO DE OFICINA,R,MELAMINE,,,CEDRO/NEGRO,,0.48X1.11X1.80,,,,,,,,09/03/2023 15:38:20,,D,,
1253,22,22,746459830003,MODULO DE COMPUTO (OTROS),O/C N°00143,7/07/2014,498,1503.020102,MOBILIARIO DE OFICINA,M,MELAMINA,,,PLOMO,,0.48X1.11X1.80,,,,,,,,09/03/2023 15:03:52,,D,,
1254,22,22,746459830004,MODULO DE COMPUTO (OTROS),O/C N°143,7/07/2014,498,1503.020102,MOBILIARIO DE OFICINA,R,MELAMINA,,,CEDRO/NEGRO,,0.48X1.11X1.80,,,,,,,,09/03/2023 16:27:19,,U,,
1255,22,22,746459830005,MODULO DE COMPUTO (OTROS),O/C N°00144,7/07/2014,498,1503.020102,MOBILIARIO DE OFICINA,R,MELAMINA,,,CEDRO/CAFÉ,,0.48X1.11X1.80,,,,,,,,09/03/2023 17:14:26,,U,,
1256,22,22,746459830006,MODULO DE COMPUTO (OTROS),O/C N°00144,7/07/2014,498,1503.020102,MOBILIARIO DE OFICINA,M,,,,CEDRO/NEGRO,,0.48X1.11X1.80,,,,,,,,09/03/2023 16:16:01,,U,,
1257,22,22,746459830008,MODULO DE COMPUTO (OTROS),O/C N°00144,7/07/2014,498,1503.020102,MOBILIARIO DE OFICINA,M,MELAMINA,,,CEDRO/NEGRO,,0.49X1.11X1.80,,,,,,,BAJA,09/03/2023 16:48:39,,D,,
1258,22,22,746460850015,MODULO DE MADERA PARA MICROCOMPUTADORA,SANEAR,31/12/2021,1,1503.020102,MOBILIARIO DE OFICINA,R,,,,CAOBA,,0..50X0.69X0.75,,,,,,,,09/03/2023 12:37:20,,U,,
1259,22,22,746460850021,MODULO DE MADERA PARA MICROCOMPUTADORA,SANEAR,31/12/2021,1,1503.020102,MOBILIARIO DE OFICINA,R,,,,CAOBA,,0.60X0.87X0.78,,,,,,,,09/03/2023 12:44:29,,U,,
1260,22,22,746460980002,MODULO DE MELAMINA,O/C N°000199,1/08/2012,350,1503.020102,MOBILIARIO DE OFICINA,M,,3 GAVETAS,,CEDRO/NEGRO,,0.50X1.13X1.80,,,,,,,BAJA,09/03/2023 16:50:05,,D,,
1261,22,32,746460980006,MODULO DE MELAMINA,O/C N°000304,14/11/2012,350,1503.020102,MOBILIARIO DE OFICINA,R,,,,NEGRO/AMARILLO,,0.49X1.13X1.80,,,,,,,,05/03/2023 17:47:34,,U,,
1262,22,22,746460980007,MODULO DE MELAMINA,O/C N°000304,14/11/2012,350,1503.020102,MOBILIARIO DE OFICINA,R,,,,NEGRO/CAFÉ,,0.49X1.13X1.80,,,,,,,,09/03/2023 16:25:56,,U,,
1263,22,22,746460980008,MODULO DE MELAMINA,O/C N°000304,14/11/2012,350,1503.020102,MOBILIARIO DE OFICINA,R,,,,NEGRO/CAFÉ,,0.49X1.13X1.80,,,,,,,,09/03/2023 16:28:15,,U,,
1264,22,22,746460980009,MODULO DE MELAMINA,O/C N°000304,14/11/2012,350,1503.020102,MOBILIARIO DE OFICINA,R,,,,NEGRO/BEIGE,,0.49X1.13X1.80,,,,,,,,09/03/2023 15:27:47,,D,,
1265,22,22,746460980010,MODULO DE MELAMINA,O/C N°000304,14/11/2012,350,1503.020102,MOBILIARIO DE OFICINA,M,,,,MARRON,,0.49X1.13X1.80,,,,,,,BAJA,09/03/2023 16:33:37,,D,,
1266,22,22,746460980012,MODULO DE MELAMINA,O/C N°000047,7/02/2013,370,1503.020102,MOBILIARIO DE OFICINA,M,,,,CEDRO/NEGRO,,0.47X1.08X1.80,,,,,,,,09/03/2023 16:35:42,,D,,
1267,22,22,746460980013,MODULO DE MELAMINA,O/C N°000047,7/02/2013,370,1503.020102,MOBILIARIO DE OFICINA,R,,,,CEDRO/NEGRO,,0.47X1.08X1.80,,,,,,,,09/03/2023 16:05:50,,U,,
1268,22,22,746460980014,MODULO DE MELAMINA,O/C N°000047,7/02/2013,370,1503.020102,MOBILIARIO DE OFICINA,R,,,,CEDRO/AMARILLO,,0.47X1.08X1.80,,,,,,,,09/03/2023 17:58:25,,U,,
1269,22,22,746460980015,MODULO DE MELAMINA,O/C N°000047,7/02/2013,370,1503.020102,MOBILIARIO DE OFICINA,M,,,,CEDRO/NEGRO,,0.47X1.08X1.80,,,,,,,,09/03/2023 16:50:47,,D,,
1270,22,22,746460980016,MODULO DE MELAMINA,O/C N°000047,7/02/2013,370,1503.020102,MOBILIARIO DE OFICINA,R,,PARA COMPUTADO,,CEDRO/NEGRO,,0.47X1.08X1.80,,,,,,,,09/03/2023 17:58:45,,U,,
1271,22,22,746460980017,MODULO DE MELAMINA,O/C N°000346,13/06/2013,340,1503.020102,MOBILIARIO DE OFICINA,R,,,,CAFÉ/NEGRO,,0.47X1.08X1.79,,,,,,,,09/03/2023 15:20:42,,D,,
1272,22,22,746460980018,MODULO DE MELAMINA,O/C N°000346,13/06/2013,340,1503.020102,MOBILIARIO DE OFICINA,R,,,,CEDRO/NEGRO,,0.47X1.08X1.80,,,,,,,,09/03/2023 17:13:43,,U,,
1273,22,22,746460980019,MODULO DE MELAMINA,O/C N°000346,13/06/2013,340,1503.020102,MOBILIARIO DE OFICINA,R,,,,CEDRO/NEGRO,,0.47X1.08X1.80,,,,,,,,09/03/2023 16:16:54,,U,,
1274,22,22,746460980020,MODULO DE MELAMINA,SANEAR  O/C N°000346,13/06/2013,340,1503.020102,MOBILIARIO DE OFICINA,R,,,,CEDRO/NEGRO,,0.47X1.08X1.80,,,,,,,,09/03/2023 16:16:35,,U,,
1275,22,22,746460980023,MODULO DE MELAMINA,SANEAR,31/12/2021,1,1503.020102,MOBILIARIO DE OFICINA,R,,3 GAVETAS,,CAFE/NEGRO,,0.50X0.574X0.69,,,,,,,,09/03/2023 15:11:16,,U,,
1276,22,22,746461240001,MODULO DE MELAMINA PARA COMPUTADORA,O/C N°000047,7/02/2013,370,1503.020102,MOBILIARIO DE OFICINA,R,,,,CEDRO/NEGRO,,0.49X1.13X1.80,,,,,,,,09/03/2023 15:37:35,,U,,
1277,22,22,746461240002,MODULO DE MELAMINA PARA COMPUTADORA,O/C N°000346,13/06/2013,340,1503.020102,MOBILIARIO DE OFICINA,R,,,,CEDRO/NEGRO,,0.49X1.13X1.80,,,,,,,,09/03/2023 14:58:43,,U,,
1278,22,22,746461240003,MODULO DE MELAMINA PARA COMPUTADORA,O/C N°000346,13/06/2013,340,1503.020102,MOBILIARIO DE OFICINA,R,,,,CEDRO/NEGRO,,0.49X1.13X1.80,,,,,,,,09/03/2023 15:55:27,,U,,
1279,22,32,746461240004,MODULO DE MELAMINA PARA COMPUTADORA,O/C N°000346,13/06/2013,340,1503.020102,MOBILIARIO DE OFICINA,B,,,,AMARILLO,,0.50X1.23X1.80,,,,,,,,05/03/2023 17:47:42,,U,,
1280,22,22,746461240006,MODULO DE MELAMINA PARA COMPUTADORA,O/C N°000346,13/06/2013,340,1503.020102,MOBILIARIO DE OFICINA,R,,,,AMARILLO,,0.49X1.13X1.80,,,,,,,,09/03/2023 16:02:04,,U,,
1281,22,22,746461240007,MODULO DE MELAMINA PARA COMPUTADORA,O/C N°00047,7/02/2013,370,1503.020102,MOBILIARIO DE OFICINA,R,,,,CEDRO/NEGRO,,0.47X1.08X1.80,,,,,,,,09/03/2023 17:14:55,,U,,
1282,22,22,746461240011,MODULO DE MELAMINA PARA COMPUTADORA,O/C N°000047,7/02/2013,370,1503.020102,MOBILIARIO DE OFICINA,R,,,,NEGRO/AMARILLO,,0.47X1.18X1.80,,,,,,,,09/03/2023 17:59:09,,U,,
1283,22,22,952258120011,MONITOR (OTROS),SANEAR,31/12/2021,1,1503.020303,EQUIPOS DE TELECOMUNICACIONES,R,LG,W2043SV,,NEGRO,904NDQAGQ540,,,,,,,,,09/03/2023 16:44:36,,D,,
1284,22,22,952258120020,MONITOR (OTROS),SANEAR,31/12/2021,1,1503.020303,EQUIPOS DE TELECOMUNICACIONES,R,LG,W2043TV,FLATRON,NEGRO,910NU847510,,,,,,,,,09/03/2023 12:18:46,,U,,
1285,22,22,952258120040,MONITOR (OTROS),O/C N°000022,8/03/2012,877.45,1503.020303,EQUIPOS DE TELECOMUNICACIONES,R,LG,E2051ST-BN,FLATRON PLASMA,NEGRO,109LTSS01M046,,,,,,,,,09/03/2023 16:46:20,,D,,
1286,22,22,952258120041,MONITOR (OTROS),O/C N°000131,18/06/2012,695.29,1503.020303,EQUIPOS DE TELECOMUNICACIONES,R,SAMSUNG,S20B300N,,NEGRO,ZUP7H4LC301744D,,,,,,,,,09/03/2023 16:37:50,,D,,
1287,22,22,952258120042,MONITOR (OTROS),O/C N°000155,4/07/2012,781.93,1503.020303,EQUIPOS DE TELECOMUNICACIONES,R,SAMSUNG,L520B300N,,NEGRO,ZUP7H4LC702437W,,,,,,,,,09/03/2023 12:14:06,,U,,
1288,22,22,952258120043,MONITOR (OTROS),O/C N°000155,4/07/2012,781.93,1503.020303,EQUIPOS DE TELECOMUNICACIONES,R,SAMSUNG,S208300NS/PE,,NEGRO,ZUP7H4LC43409,,,,,,,,,09/03/2023 16:36:36,,D,,
1289,22,22,952258120044,MONITOR (OTROS),O/C N°000298,6/11/2012,866.4,1503.020303,EQUIPOS DE TELECOMUNICACIONES,R,SAMSUNG,S20B300N,,NEGRO,ZUP7H4LC402044,,,,,,,,,09/03/2023 16:41:17,,D,,
1290,22,22,952258120045,MONITOR (OTROS),O/C N°000298,6/11/2012,866.4,1503.020303,EQUIPOS DE TELECOMUNICACIONES,R,SAMSUNG,S20B300N,,NEGRO,ZUPZH4LC401403A,,,,,,,,,09/03/2023 16:43:10,,D,,
1291,22,22,952258120049,MONITOR (OTROS),O/C N°67,21/06/2003,692.86,1503.020303,EQUIPOS DE TELECOMUNICACIONES,R,SAMSUNG,L519B150NS,,NEGRO,ZWQ1HTJC700630,,,,,,,,,09/03/2023 15:58:15,,D,,
1292,22,22,952258120050,MONITOR (OTROS),SANEAR,31/12/2021,1,1503.020303,EQUIPOS DE TELECOMUNICACIONES,R,SAMSUNG,,,NEGRO,ZWQ1HTJC700687,,,,,,,,RAEE-BAJA,09/03/2023 16:36:13,,D,,
1293,22,22,952258120051,MONITOR (OTROS),O/C N°000175,19/04/2013,841.8,1503.020303,EQUIPOS DE TELECOMUNICACIONES,M,SAMSUNG,LS123B550VS/PE,"PLASMA LCD D 2""",NEGRO,Z4ZGHCLD200212V,,,,,,,,,09/03/2023 15:59:02,,D,,
1294,22,22,952258120071,MONITOR (OTROS),SANEAR,31/12/2021,1,1503.020303,EQUIPOS DE TELECOMUNICACIONES,R,SAMSUNG,LS2CM2KIVA,,BLANCO,CM20H9LSB15591H,,,,,,,,,09/03/2023 16:42:09,,D,,
1295,22,22,740881870003,MONITOR PLANO,SANEAR,31/12/2021,1,1503.020301,EQUIPOS COMPUTACIONALES Y PERIFERICOS,R,LG,W2043SV,,NEGRO,904NDQAGQ564,,,,,,,,,09/03/2023 16:45:28,,D,,
1296,22,22,740881870006,MONITOR PLANO,O/C N°000175,19/04/2013,841.8,1503.020301,EQUIPOS COMPUTACIONALES Y PERIFERICOS,R,SAMSUNG,LS23V5505VS,,NEGRO,Z4ZGHCLD200230F,,,,,,,,,09/03/2023 12:37:54,,U,,
1297,22,22,740881870008,MONITOR PLANO,O/C N°000175,19/04/2013,841.8,1503.020301,EQUIPOS COMPUTACIONALES Y PERIFERICOS,R,SAMSUNG,,"PLASMA LCD D 2""",NEGRO,Z4ZGHLCD200227,,,,,,,,,09/03/2023 16:38:57,,D,,
1298,22,22,740881870009,MONITOR PLANO,O/C N°000348,13/06/2013,708,1503.020301,EQUIPOS COMPUTACIONALES Y PERIFERICOS,R,LG,20EN43SA,,NEGRO,304NDFVM8907,,,,,,,,,09/03/2023 16:36:59,,D,,
1299,22,22,740881870010,MONITOR PLANO,O/C N°000348,13/06/2013,708,1503.020301,EQUIPOS COMPUTACIONALES Y PERIFERICOS,R,LG,,20EN43SA,NEGRO,304NDLSM7888,,,,,,,,,09/03/2023 16:37:24,,D,,
1300,22,22,952260390007,PARLANTE AMPLIFICADOR PORTATIL,SANEAR,31/12/2021,1,1503.020303,EQUIPOS DE TELECOMUNICACIONES,M,MORRO,,,NEGRO,,,,,,,,,,09/03/2023 15:29:18,,D,,
1301,22,22,952260390015,PARLANTE AMPLIFICADOR PORTATIL,O/C  N°025-C,9/12/2004,37.8,1503.020303,EQUIPOS DE TELECOMUNICACIONES,M,ALTRON,MIC -5360,3 PIEZAS,BLANCO,1.67554E+11,,,,,,,,NO ES AMPLIFICADOR CORREGIR DENOMINACION,09/03/2023 15:42:53,,D,,
1302,22,22,952260580064,PARLANTES EN GENERAL (MAYOR A 1/8 UIT),O/C Nº 71,7/08/2007,23.86,1503.020303,EQUIPOS DE TELECOMUNICACIONES,R,GENIUS,,,NEGRO,,,,,,,,,MENOR A 1/8 UIT,09/03/2023 12:52:47,,U,,
1303,22,22,746473050016,PIZARRA ACRILICA,SANEAR,31/12/2021,1,1503.020102,MOBILIARIO DE OFICINA,R,,,,BLANCO,,1.10X1.70,,,,,,,,09/03/2023 17:00:35,,U,,
1304,22,22,952266440006,PROYECTOR,O/C Nº 314,26/10/2015,2910,1503.020303,EQUIPOS DE TELECOMUNICACIONES,R,EPSON,H553A - XLP,,BLANCO,VA9K5300108,,,,,,,,,09/03/2023 12:34:32,,U,,
1305,22,22,952275360001,RUTEADOR DE RED - ROUTER,SANEAR,31/12/2021,1,1503.020303,EQUIPOS DE TELECOMUNICACIONES,M,MOVISTAR,DSL-2401HN-T1C,MITRASTAR,BLANCO,9897B1948058,,,,,,,,,09/03/2023 18:08:15,,D,,
1306,22,22,952275360002,RUTEADOR DE RED - ROUTER,SANEAR,31/12/2021,1,1503.020303,EQUIPOS DE TELECOMUNICACIONES,M,ACLINE,,,NEGRO,,,,,,,,,,09/03/2023 18:09:03,,D,,
1307,22,22,952275360003,RUTEADOR DE RED - ROUTER,SANEAR,31/12/2021,1,1503.020303,EQUIPOS DE TELECOMUNICACIONES,R,MOVISTAR,,,BLANCO,ASKY0048816D,,,,,,,,,09/03/2023 12:33:07,,U,,
1308,22,22,746481190024,SILLA FIJA DE MADERA,SANEAR,31/12/2021,1,1503.020102,MOBILIARIO DE OFICINA,M,,TAPIZ MARROQUI,,CAFÉ,,0.40X0.42X0.84,,,,,,,,09/03/2023 12:48:43,,U,,
1309,22,22,746481190043,SILLA FIJA DE MADERA,O/C Nº 000295,6/11/2012,94.5,1503.020102,MOBILIARIO DE OFICINA,M,,TAPIZ MARROQUI,,CAFÉ,,0.40X0.41X0.84,,,,,,,,09/03/2023 15:56:36,,D,,
1310,22,27,746481190045,SILLA FIJA DE MADERA,O/C Nº 000295,6/11/2012,94.5,1503.020102,MOBILIARIO DE OFICINA,R,,TAPIZ LONA,,CAFÉ,,0.45X0.46X0.86,,,,,,,,09/03/2023 10:45:09,,U,KEVIN MIDGUAR ARCE TAIRO,3
1311,22,22,746481190125,SILLA FIJA DE MADERA,O/C Nº 8-00053,16/04/2010,80,1503.020102,MOBILIARIO DE OFICINA,R,,,,CAFÉ,,0.45X0.47X0.85,,,,,,,,09/03/2023 16:54:15,,U,,
1312,22,22,746481190134,SILLA FIJA DE MADERA,O/C Nº 8-00215,28/06/2010,90,1503.020102,MOBILIARIO DE OFICINA,M,,MADERA,,CAFÉ,,0.40X0.41X0.84,,,,,,,BAJA,09/03/2023 16:54:20,,U,,
1313,22,22,746481190135,SILLA FIJA DE MADERA,O/C Nº 8-00215,28/06/2010,90,1503.020102,MOBILIARIO DE OFICINA,M,,,,CAFÉ,,0.47X0.46X0.86,,,,,,,BAJA,09/03/2023 17:16:21,,D,,
1314,22,22,746481190136,SILLA FIJA DE MADERA,O/C Nº 6-00071,26/07/2010,90,1503.020102,MOBILIARIO DE OFICINA,M,,,,CAFÉ,,0.43X0.45X0.86,,,,,,,BAJA POR VER _ SOLO SE ENCONTRO UNA PARTE,09/03/2023 17:56:08,,U,,
1315,22,22,746481190152,SILLA FIJA DE MADERA,O/C Nº 8-00252,3/08/2010,90,1503.020102,MOBILIARIO DE OFICINA,M,,,,CAFÉ,,0.46X0.45X0.86,,,,,,,BAJA,09/03/2023 15:51:10,,D,,
1316,22,22,746481190153,SILLA FIJA DE MADERA,O/C Nº 8-00252,3/08/2010,90,1503.020102,MOBILIARIO DE OFICINA,M,,,,CAFÉ,,0.46X0.45X0.86,,,,,,,BAJA,09/03/2023 17:15:21,,D,KEVIN MIDGUAR ARCE TAIRO,3
1317,22,22,746481190154,SILLA FIJA DE MADERA,O/C Nº 8-00252,3/08/2010,90,1503.020102,MOBILIARIO DE OFICINA,M,TAPIZ DE TELA,,,CAFÉ,,1.00X0.90X0.87,,,,,,,,09/03/2023 13:03:38,,U,KEVIN MIDGUAR ARCE TAIRO,3
1318,22,22,746481870010,SILLA FIJA DE METAL,SANEAR,31/12/2021,1,1503.020102,MOBILIARIO DE OFICINA,R,,,,NEGRO,,0.37X0.39X0.82,,,,,,,,09/03/2023 15:52:43,,U,,
1319,22,29,746481870022,SILLA FIJA DE METAL,SANEAR,31/12/2021,1,1503.020102,MOBILIARIO DE OFICINA,M,,,,NEGRO,,,,,,,,,,07/03/2023 02:24:27,,U,user user user,1
1320,22,22,746481870033,SILLA FIJA DE METAL,SANEAR,31/12/2021,1,1503.020102,MOBILIARIO DE OFICINA,R,,,,NEGRO,,0.44X0.42X0.87,,,,,,,,09/03/2023 16:14:40,,U,,
1321,22,22,746481870087,SILLA FIJA DE METAL,SANEAR,31/12/2021,1,1503.020102,MOBILIARIO DE OFICINA,R,,,,NEGRO,,0.45X0.47X0.85,,,,,,,,09/03/2023 17:24:09,,U,,
1322,22,22,746481870099,SILLA FIJA DE METAL,SANEAR,31/12/2021,1,1503.020102,MOBILIARIO DE OFICINA,R,,,,MARRON,,0.40X0.42X0.80,,,,,,,,09/03/2023 12:41:57,,U,,
1323,22,22,746481870116,SILLA FIJA DE METAL,SANEAR,31/12/2021,1,1503.020102,MOBILIARIO DE OFICINA,R,,,,NEGRO,,0.42X0.45X0.82,,,,,,,,09/03/2023 15:02:09,,D,,
1324,22,22,746481870117,SILLA FIJA DE METAL,SANEAR,31/12/2021,1,1503.020102,MOBILIARIO DE OFICINA,R,,,,NEGRO,,0.42X0.45X0.82,,,,,,,,09/03/2023 15:02:49,,D,,
1325,22,22,746481870118,SILLA FIJA DE METAL,SANEAR,31/12/2021,1,1503.020102,MOBILIARIO DE OFICINA,R,,,,NEGRO,,0.42X0.45X0.82,,,,,,,,09/03/2023 17:25:50,,U,,
1326,22,22,746481870119,SILLA FIJA DE METAL,SANEAR,31/12/2021,1,1503.020102,MOBILIARIO DE OFICINA,R,,,,NEGRO,,0.42X0.45X0.82,,,,,,,,09/03/2023 17:27:48,,U,,
1327,22,22,746481870120,SILLA FIJA DE METAL,SANEAR,31/12/2021,1,1503.020102,MOBILIARIO DE OFICINA,R,,,,NEGRO,,0.42X0.45X0.82,,,,,,,,09/03/2023 17:28:36,,U,,
1328,22,35,746481870121,SILLA FIJA DE METAL,SANEAR,31/12/2021,1,1503.020102,MOBILIARIO DE OFICINA,B,,,,NEGRO,,0.42X0.45X0.82,,,,,,,,14/03/2023 12:59:05,,U,KEVIN MIDGUAR ARCE TAIRO,3
1329,22,,746481870122,SILLA FIJA DE METAL,SANEAR,31/12/2021,1,1503.020102,MOBILIARIO DE OFICINA,B,,,,NEGRO,,0.42X0.45X0.82,,,,,,,,,,U,,
1330,22,22,746481870123,SILLA FIJA DE METAL,SANEAR,31/12/2021,1,1503.020102,MOBILIARIO DE OFICINA,R,,,,NEGRO,,0.42X0.45X0.82,,,,,,,,09/03/2023 16:17:33,,U,,
1331,22,,746481870124,SILLA FIJA DE METAL,SANEAR,31/12/2021,1,1503.020102,MOBILIARIO DE OFICINA,B,,,,NEGRO,,0.42X0.45X0.82,,,,,,,,,,U,,
1332,22,22,746481870125,SILLA FIJA DE METAL,SANEAR,31/12/2021,1,1503.020102,MOBILIARIO DE OFICINA,R,,,,NEGRO,,0.42X0.45X0.82,,,,,,,,09/03/2023 17:18:14,,D,,
1333,22,32,746481870126,SILLA FIJA DE METAL,SANEAR,31/12/2021,1,1503.020102,MOBILIARIO DE OFICINA,B,,,,NEGRO,,,,,,,,,,07/03/2023 02:29:17,,U,user user user,1
1334,22,22,746481870127,SILLA FIJA DE METAL,SANEAR,31/12/2021,1,1503.020102,MOBILIARIO DE OFICINA,R,,,,NEGRO,,,,,,,,,,09/03/2023 17:24:17,,U,,
1335,22,22,746481870128,SILLA FIJA DE METAL,SANEAR,31/12/2021,1,1503.020102,MOBILIARIO DE OFICINA,R,,,,NEGRO,,,,,,,,,,09/03/2023 17:18:43,,U,,
1336,22,22,746481870129,SILLA FIJA DE METAL,SANEAR,31/12/2021,1,1503.020102,MOBILIARIO DE OFICINA,B,,,,NEGRO,,,,,,,,,,09/03/2023 17:22:59,,U,,
1337,22,22,746481870130,SILLA FIJA DE METAL,SANEAR,31/12/2021,1,1503.020102,MOBILIARIO DE OFICINA,R,,,,NEGRO,,,,,,,,,,09/03/2023 15:35:23,,U,,
1338,22,22,746481870131,SILLA FIJA DE METAL,SANEAR,31/12/2021,1,1503.020102,MOBILIARIO DE OFICINA,R,,,,NEGRO,,,,,,,,,,09/03/2023 15:02:32,,D,,
1339,22,22,746481870132,SILLA FIJA DE METAL,SANEAR,31/12/2021,1,1503.020102,MOBILIARIO DE OFICINA,R,,,,NEGRO,,,,,,,,,,09/03/2023 15:08:23,,D,,
1340,22,22,746481870133,SILLA FIJA DE METAL,SANEAR,31/12/2021,1,1503.020102,MOBILIARIO DE OFICINA,B,,,,NEGRO,,,,,,,,,,09/03/2023 14:58:50,,U,,
1341,22,22,746482550011,SILLA FIJA DE OTRO MATERIAL,SANEAR,31/12/2021,1,1503.020102,MOBILIARIO DE OFICINA,R,REY,,,CELESTE,,,,,,,,,,09/03/2023 16:20:14,,U,,
1342,22,22,746482550014,SILLA FIJA DE OTRO MATERIAL,SANEAR,31/12/2021,1,1503.020102,MOBILIARIO DE OFICINA,R,REY,,,CELESTE,,,,,,,,,,09/03/2023 16:11:51,,U,,
1343,22,22,746482550023,SILLA FIJA DE OTRO MATERIAL,SANEAR,31/12/2021,1,1503.020102,MOBILIARIO DE OFICINA,R,REY,,,AZUL,,,,,,,,,,09/03/2023 16:21:23,,U,KEVIN MIDGUAR ARCE TAIRO,3
1344,22,22,746482550024,SILLA FIJA DE OTRO MATERIAL,SANEAR,31/12/2021,1,1503.020102,MOBILIARIO DE OFICINA,R,,,,AZUL,,,,,,,,,,09/03/2023 16:18:37,,U,,
1345,22,43,746482550025,SILLA FIJA DE OTRO MATERIAL,SANEAR,31/12/2021,1,1503.020102,MOBILIARIO DE OFICINA,B,,,,AZUL,,,,,,,,,PERTENECE A ESTUDIOS Y PROYECTOS,09/03/2023 11:26:26,,U,,
1346,22,22,746482550026,SILLA FIJA DE OTRO MATERIAL,SANEAR,31/12/2021,1,1503.020102,MOBILIARIO DE OFICINA,R,,,,AZUL,,,,,,,,,,09/03/2023 16:14:15,,U,,
1347,22,,746482550027,SILLA FIJA DE OTRO MATERIAL,SANEAR,31/12/2021,1,1503.020102,MOBILIARIO DE OFICINA,M,,,,AZUL,,,,,,,,,,21/03/2023 11:21:28,,U,DELIA RUTH QUISPE SONCCO,4
1348,22,22,746483900030,SILLA GIRATORIA DE METAL,O/C Nº 000310,15/11/2012,180,1503.020102,MOBILIARIO DE OFICINA,R,,,,NEGRO,,0.45X0.65X1.00,,,,,,,,09/03/2023 12:19:23,,U,,
1349,22,22,746483900065,SILLA GIRATORIA DE METAL,SANEAR,31/12/2021,1,1503.020102,MOBILIARIO DE OFICINA,M,MONTHY,,,NEGRO,,,,,,,,,BAJA,09/03/2023 15:12:15,,U,,
1350,22,22,746483900077,SILLA GIRATORIA DE METAL,O/C Nº 000047,7/02/2013,200,1503.020102,MOBILIARIO DE OFICINA,M,,,,NEGRO,,0.58X0.45X0.95,,,,,,,BAJA,09/03/2023 12:43:46,,U,,
1351,22,48,746483900113,SILLA GIRATORIA DE METAL,O/C Nº 000346,13/06/2013,220,1503.020102,MOBILIARIO DE OFICINA,M,,,,NEGRO,,,,,,,,,,14/03/2023 12:08:15,,U,KEVIN MIDGUAR ARCE TAIRO,3
1352,22,22,746489330022,SILLON GIRATORIO DE METAL,O/C Nº 30,4/03/2016,510,1503.020102,MOBILIARIO DE OFICINA,R,,CODERAS,,NEGRO,,,,,,,,,,09/03/2023 12:49:22,,U,,
1353,22,22,672295040001,SOPLADORA DE AIRE,SANEAR,31/12/2021,1,1503.020906,EQUIPOS PARA VEHICULOS,R,CROWN,BLOWER CT17002,,PLOMO,12111400078,,,,,,,,,09/03/2023 18:01:38,,U,,
1354,22,22,952281170012,SWITCH PARA RED,SANEAR,31/12/2021,1,1503.020303,EQUIPOS DE TELECOMUNICACIONES,M,D-LINK,DESK-1008A,7 PUERTOS,NEGRO,QS023BA001842,,,,,,,,,09/03/2023 15:41:12,,D,,
1355,22,22,952281170013,SWITCH PARA RED,SANEAR,31/12/2021,1,1503.020303,EQUIPOS DE TELECOMUNICACIONES,M,D-LINK,DWL-2100AP,,PLOMO/NEGRO,DRA127C000731,,,,,,,,,09/03/2023 15:40:15,,D,,
1356,22,22,740895000083,TECLADO - KEYBOARD,O/C Nº 3-00060,10/08/2009,51.08,1503.020301,EQUIPOS COMPUTACIONALES Y PERIFERICOS,M,GENIUS,GK-100011,,NEGRO,,,,,,,,,RAEE - BAJA,09/03/2023 16:06:55,,D,,
1357,22,22,740895000084,TECLADO - KEYBOARD,O/C Nº 0-00037,22/02/2010,51.52,1503.020301,EQUIPOS COMPUTACIONALES Y PERIFERICOS,M,CYBERTEL,K238,,PLOMO/NEGRO,,,,,,,,,RAEE- BAJA,09/03/2023 16:07:41,,D,,
1358,22,22,740895000091,TECLADO - KEYBOARD,O/C Nº 00239,9/08/2011,56.54,1503.020301,EQUIPOS COMPUTACIONALES Y PERIFERICOS,R,GENIUS,KU-0138,KU-0138,NEGRO,ZCE152000755,,,,,,,,,09/03/2023 12:14:41,,U,,
1359,22,22,740895000092,TECLADO - KEYBOARD,O/C Nº 00239,9/08/2011,56.54,1503.020301,EQUIPOS COMPUTACIONALES Y PERIFERICOS,M,GENIUS,KU-0138,,NEGRO,ZCE152000752,,,,,,,,RAEE - BAJA,09/03/2023 15:09:52,,U,,
1360,22,22,740895000096,TECLADO - KEYBOARD,O/C Nº 8-00002,24/02/2010,199.5,1503.020301,EQUIPOS COMPUTACIONALES Y PERIFERICOS,M,GENIUS,KU-0138,,NEGRO,ZCE193900619,,,,,,,,RAEE- BAJA,09/03/2023 16:08:25,,D,,
1361,22,22,740895000098,TECLADO - KEYBOARD,O/C Nº 8-00106,23/04/2010,45.95,1503.020301,EQUIPOS COMPUTACIONALES Y PERIFERICOS,M,GENIUS,,,NEGRO,ZCE991502946,,,,,,,,RAEE - BAJA,09/03/2023 15:20:17,,D,,
1362,22,22,740895000099,TECLADO - KEYBOARD,SANEAR,31/12/2021,1,1503.020301,EQUIPOS COMPUTACIONALES Y PERIFERICOS,R,GENIUS,K639,,NEGRO,WE27920C3073,,,,,,,,,09/03/2023 12:19:50,,U,,
1363,22,22,740895000108,TECLADO - KEYBOARD,SANEAR,31/12/2021,1,1503.020301,EQUIPOS COMPUTACIONALES Y PERIFERICOS,M,CYBERTEL,CYBK238,,PLOMO/NEGRO,,,,,,,,,RAEE - BAJA,09/03/2023 15:31:47,,D,,
1364,22,22,740895000109,TECLADO - KEYBOARD,O/C Nº 000175,19/04/2013,54.9,1503.020301,EQUIPOS COMPUTACIONALES Y PERIFERICOS,M,GENIUS,,,NEGRO,ZEC293002880,,,,,,,,RAEE-BAJA,09/03/2023 15:09:21,,U,,
1365,22,22,740895000112,TECLADO - KEYBOARD,SANEAR,31/12/2021,1,1503.020301,EQUIPOS COMPUTACIONALES Y PERIFERICOS,M,GENIUS,,,NEGRO,XED207019095,,,,,,,,,09/03/2023 15:28:49,,D,,
1366,22,22,740895000183,TECLADO - KEYBOARD,O/C Nº 297,30/09/2015,110.78,1503.020301,EQUIPOS COMPUTACIONALES Y PERIFERICOS,M,MICROSOFT,1576,,NEGRO,00666906386836,,,,,,,,RAEE - BAJA,09/03/2023 16:08:58,,D,,
1367,22,22,740895000184,TECLADO - KEYBOARD,SANEAR,31/12/2021,1,1503.020301,EQUIPOS COMPUTACIONALES Y PERIFERICOS,M,GENIUS,YK-1015,,NEGRO,XED207019098,,,,,,,,RAEE - BAJA,09/03/2023 15:10:13,,U,,
1368,22,22,740895000186,TECLADO - KEYBOARD,SANEAR,31/12/2021,1,1503.020301,EQUIPOS COMPUTACIONALES Y PERIFERICOS,M,GENIUS,KU-0138,,NEGRO,ZCE2A2601414,,,,,,,,RAEE - BAJA,09/03/2023 15:23:39,,D,,
1369,22,22,740895000187,TECLADO - KEYBOARD,O/C Nº 314,26/10/2015,62.5,1503.020301,EQUIPOS COMPUTACIONALES Y PERIFERICOS,R,MICROSOFT,,,NEGRO,,,,,,,,,,09/03/2023 12:39:23,,U,,
1370,22,22,740895000194,TECLADO - KEYBOARD,O/C Nº 000175,19/04/2013,54.9,1503.020301,EQUIPOS COMPUTACIONALES Y PERIFERICOS,R,GENIUS,KU-0138,,NEGRO,,,,,,,,,,09/03/2023 12:20:50,,U,,
1371,22,22,740895560004,TECLADO INALAMBRICO,SANEAR,31/12/2021,1,1503.020301,EQUIPOS COMPUTACIONALES Y PERIFERICOS,M,GENIUS,GK100015,,NEGRO,XEC907012166,,,,,,,,"RAEE - BAJA , NO ES INALAMBRICO",09/03/2023 16:10:12,,D,,
1372,22,22,952282870008,TELEFONO,SANEAR,31/12/2021,1,1503.020303,EQUIPOS DE TELECOMUNICACIONES,R,MOVISTAR,KXT2315,3HADC097324,NEGRO,10401500172,,,,,,,,,09/03/2023 12:31:41,,U,,
1373,22,22,952282870036,TELEFONO,SANEAR,31/12/2021,1,1503.020303,EQUIPOS DE TELECOMUNICACIONES,M,MOVISTAR,,,NEGRO,,,,,,,,,BAJA,09/03/2023 12:59:48,,D,,
1374,22,22,740899500056,UNIDAD CENTRAL DE PROCESO - CPU,O/C Nº 3-00060,10/08/2009,2282.5,1503.020301,EQUIPOS COMPUTACIONALES Y PERIFERICOS,M,ALTRON,,CPU,NEGRO/ROJO,,,,,,,,,RAEE - BAJA,09/03/2023 15:19:37,,D,,
1375,22,22,740899500084,UNIDAD CENTRAL DE PROCESO - CPU,O/C Nº 00239,9/08/2011,2526.81,1503.020301,EQUIPOS COMPUTACIONALES Y PERIFERICOS,M,INTEL,CORE I7,,NEGRO/ROJO,2208C371BR0166,,,,,,,,RAEE-BAJA,09/03/2023 13:01:54,,D,,
1376,22,22,740899500085,UNIDAD CENTRAL DE PROCESO - CPU,O/C Nº 00239,9/08/2011,2526.81,1503.020301,EQUIPOS COMPUTACIONALES Y PERIFERICOS,M,INTEL,CORE I7,,NEGRO,2208C3690226,,,,,,,,RAEE - BAJA,09/03/2023 15:17:55,,D,,
1377,22,22,740899500089,UNIDAD CENTRAL DE PROCESO - CPU,O/C Nº 000131,18/06/2012,2146.33,1503.020301,EQUIPOS COMPUTACIONALES Y PERIFERICOS,R,INTEL,CORE I7,,NEGRO,,,,,,,,,,09/03/2023 18:02:43,,U,,
1378,22,22,740899500092,UNIDAD CENTRAL DE PROCESO - CPU,SANEAR,31/12/2021,1,1503.020301,EQUIPOS COMPUTACIONALES Y PERIFERICOS,R,LG,CORE I7,CPU,NEGRO/PLOMO,,,,,,,,,,09/03/2023 12:39:37,,U,,
1379,22,22,740899500099,UNIDAD CENTRAL DE PROCESO - CPU,O/C Nº 000155,4/07/2012,2317.07,1503.020301,EQUIPOS COMPUTACIONALES Y PERIFERICOS,M,MICRONICS,,,NEGRO,2.53153E+11,,,,,,,,RAEE - BAJA,09/03/2023 15:18:39,,D,,
1380,22,22,740899500101,UNIDAD CENTRAL DE PROCESO - CPU,O/C Nº 000175,19/04/2013,2598.6,1503.020301,EQUIPOS COMPUTACIONALES Y PERIFERICOS,R,MICRONICS,,,NEGRO,,,,,,,,,,09/03/2023 12:12:44,,U,,
1381,22,22,740899500102,UNIDAD CENTRAL DE PROCESO - CPU,O/C Nº 000175,19/04/2013,2598.6,1503.020301,EQUIPOS COMPUTACIONALES Y PERIFERICOS,R,INTEL I7,,CPU,NEGRO,,,,,,,,,,09/03/2023 18:10:06,,U,,
1382,22,22,740899500105,UNIDAD CENTRAL DE PROCESO - CPU,O/C Nº 000348,13/06/2013,2109.25,1503.020301,EQUIPOS COMPUTACIONALES Y PERIFERICOS,M,INTEL,CORE I7,RAM 4GB,NEGRO,,,,,,,,,RAEE- BAJA,09/03/2023 16:06:15,,D,,
1383,22,22,112287620003,VENTILADOR ELECTRICO PARA TECHO,SANEAR,31/12/2021,1,1503.020901,AIRE ACONDICIONADO Y REFRIGERACION,R,,,,VERDE,,,,,,,,,,09/03/2023 16:52:46,,D,,
1384,22,22,112287620004,VENTILADOR ELECTRICO PARA TECHO,SANEAR,31/12/2021,1,1503.020901,AIRE ACONDICIONADO Y REFRIGERACION,M,,,,VERDE,,,,,,,,,,09/03/2023 13:04:06,,D,,
1385,22,22,112287620005,VENTILADOR ELECTRICO PARA TECHO,SANEAR,31/12/2021,1,1503.020901,AIRE ACONDICIONADO Y REFRIGERACION,R,,,,VERDE,,,,,,,,,,09/03/2023 16:23:50,,U,,
1386,22,22,112287620006,VENTILADOR ELECTRICO PARA TECHO,SANEAR,31/12/2021,1,1503.020901,AIRE ACONDICIONADO Y REFRIGERACION,R,,,,VERDE,,,,,,,,,,09/03/2023 16:22:25,,U,,
1387,22,22,112287620008,VENTILADOR ELECTRICO PARA TECHO,SANEAR,31/12/2021,1,1503.020901,AIRE ACONDICIONADO Y REFRIGERACION,R,,,,VERDE,,,,,,,,,,09/03/2023 18:05:26,,U,,
1388,22,22,112287620037,VENTILADOR ELECTRICO PARA TECHO,SANEAR,31/12/2021,1,1503.020901,AIRE ACONDICIONADO Y REFRIGERACION,R,,,,VERDE,,,,,,,,,,09/03/2023 15:47:42,,U,,
1389,22,22,112287620038,VENTILADOR ELECTRICO PARA TECHO,SANEAR,31/12/2021,1,1503.020901,AIRE ACONDICIONADO Y REFRIGERACION,R,,,,VERDE,,,,,,,,,,09/03/2023 15:48:39,,U,,
1390,22,22,112291580002,VENTILADOR ELECTRICO TIPO COLUMNA O TORRE,SANEAR,31/12/2021,1,1503.020901,AIRE ACONDICIONADO Y REFRIGERACION,R,,,,VERDE,,,,,,,,,,09/03/2023 18:07:07,,U,,
1391,2,,952268890002,RADIO TELEFONO,O/C Nº 000245,12/09/2016,599,1503.020303,EQUIPOS DE TELECOMUNICACIONES,,MIDLAND,F20VP,RADIO TELEFONO,,S1507006319,,,,,,,,,07/03/2023 02:56:13,,U,user user user,1
1392,2,,952268890003,RADIO TELEFONO,O/C Nº 000245,12/09/2016,599,1503.020303,EQUIPOS DE TELECOMUNICACIONES,M,MIDLAND,F20VP,RADIO TELEFONO,,S1507002437,,,,,,,,,,,U,,
1393,2,,952268890004,RADIO TELEFONO,O/C Nº 000245,12/09/2016,599,1503.020303,EQUIPOS DE TELECOMUNICACIONES,M,MIDLAND,F20VP,RADIO TELEFONO,,S1507003429,,,,,,,,,,,U,,
1394,2,6,462290890001,TABLERO DE CONTROL,O/C N° 00195,27/07/2020,9500,1503.020904,ELECTRICIDAD Y ELECTRONICA,M,CHINA,,,VERDE,,,,,,,,,,04/03/2023 13:07:27,,D,DELIA RUTH QUISPE SONCCO,4
1395,2,55,675001050001,AMOLADORA,O/C Nº 125,23/06/2015,1350,1503.020999,"MAQUINARIAS, EQUIPOS Y MOBILIARIOS DE OTRAS INSTALACIONES",M,TRUPER,,DE ACERO MANUAL,ANARANJADO,,,,,,,,,,12/03/2023 09:09:35,,D,,
1396,2,31,675080890072,MEZCLADORA DE CONCRETO TIPO TROMPO,O/C Nª 30,29/05/2009,9790,1503.020999,"MAQUINARIAS, EQUIPOS Y MOBILIARIOS DE OTRAS INSTALACIONES",M,KOHLER,,,,,,,,,,,,,07/03/2023 01:25:06,,U,user user user,1
1397,2,31,675080890081,MEZCLADORA DE CONCRETO TIPO TROMPO,O/C Nª 28,26/02/2016,4600,1503.020999,"MAQUINARIAS, EQUIPOS Y MOBILIARIOS DE OTRAS INSTALACIONES",R,DYNAMIC HONDA,GX390-389-CM3,TROMPO,,15LX100263,,,,,,,,,07/03/2023 01:26:10,,U,user user user,1
1398,2,58,675080890090,MEZCLADORA DE CONCRETO TIPO TROMPO,O/C Nª 492,30/12/2016,4000,1503.020999,"MAQUINARIAS, EQUIPOS Y MOBILIARIOS DE OTRAS INSTALACIONES",M,DYNAMIC HONDA,SUI7OF,TROMPO,ANARANJADO,1604051036,,,,,,,,,17/03/2023 18:40:39,,D,KEVIN MIDGUAR ARCE TAIRO,3
1399,2,31,675080890091,MEZCLADORA DE CONCRETO TIPO TROMPO,O/C Nª 492,30/12/2016,4000,1503.020999,"MAQUINARIAS, EQUIPOS Y MOBILIARIOS DE OTRAS INSTALACIONES",R,DYNAMIC HONDA,SUI70F,TROMPO,,1604051037,,,,,,,,,07/03/2023 01:26:38,,U,user user user,1
1400,2,,46436500062,MIRA TOPOGRAFICA,O/C N°000391,27/10/2012,145.07,1503.020501,MOBILIARIO DE USO AGRICOLA Y PESQUERO,R,,,,PLOMO,,430,,,,,,,,,,U,,
1401,2,,46436500103,MIRA TOPOGRAFICA,O/C N°175,17/06/2016,373.82,1503.020501,MOBILIARIO DE USO AGRICOLA Y PESQUERO,R,LEYCA,ALUMINIO,,PLOMO,,5 MTS.,,,,,,,,,,U,,
1402,2,55,678268000027,MOTOCICLETA,O/C Nº 0000436,28/12/2021,16000,1503.0101,VEHICULOS PARA TRANSPORTE TERRESTRE,R,HERO,XPULSE 200,GASOLINA,BLANCO,,,EW-9818,MC20ABMGB01336,MBLLDL02XNGN00816,,2022,,,12/03/2023 09:09:46,,U,,
1403,2,,602264990018,NIVEL TOPOGRAFICO,O/C N°00216,22/07/2011,921.14,1503.020905,EQUIPOS E INSTRUMENTOS DE MEDICION,R,LEICA,NA724,,ROJO/PLOMO,5600575,,,,,,,,,,,U,,
1404,2,,673660360002,RETROEXCAVADORA,SANEAR,31/12/2021,1,1503.020999,"MAQUINARIAS, EQUIPOS Y MOBILIARIOS DE OTRAS INSTALACIONES",R,CATERPILLAR,420-E,,,C4E24447,,,,,,,,,,,U,,
1405,2,,675088500001,SIERRA CIRCULAR,O/C N° 00110,19/03/2021,420,1503.020999,"MAQUINARIAS, EQUIPOS Y MOBILIARIOS DE OTRAS INSTALACIONES",M,,,,,,,,,,,,,,21/03/2023 11:18:02,,U,DELIA RUTH QUISPE SONCCO,4
1406,2,55,746488310003,SILLON GIRATORIO (OTROS),O/C Nº 6-00127,30/09/2010,290,1503.020102,MOBILIARIO DE OFICINA,M,,,,NEGRO/AZUL,,,,,,,,,,12/03/2023 09:09:24,,U,,
1407,2,,602289320006,TEODOLITO ELECTRONICO,O/C Nº 000066,15/02/2013,3849.99,1503.020905,EQUIPOS E INSTRUMENTOS DE MEDICION,R,CTS BERGER,DGT2,,AMARILLO/PLOMO,127310,,,,,,,,,,,U,,
1408,2,,676478660005,TRIPODE METALICO,O/C Nº 000066,15/02/2013,2,1503.020102,MOBILIARIO DE OFICINA,R,CST/BERGER,,,NARANJA,,,,,,,,,,,,U,,
1409,2,,676478660008,TRIPODE METALICO,O/C Nº 00278,15/09/2011,727.77,1503.020102,MOBILIARIO DE OFICINA,R,LEICA,CTP,,,,,,,,,,,,,,U,,
1410,2,56,678250000016,CAMIONETA,O/C Nº 0-00113,13/08/2009,91000,1503.0101,VEHICULOS PARA TRANSPORTE TERRESTRE,R,NISSAN,NAVARA,EGO-443; PLACA7,PLATA TITANIO METALICO,,,EGO 443,YD25117643T,MNTCCUD4096002266,,.,,PARA MANTENIMIENTO,12/03/2023 11:19:11,,U,,
1411,2,58,672275420021,MOTOBOMBA,O/C N°000313,11/06/2013,3170,1503.020906,EQUIPOS PARA VEHICULOS,M,HONDA,GX 160T1,,BLANCO/ROJO/NEG,G300C1201392,,,,,,,,,17/03/2023 18:22:29,,U,KEVIN MIDGUAR ARCE TAIRO,3
1412,2,,678268000016,MOTOCICLETA,O/C N°000197,31/07/2012,11200,1503.0101,VEHICULOS PARA TRANSPORTE TERRESTRE,R,HONDA,XL-200,--,BLANCO,,,Z3-9941,,,,0,,,,,U,,
1413,2,,673678780001,TANQUE PARA ALMACENAMIENTO DE COMBUSTIBLE,O/C. Nº 459,18/12/2015,1,1503.020999,"MAQUINARIAS, EQUIPOS Y MOBILIARIOS DE OTRAS INSTALACIONES",R,,,,,,,,,,,,,,,,U,,
1414,2,37,462200500022,ACUMULADOR DE ENERGIA - EQUIPO DE UPS,O/C Nº 532,23/07/2013,56.57,1503.020904,ELECTRICIDAD Y ELECTRONICA,R,CDP,,6 ENTRADAS,NEGRO,130312-1020448,,,,,,,,,09/03/2023 10:29:18,,U,user user user,1
1415,2,,746403550002,ARCHIVADOR DE MELAMINA,O/C Nº 6-00127,30/09/2010,550,1503.020102,MOBILIARIO DE OFICINA,R,,2 PUERTAS,,CAFÉ,,0.30X1.00X1.80,,,,,,,,,,U,,
1416,2,37,746403890002,ARCHIVADOR DE METAL,O/C Nº 330,30/06/1995,350,1503.020102,MOBILIARIO DE OFICINA,R,,4 GAVETAS,,PLOMO/NEGRO,,0.47X0.64X1.33,,,,,,,RECODIFICAR MELAMINA,09/03/2023 09:57:42,,U,user user user,1
1417,2,47,746403890006,ARCHIVADOR DE METAL,SANEAR,31/12/2021,1,1503.020102,MOBILIARIO DE OFICINA,R,,4 GAVETAS,,PLOMO,,0.70X045X0.82,,,,,,,,09/03/2023 15:06:41,,U,KEVIN MIDGUAR ARCE TAIRO,3
1418,2,45,746405920005,ARMARIO DE MADERA,SANEAR,31/12/2021,1,1503.020102,MOBILIARIO DE OFICINA,R,,1 PUERTA,,CAFÉ,,0.39X0.59X1.38,,,,,,,,09/03/2023 11:53:34,,U,KEVIN MIDGUAR ARCE TAIRO,3
1419,2,45,746406600012,ARMARIO DE METAL,SANEAR,31/12/2021,1,1503.020102,MOBILIARIO DE OFICINA,R,,2 PUERTAS,,PLOMO/NEGRO,,0.40X0.88X1.80,,,,,,,,09/03/2023 11:53:40,,U,KEVIN MIDGUAR ARCE TAIRO,3
1420,2,,678250000022,CAMIONETA,O/C Nª 000368,19/06/2013,107450,1503.0101,VEHICULOS PARA TRANSPORTE TERRESTRE,R,TOYOTA,HILUX,EGM-001,DORADO METALICO,,,EGM-001,1KDA123400,MR0FZ22G5D1194161,,2013,,,,,U,,
1421,2,37,602233450002,DISTANCIOMETRO LASER,O/C Nª 373,24/11/2016,2599,1503.020905,EQUIPOS E INSTRUMENTOS DE MEDICION,R,BOSCH GLM,250,PODOMETRO LASE,AZUL,504250125,,,,,,,,,09/03/2023 15:23:31,,U,KEVIN MIDGUAR ARCE TAIRO,3
1422,2,37,742223580038,EQUIPO MULTIFUNCIONAL COPIADORA IMPRESORA SCANNER Y/O FAX,SANEAR,31/12/2021,1,1503.020101,MAQUINAS Y EQUIPOS DE OFICINA,B,EPSON,L6171,,NEGRO,,,,,,,,,,09/03/2023 10:21:20,,U,user user user,1
1423,2,45,746437120005,ESCRITORIO DE MADERA,O/C Nº  229,28/04/1995,210,1503.020102,MOBILIARIO DE OFICINA,R,,5 GAVETAS,,CEDRO,,0.75X1.57X0.76,,,,,,,,09/03/2023 11:53:10,,U,KEVIN MIDGUAR ARCE TAIRO,3
1424,2,47,746437120043,ESCRITORIO DE MADERA,SANEAR,31/12/2021,1,1503.020102,MOBILIARIO DE OFICINA,R,,,,,,,,,,,,,,09/03/2023 12:58:52,,U,KEVIN MIDGUAR ARCE TAIRO,3
1425,2,45,746437120054,ESCRITORIO DE MADERA,O/C Nº 266,8/09/2015,720,1503.020102,MOBILIARIO DE OFICINA,R,,3 GAVETAS,,AMARILLO,,0.76X1.30X0.80,,,,,,,,09/03/2023 11:46:34,,U,KEVIN MIDGUAR ARCE TAIRO,3
1426,2,37,746437450011,ESCRITORIO DE MELAMINA,O/C Nº 161,12/04/2013,500,1503.020102,MOBILIARIO DE OFICINA,R,,"FORMA ""L"" 6 GAV",,CAFÉ/NEGRO,,1.56X1.60X0.76,,,,,,,,09/03/2023 10:23:52,,U,user user user,1
1427,2,37,746437450012,ESCRITORIO DE MELAMINA,O/C Nº 161,12/04/2013,500,1503.020102,MOBILIARIO DE OFICINA,R,,"FORMA ""L"" 6 GAV",,CAFÉ/NEGRO,,1.17X1.56X0.76,,,,,,,,09/03/2023 10:05:15,,U,user user user,1
1428,2,37,746437450018,ESCRITORIO DE MELAMINA,O/C Nº 161,12/04/2013,280,1503.020102,MOBILIARIO DE OFICINA,R,,3 GAVETAS,,CAFÉ/NEGRO,,,,,,,,,,09/03/2023 10:21:09,,U,user user user,1
1429,2,37,746437450019,ESCRITORIO DE MELAMINA,O/C Nº 161,12/04/2013,280,1503.020102,MOBILIARIO DE OFICINA,R,,3 GAVETAS,,CAFÉ/NEGRO,,0.58X1.30X0.86,,,,,,,,09/03/2023 10:05:10,,U,user user user,1
1430,2,45,746437450026,ESCRITORIO DE MELAMINA,O/C Nº 30,4/03/2016,990,1503.020102,MOBILIARIO DE OFICINA,R,,GERENCIAL,,PLOMO/NEGRO,,0.58X1.50X0.75,,,,,,,,09/03/2023 11:49:15,,U,KEVIN MIDGUAR ARCE TAIRO,3
1431,2,45,746437790012,ESCRITORIO DE METAL,SANEAR,31/12/2021,1,1503.020102,MOBILIARIO DE OFICINA,M,,4 GAVETAS,,PLOMO/NEGRO,,0.75X1.20X0.75,,,,,,,,09/03/2023 12:07:46,,U,KEVIN MIDGUAR ARCE TAIRO,3
1432,2,45,746437790015,ESCRITORIO DE METAL,SANEAR,31/12/2021,1,1503.020102,MOBILIARIO DE OFICINA,R,,7 GAVETAS,,MARRON,,0.75X1.60X0.78,,,,,,,,09/03/2023 11:14:28,,U,KEVIN MIDGUAR ARCE TAIRO,3
1433,2,47,746437790029,ESCRITORIO DE METAL,SANEAR,31/12/2021,1,1503.020102,MOBILIARIO DE OFICINA,R,,,,PLOMO,,,,,,,,,,09/03/2023 14:58:25,,U,KEVIN MIDGUAR ARCE TAIRO,3
1434,2,45,746437790049,ESCRITORIO DE METAL,SANEAR,31/12/2021,1,1503.020102,MOBILIARIO DE OFICINA,R,,4 GAVETAS,,PLOM/CAFÉ,,0.75X1.55X0.76,,,,,,,,09/03/2023 11:51:50,,U,KEVIN MIDGUAR ARCE TAIRO,3
1435,2,45,462252150005,ESTABILIZADOR,O/C Nº 122,30/05/1994,335.94,1503.020905,EQUIPOS E INSTRUMENTOS DE MEDICION,R,BELTRON,,,ROJO,,,,,,,,,,09/03/2023 11:28:20,,U,KEVIN MIDGUAR ARCE TAIRO,3
1436,2,37,462252150010,ESTABILIZADOR,SANEAR,31/12/2021,1,1503.020904,ELECTRICIDAD Y ELECTRONICA,R,STABYTRON,,4 ENTRADAS,BLANCO,,,,,,,,,,09/03/2023 10:07:37,,U,user user user,1
1437,2,,462252150019,ESTABILIZADOR,SANEAR,31/12/2021,1,1503.020904,ELECTRICIDAD Y ELECTRONICA,R,CAP,,,NEGRO,,,,,,,,,,,,U,,
1438,2,45,462252150025,ESTABILIZADOR,O/C Nº 71,7/08/2007,33.79,1503.020904,ELECTRICIDAD Y ELECTRONICA,R,LALI POWER,FP102,,NEGRO/BLANCO,,,,,,,,,,09/03/2023 12:24:41,,U,KEVIN MIDGUAR ARCE TAIRO,3
1439,2,,462252150091,ESTABILIZADOR,O/C Nº 374,30/12/2003,44.5,1503.020904,ELECTRICIDAD Y ELECTRONICA,R,APC,R - 600,4 ENTRADAS,PLOMO,5L0843T27665,,,,,,,,,,,U,,
1440,2,37,462252150104,ESTABILIZADOR,SANEAR,31/12/2021,1,1503.020904,ELECTRICIDAD Y ELECTRONICA,M,HANSLYDER,SVC-1500W,3 ENTRADAS,MARRON/BLANCO,,,,,,,,,,09/03/2023 15:32:40,,U,KEVIN MIDGUAR ARCE TAIRO,3
1441,2,45,746440330002,ESTANTE ARCHIVADOR DE MELAMINA,O/C Nº 283,23/09/2015,730,1503.020102,MOBILIARIO DE OFICINA,R,,ARMARIO,,CAOBA/NEGRO,,0.36X0.90X1.92,,,,,,,,09/03/2023 11:35:09,,U,KEVIN MIDGUAR ARCE TAIRO,3
1442,2,47,746441180021,ESTANTE DE MADERA,SANEAR,31/12/2021,1,1503.020102,MOBILIARIO DE OFICINA,R,,3 NIVELES,,CAFÉ,,,,,,,,,,09/03/2023 13:09:09,,U,KEVIN MIDGUAR ARCE TAIRO,3
1443,2,47,746441180026,ESTANTE DE MADERA,SANEAR,31/12/2021,1,1503.020102,MOBILIARIO DE OFICINA,M,,3 DIVISIONES,,MARRON,,,,,,,,,,09/03/2023 12:55:28,,U,KEVIN MIDGUAR ARCE TAIRO,3
1444,2,37,746441520001,ESTANTE DE MELAMINA,O/C Nº 30,15/03/2012,495,1503.020102,MOBILIARIO DE OFICINA,R,,6 NIVELES,,CAFÉ/NEGRO,,0.35X0.90X1.90,,,,,,,,09/03/2023 09:48:54,,U,user user user,1
1445,2,45,746441520008,ESTANTE DE MELAMINA,O/C Nº 30,4/03/2016,950,1503.020102,MOBILIARIO DE OFICINA,R,,5 NIVELES,2 GAVETAS,CAFÉ/NEGRO,,2.00X1.2.X0.30,,,,,,,,09/03/2023 11:37:19,,U,KEVIN MIDGUAR ARCE TAIRO,3
1446,2,47,746441860034,ESTANTE DE METAL,SANEAR,31/12/2021,1,1503.020102,MOBILIARIO DE OFICINA,R,,5 NIV RANURADO,,PLOMO,,1 DIVISION,,,,,,,ELIMINAR,09/03/2023 12:56:53,,U,KEVIN MIDGUAR ARCE TAIRO,3
1447,2,37,746441860037,ESTANTE DE METAL,SANEAR,31/12/2021,1,1503.020102,MOBILIARIO DE OFICINA,R,,6 NIV RANURADO,,BLANCO,,,,,,,,,ELIMINAR,09/03/2023 10:33:02,,U,user user user,1
1448,2,47,746441860047,ESTANTE DE METAL,SANEAR,31/12/2021,1,1503.020102,MOBILIARIO DE OFICINA,R,,5 NIV RANURADO,,PLOMO,,,,,,,,,ELIMINAR,09/03/2023 12:58:06,,U,KEVIN MIDGUAR ARCE TAIRO,3
1449,2,47,746441860048,ESTANTE DE METAL,SANEAR,31/12/2021,1,1503.020102,MOBILIARIO DE OFICINA,R,,5 NIVELES,,PLOMO,,,,,,,,,,09/03/2023 13:10:49,,U,KEVIN MIDGUAR ARCE TAIRO,3
1450,2,47,746441860049,ESTANTE DE METAL,SANEAR,31/12/2021,1,1503.020102,MOBILIARIO DE OFICINA,R,,5 NIVELES,,PLOMO,,,,,,,,,,09/03/2023 13:11:04,,U,KEVIN MIDGUAR ARCE TAIRO,3
1451,2,,742227260005,FOTOCOPIADORA EN GENERAL,SANEAR,31/12/2021,1,1503.020101,MAQUINAS Y EQUIPOS DE OFICINA,M,MITA ENERGY,AI 3010,,BEIGE/BLANCO,,,,,,,,,,,,U,,
1452,2,37,742227260012,FOTOCOPIADORA EN GENERAL,O/C Nº 259,21/09/2016,4950,1503.020101,MAQUINAS Y EQUIPOS DE OFICINA,R,KONICA MINOLTA,BIZ HUB 552,,BLANCO/PLOMO,A2WV011001824,,,,,,,,MALOGRADO,09/03/2023 12:43:14,,U,KEVIN MIDGUAR ARCE TAIRO,3
1453,2,37,742229930004,GUILLOTINA,SANEAR,31/12/2021,1,1503.020101,MAQUINAS Y EQUIPOS DE OFICINA,M,WARRIOR,SINCE,1980-WARRIOR,PLOMO/BLANCO,,,,,,,,,,09/03/2023 09:57:32,,U,user user user,1
1454,2,30,740832000038,IMPRESORA (OTRAS),O/C Nª 000355,13/10/2011,664,1503.020301,EQUIPOS COMPUTACIONALES Y PERIFERICOS,R,HP,LASERJET PRO,CP 1025NW,BLANCO/NEGRO,BRBFC7D25Y,,,,,,,,,09/03/2023 18:13:44,,U,KEVIN MIDGUAR ARCE TAIRO,3
1455,2,37,740832000052,IMPRESORA (OTRAS),O/C Nª 000833,22/11/2013,1501.62,1503.020301,EQUIPOS COMPUTACIONALES Y PERIFERICOS,R,HP,LASERJET MFP,MULTIFUNCIONAL,NEGRO,CNF8F8P2B5,,,,,,,,,09/03/2023 10:05:04,,U,user user user,1
1456,2,37,740832000077,IMPRESORA (OTRAS),SANEAR,31/12/2021,1,1503.020301,EQUIPOS COMPUTACIONALES Y PERIFERICOS,R,HP,LASERJET P1102W,CE657A,NEGRO,BRBSB4WG50,,,,,,,,BAJA,09/03/2023 10:32:48,,U,user user user,1
1457,2,35,740832000079,IMPRESORA (OTRAS),O/C Nª 65,8/04/2016,690,1503.020301,EQUIPOS COMPUTACIONALES Y PERIFERICOS,M,EPSON,L220,MULTIFUNCIONAL,NEGRO,VGQK117651,,,,,,,,RAEE-BAJA,10/03/2023 11:22:15,,U,KEVIN MIDGUAR ARCE TAIRO,3
1458,2,,740832000086,IMPRESORA (OTRAS),O/C Nº 87,25/07/2019,1241.55,1503.020301,EQUIPOS COMPUTACIONALES Y PERIFERICOS,R,EPSON,ECOTANK L6171,INYECCION DE TA,NEGRO,X4ET009605,,,,,,,,,,,U,,
1459,2,45,740850000001,IMPRESORA PARA PLANOS - PLOTTERS,O/C Nª 70,7/06/2007,12314,1503.020301,EQUIPOS COMPUTACIONALES Y PERIFERICOS,M,HP,DESINGJET 500-2,,PLOMO/BLANCO,SG66TD1004,,,,,,,,,09/03/2023 11:23:09,,U,KEVIN MIDGUAR ARCE TAIRO,3
1460,2,47,740850000007,IMPRESORA PARA PLANOS - PLOTTERS,O/C Nº 504,30/12/2016,15426.5,1503.020301,EQUIPOS COMPUTACIONALES Y PERIFERICOS,R,CANON,IPF770,PLOTTER,BLANCO,BACG2144,,,,,,,,,09/03/2023 12:58:34,,U,KEVIN MIDGUAR ARCE TAIRO,3
1461,2,47,746454580001,MESITA DE MADERA,SANEAR,31/12/2021,1,1503.020102,MOBILIARIO DE OFICINA,M,,,,CAFÉ,,0.40X0.52X1.12,,,,,,,,09/03/2023 13:04:55,,U,KEVIN MIDGUAR ARCE TAIRO,3
1462,2,3,746456780003,MESITA DE METAL PARA MAQUINA DE ESCRIBIR,SANEAR,31/12/2021,1,1503.020102,MOBILIARIO DE OFICINA,R,3,,,PLOMO,,0.45X0.84X0.68,,,,,,,,07/03/2023 02:12:51,,U,user user user,1
1463,2,37,746458140002,MESITA DE METAL PARA TELEFONO,SANEAR,31/12/2021,1,1503.020102,MOBILIARIO DE OFICINA,R,,5 GAVETAS,,PLOMO,,0.30X0.50X0.77,,,,,,,,09/03/2023 10:20:47,,U,user user user,1
1464,2,47,746460170019,MODULO DE MADERA,SANEAR,31/12/2021,1,1503.020102,MOBILIARIO DE OFICINA,M,,2 NIVELES,,MARRON,,0.60X1.35X0.75,,,,,,,,09/03/2023 13:06:49,,U,KEVIN MIDGUAR ARCE TAIRO,3
1465,2,45,746460850013,MODULO DE MADERA PARA MICROCOMPUTADORA,SANEAR,31/12/2021,1,1503.020102,MOBILIARIO DE OFICINA,M,,,,,,,,,,,,,,09/03/2023 11:30:19,,U,KEVIN MIDGUAR ARCE TAIRO,3
1466,2,37,952258120023,MONITOR (OTROS),SANEAR,31/12/2021,1,1503.020303,EQUIPOS DE TELECOMUNICACIONES,R,SAMSUNG,LS20CMZKSVA,20´´,NEGRO,,,,,,,,,,09/03/2023 10:21:59,,U,user user user,1
1467,2,45,952258120027,MONITOR (OTROS),O/C N°8-00106,23/04/2010,662.23,1503.020303,EQUIPOS DE TELECOMUNICACIONES,M,HYUNDAI,V96W,PLASMA LCD,NEGRO,V960WDSR9B00588,,,,,,,,,09/03/2023 11:25:16,,U,KEVIN MIDGUAR ARCE TAIRO,3
1468,2,37,952258120046,MONITOR (OTROS),SANEAR,31/12/2021,1,1503.020303,EQUIPOS DE TELECOMUNICACIONES,R,SAMSUNG,LS200300NS,52B300N,NEGRO,68OYZVP7H4LC700,,,,,,,,,09/03/2023 10:02:45,,U,user user user,1
1469,2,37,952258120053,MONITOR (OTROS),O/C N°000532,23/07/2013,754.32,1503.020303,EQUIPOS DE TELECOMUNICACIONES,R,LG,22EA53VA,"""",NEGRO,303NDZJ5D579,,,,,,,,,09/03/2023 09:58:38,,U,user user user,1
1470,2,37,952258120073,MONITOR (OTROS),SANEAR,31/12/2021,1,1503.020303,EQUIPOS DE TELECOMUNICACIONES,R,SAMGUNG,S22F350FHL,SF350,NEGRO,ZSXH4ZH800568L,,,,,,,,,09/03/2023 10:23:37,,U,user user user,1
1471,2,45,740882240014,MOUSE INALAMBRICO,SANEAR,31/12/2021,1,1503.020301,EQUIPOS COMPUTACIONALES Y PERIFERICOS,M,,,CABLEADO,,,,,,,,,,ELIMINAR,09/03/2023 15:22:07,,U,KEVIN MIDGUAR ARCE TAIRO,3
1472,2,37,952260580034,PARLANTES EN GENERAL (MAYOR A 1/8 UIT),O/C Nº 000352,13/10/2011,40.32,1503.020303,EQUIPOS DE TELECOMUNICACIONES,R,GENIUS,,90903006546,NEGRO,ZF113B001811,,,,,,,,RECODIFICAR,09/03/2023 15:27:52,,U,KEVIN MIDGUAR ARCE TAIRO,3
1473,2,37,952260580043,PARLANTES EN GENERAL (MAYOR A 1/8 UIT),O/C Nº 000352,4/12/2012,180,1503.020303,EQUIPOS DE TELECOMUNICACIONES,R,MICRONICS,,,NEGRO,22995402T0501,,,,,,,,ELIMINAR,09/03/2023 15:29:35,,U,KEVIN MIDGUAR ARCE TAIRO,3
1474,2,,746473050011,PIZARRA ACRILICA,SANEAR,31/12/2021,1,1503.020102,MOBILIARIO DE OFICINA,M,,,,BLANCO,,0.82X1.20,,,,,,,,,,U,,
1475,2,45,746473050014,PIZARRA ACRILICA,SANEAR,31/12/2021,1,1503.020102,MOBILIARIO DE OFICINA,R,,,,BLANCO,,0.80X1.20,,,,,,,,09/03/2023 12:23:32,,U,KEVIN MIDGUAR ARCE TAIRO,3
1476,2,,746473050015,PIZARRA ACRILICA,SANEAR,31/12/2021,1,1503.020102,MOBILIARIO DE OFICINA,M,,,,BLANCO,,0.82X1.22,,,,,,,,,,U,,
1477,2,47,746481190018,SILLA FIJA DE MADERA,SANEAR,31/12/2021,1,1503.020102,MOBILIARIO DE OFICINA,R,,,,NARANJA,,0.43X0.43X0.83,,,,,,,,09/03/2023 13:09:47,,U,KEVIN MIDGUAR ARCE TAIRO,3
1478,2,37,746481190020,SILLA FIJA DE MADERA,SANEAR,31/12/2021,1,1503.020102,MOBILIARIO DE OFICINA,R,,,,CAFÉ,,0.43X0.42X0.95,,,,,,,,09/03/2023 10:05:12,,U,user user user,1
1479,2,47,746481190026,SILLA FIJA DE MADERA,SANEAR,31/12/2021,1,1503.020102,MOBILIARIO DE OFICINA,M,,,,MARRON,,0.43X0.43X0.83,,,,,,,,09/03/2023 13:07:08,,U,KEVIN MIDGUAR ARCE TAIRO,3
1480,2,47,746481190042,SILLA FIJA DE MADERA,O/C Nº 000295,6/11/2012,94.5,1503.020102,MOBILIARIO DE OFICINA,M,,,,CAFÉ,,0.43X0.45X0.85,,,,,,,,09/03/2023 15:09:38,,U,KEVIN MIDGUAR ARCE TAIRO,3
1481,2,,746481190046,SILLA FIJA DE MADERA,O/C Nº 000295,6/11/2012,94.5,1503.020102,MOBILIARIO DE OFICINA,R,,,,CAFÉ,,0.42X0.42X0.85,,,,,,,,,,U,,
1482,2,31,746481190126,SILLA FIJA DE MADERA,O/C Nº 8-00215,16/04/2010,80,1503.020102,MOBILIARIO DE OFICINA,R,,,,CAFÉ,,,,,,,,,,07/03/2023 02:19:41,,U,user user user,1
1483,2,37,746481190128,SILLA FIJA DE MADERA,O/C Nº 8-00215,28/06/2010,90,1503.020102,MOBILIARIO DE OFICINA,R,,,,CAFÉ,,,,,,,,,,09/03/2023 10:25:37,,U,user user user,1
1484,2,,746481190130,SILLA FIJA DE MADERA,O/C Nº 8-00215,28/06/2010,90,1503.020102,MOBILIARIO DE OFICINA,R,,,,CAFÉ,,0.45X0.46X0.86,,,,,,,,,,U,,
1485,2,,746481870014,SILLA FIJA DE METAL,SANEAR,31/12/2021,1,1503.020102,MOBILIARIO DE OFICINA,R,,,,NEGRO,,,,,,,,,,,,U,,
1486,2,45,746481870079,SILLA FIJA DE METAL,SANEAR,31/12/2021,1,1503.020102,MOBILIARIO DE OFICINA,R,,,,CAFÉ,,,,,,,,,,09/03/2023 12:08:36,,U,KEVIN MIDGUAR ARCE TAIRO,3
1487,2,45,746481870080,SILLA FIJA DE METAL,SANEAR,31/12/2021,1,1503.020102,MOBILIARIO DE OFICINA,R,,,,NEGRO,,,,,,,,,,09/03/2023 11:51:12,,U,KEVIN MIDGUAR ARCE TAIRO,3
1488,2,47,746481870098,SILLA FIJA DE METAL,SANEAR,31/12/2021,1,1503.020102,MOBILIARIO DE OFICINA,M,,,,MARRON,,,,,,,,,,09/03/2023 13:07:31,,U,KEVIN MIDGUAR ARCE TAIRO,3
1489,2,47,746482550009,SILLA FIJA DE OTRO MATERIAL,SANEAR,31/12/2021,1,1503.020102,MOBILIARIO DE OFICINA,R,,PLASTICO,,BLANCO,,,,,,,,,,09/03/2023 15:09:02,,U,KEVIN MIDGUAR ARCE TAIRO,3
1490,2,47,746482550016,SILLA FIJA DE OTRO MATERIAL,SANEAR,31/12/2021,1,1503.020102,MOBILIARIO DE OFICINA,R,,,,CELESTE,,,,,,,,,,09/03/2023 12:57:08,,U,KEVIN MIDGUAR ARCE TAIRO,3
1491,2,,746483900066,SILLA GIRATORIA DE METAL,O/C Nº 000047,7/02/2013,200,1503.020102,MOBILIARIO DE OFICINA,R,,,,NEGRO,,0.60X0.50X0.95,,,,,,,,,,U,,
1492,2,,746483900067,SILLA GIRATORIA DE METAL,O/C Nº 000047,7/02/2013,200,1503.020102,MOBILIARIO DE OFICINA,R,,,,CAFÉ,,0.55X0.60X1.20,,,,,,,,,,U,,
1493,2,,746483900109,SILLA GIRATORIA DE METAL,O/C Nº 000520,24/07/2013,280,1503.020102,MOBILIARIO DE OFICINA,R,,,,NEGRO,,0.44X0.61X0.98,,,,,,,,,,U,,
1494,2,47,746483900112,SILLA GIRATORIA DE METAL,O/C Nº 000161,12/04/2013,220,1503.020102,MOBILIARIO DE OFICINA,M,,,,NEGRO,,,,,,,,,,09/03/2023 13:09:15,,U,KEVIN MIDGUAR ARCE TAIRO,3
1495,2,,746483900116,SILLA GIRATORIA DE METAL,O/C Nº 000346,13/06/2013,220,1503.020102,MOBILIARIO DE OFICINA,R,,,,NEGRO,,,,,,,,,,,,U,,
1496,2,45,746485260003,SILLA PLEGABLE DE METAL,SANEAR,31/12/2021,1,1503.020102,MOBILIARIO DE OFICINA,R,ZTKETO ZK-INDIA,,,ROJO,,,,,,,,,,09/03/2023 11:45:57,,U,KEVIN MIDGUAR ARCE TAIRO,3
1497,2,45,746485260004,SILLA PLEGABLE DE METAL,SANEAR,31/12/2021,1,1503.020102,MOBILIARIO DE OFICINA,R,,,,ROJO,,,,,,,,,,09/03/2023 11:26:42,,U,KEVIN MIDGUAR ARCE TAIRO,3
1498,2,37,746489330015,SILLON GIRATORIO DE METAL,O/C Nº 266,8/09/2015,498,1503.020102,MOBILIARIO DE OFICINA,B,,RECLINABLE,,NEGRO,,0.62X0.65X1.14,,,,,,,,09/03/2023 10:29:34,,U,user user user,1
1499,2,45,746489330018,SILLON GIRATORIO DE METAL,O/C Nº 266,8/09/2015,498,1503.020102,MOBILIARIO DE OFICINA,M,,,,NEGRO,,0.50X0.46X0.95,,,,,,,,09/03/2023 11:47:36,,U,KEVIN MIDGUAR ARCE TAIRO,3
1500,2,45,740895000103,TECLADO - KEYBOARD,SANEAR,9/11/2012,57.76,1503.020301,EQUIPOS COMPUTACIONALES Y PERIFERICOS,R,GENIUS,K639,,NEGRO,,,,,,,,,,09/03/2023 11:15:02,,U,KEVIN MIDGUAR ARCE TAIRO,3
1501,2,37,740895000107,TECLADO - KEYBOARD,O/C Nº 000175,19/04/2013,54.9,1503.020301,EQUIPOS COMPUTACIONALES Y PERIFERICOS,R,GENIUS,,,NEGRO,ZEC293002878,,,,,,,,,09/03/2023 09:58:19,,U,user user user,1
1502,2,37,740895000115,TECLADO - KEYBOARD,O/C Nº 000532,23/07/2013,47.14,1503.020301,EQUIPOS COMPUTACIONALES Y PERIFERICOS,R,CYBERTEL,CYB K201,,NEGRO,,,,,,,,,,09/03/2023 10:05:17,,U,user user user,1
1503,2,45,740895000189,TECLADO - KEYBOARD,SANEAR,31/12/2021,1,1503.020301,EQUIPOS COMPUTACIONALES Y PERIFERICOS,M,DATAONE,DAT425C,,NEGRO,,,,,,,,,,09/03/2023 11:23:56,,U,KEVIN MIDGUAR ARCE TAIRO,3
1504,2,37,740895000199,TECLADO - KEYBOARD,SANEAR,31/12/2021,1,1503.020301,EQUIPOS COMPUTACIONALES Y PERIFERICOS,R,DATAONE,DAT-425C,,NEGRO,,,,,,,,,,09/03/2023 10:22:15,,U,user user user,1
1505,2,37,462299500013,TRANSFORMADOR (MAYOR A 1/8 UIT),VERIFICAR,31/12/2021,1,1503.020904,ELECTRICIDAD Y ELECTRONICA,M,,,,BLANCO,,,,,,,,,RECODIFICAR,09/03/2023 10:04:15,,U,user user user,1
1506,2,35,740899500068,UNIDAD CENTRAL DE PROCESO - CPU,SANEAR,31/12/2021,1,1503.020301,EQUIPOS COMPUTACIONALES Y PERIFERICOS,R,ALTRON,,,PLOMO/NEGRO,,,,,,,,,,10/03/2023 10:50:19,,U,,
1507,2,37,740899500095,UNIDAD CENTRAL DE PROCESO - CPU,O/C Nº 000301,9/11/2012,3339,1503.020301,EQUIPOS COMPUTACIONALES Y PERIFERICOS,R,INTEL THERMALTE,CORE I7,,NEGRO,WE27920C6853,,,,,,,,,09/03/2023 09:51:16,,U,user user user,1
1508,2,37,740899500108,UNIDAD CENTRAL DE PROCESO - CPU,O/C Nº 000532,23/07/2013,2247.25,1503.020301,EQUIPOS COMPUTACIONALES Y PERIFERICOS,R,INTEL,CORE I7,,NEGRO,,,,,,,,,,09/03/2023 10:02:58,,U,user user user,1
1509,2,37,740899500147,UNIDAD CENTRAL DE PROCESO - CPU,O/C Nº 495,30/12/2016,3650,1503.020301,EQUIPOS COMPUTACIONALES Y PERIFERICOS,R,HALION,I 7,6700,NEGRO,,,,,,,,,,09/03/2023 10:22:37,,U,user user user,1
1510,2,37,670491990001,VEHICULO AEREO NO TRIPULADO - DRONE,O/C Nº 496,30/12/2016,9000,1503.0102,VEHICULOS PARA TRANSPORTE AEREO,M,PHANTOM,GL 300F,WM331A,,0AXDDBF-0A20637,,,,,,,,,09/03/2023 09:49:08,,U,user user user,1
1511,2,,746498140001,VITRINA DE MADERA,SANEAR,31/12/2021,1,1503.020102,MOBILIARIO DE OFICINA,R,,,,AMARILLO,,0.20X0.80X0.95,,,,,,,,,,U,,
1512,37,,602230480004,DETERMINADOR DE DENSIDAD,O/C Nª 000650,5/09/2013,595,1503.020905,EQUIPOS E INSTRUMENTOS DE MEDICION,R,FORNEY,EB-30,,PLOMO/BLANCO,101,,,,,,,,,,,U,,
1513,37,28,602231050002,DETERMINADOR DE HUMEDAD,O/C Nª 000527,23/07/2013,8300,1503.020905,EQUIPOS E INSTRUMENTOS DE MEDICION,R,BAUKER,SPEEDY,SPEEDY 20G,PLOMO,331,,,,,,,,,10/03/2023 15:00:01,,U,KEVIN MIDGUAR ARCE TAIRO,3
1514,37,51,740832000043,IMPRESORA (OTRAS),O/C Nª 000359,5/12/2012,659,1503.020301,EQUIPOS COMPUTACIONALES Y PERIFERICOS,R,EPSON,L350,MULTIFUNCIONAL,NEGRO,Q8DK000707,,,,,,,,,13/03/2023 17:10:00,,U,,
1515,37,32,675080890048,MEZCLADORA DE CONCRETO TIPO TROMPO,O/C Nª 000110,29/05/2012,6593,1503.020999,"MAQUINARIAS, EQUIPOS Y MOBILIARIOS DE OTRAS INSTALACIONES",R,DYNAMIC KOHLER,DYNAMIC KOH MD2,,,M11-368-12/426900299,,,,,,,,,07/03/2023 01:24:22,,U,user user user,1
1516,37,51,46436500091,MIRA TOPOGRAFICA,O/C N°000424,5/07/2013,138,1503.020501,MOBILIARIO DE USO AGRICOLA Y PESQUERO,R,,,,BLANCO/ROJO,,,,,,,,,,13/03/2023 16:36:58,,U,,
1517,37,51,678268000024,MOTOCICLETA,O/C N°00182,27/12/2017,4800,1503.0101,VEHICULOS PARA TRANSPORTE TERRESTRE,R,RONCO,X - PLORER 2005,,NEGRO/BLANCO,,,,163FML8H700347,LY4CMLE8H0A41552,,2017,,,13/03/2023 19:48:34,,U,,
1518,37,58,462261830008,GENERADOR (OTROS),O/C Nº 240,21/05/2013,6400,1503.020904,ELECTRICIDAD Y ELECTRONICA,R,HONDA,EG6500CXS,,ROJO/NEGRO,GCAFH-0261554,,,,,,,,,14/03/2023 09:30:23,,U,,
1519,37,46,740832000088,IMPRESORA (OTRAS),O/C Nº 0000451,29/12/2021,1350,1503.020301,EQUIPOS COMPUTACIONALES Y PERIFERICOS,B,EPSON,C634F,L4260,NEGRO,XAEY060641,,,,,,,,OBRA VILQUECHICO,09/03/2023 12:21:32,,U,KEVIN MIDGUAR ARCE TAIRO,3
1520,37,,740841000033,IMPRESORA LASER,O/C Nº 0000451,29/12/2021,1350,1503.020301,EQUIPOS COMPUTACIONALES Y PERIFERICOS,N,KYOCERA,ECOSYS,MONOCROMATICA,BLANCO,MEMORIA: 1024 MB,,,,,,,,,,,U,,
1521,37,58,678268000023,MOTOCICLETA,O/C N°00182,27/12/2017,4800,1503.0101,VEHICULOS PARA TRANSPORTE TERRESTRE,R,RONCO,X - PLORER 2005,,ROJO/BLANCO,,,,163FML8H700310,LY4YCMLEGHOA41615,,2017,,,14/03/2023 09:34:34,,U,,
1522,37,58,678268000028,MOTOCICLETA,O/C Nº 0000436,28/12/2021,16000,1503.0101,VEHICULOS PARA TRANSPORTE TERRESTRE,R,HERO,XPULSE 200,GASOLINA,BLANCO,,,EW-9819,MC20ABLGM00639,MBLLDL020MGZ01239,,2022,,,14/03/2023 09:32:06,,U,,
1523,37,,602255370005,MEDIDOR (OTROS),SANEAR,31/12/2021,1,1503.020905,EQUIPOS E INSTRUMENTOS DE MEDICION,M,HIWEIGH,315-X8,MEDIDOR DIGITAL,,221315,,,,,,,,,,,U,,
1524,37,,952231860012,EQUIPO DE POSICIONAMIENTO - GPS,O/C Nº 346,18/11/2015,3150,1503.020303,EQUIPOS DE TELECOMUNICACIONES,B,GARMIN,MONTERRA,NAVEGADOR,NEGRO,2TG024568,,,,,,,,,,,U,,
1525,37,47,746437120053,ESCRITORIO DE MADERA,SANEAR,31/12/2021,1,1503.020102,MOBILIARIO DE OFICINA,M,,3 GAVETAS,,,,,,,,,,,,09/03/2023 14:57:00,,U,KEVIN MIDGUAR ARCE TAIRO,3
1526,37,47,746494080006,TABURETE FIJO DE MADERA,SANEAR,31/12/2021,1,1503.020102,MOBILIARIO DE OFICINA,R,,,,MADERA,,0.29X0.30X0.64,,,,,,,,09/03/2023 12:54:39,,U,KEVIN MIDGUAR ARCE TAIRO,3
1527,37,57,678202750002,AUTOHORMIGONERA,O/C Nº 464,27/12/2012,219000,1503.0101,VEHICULOS PARA TRANSPORTE TERRESTRE,R,AUSA,X1100RH,KARMIX,NARANJA,,,0,0,54268745/223113,,0,,PARA MANTENIMIENTO,15/03/2023 20:01:11,,U,KEVIN MIDGUAR ARCE TAIRO,3
1528,37,57,673616620013,COMPACTADOR VIBRATORIO TIPO PLANCHA,O/C Nª 8-00145,30/04/2010,4545,1503.020999,"MAQUINARIAS, EQUIPOS Y MOBILIARIOS DE OTRAS INSTALACIONES",R,DYNAMIC KOHLER,DYNAMIC,MAGNUM 8,NARANJA,PC-453-10,,,,,,,,PARA MANTENIMIENTO,13/03/2023 09:34:31,,U,,
1529,37,57,462261830022,GENERADOR (OTROS),O/C Nº 00192,14/05/2021,7900,1503.020904,ELECTRICIDAD Y ELECTRONICA,R,HONDA,EG-5000X,,ROJO/NEGRO,20T24,,,,,,,,,13/03/2023 09:36:46,,U,,
1530,37,55,672275090003,MARTILLO DEMOLEDOR ELECTRICO,O/C Nª 113,17/04/2020,7800,1503.020906,EQUIPOS PARA VEHICULOS,R,BOSCH,GSH-27VC,,VERDE/PLOMO,3611C0A0E0902000203,,,,,,,,,15/03/2023 18:15:35,,U,KEVIN MIDGUAR ARCE TAIRO,3
1531,37,57,675080890051,MEZCLADORA DE CONCRETO TIPO TROMPO,O/C Nª 000110,29/05/2012,6593,1503.020999,"MAQUINARIAS, EQUIPOS Y MOBILIARIOS DE OTRAS INSTALACIONES",R,DYNAMIC KOHLER,MDCP/M12,AMARILLO,AMARILLO,M11-551-12/420690039,,,,,,,,,13/03/2023 10:40:31,,U,,
1532,37,31,675080890079,MEZCLADORA DE CONCRETO TIPO TROMPO,O/C Nª 28,26/02/2016,4600,1503.020999,"MAQUINARIAS, EQUIPOS Y MOBILIARIOS DE OTRAS INSTALACIONES",M,,,,,,,,,,,,,,07/03/2023 01:25:42,,U,user user user,1
1533,37,57,46436500049,MIRA TOPOGRAFICA,O/C N°0043,20/04/2011,2674.86,1503.020501,MOBILIARIO DE USO AGRICOLA Y PESQUERO,R,KOLIDA,AGR5,,PLOMO,,,,,,,,,,13/03/2023 09:43:40,,U,,
1534,37,57,678268000019,MOTOCICLETA,SANEAR,31/12/2021,1,1503.0101,VEHICULOS PARA TRANSPORTE TERRESTRE,R,HONDA,XR-150,,BLANCO,,,,,0LTMKD0790FS1041790,,0,,,18/03/2023 12:37:45,,U,DELIA RUTH QUISPE SONCCO,4
1535,37,57,602264990032,NIVEL TOPOGRAFICO,O/C N°312,10/06/2013,933,1503.020905,EQUIPOS E INSTRUMENTOS DE MEDICION,R,LEICA,NA728,,ROJO,5653120,,,,,,,,EN CAJA ANARANJADA,13/03/2023 09:55:50,,U,,
1536,37,48,602273050025,PRISMA CIRCULAR,O/C Nº 377,23/11/2015,520,1503.020905,EQUIPOS E INSTRUMENTOS DE MEDICION,R,LEICA,GPR 111,,ROJO,16180902,,,,,,,,,10/03/2023 18:10:37,,U,,
1537,37,57,602289320009,TEODOLITO ELECTRONICO,O/C Nº 000424,5/07/2013,3435,1503.020905,EQUIPOS E INSTRUMENTOS DE MEDICION,R,CTS BERGER,,,AMARILLO,,,,,,,,,,13/03/2023 09:54:27,,U,,
1538,37,57,676478660011,TRIPODE METALICO,O/C Nº 3-00048,22/07/2009,1074.83,1503.020102,MOBILIARIO DE OFICINA,R,,,,PLOMO/AMARILLO,,,,,,,,,,15/03/2023 18:53:41,,U,KEVIN MIDGUAR ARCE TAIRO,3
1539,37,47,746440330003,ESTANTE ARCHIVADOR DE MELAMINA,O/C Nº 283,23/09/2015,730,1503.020102,MOBILIARIO DE OFICINA,R,,5 NIVELES,,MADERA/NEGRO,,,,,,,,,,09/03/2023 12:48:10,,U,KEVIN MIDGUAR ARCE TAIRO,3
1540,37,47,740832000090,IMPRESORA (OTRAS),O/C Nº 0000112,22/02/2022,1250,1503.020301,EQUIPOS COMPUTACIONALES Y PERIFERICOS,N,EPSON,C634F,L4260,NEGRO,XAEY011607,,,,,,,,,09/03/2023 12:57:43,,U,KEVIN MIDGUAR ARCE TAIRO,3
1541,37,35,740832000091,IMPRESORA (OTRAS),O/C Nº 0000112,22/02/2022,1250,1503.020301,EQUIPOS COMPUTACIONALES Y PERIFERICOS,B,EPSON,L4260,L4260,NEGRO,XAEY010182,,,,,,,,,10/03/2023 10:59:16,,U,,
1542,37,,602292810001,TERMOMETRO INFRARROJO,O/C-00117,19/03/2021,195.9,1503.020402,EQUIPO,,,,,,,,,,,,,,,,,U,,
1543,37,,602292810004,TERMOMETRO INFRARROJO,O/C Nº 00140,7/03/2022,138,1503.020402,EQUIPO,,,,,,,,,,,,,,,,,U,,
1544,23,23,462200500021,ACUMULADOR DE ENERGIA - EQUIPO DE UPS,O/C Nº 532,23/07/2013,56.57,1503.020904,ELECTRICIDAD Y ELECTRONICA,R,APC RS 550,,4 ENTRADAS,NEGRO,130312-1020446,,,,,,,,,09/03/2023 11:58:22,,U,,
1545,23,23,746405920010,ARMARIO DE MADERA,SANEAR,31/12/2021,1,1503.020102,MOBILIARIO DE OFICINA,R,,4 NIVELES,,CAFÉ,,0.54X0.87X1.60,,,,,,,,09/03/2023 11:44:53,,U,,
1546,23,23,746437790031,ESCRITORIO DE METAL,SANEAR,31/12/2021,1,1503.020102,MOBILIARIO DE OFICINA,R,,7 GAVETAS,,PLOMO,,0.80X1.80X0.74,,,,,,,,09/03/2023 12:04:01,,U,,
1547,23,23,462252150053,ESTABILIZADOR,O/C Nº 239,9/08/2011,60.08,1503.020904,ELECTRICIDAD Y ELECTRONICA,R,AVR OUTLETS,,,NEGRO,,,,,,,,,,09/03/2023 12:18:19,,U,,
1548,23,23,746441180017,ESTANTE DE MADERA,SANEAR,31/12/2021,1,1503.020102,MOBILIARIO DE OFICINA,R,,2 PUERTAS,,CAFÉ,,0.40X0.80X1.80,,,,,,,,09/03/2023 12:09:19,,U,,
1549,23,23,746441180020,ESTANTE DE MADERA,SANEAR,31/12/2021,1,1503.020102,MOBILIARIO DE OFICINA,R,,3 DIVISIONES,,NATURAL,,0.40X0.84X1.22,,,,,,,,09/03/2023 11:42:17,,U,,
1550,23,23,322239390002,ESTUFA ELECTRICA,SANEAR,31/12/2021,1,1503.020902,"ASEO, LIMPIEZA Y COCINA",X,IMACO,05RFR7AC,,BLANCO,211241,,,,,,,,,09/03/2023 11:46:17,,D,,
1551,23,23,740832000047,IMPRESORA (OTRAS),SANEAR,31/12/2021,1,1503.020301,EQUIPOS COMPUTACIONALES Y PERIFERICOS,R,HP,LASERJET,GX270CC,NEGRO,CNF9DCXF9C,,,,,,,,,09/03/2023 12:03:17,,U,,
1552,23,23,740841000017,IMPRESORA LASER,O/C Nª 000762,7/11/2013,383.54,1503.020301,EQUIPOS COMPUTACIONALES Y PERIFERICOS,R,HP,CE658A,,NEGRO,BRBSF7MMPP,,,,,,,,,09/03/2023 12:02:26,,U,,
1553,23,23,740872500010,MODEM EXTERNO,SANEAR,31/12/2021,1,1503.020301,EQUIPOS COMPUTACIONALES Y PERIFERICOS,B,TP - LINK,TDW8960N,PLASTICO,AZUL/PLOMO,2142376004832,,,,,,,,,09/03/2023 12:25:51,,D,,
1554,23,23,746460850009,MODULO DE MADERA PARA MICROCOMPUTADORA,SANEAR,31/12/2021,1,1503.020102,MOBILIARIO DE OFICINA,R,,,,ROBLE CLARO,,0.64X1.24X0.83,,,,,,,,09/03/2023 11:52:36,,U,,
1555,23,23,746461240005,MODULO DE MELAMINA PARA COMPUTADORA,O/C N°000346,13/06/2013,340,1503.020102,MOBILIARIO DE OFICINA,B,,,,CEDRO/CAFÉ,,0.54X1.08X1.80,,,,,,,,09/03/2023 11:49:33,,U,,
1556,23,23,952258120008,MONITOR (OTROS),O/C N°3-0060,10/08/2009,766.15,1503.020303,EQUIPOS DE TELECOMUNICACIONES,X,LG,,,NEGRO,904MBRFGQ582,,,,,,,,,09/03/2023 11:50:21,,D,,
1557,23,23,952258120034,MONITOR (OTROS),O/C N°9-00084,14/07/2010,507.6,1503.020303,EQUIPOS DE TELECOMUNICACIONES,R,LG,,,NEGRO,003UXPH4H376,,,,,,,,,09/03/2023 12:04:36,,U,,
1558,23,23,952260580008,PARLANTES EN GENERAL (MAYOR A 1/8 UIT),O/C N°375,30/12/2003,31.42,1503.020303,EQUIPOS DE TELECOMUNICACIONES,R,MICRONICS,CYBS213,WOOFER,NEGRO,,,,,,,,,,09/03/2023 12:14:24,,U,,
1559,23,23,952260580056,PARLANTES EN GENERAL (MAYOR A 1/8 UIT),O/C Nº 000532,23/07/2013,37.72,1503.020303,EQUIPOS DE TELECOMUNICACIONES,R,CYBERTEL,C Y B,PARLANTE,NEGRO,2497,,,,,,,,PARA RECLASIFICAR,09/03/2023 11:59:54,,U,,
1560,23,23,746473050005,PIZARRA ACRILICA,SANEAR,31/12/2021,1,1503.020102,MOBILIARIO DE OFICINA,R,,,,BLANCO,,0.80X1.20,,,,,,,,09/03/2023 12:11:05,,U,,
1561,23,23,746481190021,SILLA FIJA DE MADERA,SANEAR,31/12/2021,1,1503.020102,MOBILIARIO DE OFICINA,M,,,,CAFÉ,,0.43X0.43X0.85,,,,,,,,09/03/2023 12:08:26,,D,,
1562,23,23,746481190039,SILLA FIJA DE MADERA,O/C Nº 000295,6/11/2012,94.5,1503.020102,MOBILIARIO DE OFICINA,M,,MADERA,,CAFÉ,,0.42X0.42X0.85,,,,,,,,09/03/2023 11:39:37,,D,,
1563,23,23,746481870037,SILLA FIJA DE METAL,SANEAR,31/12/2021,1,1503.020102,MOBILIARIO DE OFICINA,R,,,,NEGRO,,0.38X0.40X0.84,,,,,,,,09/03/2023 12:10:21,,U,,
1564,23,23,746482550001,SILLA FIJA DE OTRO MATERIAL,SANEAR,31/12/2021,1,1503.020102,MOBILIARIO DE OFICINA,R,POLIN PLAST SIN,PLASTICO,,BLANCO,,0.54X0.64X0.84,,,,,,,,09/03/2023 11:51:43,,U,,
1565,23,23,746483900023,SILLA GIRATORIA DE METAL,O/C Nº 000310,15/11/2012,180,1503.020102,MOBILIARIO DE OFICINA,R,,,,NEGRO,,0.68X0.85X1.00,,,,,,,,09/03/2023 11:59:03,,U,,
1566,23,23,746487970005,SILLON FIJO DE METAL,SANEAR,31/12/2021,1,1503.020102,MOBILIARIO DE OFICINA,R,,,,NEGRO,,0.64X0.50X1.84,,,,,,,,09/03/2023 12:01:27,,U,,
1567,23,23,746489330025,SILLON GIRATORIO DE METAL,O/C Nº 30,4/03/2016,510,1503.020102,MOBILIARIO DE OFICINA,R,,,,NEGRO,,0.58X0.60X1.10,,,,,,,,09/03/2023 12:11:42,,U,,
1568,23,23,740895000081,TECLADO - KEYBOARD,O/C Nº 3-00060,10/08/2009,51.08,1503.020301,EQUIPOS COMPUTACIONALES Y PERIFERICOS,R,GENIUS,GK-10011,,NEGRO,WE150WD37783,,,,,,,,,09/03/2023 11:55:13,,U,,
1569,23,23,740895000114,TECLADO - KEYBOARD,O/C Nº 000532,23/07/2013,47.14,1503.020301,EQUIPOS COMPUTACIONALES Y PERIFERICOS,R,CYBERTEL,CBYT100,,PLOMO,,,,,,,,,,09/03/2023 12:12:35,,U,,
1570,23,23,952282870015,TELEFONO,SANEAR,31/12/2021,1,1503.020303,EQUIPOS DE TELECOMUNICACIONES,X,CLARO,ITC-6009,,BLANCO,TF12092000149,,,,,,,,,09/03/2023 12:07:05,,D,,
1571,23,23,740899500094,UNIDAD CENTRAL DE PROCESO - CPU,O/C Nº 000301,9/11/2012,3339,1503.020301,EQUIPOS COMPUTACIONALES Y PERIFERICOS,R,INTEL THERMALTE,CORE I7,TORRE,NEGRO,,,,,,,,,,09/03/2023 12:17:06,,U,,
1572,23,23,740899500107,UNIDAD CENTRAL DE PROCESO - CPU,O/C Nº 000532,23/07/2013,2247.25,1503.020301,EQUIPOS COMPUTACIONALES Y PERIFERICOS,R,INTEL CYBERTEL,CORE I7,TORRE,NEGRO,,,,,,,,,,09/03/2023 11:57:37,,U,,
1573,24,24,746405920002,ARMARIO DE MADERA,SANEAR,31/12/2021,1,1503.020102,MOBILIARIO DE OFICINA,R,,3 NIVELES 3GAVE,,CAOBA,,0.40X0.59X1.07,,,,,,,,'08/03/2023 12:25:52,,U,user user user,1
1574,24,24,746405920006,ARMARIO DE MADERA,O/C Nº 8-00053,16/04/2010,450,1503.020102,MOBILIARIO DE OFICINA,R,,5 NIVELES 2PUER,,CAOBA/NEGRO,,0.40X0.80X1.80,,,,,,,,'08/03/2023 12:25:09,,U,,
1575,24,24,112204460001,CALEFACTOR,O/C Nº 6-00070,31/12/2021,320,1503.020901,AIRE ACONDICIONADO Y REFRIGERACION,M,IMACO,CFR7A0,,BLANCO,7.75653E+12,,,,,,,,BAJA,'08/03/2023 12:27:50,,U,,
1576,24,35,740805000006,COMPUTADORA PERSONAL PORTATIL,O/C Nª 3-00111,30/09/2009,3200,1503.020301,EQUIPOS COMPUTACIONALES Y PERIFERICOS,M,HP,DV6,LAPTOP,NEGRO,4CA9133YSO,,,,,,,,BAJA,14/03/2023 12:58:08,,U,KEVIN MIDGUAR ARCE TAIRO,3
1577,24,24,672238180005,ENGRAPADORA DE TENAZA NEUMATICA,VERIFICAR,31/12/2021,1,1503.020906,EQUIPOS PARA VEHICULOS,M,,,,PLOMO/NEGRO,,,,,,,,,RECODIFICAR,'08/03/2023 11:57:24,,U,,
1578,24,24,742223580025,EQUIPO MULTIFUNCIONAL COPIADORA IMPRESORA SCANNER Y/O FAX,O/C Nº 295,29/09/2015,1120,1503.020101,MAQUINAS Y EQUIPOS DE OFICINA,M,EPSON,L565,,NEGRO,VJFY004796,,,,,,,,,'08/03/2023 11:21:44,,U,,
1579,24,24,746437120045,ESCRITORIO DE MADERA,O/C Nº 8-00053,16/04/2010,370,1503.020102,MOBILIARIO DE OFICINA,R,,3 GAVETAS,,BEIGE,,0.66X1.24X0.78,,,,,,,,'08/03/2023 12:22:43,,U,,
1580,24,24,746437450009,ESCRITORIO DE MELAMINA,O/C Nº 570,29/12/2011,1460,1503.020102,MOBILIARIO DE OFICINA,R,,GERENCIAL,,NEGRO/AMARILLO,,,,,,,,,CIRCULAR,'08/03/2023 12:11:28,,U,,
1581,24,24,462252150031,ESTABILIZADOR,O/C Nº 101,24/09/2008,52.61,1503.020904,ELECTRICIDAD Y ELECTRONICA,R,ALTRON,,,NEGRO,,,,,,,,,,'08/03/2023 12:30:44,,U,,
1582,24,24,462252150105,ESTABILIZADOR,SANEAR,31/12/2021,1,1503.020904,ELECTRICIDAD Y ELECTRONICA,R,VOLT SYSTEM,,,NEGRO,,,,,,,,,,'08/03/2023 12:31:19,,U,,
1583,24,24,746441520002,ESTANTE DE MELAMINA,O/C Nº 520,24/07/2013,2300,1503.020102,MOBILIARIO DE OFICINA,R,,3 PUERTAS,,CAFÉ CEDRO,,0.38X0.80X2.00,,,,,,,,'08/03/2023 12:26:04,,U,,
1584,24,24,882225250006,EXTINTOR,SANEAR,31/12/2021,1,1503.020903,SEGURIDAD INDUSTRIAL,R,KATZE,,6K,ROJO,,,,,,,,,,'08/03/2023 12:26:22,,U,,
1585,24,24,742227260011,FOTOCOPIADORA EN GENERAL,O/C Nº 227,23/08/2016,3150,1503.020101,MAQUINAS Y EQUIPOS DE OFICINA,R,KONICA MINOLTA,BZ 283,,BLANCO/PLOMO,AIUF011101488,,,,,,,,,'08/03/2023 12:24:30,,U,,
1586,24,24,740832000050,IMPRESORA (OTRAS),O/C Nª 000762,7/11/2013,383.54,1503.020301,EQUIPOS COMPUTACIONALES Y PERIFERICOS,R,HP,CE658A,LASERJET P1102,NEGRO,BRBSF7MMQT,,,,,,,,ERROR DE CODIFICACION,'08/03/2023 12:38:02,,U,,
1587,24,24,740836500031,IMPRESORA A INYECCION DE TINTA,O/C Nª 213,12/08/2016,1239,1503.020301,EQUIPOS COMPUTACIONALES Y PERIFERICOS,R,EPSON,L575,MULTIFUNCIONAL,NEGRO,W9AY014959,,,,,,,,,'17/03/2023 17:04:53,,U,KEVIN MIDGUAR ARCE TAIRO,3
1588,24,24,746448420001,MESA (OTRAS),O/C Nª 000520,24/07/2013,1980,1503.020102,MOBILIARIO DE OFICINA,R,,GERENCIAL /2GVT,,CAFÉ CEDRO,,0.77X1.80X0.90,,,,,,,,'08/03/2023 11:59:43,,U,,
1589,24,24,746449320012,MESA DE MADERA,SANEAR,31/12/2021,1,1503.020102,MOBILIARIO DE OFICINA,R,,,,CAOBA,,0.63X0.68X0.84,,,,,,,,'08/03/2023 12:23:28,,U,,
1590,24,24,746449320013,MESA DE MADERA,SANEAR,31/12/2021,1,1503.020102,MOBILIARIO DE OFICINA,R,,,,CAOBA,,0.35X0.85X0.44,,,,,,,,'08/03/2023 11:45:44,,U,,
1591,24,24,746452030001,MESA DE REUNIONES,O/C Nª 000520,24/07/2013,2900,1503.020102,MOBILIARIO DE OFICINA,R,,,,MADERA,,1.20X3.00X7,,,,,,,,'08/03/2023 11:44:46,,U,,
1592,24,24,746456100001,MESITA DE MADERA PARA TELEFONO,O/C Nª 5,30/01/1997,90,1503.020102,MOBILIARIO DE OFICINA,R,,2 NIVELES,,MADERA,,0.42X0.49X0.65,,,,,,,,'08/03/2023 11:21:26,,U,,
1593,24,24,746456160001,MESITA DE MELAMINA,SANEAR,31/12/2021,1,1503.020102,MOBILIARIO DE OFICINA,R,,,,CAOBA,,0.43X0.76X0.65,,,,,,,,'08/03/2023 11:22:07,,U,,
1594,24,24,740872500009,MODEM EXTERNO,SANEAR,31/12/2021,1,1503.020301,EQUIPOS COMPUTACIONALES Y PERIFERICOS,M,MITRASTAR,DSL-2401HY2-E1C,,BLANCO/PLOMO/GS,84AA9C751BD,,,,,,,,BAJA,'08/03/2023 12:28:17,,U,,
1595,24,24,740872500011,MODEM EXTERNO,SANEAR,31/12/2021,1,1503.020301,EQUIPOS COMPUTACIONALES Y PERIFERICOS,M,ARIS,TN6086,,NEGRO,F27BWPCDG901682,,,,,,,,,'08/03/2023 12:17:00,,U,,
1596,24,24,746460850019,MODULO DE MADERA PARA MICROCOMPUTADORA,O/C N°0008,29/01/1996,212.4,1503.020102,MOBILIARIO DE OFICINA,R,,3 GAVETAS,,CAOBA,,0.66X1.25X0.75,,,,,,,,'08/03/2023 11:52:53,,U,,
1597,24,24,952258120075,MONITOR (OTROS),SANEAR,31/12/2021,1,1503.020303,EQUIPOS DE TELECOMUNICACIONES,B,SAMGUNG,SF350,,NEGRO,ZZSXH4ZH800419L,,,,,,,,,'08/03/2023 12:12:00,,U,,
1598,24,24,952260580007,PARLANTES EN GENERAL (MAYOR A 1/8 UIT),O/C N°015-C,11/08/2004,37.8,1503.020303,EQUIPOS DE TELECOMUNICACIONES,R,MICRONICS,,3 UNIDADES,NEGRO,,,,,,,,,ES MENOR A 1/8 DE LA UIT,'08/03/2023 12:12:12,,U,,
1599,24,24,746473050001,PIZARRA ACRILICA,SANEAR,31/12/2021,1,1503.020102,MOBILIARIO DE OFICINA,R,,,,BLANCO,,1.20X2.17,,,,,,,,'08/03/2023 11:52:05,,U,,
1600,24,24,952266440004,PROYECTOR,O/C Nº 00130,21/06/2011,1900,1503.020303,EQUIPOS DE TELECOMUNICACIONES,M,EPSON,H369A,DATA DISPLAY,NEGRO,NE6F09V013L,,,,,,,,,'08/03/2023 11:55:49,,U,,
1601,24,24,952275360005,RUTEADOR DE RED - ROUTER,SANEAR,31/12/2021,1,1503.020303,EQUIPOS DE TELECOMUNICACIONES,R,TP LINK,TL-SF1016D,4 ENTRADAS,NEGRO,,,,,,,,,,'08/03/2023 12:17:27,,U,,
1602,24,,952275360006,RUTEADOR DE RED - ROUTER,SANEAR,31/12/2021,1,1503.020303,EQUIPOS DE TELECOMUNICACIONES,M,TP LINK,TL-SC 1016D,,BLANCO,2.15709E+12,,,,,,,,,,,U,,
1603,24,45,746481190004,SILLA FIJA DE MADERA,SANEAR,31/12/2021,1,1503.020102,MOBILIARIO DE OFICINA,R,,TAPIZ,,CAOBA,,0.45X0.47X0.85,,,,,,,,09/03/2023 11:52:34,,U,KEVIN MIDGUAR ARCE TAIRO,3
1604,24,45,746481190031,SILLA FIJA DE MADERA,O/C Nº 000294,6/11/2012,94,1503.020102,MOBILIARIO DE OFICINA,R,,,,CAOBA,,0.41X0.42X0.84,,,,,,,,09/03/2023 11:10:00,,U,KEVIN MIDGUAR ARCE TAIRO,3
1605,24,24,746481190033,SILLA FIJA DE MADERA,O/C Nº 000294,6/11/2012,94,1503.020102,MOBILIARIO DE OFICINA,R,,,,CAOBA,,0.45X0.47X0.85,,,,,,,,'08/03/2023 12:33:17,,U,,
1606,24,24,746481190109,SILLA FIJA DE MADERA,SANEAR,31/12/2021,1,1503.020102,MOBILIARIO DE OFICINA,R,,,,CAOBA,,0.45X0.47X0.85,,,,,,,,'08/03/2023 11:43:32,,U,,
1607,24,24,746481190137,SILLA FIJA DE MADERA,O/C Nº 000153,4/07/2012,97,1503.020102,MOBILIARIO DE OFICINA,R,,,,CAOBA,,0.45X0.47X0.85,,,,,,,,'08/03/2023 11:52:33,,U,,
1608,24,24,746481190138,SILLA FIJA DE MADERA,O/C Nº 000153,4/07/2012,97,1503.020102,MOBILIARIO DE OFICINA,R,,TAPIZ TELA,,CAOBA,,0.45X0.47X0.85,,,,,,,,'08/03/2023 12:23:44,,U,,
1609,24,24,746483900011,SILLA GIRATORIA DE METAL,O/C Nº 00143,7/07/2014,370,1503.020102,MOBILIARIO DE OFICINA,M,MONTHY,TAPIZ MARROQUIN,,NEGRO,,0.60X0.56X0.93,,,,,,,,'08/03/2023 11:42:13,,U,,
1610,24,24,746483900012,SILLA GIRATORIA DE METAL,O/C Nº 00143,7/07/2014,370,1503.020102,MOBILIARIO DE OFICINA,R,MONTHY,TAPIZ MARROQUIN,,NEGRO,,0.60X0.56X0.93,,,,,,,,'08/03/2023 11:40:27,,U,,
1611,24,24,746483900013,SILLA GIRATORIA DE METAL,O/C Nº 00143,7/07/2014,370,1503.020102,MOBILIARIO DE OFICINA,R,MONTHY,TAPIZ MARROQUIN,,NEGRO,,0.58X0.55Z0.99,,,,,,,,'17/03/2023 17:05:10,,U,KEVIN MIDGUAR ARCE TAIRO,3
1612,24,24,746483900014,SILLA GIRATORIA DE METAL,O/C Nº 00143,7/07/2014,370,1503.020102,MOBILIARIO DE OFICINA,R,MONTHY,TAPIZ MARROQUIN,,NEGRO,,0.57X0.50X0.93,,,,,,,,'08/03/2023 11:41:33,,U,,
1613,24,24,746483900015,SILLA GIRATORIA DE METAL,O/C Nº 00144,7/07/2014,370,1503.020102,MOBILIARIO DE OFICINA,M,MONTHY,TAPIZ MARROQUIN,,NEGRO,,0.57X0.50X0.93,,,,,,,,'08/03/2023 11:43:04,,U,,
1614,24,24,746483900016,SILLA GIRATORIA DE METAL,O/C Nº 00144,7/07/2014,370,1503.020102,MOBILIARIO DE OFICINA,M,MONTHY,TAPIZ MARROQUIN,,NEGRO,,0.57X0.50X0.93,,,,,,,,'08/03/2023 11:41:23,,U,,
1615,24,24,746483900017,SILLA GIRATORIA DE METAL,O/C Nº 00144,7/07/2014,370,1503.020102,MOBILIARIO DE OFICINA,R,MONTHY,TAPIZ MARROQUIN,,NEGRO,,0.57X0.50X0.93,,,,,,,,'08/03/2023 12:08:19,,U,,
1616,24,24,746483900018,SILLA GIRATORIA DE METAL,O/C Nº 00144,7/07/2014,370,1503.020102,MOBILIARIO DE OFICINA,M,MONTHY,TAPIZ MARROQUIN,,NEGRO,,0.60X0.56X0.93,,,,,,,,'08/03/2023 11:40:31,,U,,
1617,24,5,746483900053,SILLA GIRATORIA DE METAL,O/C Nº 000310,15/11/2012,180,1503.020102,MOBILIARIO DE OFICINA,R,MONTHY,TAPIZ MARROQUIN,,NEGRO,,0.57X0.50X0.93,,,,,,,,09/03/2023 09:53:24,,U,,
1618,24,24,746483900055,SILLA GIRATORIA DE METAL,O/C Nº 000310,15/11/2012,180,1503.020102,MOBILIARIO DE OFICINA,M,MONTHY,TAPIZ MARROQUIN,,NEGRO,,0.57X0.50X0.93,,,,,,,,'08/03/2023 12:22:18,,U,DELIA RUTH QUISPE SONCCO,4
1619,24,24,746483900093,SILLA GIRATORIA DE METAL,O/C Nº 000047,7/02/2013,200,1503.020102,MOBILIARIO DE OFICINA,R,MONTHY,TAPIZ MARROQUIN,,NEGRO,,0.44X0.62X0.99,,,,,,,,'08/03/2023 12:22:59,,U,,
1620,24,24,746487970012,SILLON FIJO DE METAL,SANEAR,31/12/2021,1,1503.020102,MOBILIARIO DE OFICINA,R,,TAPIZ TELA,,BEIG CLARO,,0.47X1.50X0.88,,,,,,,BANCA DE ASIENTO MULTIPLE RECOD.,'08/03/2023 11:47:45,,U,,
1621,24,24,746487970013,SILLON FIJO DE METAL,SANEAR,31/12/2021,1,1503.020102,MOBILIARIO DE OFICINA,R,,TAPIZ TELA,,BEIG CLARO,,0.47X1.50X0.88,,,,,,,BANCA DE ASIENTO MULTIPLE - RECODIF,'08/03/2023 11:38:21,,U,,
1622,24,24,746488310012,SILLON GIRATORIO (OTROS),O/C Nº 000520,24/07/2013,600,1503.020102,MOBILIARIO DE OFICINA,R,,,,CAFÉ,,0.57X0.67X1.15,,,,,,,,'08/03/2023 11:20:41,,U,,
1623,24,24,462289810001,SUPRESOR DE VOLTAJE TRANSITORIO - TVSS,SANEAR,31/12/2021,1,1503.020904,ELECTRICIDAD Y ELECTRONICA,R,OPALUX,6 PUERTOS,SUPRESOR DE PIC,NEGRO/NARANJA,,,,,,,,,RECODIFICAR,'08/03/2023 12:48:00,,U,,
1624,24,24,740895000160,TECLADO - KEYBOARD,O/C Nº 166,10/07/2015,71,1503.020301,EQUIPOS COMPUTACIONALES Y PERIFERICOS,R,LOGITECH,,,NEGRO,,,,,,,,,,'08/03/2023 12:08:43,,U,,
1625,24,24,952282870032,TELEFONO,SANEAR,31/12/2021,1,1503.020303,EQUIPOS DE TELECOMUNICACIONES,M,CID,ITCG-009,CLARO,BLANCO,20150810629,,,,,,,,BAJA,'08/03/2023 12:28:51,,U,,
1626,24,24,952282870033,TELEFONO,SANEAR,31/12/2021,1,1503.020303,EQUIPOS DE TELECOMUNICACIONES,M,MOVISTAR,QUALT E429QU CLIP PHONE,S-34,NEGRO,10401500172,,,,,,,,BAJA,'08/03/2023 12:14:47,,U,,
1627,24,24,952285140001,TELEVISOR A COLORES,SANEAR,31/12/2021,1,1503.020303,EQUIPOS DE TELECOMUNICACIONES,M,SONY,K1321R0C,,NEGRO,,,,,,,,,,'08/03/2023 12:25:19,,U,,
1628,24,24,322292280001,TERMO HERVIDOR ELECTRICO,SANEAR,31/12/2021,1,1503.020902,"ASEO, LIMPIEZA Y COCINA",M,VISIONEER,3L.,,PLATA NEGRO,,,,,,,,,BAJA,'08/03/2023 12:33:24,,U,,
1629,24,24,952291370001,TV LCD DIGITAL PORTATIL,O/C Nº 483,29/12/2016,3500,1503.020303,EQUIPOS DE TELECOMUNICACIONES,R,SAMSUNG,UN60J6300AGXPE,SMART TV LED,NEGRO,044M3CDH900204V,7.9x1.36,,,,,,,,'08/03/2023 11:53:10,,U,,
1630,24,24,740899500150,UNIDAD CENTRAL DE PROCESO - CPU,O/C Nº 495,30/12/2016,2800,1503.020301,EQUIPOS COMPUTACIONALES Y PERIFERICOS,B,HALION,I 5,RAM: 8GB,NEGRO,64 BITS,,,,,,,,,'08/03/2023 12:08:33,,U,,
1631,24,24,112283660001,VENTILADOR ELECTRICO PARA PARED,SANEAR,31/12/2021,1,1503.020901,AIRE ACONDICIONADO Y REFRIGERACION,M,CKRYSANTHEMUN,,,VERDE,,,,,,,,,,'08/03/2023 12:29:57,,U,,
1632,38,,952213350002,CAJA ACUSTICA,SANEAR,31/12/2021,1,1503.020303,EQUIPOS DE TELECOMUNICACIONES,M,HARMAN,,METAL,PLOMO,0.20X0.37X0.65,,,,,,,,,,,U,,
1633,38,,952213350003,CAJA ACUSTICA,SANEAR,31/12/2021,1,1503.020303,EQUIPOS DE TELECOMUNICACIONES,R,HARMAN,,,PLOMO,0.40X0.40X0.70,,,,,,,,,,,U,,
1634,38,,952213350004,CAJA ACUSTICA,SANEAR,11/03/2004,157,1503.020303,EQUIPOS DE TELECOMUNICACIONES,M,HARMAN,,,PLOMO,4953,,,,,,,,,,,U,,
1635,38,,532222990007,CONCENTRADOR DE OXIGENO,SANEAR,31/12/2021,1,1503.020402,EQUIPO MEDICO,M,,,,,,,,,,,,,,,,U,,
1636,38,,602230480014,DETERMINADOR DE DENSIDAD,SANEAR,31/12/2021,1,1503.020905,EQUIPOS E INSTRUMENTOS DE MEDICION,R,ORION,,,BLANCO/PLATA,,,,,,,,,,,,U,,
1637,38,,742223580027,EQUIPO MULTIFUNCIONAL COPIADORA IMPRESORA SCANNER Y/O FAX,SANEAR,31/12/2021,1,1503.020101,MAQUINAS Y EQUIPOS DE OFICINA,B,EPSON,L565,C463B,NEGRO,S4XY068584,,,,,,,,,,,U,,
1638,38,,742223580034,EQUIPO MULTIFUNCIONAL COPIADORA IMPRESORA SCANNER Y/O FAX,SANEAR,31/12/2021,1,1503.020101,MAQUINAS Y EQUIPOS DE OFICINA,R,,,,,,,,,,,,,,,,U,,
1639,38,,746441180031,ESTANTE DE MADERA,SANEAR,31/12/2021,1,1503.020102,MOBILIARIO DE OFICINA,R,,4 NIVELES,,CAFÉ,,3 DIVISIONES,,,,,,,,,,U,,
1640,38,,746441180032,ESTANTE DE MADERA,SANEAR,31/12/2021,1,1503.020102,MOBILIARIO DE OFICINA,R,,4 NIVELES,,CAFÉ,,4 DIVISIONES,,,,,,,,,,U,,
1641,38,,746441180033,ESTANTE DE MADERA,SANEAR,31/12/2021,1,1503.020102,MOBILIARIO DE OFICINA,R,,5 NIVELES,,CAFÉ,,2 DIVISIONES,,,,,,,,,,U,,
1642,38,,746441180034,ESTANTE DE MADERA,SANEAR,31/12/2021,1,1503.020102,MOBILIARIO DE OFICINA,R,,5 NIVELES,,CAFÉ,,5 DIVISIONES,,,,,,,,,,U,,
1643,38,,746441180035,ESTANTE DE MADERA,SANEAR,31/12/2021,1,1503.020102,MOBILIARIO DE OFICINA,R,,5 NIVELES,,CAFÉ,,5 DIVISIONES,,,,,,,,,,U,,
1644,38,,746441180036,ESTANTE DE MADERA,SANEAR,31/12/2021,1,1503.020102,MOBILIARIO DE OFICINA,R,,5 NIVELES,,CAFÉ,,3 DIVISIONES,,,,,,,,,,U,,
1645,38,,746441180037,ESTANTE DE MADERA,SANEAR,31/12/2021,1,1503.020102,MOBILIARIO DE OFICINA,R,,5 NIVELES,,CAFÉ,,2 DIVISIONES,,,,,,,,,,U,,
1646,38,,746441180038,ESTANTE DE MADERA,SANEAR,31/12/2021,1,1503.020102,MOBILIARIO DE OFICINA,R,,5 NIVELES,,CAFÉ,,2 DIVISIONES,,,,,,,,,,U,,
1647,38,,746441180039,ESTANTE DE MADERA,SANEAR,31/12/2021,1,1503.020102,MOBILIARIO DE OFICINA,R,,5 NIVELES,,CAFÉ,,2 DIVISIONES,,,,,,,,,,U,,
1648,38,,746441180046,ESTANTE DE MADERA,SANEAR,31/12/2021,1,1503.020102,MOBILIARIO DE OFICINA,R,,,,,,,,,,,,,,,,U,,
1649,38,,746441180047,ESTANTE DE MADERA,SANEAR,31/12/2021,1,1503.020102,MOBILIARIO DE OFICINA,R,,,,,,,,,,,,,,,,U,,
1650,38,,746441860062,ESTANTE DE METAL,SANEAR,31/12/2021,1,1503.020102,MOBILIARIO DE OFICINA,M,,2 NIVELES,,PLOMO,,2 DIVISIONES,,,,,,,,,,U,,
1651,38,,746441860063,ESTANTE DE METAL,SANEAR,31/12/2021,1,1503.020102,MOBILIARIO DE OFICINA,R,,4 NIVELES,,PLOMO,,2 DIVISIONES,,,,,,,,,,U,,
1652,38,,746441860064,ESTANTE DE METAL,SANEAR,31/12/2021,1,1503.020102,MOBILIARIO DE OFICINA,R,,4 NIVELES,,PLOMO,,2 DIVISIONES,,,,,,,,,,U,,
1653,38,,746441860065,ESTANTE DE METAL,SANEAR,31/12/2021,1,1503.020102,MOBILIARIO DE OFICINA,R,,4 NIVELES,,PLOMO,,2 DIVISIONES,,,,,,,,,,U,,
1654,38,,746441860066,ESTANTE DE METAL,SANEAR,31/12/2021,1,1503.020102,MOBILIARIO DE OFICINA,R,,4 NIVELES,,PLOMO,,3 DIVISIONES,,,,,,,,,,U,,
1655,38,,746441860067,ESTANTE DE METAL,SANEAR,31/12/2021,1,1503.020102,MOBILIARIO DE OFICINA,R,,4 NIVELES,,PLOMO,,2 DIVISIONES,,,,,,,,,,U,,
1656,38,,746441860068,ESTANTE DE METAL,SANEAR,31/12/2021,1,1503.020102,MOBILIARIO DE OFICINA,R,,4 NIVELES,,PLOMO,,2 DIVISIONES,,,,,,,,,,U,,
1657,38,,746441860069,ESTANTE DE METAL,SANEAR,31/12/2021,1,1503.020102,MOBILIARIO DE OFICINA,R,,4 NIVELES,,PLOMO,,2 DIVISIONES,,,,,,,,,,U,,
1658,38,,746441860070,ESTANTE DE METAL,SANEAR,31/12/2021,1,1503.020102,MOBILIARIO DE OFICINA,R,,4 NIVELES,,PLOMO,,2 DIVISIONES,,,,,,,,,,U,,
1659,38,,746441860071,ESTANTE DE METAL,SANEAR,31/12/2021,1,1503.020102,MOBILIARIO DE OFICINA,R,,4 NIVELES,,PLOMO,,3 DIVISIONES,,,,,,,,,,U,,
1660,38,,746441860072,ESTANTE DE METAL,SANEAR,31/12/2021,1,1503.020102,MOBILIARIO DE OFICINA,R,,5 NIVELES,,PLOMO,,2 DIVISIONES,,,,,,,,,,U,,
1661,38,,746441860073,ESTANTE DE METAL,SANEAR,31/12/2021,1,1503.020102,MOBILIARIO DE OFICINA,R,,5 NIVELES,,PLOMO,,2 DIVISIONES,,,,,,,,,,U,,
1662,38,,746441860074,ESTANTE DE METAL,SANEAR,31/12/2021,1,1503.020102,MOBILIARIO DE OFICINA,R,,5 NIVELES,,PLOMO,,2 DIVISIONES,,,,,,,,,,U,,
1663,38,,746441860075,ESTANTE DE METAL,SANEAR,31/12/2021,1,1503.020102,MOBILIARIO DE OFICINA,R,,6 DIVISIONES,,PLOMO/BLANCO,,,,,,,,,,,,U,,
1664,38,,746441860076,ESTANTE DE METAL,SANEAR,31/12/2021,1,1503.020102,MOBILIARIO DE OFICINA,R,,6 DIVISIONES,,PLOMO/BLANCO,,,,,,,,,,,,U,,
1665,38,,322250000008,HERVIDOR ELECTRICO,SANEAR,31/12/2021,1,1503.020902,"ASEO, LIMPIEZA Y COCINA",R,,,,,,,,,,,,,,,,U,,
1666,38,57,675079700002,MARTILLO NEUMATICO,SANEAR,31/12/2021,1,1503.020999,"MAQUINARIAS, EQUIPOS Y MOBILIARIOS DE OTRAS INSTALACIONES",R,BOSH,GSH 27 VC,,PLOMO/VERDE,24008280103611C0A0E08011031000033,,,,,,,,RECODIFICAR ,15/03/2023 19:16:24,MARTILLO DEMOLEDOR,U,KEVIN MIDGUAR ARCE TAIRO,3
1667,38,3,675079700003,MARTILLO NEUMATICO,SANEAR,31/12/2021,1,1503.020999,"MAQUINARIAS, EQUIPOS Y MOBILIARIOS DE OTRAS INSTALACIONES",M,BOSCH,GSC27VC,,PLOMO,,,,,,,,,RECODIFICAR,18/03/2023 11:42:06,,D,DELIA RUTH QUISPE SONCCO,4
1668,38,,675079700004,MARTILLO NEUMATICO,SANEAR,31/12/2021,1,1503.020999,"MAQUINARIAS, EQUIPOS Y MOBILIARIOS DE OTRAS INSTALACIONES",R,ELE INTERNACIOL,,RECIPIENTE,,,,,,,,,,,,,U,,
1669,38,3,675079700005,MARTILLO NEUMATICO,SANEAR,31/12/2021,1,1503.020999,"MAQUINARIAS, EQUIPOS Y MOBILIARIOS DE OTRAS INSTALACIONES",M,BOSCH,GBH1252D,,PLOMO,,,,,,,,,RECODIFICAR,18/03/2023 11:43:15,MARTILLO DEMOLEDOR,D,DELIA RUTH QUISPE SONCCO,4
1670,38,,740880370002,MONITOR LED,SANEAR,31/12/2021,1,1503.020301,EQUIPOS COMPUTACIONALES Y PERIFERICOS,B,,,,,,,,,,,,,,,,U,,
1671,38,,952260580065,PARLANTES EN GENERAL (MAYOR A 1/8 UIT),SANEAR,31/12/2021,1,1503.020303,EQUIPOS DE TELECOMUNICACIONES,R,,,,,,,,,,,,,,,,U,,
1672,38,,952260580066,PARLANTES EN GENERAL (MAYOR A 1/8 UIT),SANEAR,31/12/2021,1,1503.020303,EQUIPOS DE TELECOMUNICACIONES,R,,,,,,,,,,,,,,,,U,,
1673,38,,952260580067,PARLANTES EN GENERAL (MAYOR A 1/8 UIT),SANEAR,31/12/2021,1,1503.020303,EQUIPOS DE TELECOMUNICACIONES,R,,,,,,,,,,,,,,,,U,,
1674,38,,952260580068,PARLANTES EN GENERAL (MAYOR A 1/8 UIT),SANEAR,31/12/2021,1,1503.020303,EQUIPOS DE TELECOMUNICACIONES,R,,,,,,,,,,,,,,,,U,,
1675,38,,952260580069,PARLANTES EN GENERAL (MAYOR A 1/8 UIT),SANEAR,31/12/2021,1,1503.020303,EQUIPOS DE TELECOMUNICACIONES,R,,,,,,,,,,,,,,,,U,,
1676,38,,952260580070,PARLANTES EN GENERAL (MAYOR A 1/8 UIT),SANEAR,31/12/2021,1,1503.020303,EQUIPOS DE TELECOMUNICACIONES,R,,,,,,,,,,,,,,,,U,,
1677,38,,952260580071,PARLANTES EN GENERAL (MAYOR A 1/8 UIT),SANEAR,31/12/2021,1,1503.020303,EQUIPOS DE TELECOMUNICACIONES,R,,,,,,,,,,,,,,,,U,,
1678,38,,952260580072,PARLANTES EN GENERAL (MAYOR A 1/8 UIT),SANEAR,31/12/2021,1,1503.020303,EQUIPOS DE TELECOMUNICACIONES,R,,,,,,,,,,,,,,,,U,,
1679,38,,952269650010,RADIO TRANSMISOR RECEPTOR,SANEAR,31/12/2021,1,1503.020303,EQUIPOS DE TELECOMUNICACIONES,R,MOTOROLA,,,NEGRO,,,,,,,,,,,,U,,
1680,38,,746482550021,SILLA FIJA DE OTRO MATERIAL,SANEAR,31/12/2021,1,1503.020102,MOBILIARIO DE OFICINA,R,,,,,,,,,,,,,,,,U,,
1681,38,,746482550022,SILLA FIJA DE OTRO MATERIAL,SANEAR,31/12/2021,1,1503.020102,MOBILIARIO DE OFICINA,R,,,,,,,,,,,,,,,,U,,
1682,38,,676466670001,TANQUE DE POLIETILENO PARA AGUA,SANEAR,31/12/2021,1,1503.020102,MOBILIARIO DE OFICINA,R,,,,,,,,,,,,,,,,U,,
1683,38,,676466670002,TANQUE DE POLIETILENO PARA AGUA,SANEAR,31/12/2021,1,1503.020102,MOBILIARIO DE OFICINA,R,,,,,,,,,,,,,,,,U,,
1684,38,,676466670003,TANQUE DE POLIETILENO PARA AGUA,SANEAR,31/12/2021,1,1503.020102,MOBILIARIO DE OFICINA,R,,,,,,,,,,,,,,,,U,,
1685,38,,322292280002,TERMO HERVIDOR ELECTRICO,SANEAR,31/12/2021,1,1503.020902,"ASEO, LIMPIEZA Y COCINA",R,VISIONEER,VX-ED749,,NEGRO/PLOMO,,,,,,,,,,,,U,,
1686,25,25,812215970006,BICICLETA,O/C Nº 445,27/07/1995,336,1503.020701,EQUIPO DE DEPORTES Y RECREACION,M,,,SOLO CUADRO,ROJO,10938,,,,,,,,,05/03/2023 18:22:42,,U,DELIA RUTH QUISPE SONCCO,4
1687,25,25,536417630001,CAMA DE METAL,SANEAR,31/12/2021,1,1503.020401,MOBILIARIO MEDICO,M,,,,ROJO,,,,,,,,,,05/03/2023 18:04:17,,U,DELIA RUTH QUISPE SONCCO,4
1688,25,25,746437120008,ESCRITORIO DE MADERA,SANEAR,31/12/2021,1,1503.020102,MOBILIARIO DE OFICINA,M,,,,,,,,,,,,,,05/03/2023 18:10:04,,U,DELIA RUTH QUISPE SONCCO,4
1689,25,25,746437120015,ESCRITORIO DE MADERA,SANEAR,31/12/2021,1,1503.020102,MOBILIARIO DE OFICINA,M,,3 GAVETAS,,CAFE,,,,,,,,,,05/03/2023 18:11:56,,U,DELIA RUTH QUISPE SONCCO,4
1690,25,25,746437120018,ESCRITORIO DE MADERA,SANEAR,31/12/2021,1,1503.020102,MOBILIARIO DE OFICINA,M,,2 GAVETAS,,CAFÉ,,,,,,,,,,05/03/2023 18:07:07,,U,DELIA RUTH QUISPE SONCCO,4
1691,25,31,746437120020,ESCRITORIO DE MADERA,SANEAR,31/12/2021,1,1503.020102,MOBILIARIO DE OFICINA,M,,,,CAFÉ,,,,,,,,,,07/03/2023 01:58:20,,U,user user user,1
1692,25,31,746437120024,ESCRITORIO DE MADERA,SANEAR,31/12/2021,1,1503.020102,MOBILIARIO DE OFICINA,M,,,,CAOBA,,0.75x1x0.76,,,,,,,,07/03/2023 01:58:44,,U,user user user,1
1693,25,31,746437120025,ESCRITORIO DE MADERA,SANEAR,31/12/2021,1,1503.020102,MOBILIARIO DE OFICINA,M,,,,CAOBA,,,,,,,,,,07/03/2023 01:59:06,,U,user user user,1
1694,25,31,746437120027,ESCRITORIO DE MADERA,SANEAR,31/12/2021,1,1503.020102,MOBILIARIO DE OFICINA,M,,,,,,0.60X0.90.X0.75,,,,,,,,07/03/2023 01:59:27,,U,user user user,1
1695,25,,746437120029,ESCRITORIO DE MADERA,SANEAR,31/12/2021,1,1503.020102,MOBILIARIO DE OFICINA,M,,,,MADERA,,,,,,,,,,,,U,,
1696,25,,746437120030,ESCRITORIO DE MADERA,SANEAR,31/12/2021,1,1503.020102,MOBILIARIO DE OFICINA,M,,,,CAFE,,,,,,,,,,,,U,,
1697,25,25,746437120031,ESCRITORIO DE MADERA,SANEAR,31/12/2021,1,1503.020102,MOBILIARIO DE OFICINA,M,,,,CAOBA,,,,,,,,,FALTA IMPRIMIR STICKERS POR BATERIA BAJA,05/03/2023 18:03:34,,U,DELIA RUTH QUISPE SONCCO,4
1698,25,31,746437120036,ESCRITORIO DE MADERA,SANEAR,31/12/2021,1,1503.020102,MOBILIARIO DE OFICINA,M,,,,CAFÉ,,0.80x1.22x0.78,,,,,,,,07/03/2023 01:59:48,,U,user user user,1
1699,25,25,746437120037,ESCRITORIO DE MADERA,SANEAR,31/12/2021,1,1503.020102,MOBILIARIO DE OFICINA,M,,3 GAVETAS,,CAFÉ,,,,,,,,,,05/03/2023 17:56:56,,U,DELIA RUTH QUISPE SONCCO,4
1700,25,25,746437120051,ESCRITORIO DE MADERA,O/C Nº 352,14/06/2013,300,1503.020102,MOBILIARIO DE OFICINA,M,,4 GAVETAS,,CAOBA,,,,,,,,,,05/03/2023 17:58:01,,U,DELIA RUTH QUISPE SONCCO,4
1701,25,25,746437790001,ESCRITORIO DE METAL,SANEAR,31/12/2021,1,1503.020102,MOBILIARIO DE OFICINA,M,,3 GAVETAS,,PLOMO/NEGRO,,,,,,,,,,05/03/2023 18:00:29,,U,DELIA RUTH QUISPE SONCCO,4
1702,25,25,746437790002,ESCRITORIO DE METAL,O/C Nª 0118,29/02/1996,250,1503.020102,MOBILIARIO DE OFICINA,M,,,,PLOMO/NEGRO,,,,,,,,,,05/03/2023 18:11:37,,U,DELIA RUTH QUISPE SONCCO,4
1703,25,31,746437790005,ESCRITORIO DE METAL,O/C Nª 000773,29/10/1995,240,1503.020102,MOBILIARIO DE OFICINA,M,,,,PLOMO/CAFÉ/NEGO,,,,,,,,,,07/03/2023 02:00:12,,U,user user user,1
1704,25,25,746437790007,ESCRITORIO DE METAL,SANEAR,31/12/2021,1,1503.020102,MOBILIARIO DE OFICINA,M,,3 GAVETAS,,,,,,,,,,,,05/03/2023 18:00:08,,U,DELIA RUTH QUISPE SONCCO,4
1705,25,31,746437790014,ESCRITORIO DE METAL,SANEAR,31/12/2021,1,1503.020102,MOBILIARIO DE OFICINA,M,,,,PLOMO/NEGRO,,,,,,,,,,07/03/2023 02:00:33,,U,user user user,1
1706,25,25,746437790017,ESCRITORIO DE METAL,SANEAR,31/12/2021,1,1503.020102,MOBILIARIO DE OFICINA,M,,3 GAVETAS,,PLOMO/NEGRO,,,,,,,,,,05/03/2023 17:55:20,,U,DELIA RUTH QUISPE SONCCO,4
1707,25,,746437790021,ESCRITORIO DE METAL,SANEAR,31/12/2021,1,1503.020102,MOBILIARIO DE OFICINA,M,,3 GAVETAS,,PLOMO/NEGRO,,,,,,,,,,,,U,,
1708,25,,746437790023,ESCRITORIO DE METAL,SANEAR,31/12/2021,1,1503.020102,MOBILIARIO DE OFICINA,M,,3 GAVETAS,,PLOMO/NEGRO,,,,,,,,,,,,U,,
1709,25,25,746437790026,ESCRITORIO DE METAL,SANEAR,31/12/2021,1,1503.020102,MOBILIARIO DE OFICINA,M,,3 GAVETAS,,PLOMO/NEGRO,,,,,,,,,,05/03/2023 17:57:41,,U,DELIA RUTH QUISPE SONCCO,4
1710,25,25,746437790027,ESCRITORIO DE METAL,SANEAR,31/12/2021,1,1503.020102,MOBILIARIO DE OFICINA,M,,3 GAVETAS,,PLOMO/NEGRO,,,,,,,,,,05/03/2023 17:57:31,,U,DELIA RUTH QUISPE SONCCO,4
1711,25,25,746437790035,ESCRITORIO DE METAL,SANEAR,31/12/2021,1,1503.020102,MOBILIARIO DE OFICINA,M,,3 GAVETAS,,PLOMO/NEGRO,,,,,,,,,,05/03/2023 17:55:43,,U,DELIA RUTH QUISPE SONCCO,4
1712,25,25,746437790036,ESCRITORIO DE METAL,SANEAR,31/12/2021,1,1503.020102,MOBILIARIO DE OFICINA,M,,3 GAVETAS,,PLOMO/NEGRO,,,,,,,,,,05/03/2023 17:57:05,,U,DELIA RUTH QUISPE SONCCO,4
1713,25,25,746437790038,ESCRITORIO DE METAL,SANEAR,31/12/2021,1,1503.020102,MOBILIARIO DE OFICINA,M,,3 GAVETAS,,PLOMO/NEGRO,,,,,,,,,,05/03/2023 18:23:28,,U,DELIA RUTH QUISPE SONCCO,4
1714,25,25,746437790041,ESCRITORIO DE METAL,SANEAR,31/12/2021,1,1503.020102,MOBILIARIO DE OFICINA,M,,3 GAVETAS,,PLOMO/NEGRO,,,,,,,,,,05/03/2023 17:58:14,,U,DELIA RUTH QUISPE SONCCO,4
1715,25,31,746437790042,ESCRITORIO DE METAL,SANEAR,31/12/2021,1,1503.020102,MOBILIARIO DE OFICINA,M,,,,PLOMO/NEGRO,,,,,,,,,,07/03/2023 02:03:52,,U,user user user,1
1716,25,31,746437790045,ESCRITORIO DE METAL,O/C Nª 381,27/07/1995,270,1503.020102,MOBILIARIO DE OFICINA,M,,,,PLOMO,,,,,,,,,,07/03/2023 02:04:19,,U,user user user,1
1717,25,25,746441180005,ESTANTE DE MADERA,O/C Nº 8-00166,25/05/2010,150,1503.020102,MOBILIARIO DE OFICINA,M,,3 NIVELES,,CAFÉ,,2 PUERTAS,,,,,,,,05/03/2023 17:56:29,,U,DELIA RUTH QUISPE SONCCO,4
1718,25,31,746441180007,ESTANTE DE MADERA,SANEAR,31/12/2021,1,1503.020102,MOBILIARIO DE OFICINA,M,,2 NIVELES,,CAFÉ,,0.48x1.x0.90,,,,,,,,05/03/2023 17:47:30,,U,DELIA RUTH QUISPE SONCCO,4
1719,25,31,746449320004,MESA DE MADERA,SANEAR,31/12/2021,1,1503.020102,MOBILIARIO DE OFICINA,M,,,,CAFÉ,,0.87X1.35X0.80,,,,,,,,07/03/2023 02:07:48,,U,user user user,1
1720,25,31,746451360007,MESA DE METAL PARA DIBUJO,SANEAR,31/12/2021,1,1503.020102,MOBILIARIO DE OFICINA,M,,,,,,0.70x0.95.x0.76,,,,,,,,07/03/2023 02:11:25,,U,user user user,1
1721,25,25,746481190032,SILLA FIJA DE MADERA,O/C Nº 000294,6/11/2012,94,1503.020102,MOBILIARIO DE OFICINA,M,,,,,,,,,,,,,,05/03/2023 17:55:12,,U,DELIA RUTH QUISPE SONCCO,4
1722,25,25,462265070002,GRUPO ELECTROGENO,SANEAR,31/12/2021,1,1503.020904,ELECTRICIDAD Y ELECTRONICA,M,,S135D-3,,,82028,,,,,,,,,05/03/2023 15:40:00,,U,DELIA RUTH QUISPE SONCCO,4
1723,25,25,462265070003,GRUPO ELECTROGENO,SANEAR,31/12/2021,1,1503.020904,ELECTRICIDAD Y ELECTRONICA,M,,,,,,,,,,,,,,05/03/2023 15:38:49,,U,DELIA RUTH QUISPE SONCCO,4
1724,25,25,462290890004,TABLERO DE CONTROL,SANEAR,31/12/2021,1,1503.020904,ELECTRICIDAD Y ELECTRONICA,M,,,,,55C14137,,,,,,,,,05/03/2023 15:40:11,,U,DELIA RUTH QUISPE SONCCO,4
1725,25,25,462290890005,TABLERO DE CONTROL,SANEAR,31/12/2021,1,1503.020904,ELECTRICIDAD Y ELECTRONICA,M,,12753,,,SSCI4137,,,,,,,,,05/03/2023 15:40:32,,U,DELIA RUTH QUISPE SONCCO,4
1726,25,25,462290890006,TABLERO DE CONTROL,SANEAR,31/12/2021,1,1503.020904,ELECTRICIDAD Y ELECTRONICA,M,,,,,,,,,,,,,,05/03/2023 15:40:24,,U,DELIA RUTH QUISPE SONCCO,4
1727,26,,746406600007,ARMARIO DE METAL,SANEAR,31/12/2021,1,1503.020102,MOBILIARIO DE OFICINA,M,,2 PUERTAS 2NIVE,,,,,,,,,,,,,,U,,
1728,26,,746411350011,BANCA DE MADERA,SANEAR,31/12/2021,1,1503.020102,MOBILIARIO DE OFICINA,R,,,,BLANCO,,,,,,,,,,,,U,,
1729,26,,536417630009,CAMA DE METAL,SANEAR,31/12/2021,1,1503.020401,MOBILIARIO MEDICO,M,,,,CAFÉ,,,,,,,,,,,,U,,
1730,26,,746432370001,CREDENZA DE MADERA,SANEAR,31/12/2021,1,1503.020102,MOBILIARIO DE OFICINA,M,,,,MADERA,,,,,,,,,,,,U,,
1731,26,,746437120011,ESCRITORIO DE MADERA,SANEAR,31/12/2021,1,1503.020102,MOBILIARIO DE OFICINA,M,,,,CAFÉ,,,,,,,,,,,,U,,
1732,26,,746441180029,ESTANTE DE MADERA,SANEAR,31/12/2021,1,1503.020102,MOBILIARIO DE OFICINA,M,,3 NIVELES,,MADERA,,,,,,,,,,,,U,,
1733,26,31,746449320002,MESA DE MADERA,SANEAR,31/12/2021,1,1503.020102,MOBILIARIO DE OFICINA,R,,,,CAFÉ,,0.75X1.25X0.76,,,,,,,,07/03/2023 02:07:23,,U,user user user,1
1734,26,,746473050017,PIZARRA ACRILICA,SANEAR,31/12/2021,1,1503.020102,MOBILIARIO DE OFICINA,M,,,,,,1.10X1.70,,,,,,,,,,U,,
1735,26,,746475090002,PIZARRA MURAL - FRANELOGRAFO,SANEAR,31/12/2021,1,1503.020102,MOBILIARIO DE OFICINA,M,,,,,,,,,,,,,,,,U,,
1736,26,31,746481190012,SILLA FIJA DE MADERA,SANEAR,31/12/2021,1,1503.020102,MOBILIARIO DE OFICINA,M,,,,,,,,,,,,,,07/03/2023 02:17:59,,U,user user user,1
1737,26,,746481190027,SILLA FIJA DE MADERA,SANEAR,31/12/2021,1,1503.020102,MOBILIARIO DE OFICINA,M,,,,CAFÉ,,,,,,,,,,,,U,,
1738,26,,746481190029,SILLA FIJA DE MADERA,O/C Nº 000294,6/11/2012,94,1503.020102,MOBILIARIO DE OFICINA,M,,,,MADERA,,,,,,,,,,,,U,,
1739,26,31,746481190145,SILLA FIJA DE MADERA,O/C Nº 6-00071,26/07/2010,90,1503.020102,MOBILIARIO DE OFICINA,M,,,,CAFÉ,,,,,,,,,,07/03/2023 02:20:10,,U,user user user,1
1740,26,,746481870008,SILLA FIJA DE METAL,SANEAR,31/12/2021,1,1503.020102,MOBILIARIO DE OFICINA,R,,,,AZUL,,,,,,,,,,,,U,,
1741,26,31,746481870089,SILLA FIJA DE METAL,SANEAR,31/12/2021,1,1503.020102,MOBILIARIO DE OFICINA,M,,,,NEGRO,,,,,,,,,,05/03/2023 17:33:34,,U,DELIA RUTH QUISPE SONCCO,4
1742,26,,676466670022,TANQUE DE POLIETILENO PARA AGUA,SANEAR,31/12/2021,1,1503.020102,MOBILIARIO DE OFICINA,M,PLASTICO,,,AZUL,,,,,,,,,,,,U,,
1743,27,27,462200500023,ACUMULADOR DE ENERGIA - EQUIPO DE UPS,O/C Nº 532,23/07/2013,56.57,1503.020904,ELECTRICIDAD Y ELECTRONICA,M,CDP,,6 ENTRADAS,NEGRO,130312-1020445,,,,,,,,,09/03/2023 10:14:11,,U,,
1744,27,27,746406600003,ARMARIO DE METAL,SANEAR,31/12/2021,1,1503.020102,MOBILIARIO DE OFICINA,M,,2 PUERTAS,,PLOMO,,0.37X0.86X1.68,,,,,,,,09/03/2023 10:09:13,,U,,
1745,27,27,742208530017,CAMARA FOTOGRAFICA,O/C Nº 258,1/10/2012,1930,1503.020101,MAQUINAS Y EQUIPOS DE OFICINA,M,NIKON,D3000,DIGITAL,NEGRO,8232628,,,,,,,,RAEE- BAJA,09/03/2023 10:22:27,,U,,
1746,27,27,746437790010,ESCRITORIO DE METAL,SANEAR,31/12/2021,1,1503.020102,MOBILIARIO DE OFICINA,R,,4 GAVETAS,,PLOMO/NEGRO/CAF,,0.83X1.85X0.75,,,,,,,,09/03/2023 10:39:22,,U,,
1747,27,27,746437790020,ESCRITORIO DE METAL,SANEAR,31/12/2021,1,1503.020102,MOBILIARIO DE OFICINA,R,,4 GAVETAS,,PLOMO/NEGRO,,0.75X0.75X1.20,,,,,,,,09/03/2023 10:12:49,,U,,
1748,27,27,462252150102,ESTABILIZADOR,SANEAR,31/12/2021,1,1503.020904,ELECTRICIDAD Y ELECTRONICA,M,LAB POWER,FP102,4 PUERTOS,PLOMO,,,,,,,,,,09/03/2023 10:13:41,,U,,
1749,27,27,740841000026,IMPRESORA LASER,O/C Nª 00242,22/08/2014,412.82,1503.020301,EQUIPOS COMPUTACIONALES Y PERIFERICOS,R,HP,P1102W,CE658A,NEGRO,BRBSG76F9K,,,,,,,,,09/03/2023 10:11:39,,U,,
1750,27,45,746456780006,MESITA DE METAL PARA MAQUINA DE ESCRIBIR,SANEAR,31/12/2021,1,1503.020102,MOBILIARIO DE OFICINA,R,6,3 GAVETAS,,NEGRO,,0.40X0.86X0.72,,,,,,,,09/03/2023 12:07:28,,U,KEVIN MIDGUAR ARCE TAIRO,3
1751,27,27,952254720001,MEZCLADORA DIGITAL DE SONIDO,O/C Nª 297,30/09/2015,1315,1503.020303,EQUIPOS DE TELECOMUNICACIONES,B,BEHRINGER XENYB,,,NEGRO,1502085A01,,,,,,,,,09/03/2023 10:27:58,,U,,
1752,27,27,952254910002,MICROFONO (OTROS),O/C Nª 297,30/09/2015,228,1503.020303,EQUIPOS DE TELECOMUNICACIONES,R,BEHRINGER,C-1,CON PEDESTAL,NEGRO/PLOMO,S1407786226,,,,,,,,,09/03/2023 10:17:13,,U,,
1753,27,27,952258120010,MONITOR (OTROS),O/C N°3-00060,10/08/2009,766.15,1503.020303,EQUIPOS DE TELECOMUNICACIONES,R,LG,W20435V,LED,NEGRO,904NDHBGQ561,,,,,,,,,09/03/2023 10:15:41,,U,,
1754,27,27,740880370001,MONITOR LED,SANEAR,31/12/2021,1104.06,1503.020301,EQUIPOS COMPUTACIONALES Y PERIFERICOS,B,BENQ,GL-2450-T,,NEGRO,ETWSF03680019,,,,,,,,,09/03/2023 10:10:28,,U,,
1755,27,27,746466270002,PANEL PUBLICITARIO,SANEAR,31/12/2021,1,1503.020102,MOBILIARIO DE OFICINA,M,,FRANELOGRAFO,,AZUL,,1.56X1.70,,,,,,,BAJA,09/03/2023 10:31:44,,U,,
1756,27,27,746466950002,PANTALLA ECRAN,SANEAR,31/12/2021,1,1503.020102,MOBILIARIO DE OFICINA,R,,,,BLANCO,,1.50X1.82,,,,,,,,09/03/2023 10:12:28,,U,,
1757,27,27,952260580032,PARLANTES EN GENERAL (MAYOR A 1/8 UIT),O/C Nº 00239,9/08/2011,42.41,1503.020303,EQUIPOS DE TELECOMUNICACIONES,R,GENIUS,,,NEGRO,2F1338111425,,,,,,,,MENOR 1/8 UIT,09/03/2023 10:16:28,,U,,
1758,27,27,952260580081,PARLANTES EN GENERAL (MAYOR A 1/8 UIT),O/C Nº 297,30/09/2015,74.8,1503.020303,EQUIPOS DE TELECOMUNICACIONES,R,LOGITECH,S-00147,WOFFER SPEAKER1,NEGRO,1521CP004928,,,,,,,,MENOR A 1/8 UIT,09/03/2023 10:12:01,,U,,
1759,27,27,746473050018,PIZARRA ACRILICA,SANEAR,31/12/2021,1,1503.020102,MOBILIARIO DE OFICINA,R,,,,BLANCO,,1.20X1.56,,,,,,,,09/03/2023 10:28:50,,U,,
1760,27,,746475090003,PIZARRA MURAL - FRANELOGRAFO,SANEAR,31/12/2021,1,1503.020102,MOBILIARIO DE OFICINA,R,,MADERA,,AZUL,,1.47X2.47,,,,,,,,,,U,,
1761,27,27,746475090004,PIZARRA MURAL - FRANELOGRAFO,SANEAR,31/12/2021,1,1503.020102,MOBILIARIO DE OFICINA,M,,,,AZUL,,0.87X1.23,,,,,,,BAJA,09/03/2023 10:34:00,,U,,
1762,27,27,952266440007,PROYECTOR,O/C Nº 477,28/12/2016,3024.21,1503.020303,EQUIPOS DE TELECOMUNICACIONES,R,EPSON,H723A,POWERLIFEX36,BLANCO,WFVAF5705441,,,,,,,,,09/03/2023 10:23:35,,U,,
1763,27,24,746481190119,SILLA FIJA DE MADERA,O/C Nº 8-00053,16/04/2010,80,1503.020102,MOBILIARIO DE OFICINA,R,,TAPIZ DE LONA,,CAOBA,,0.45X0.46X0.87,,,,,,,,'08/03/2023 11:44:02,,U,,
1764,27,27,746481190120,SILLA FIJA DE MADERA,O/C Nº 8-00053,16/04/2010,80,1503.020102,MOBILIARIO DE OFICINA,R,,TAPIZ DE LONA,,CAOBA,,0.45X0.46X0.87,,,,,,,,09/03/2023 10:18:02,,U,,
1765,27,27,746481190121,SILLA FIJA DE MADERA,O/C Nº 8-00053,16/04/2010,80,1503.020102,MOBILIARIO DE OFICINA,R,,TAPIZ DE LONA,,CAOBA,,0.45X0.46X0.87,,,,,,,,09/03/2023 10:08:55,,U,,
1766,27,45,746481190122,SILLA FIJA DE MADERA,O/C Nº 8-00053,16/04/2010,80,1503.020102,MOBILIARIO DE OFICINA,R,,TAPIZ DE LONA,,CAOBA,,0.45X0.46X0.87,,,,,,,,09/03/2023 11:46:47,,U,KEVIN MIDGUAR ARCE TAIRO,3
1767,27,27,746485260002,SILLA PLEGABLE DE METAL,SANEAR,31/12/2021,1,1503.020102,MOBILIARIO DE OFICINA,R,,,,ROJO,,0.40X0.42X0.84,,,,,,,,09/03/2023 10:13:13,,U,,
1768,27,27,740895000200,TECLADO - KEYBOARD,SANEAR,31/12/2021,1,1503.020301,EQUIPOS COMPUTACIONALES Y PERIFERICOS,R,DATAONE,DAT-425C,,NEGRO,,,,,,,,,,09/03/2023 10:15:56,,U,,
1769,27,27,740895000202,TECLADO - KEYBOARD,SANEAR,31/12/2021,86.1,1503.020301,EQUIPOS COMPUTACIONALES Y PERIFERICOS,M,MICRONICS,FOLIE,GAMER,NEGRO/ROJO,S/S,,,,,,,,,09/03/2023 10:10:58,,U,,
1770,27,27,740899500069,UNIDAD CENTRAL DE PROCESO - CPU,SANEAR,31/12/2021,1,1503.020301,EQUIPOS COMPUTACIONALES Y PERIFERICOS,M,LG,COREL I7,RAM: 4GB,NEGRO,32 BITS,,,,,,,,RAEE,09/03/2023 10:14:49,,U,,
1771,27,27,740899500128,UNIDAD CENTRAL DE PROCESO - CPU,O/C Nº 297,30/09/2015,5064.52,1503.020301,EQUIPOS COMPUTACIONALES Y PERIFERICOS,R,THERMALTAKE,CORE I7,RAM: 8GB,NEGRO,64 BITS,,,,,,,,,09/03/2023 10:09:40,,U,,
1772,28,28,532201600001,AGITADOR (OTROS),SANEAR,31/12/2021,1,1503.020402,EQUIPO MEDICO,M,SOILTEST,CL300A82728,CL300A82728,NEGRO,,,,,,,,,,10/03/2023 12:58:12,,U,KEVIN MIDGUAR ARCE TAIRO,3
1773,28,28,746406600008,ARMARIO DE METAL,SANEAR,31/12/2021,1,1503.020102,MOBILIARIO DE OFICINA,R,ODEXIONO,2 DIVISIONES,,BLANCO/PLOMO,,0.30X2.30X1.60,,,,,,,ELIMINAR,10/03/2023 11:58:01,,U,KEVIN MIDGUAR ARCE TAIRO,3
1774,28,28,602206860001,BALANZA DE PRECISION,SANEAR,31/12/2021,1,1503.020905,EQUIPOS E INSTRUMENTOS DE MEDICION,R,A&D,EK-6100I,EK-B1001,CREMA,6A4412883,,,,,,,,,10/03/2023 11:57:20,,U,KEVIN MIDGUAR ARCE TAIRO,3
1775,28,28,602207850001,BALANZA ELECTRONICA,SANEAR,31/12/2021,1,1503.020905,EQUIPOS E INSTRUMENTOS DE MEDICION,M,METLER TOLEDO,PB1502,,BLANCO,1114371821,,,,,,,,,10/03/2023 11:57:51,,U,KEVIN MIDGUAR ARCE TAIRO,3
1776,28,28,602207850002,BALANZA ELECTRONICA,O/C Nº 00160,18/12/2019,2569.32,1503.020905,EQUIPOS E INSTRUMENTOS DE MEDICION,B,,WT60001GF,,BLANCO/CELESTE,,,,,,,,,,10/03/2023 16:13:54,,U,KEVIN MIDGUAR ARCE TAIRO,3
1777,28,28,602207850003,BALANZA ELECTRONICA,O/C Nº 00160,18/12/2019,2569.32,1503.020905,EQUIPOS E INSTRUMENTOS DE MEDICION,M,OHASUS,RANGER,,PLOMO,,,,,,,,,,10/03/2023 16:40:57,,U,KEVIN MIDGUAR ARCE TAIRO,3
1778,28,28,602207850005,BALANZA ELECTRONICA,O/C Nº 37,20/03/2012,1800,1503.020905,EQUIPOS E INSTRUMENTOS DE MEDICION,R,OHAUS,NVL20000/1,,BLANCO,8332326359,,,,,,,,,10/03/2023 11:58:50,,U,KEVIN MIDGUAR ARCE TAIRO,3
1779,28,28,602207850009,BALANZA ELECTRONICA,SANEAR,31/12/2021,1,1503.020905,EQUIPOS E INSTRUMENTOS DE MEDICION,R,OHAUS,RANGER 3000 R30,,PLOMO,8340220414,,,,,,,,,10/03/2023 11:36:28,,U,KEVIN MIDGUAR ARCE TAIRO,3
1780,28,28,602208420002,BALANZA MECANICA,SANEAR,31/12/2021,1,1503.020905,EQUIPOS E INSTRUMENTOS DE MEDICION,M,OHAUS - SOILTET,HEAVY DIETY,,CREMA,,,,,,,,,,10/03/2023 13:20:43,,U,KEVIN MIDGUAR ARCE TAIRO,3
1781,28,28,672217740003,CALIBRADOR DE DILUCION DE GAS,SANEAR,31/12/2021,1,1503.020906,EQUIPOS PARA VEHICULOS,R,SOILTEST,RAD 80/CT-320,DE ESCLEROMETRO,DORADO,,,,,,,,,,10/03/2023 12:27:01,,U,KEVIN MIDGUAR ARCE TAIRO,3
1782,28,28,322225250001,COCINA ELECTRICA,SANEAR,31/12/2021,1,1503.020902,"ASEO, LIMPIEZA Y COCINA",R,PREMIER,,DOS HORNILLAS,BLANCO,,,,,,,,,,10/03/2023 12:21:40,,U,KEVIN MIDGUAR ARCE TAIRO,3
1783,28,28,322225250002,COCINA ELECTRICA,SANEAR,31/12/2021,1,1503.020902,"ASEO, LIMPIEZA Y COCINA",M,PREMIER,,02 HORNILLAS,BLANCO,,,,,,,,,,10/03/2023 12:21:46,,U,KEVIN MIDGUAR ARCE TAIRO,3
1784,28,28,602223970001,COPA DE CASA GRANDE - LIMITE LIQUIDO,SANEAR,31/12/2021,1,1503.020905,EQUIPOS E INSTRUMENTOS DE MEDICION,M,SOILTEST,CL-206,FALTA PROBETA,NEGRO,,,,,,,,,FALTA RANURADOR,10/03/2023 11:54:57,,U,KEVIN MIDGUAR ARCE TAIRO,3
1785,28,28,602223970004,COPA DE CASA GRANDE - LIMITE LIQUIDO,O/C Nª 114,10/07/2007,114.5,1503.020905,EQUIPOS E INSTRUMENTOS DE MEDICION,M,,TCPOO5,FALTA PROBETA,NEGRO,,,,,,,,,FALTA RANURADOR,10/03/2023 11:54:16,,U,KEVIN MIDGUAR ARCE TAIRO,3
1786,28,28,602223970005,COPA DE CASA GRANDE - LIMITE LIQUIDO,O/C Nª 225,23/08/2016,2448,1503.020905,EQUIPOS E INSTRUMENTOS DE MEDICION,M,ORION,COP 02 - (AASH),CAZUELA DE COPA,NEGRO,15012108FALTA CENSOR,,,,,,,,,10/03/2023 11:53:13,,U,KEVIN MIDGUAR ARCE TAIRO,3
1787,28,28,602230480011,DETERMINADOR DE DENSIDAD,SANEAR,31/12/2021,1,1503.020905,EQUIPOS E INSTRUMENTOS DE MEDICION,R,ORION,CONO DE ARENA,,BLANCO/PLATA,,,,,,,,,,10/03/2023 11:51:54,,U,KEVIN MIDGUAR ARCE TAIRO,3
1788,28,28,602230480012,DETERMINADOR DE DENSIDAD,SANEAR,31/12/2021,1,1503.020905,EQUIPOS E INSTRUMENTOS DE MEDICION,R,ORION,,,BLANCO/PLATA,,,,,,,,,,10/03/2023 11:52:36,,U,KEVIN MIDGUAR ARCE TAIRO,3
1789,28,28,602230480013,DETERMINADOR DE DENSIDAD,SANEAR,31/12/2021,1,1503.020905,EQUIPOS E INSTRUMENTOS DE MEDICION,R,ORION,,,BLANCO/PLATA,,,,,,,,,,10/03/2023 11:50:27,,U,KEVIN MIDGUAR ARCE TAIRO,3
1790,28,28,602236920002,EQUIPO DE NIVELACION DE SUELOS,SANEAR,31/12/2021,1,1503.020905,EQUIPOS E INSTRUMENTOS DE MEDICION,R,ELEINTERNATIONA,,E CORTE DIRECTO,PLOMO,1885-1-3230,1.25X0.55X1.29,,,,,,,,10/03/2023 11:07:48,,U,KEVIN MIDGUAR ARCE TAIRO,3
1791,28,28,42240480003,EQUIPO PARA ANALISIS DE SUELOS,SANEAR,31/12/2021,1,1503.020502,EQUIPO DE USO AGRICOLA Y PESQUERO,B,,PROCTOR MODIFIC,MARTILLO,TRANSPARENTE,STANDAR,,,,,,,,,10/03/2023 12:06:01,,U,KEVIN MIDGUAR ARCE TAIRO,3
1792,28,28,42240480005,EQUIPO PARA ANALISIS DE SUELOS,SANEAR,31/12/2021,1,1503.020502,EQUIPO DE USO AGRICOLA Y PESQUERO,R,BOROSILICATE,W-GERMANY,(FIOLA O PROBE),PLOMO,,,,,,,,,,10/03/2023 11:46:48,,U,KEVIN MIDGUAR ARCE TAIRO,3
1793,28,28,42240480006,EQUIPO PARA ANALISIS DE SUELOS,SANEAR,31/12/2021,1,1503.020502,EQUIPO DE USO AGRICOLA Y PESQUERO,R,IRIS INSTRUMENT,EQUIPO GEOFISI.,(FIOLA O PROBE),TRANSPARENTE,1168782184-358,,,,,,,,,10/03/2023 12:06:32,,U,KEVIN MIDGUAR ARCE TAIRO,3
1794,28,28,42240480007,EQUIPO PARA ANALISIS DE SUELOS,SANEAR,31/12/2021,1,1503.020502,EQUIPO DE USO AGRICOLA Y PESQUERO,R,NORMAX,PORTUGAL - BOR3,(FIOLA O PROBE),TRANSPARENTE,7 UNIDADES,,,,,,,,,10/03/2023 12:04:02,,U,KEVIN MIDGUAR ARCE TAIRO,3
1795,28,28,42240480008,EQUIPO PARA ANALISIS DE SUELOS,SANEAR,31/12/2021,1,1503.020502,EQUIPO DE USO AGRICOLA Y PESQUERO,R,NORMAX,PORTUGAL,MATRAS DE 500 L,TRANSPARENTE,,,,,,,,,FALTA TAPA,10/03/2023 11:44:43,,U,KEVIN MIDGUAR ARCE TAIRO,3
1796,28,28,42240480009,EQUIPO PARA ANALISIS DE SUELOS,SANEAR,31/12/2021,1,1503.020502,EQUIPO DE USO AGRICOLA Y PESQUERO,R,,,MORTERO GRANDE,TRANSPARENTE,,,,,,,,,,10/03/2023 12:06:39,,U,KEVIN MIDGUAR ARCE TAIRO,3
1797,28,28,42240480015,EQUIPO PARA ANALISIS DE SUELOS,O/C Nº 225,23/08/2016,485,1503.020502,EQUIPO DE USO AGRICOLA Y PESQUERO,R,ORION,"DIAMETRO 4 ½ N,","TAMIZ DE 08"" M.",TRANSPARENTE,16AF16,,,,,,,,,10/03/2023 12:06:43,,U,KEVIN MIDGUAR ARCE TAIRO,3
1798,28,28,42240480016,EQUIPO PARA ANALISIS DE SUELOS,O/C Nº 225,23/08/2016,485,1503.020905,EQUIPOS E INSTRUMENTOS DE MEDICION,R,ORION,"DIAMETRO 4 ½ N,","TAMIZ DE 08"" M.",TRANSPARENTE,16AF17,,,,,,,,,10/03/2023 12:06:49,,U,KEVIN MIDGUAR ARCE TAIRO,3
1799,28,28,42240480017,EQUIPO PARA ANALISIS DE SUELOS,SANEAR,31/12/2021,1,1503.020502,EQUIPO DE USO AGRICOLA Y PESQUERO,M,GERMANY,500ML,FIOLA O PROBETL,TRANSPARENTE,FIOLA,,,,,,,,BAJA,10/03/2023 11:42:28,,U,KEVIN MIDGUAR ARCE TAIRO,3
1800,28,28,42240480018,EQUIPO PARA ANALISIS DE SUELOS,SANEAR,31/12/2021,1,1503.020502,EQUIPO DE USO AGRICOLA Y PESQUERO,B,GERMANY,500ML,FIOLA O PROBETL,TRANSPARENTE,,,,,,,,,,10/03/2023 11:43:23,,U,KEVIN MIDGUAR ARCE TAIRO,3
1801,28,28,42240480019,EQUIPO PARA ANALISIS DE SUELOS,SANEAR,31/12/2021,1,1503.020502,EQUIPO DE USO AGRICOLA Y PESQUERO,M,GERMANY,500ML,FIOLA O PROBETL,TRANSPARENTE,,,,,,,,,,10/03/2023 11:42:56,,U,KEVIN MIDGUAR ARCE TAIRO,3
1802,28,28,42240480022,EQUIPO PARA ANALISIS DE SUELOS,SANEAR,31/12/2021,1,1503.020502,EQUIPO DE USO AGRICOLA Y PESQUERO,R,,MEDIANO,MORTERO,TRANSPARENTE,,,,,,,,,,10/03/2023 12:06:56,,U,KEVIN MIDGUAR ARCE TAIRO,3
1803,28,28,42240480023,EQUIPO PARA ANALISIS DE SUELOS,SANEAR,31/12/2021,1,1503.020502,EQUIPO DE USO AGRICOLA Y PESQUERO,R,TECNICAS CP,1000ML,,TRANSPARENTE,,,,,,,,,,10/03/2023 11:38:41,,U,KEVIN MIDGUAR ARCE TAIRO,3
1804,28,28,42240480024,EQUIPO PARA ANALISIS DE SUELOS,SANEAR,31/12/2021,1,1503.020502,EQUIPO DE USO AGRICOLA Y PESQUERO,M,TECNICAS CP,1000ML,,TRANSPARENTE,,,,,,,,,,10/03/2023 11:37:55,,U,KEVIN MIDGUAR ARCE TAIRO,3
1805,28,28,42240480025,EQUIPO PARA ANALISIS DE SUELOS,SANEAR,31/12/2021,1,1503.020502,EQUIPO DE USO AGRICOLA Y PESQUERO,R,TECNICAS CP,1000ML,,TRANSPARENTE,,,,,,,,,,10/03/2023 11:39:10,,U,KEVIN MIDGUAR ARCE TAIRO,3
1806,28,28,42240480026,EQUIPO PARA ANALISIS DE SUELOS,SANEAR,31/12/2021,1,1503.020502,EQUIPO DE USO AGRICOLA Y PESQUERO,M,TECNICAS CP,1000ML,,TRANSPARENTE,,,,,,,,,BAJA,10/03/2023 11:46:20,,U,KEVIN MIDGUAR ARCE TAIRO,3
1807,28,28,42240480027,EQUIPO PARA ANALISIS DE SUELOS,SANEAR,31/12/2021,1,1503.020502,EQUIPO DE USO AGRICOLA Y PESQUERO,R,BOECO,GERMANY,MATRAZ DE 500ML,TRANSPARENTE,,,,,,,,,FALTA TAPA,10/03/2023 11:43:54,,U,KEVIN MIDGUAR ARCE TAIRO,3
1808,28,28,602237420001,EQUIPO PARA DETERMINAR EQUIVALENTE DE ARENA,O/C Nº 154,4/07/2012,1586,1503.020905,EQUIPOS E INSTRUMENTOS DE MEDICION,R,FORNEY,,ESTUCHE CAJA,CAFÉ,1629,,,,,,,,LAB.,10/03/2023 12:03:27,,U,KEVIN MIDGUAR ARCE TAIRO,3
1809,28,28,746437450023,ESCRITORIO DE MELAMINA,O/C Nº 30,4/03/2016,990,1503.020102,MOBILIARIO DE OFICINA,B,,GERENCIAL,,NEGRO/BEIGE,,1.43X0.70X0.77,,,,,,,LAB SUELOS,10/03/2023 11:30:41,,U,KEVIN MIDGUAR ARCE TAIRO,3
1810,28,3,746437790047,ESCRITORIO DE METAL,SANEAR,31/12/2021,1,1503.020102,MOBILIARIO DE OFICINA,R,,4 GAVETAS,,PLOMO/NEGRO,,0.73X1.16X0.74,,,,,,,MEJ. RIEGO DE AGUA CALLAZA - HUACULLANI,07/03/2023 02:04:46,,U,user user user,1
1811,28,28,462252150126,ESTABILIZADOR,SANEAR,31/12/2021,1,1503.020904,ELECTRICIDAD Y ELECTRONICA,M,BELTRON,AVR,1000W,ROJO,,,,,,,,,MEJ. RIEGO DE AGUA CALLAZA - HUACULLANI,10/03/2023 11:30:02,,U,KEVIN MIDGUAR ARCE TAIRO,3
1812,28,28,746441520007,ESTANTE DE MELAMINA,O/C Nº 30,4/03/2016,950,1503.020102,MOBILIARIO DE OFICINA,B,,5 NIVELES/2 DIS,,NEGRO/BEIGE,,1.23X0.32X2.01,,,,,,,MEJ. RIEGO DE AGUA CALLAZA - HUACULLANI,10/03/2023 11:39:36,,U,KEVIN MIDGUAR ARCE TAIRO,3
1813,28,28,882225250001,EXTINTOR,SANEAR,31/12/2021,1,1503.020903,SEGURIDAD INDUSTRIAL,M,FADEX,,,ROJO,,,,,,,,,SIN RECARGA,10/03/2023 13:14:51,,U,KEVIN MIDGUAR ARCE TAIRO,3
1814,28,28,462261830013,GENERADOR (OTROS),O/C Nº 311,22/10/2015,3350,1503.020904,ELECTRICIDAD Y ELECTRONICA,M,HONDA,EP 2500 CX,ELECTRICO,ROJO/NEGRO,JH168F GCAAH-4491462,,,,,,,,,10/03/2023 13:16:33,,U,KEVIN MIDGUAR ARCE TAIRO,3
1815,28,28,322257950003,HORNO ELECTRICO,SANEAR,31/12/2021,1,1503.020902,"ASEO, LIMPIEZA Y COCINA",M,P SELECTA,ZZ0,FALTA VARILEJO,BLANCO,2A2651,,,,,,,,FALTA CONECTOR,10/03/2023 12:55:07,,U,KEVIN MIDGUAR ARCE TAIRO,3
1816,28,28,322257950006,HORNO ELECTRICO,SANEAR,31/12/2021,1,1503.020902,"ASEO, LIMPIEZA Y COCINA",M,MEMMERT,DIU-4005-1P20,DIU-40050-1P20,PLOMO,ZTE A302,,,,,,,,LAB.,10/03/2023 12:51:46,,U,KEVIN MIDGUAR ARCE TAIRO,3
1817,28,28,742232610004,MAQUINA ANILLADORA PERFORADORA,O/C Nª 316,21/11/2014,798,1503.020101,MAQUINAS Y EQUIPOS DE OFICINA,R,JAAMSA,ESPIRIMATIC,,PLOMO,,,,,,,,,LAB.,10/03/2023 12:36:02,,U,KEVIN MIDGUAR ARCE TAIRO,3
1818,28,28,675060580001,MAQUINA PARA MOLDEAR,SANEAR,31/12/2021,1,1503.020999,"MAQUINARIAS, EQUIPOS Y MOBILIARIOS DE OTRAS INSTALACIONES",M,,,P´ HALLAR PESOO,PLOMO,,,,,,,,,LAB.,10/03/2023 12:29:33,,U,KEVIN MIDGUAR ARCE TAIRO,3
1819,28,28,675060580002,MAQUINA PARA MOLDEAR,SANEAR,31/12/2021,1,1503.020999,"MAQUINARIAS, EQUIPOS Y MOBILIARIOS DE OTRAS INSTALACIONES",M,,,P´ HALLAR PESOO,PLOMO,,,,,,,,,LAB.,10/03/2023 12:30:14,,U,KEVIN MIDGUAR ARCE TAIRO,3
1820,28,28,602255370004,MEDIDOR (OTROS),SANEAR,31/12/2021,1,1503.020905,EQUIPOS E INSTRUMENTOS DE MEDICION,R,ELE,315-X8,MEDIDOR DIGITAL,PLATEADO,221315,,,,,,,,LAB.,10/03/2023 12:30:58,,U,KEVIN MIDGUAR ARCE TAIRO,3
1821,28,28,746450680004,MESA DE METAL,SANEAR,31/12/2021,1,1503.020102,MOBILIARIO DE OFICINA,R,,,,CAFÉ/PLOMO,,0.50X1.80X0.50,,,,,,,,10/03/2023 12:57:24,,U,KEVIN MIDGUAR ARCE TAIRO,3
1822,28,28,746454580004,MESITA DE MADERA,SANEAR,31/12/2021,1,1503.020102,MOBILIARIO DE OFICINA,M,,,,PLOMO,,0.50X0.67X0.74,,,,,,,MEJ. RIEGO DE AGUA VILQUECHICO-HUANCANE,10/03/2023 11:25:20,,U,KEVIN MIDGUAR ARCE TAIRO,3
1823,28,28,746456780010,MESITA DE METAL PARA MAQUINA DE ESCRIBIR,SANEAR,31/12/2021,1,1503.020102,MOBILIARIO DE OFICINA,M,,RODANTE,,NEGRO/CAFE,,,,,,,,,BAJA,10/03/2023 13:24:08,,U,KEVIN MIDGUAR ARCE TAIRO,3
1824,28,28,746460850014,MODULO DE MADERA PARA MICROCOMPUTADORA,SANEAR,31/12/2021,1,1503.020102,MOBILIARIO DE OFICINA,M,,,,BLANCO,,0.54X1.12X0.75,,,,,,,MEJ. SERV. AGUA DEL SIST. RIEGO TREBOL,10/03/2023 11:27:47,,U,KEVIN MIDGUAR ARCE TAIRO,3
1825,28,28,746460850018,MODULO DE MADERA PARA MICROCOMPUTADORA,SANEAR,31/12/2021,1,1503.020102,MOBILIARIO DE OFICINA,R,,,,CAFÉ,,0.49X1.20X0.79,,,,,,,LAB.,10/03/2023 12:36:44,,U,KEVIN MIDGUAR ARCE TAIRO,3
1826,28,28,602263960001,MUESTRADOR DE CAMPO MOTORIZADO,O/C N°000004,11/01/2013,38350,1503.020905,EQUIPOS E INSTRUMENTOS DE MEDICION,R,ELE SOILTETS,CONO PECK,INCLUYE CABESTA,ANARANJADO,1.20218E+12,,,,,,,,,10/03/2023 13:18:14,,U,KEVIN MIDGUAR ARCE TAIRO,3
1827,28,28,952260580041,PARLANTES EN GENERAL (MAYOR A 1/8 UIT),SANEAR,31/12/2021,1,1503.020303,EQUIPOS DE TELECOMUNICACIONES,M,MICROSOFT,,,NEGRO,90810001050,,,,,,,,ELIMINAR,10/03/2023 11:36:00,,U,KEVIN MIDGUAR ARCE TAIRO,3
1828,28,28,602268290001,PICNOMETRO,SANEAR,31/12/2021,1,1503.020905,EQUIPOS E INSTRUMENTOS DE MEDICION,R,ELEINTERNACIONAL,,,DORADO,,,,,,,,,,10/03/2023 11:41:11,,U,KEVIN MIDGUAR ARCE TAIRO,3
1829,28,28,746473050019,PIZARRA ACRILICA,SANEAR,31/12/2021,1,1503.020102,MOBILIARIO DE OFICINA,M,,,,BLANCO,,1.20X1.65,,,,,,,MEJ. SERV. AGUA DEL SIST. RIEGO TREBOL,10/03/2023 11:22:25,,U,KEVIN MIDGUAR ARCE TAIRO,3
1830,28,28,746475770001,PLANOTECA DE MADERA,SANEAR,31/12/2021,1,1503.020102,MOBILIARIO DE OFICINA,M,,5 GAV,,CAFE,,0.81X1.40X0.90,,,,,,,,10/03/2023 13:16:16,,U,KEVIN MIDGUAR ARCE TAIRO,3
1831,28,28,675083000001,PRENSA HIDRAULICA,SANEAR,31/12/2021,1,1503.020999,"MAQUINARIAS, EQUIPOS Y MOBILIARIOS DE OTRAS INSTALACIONES",M,,,,PLOMO,CT-750-234,,,,,,,,LAB.,10/03/2023 13:14:05,,U,KEVIN MIDGUAR ARCE TAIRO,3
1832,28,28,742280770002,REFRENDADOR,SANEAR,31/12/2021,1,1503.020101,MAQUINAS Y EQUIPOS DE OFICINA,M,TAMI EQUIPO LTA,,,PLATA/NEGRO,,,,,,,,,MEJ. SERV. AGUA DEL SIST. RIEGO TREBOL,10/03/2023 12:26:17,,U,KEVIN MIDGUAR ARCE TAIRO,3
1833,28,28,746481190017,SILLA FIJA DE MADERA,SANEAR,31/12/2021,1,1503.020102,MOBILIARIO DE OFICINA,M,,,,CAOBA,,0.40X0.41X0.90,,,,,,,MEJ. SERV. AGUA DEL SIST. RIEGO TREBOL,10/03/2023 13:17:53,,U,KEVIN MIDGUAR ARCE TAIRO,3
1834,28,28,746481870032,SILLA FIJA DE METAL,SANEAR,31/12/2021,1,1503.020102,MOBILIARIO DE OFICINA,M,,,,NEGRO,,0.37X0.37X0.82,,,,,,,LAB.,10/03/2023 11:33:04,,U,KEVIN MIDGUAR ARCE TAIRO,3
1835,28,28,746481870035,SILLA FIJA DE METAL,SANEAR,31/12/2021,1,1503.020102,MOBILIARIO DE OFICINA,R,,,,NEGRO,,0.42X0.42X0.87,,,,,,,,10/03/2023 13:14:55,,U,KEVIN MIDGUAR ARCE TAIRO,3
1836,28,28,675090150001,TAMIZADOR ELECTRICO,O/C Nº 114,10/07/2007,206.17,1503.020999,"MAQUINARIAS, EQUIPOS Y MOBILIARIOS DE OTRAS INSTALACIONES",R,,TAMIZ N° 30,"TAMIZ DE ACERO""",PLATEADO,,,,,,,,,SOLO PLATILLOS,10/03/2023 12:15:41,RECODIFICAR POR JUEGO,U,KEVIN MIDGUAR ARCE TAIRO,3
1837,28,28,675090150002,TAMIZADOR ELECTRICO,SANEAR,31/12/2021,1,1503.020999,"MAQUINARIAS, EQUIPOS Y MOBILIARIOS DE OTRAS INSTALACIONES",M,ELE INTERNACIOL,TAMIZ N° 200,TAMIZ  LAVADO,DORADO,,,,,,,,,SOLO PLATILLOS,10/03/2023 12:12:15,RECODIFICAR POR JUEGO,U,KEVIN MIDGUAR ARCE TAIRO,3
1838,28,28,676466670028,TANQUE DE POLIETILENO PARA AGUA,SANEAR,31/12/2021,1,1503.020102,MOBILIARIO DE OFICINA,M,ROTOPLAS,,,NEGRO,,1100 LTS.,,,,,,,,10/03/2023 13:14:37,,U,KEVIN MIDGUAR ARCE TAIRO,3
1839,29,29,746441180009,ESTANTE DE MADERA,SANEAR,31/12/2021,1,1503.020102,MOBILIARIO DE OFICINA,M,,2 PUERTAS,,PLOMO,,,,,,,,,,05/03/2023 18:08:55,,U,,
1840,29,29,746481190003,SILLA FIJA DE MADERA,SANEAR,31/12/2021,1,1503.020102,MOBILIARIO DE OFICINA,M,,,,MADERA,,,,,,,,,,05/03/2023 17:42:59,,U,,
1841,29,29,746481870012,SILLA FIJA DE METAL,SANEAR,31/12/2021,1,1503.020102,MOBILIARIO DE OFICINA,M,,,,NEGRO,,,,,,,,,,05/03/2023 18:04:02,,U,,
1842,29,29,746481870016,SILLA FIJA DE METAL,SANEAR,31/12/2021,1,1503.020102,MOBILIARIO DE OFICINA,M,,,,NEGRO,,,,,,,,,,05/03/2023 17:54:05,,U,,
1843,29,31,746481870017,SILLA FIJA DE METAL,SANEAR,31/12/2021,1,1503.020102,MOBILIARIO DE OFICINA,M,,,,NEGRO,,,,,,,,,,07/03/2023 02:23:41,,U,user user user,1
1844,29,29,746481870018,SILLA FIJA DE METAL,SANEAR,31/12/2021,1,1503.020102,MOBILIARIO DE OFICINA,M,,,,NEGRO,,,,,,,,,,05/03/2023 17:51:45,,U,,
1845,29,29,746481870019,SILLA FIJA DE METAL,SANEAR,31/12/2021,1,1503.020102,MOBILIARIO DE OFICINA,M,,,,NEGRO,,,,,,,,,,05/03/2023 18:03:12,,U,,
1846,29,29,746481870021,SILLA FIJA DE METAL,SANEAR,31/12/2021,1,1503.020102,MOBILIARIO DE OFICINA,M,,,,NEGRO,,,,,,,,,,05/03/2023 17:43:27,,U,,
1847,29,29,746481870023,SILLA FIJA DE METAL,SANEAR,31/12/2021,1,1503.020102,MOBILIARIO DE OFICINA,M,,,,NEGRO,,,,,,,,,,05/03/2023 17:56:02,,U,,
1848,29,29,746481870028,SILLA FIJA DE METAL,SANEAR,31/12/2021,1,1503.020102,MOBILIARIO DE OFICINA,M,,,,NEGRO,,,,,,,,,,05/03/2023 18:02:36,,U,,
1849,29,29,746481870029,SILLA FIJA DE METAL,SANEAR,31/12/2021,1,1503.020102,MOBILIARIO DE OFICINA,M,,,,NEGRO,,,,,,,,,,05/03/2023 18:03:48,,U,,
1850,29,,746481870030,SILLA FIJA DE METAL,SANEAR,31/12/2021,1,1503.020102,MOBILIARIO DE OFICINA,M,,,,NEGRO,,,,,,,,,,,,U,,
1851,29,29,746481870031,SILLA FIJA DE METAL,SANEAR,31/12/2021,1,1503.020102,MOBILIARIO DE OFICINA,M,,,,NEGRO,,,,,,,,,,05/03/2023 17:55:02,,U,,
1852,29,29,746481870038,SILLA FIJA DE METAL,SANEAR,31/12/2021,1,1503.020102,MOBILIARIO DE OFICINA,M,,,,NEGRO,,,,,,,,,,05/03/2023 18:01:07,,U,,
1853,29,29,746481870047,SILLA FIJA DE METAL,SANEAR,31/12/2021,1,1503.020102,MOBILIARIO DE OFICINA,M,,,,NEGRO,,,,,,,,,,05/03/2023 17:56:58,,U,,
1854,29,29,746481870048,SILLA FIJA DE METAL,SANEAR,31/12/2021,1,1503.020102,MOBILIARIO DE OFICINA,M,,,,NEGRO,,,,,,,,,,05/03/2023 18:02:15,,U,,
1855,29,29,746481870066,SILLA FIJA DE METAL,SANEAR,31/12/2021,1,1503.020102,MOBILIARIO DE OFICINA,M,,,,NEGRO,,,,,,,,,,05/03/2023 18:01:46,,U,,
1856,29,29,746481870067,SILLA FIJA DE METAL,SANEAR,31/12/2021,1,1503.020102,MOBILIARIO DE OFICINA,M,,,,NEGRO,,,,,,,,,,05/03/2023 17:52:50,,U,,
1857,29,29,746481870071,SILLA FIJA DE METAL,SANEAR,31/12/2021,1,1503.020102,MOBILIARIO DE OFICINA,M,,,,NEGRO,,,,,,,,,,05/03/2023 17:57:32,,U,,
1858,29,29,746481870074,SILLA FIJA DE METAL,SANEAR,31/12/2021,1,1503.020102,MOBILIARIO DE OFICINA,M,,,,NEGRO,,,,,,,,,,05/03/2023 18:04:54,,U,,
1859,29,29,746481870077,SILLA FIJA DE METAL,SANEAR,31/12/2021,1,1503.020102,MOBILIARIO DE OFICINA,M,,,,NEGRO,,,,,,,,,,05/03/2023 17:53:32,,U,,
1860,29,29,746481870081,SILLA FIJA DE METAL,SANEAR,31/12/2021,1,1503.020102,MOBILIARIO DE OFICINA,M,,,,NEGRO,,,,,,,,,,05/03/2023 18:08:08,,U,,
1861,29,29,746481870082,SILLA FIJA DE METAL,SANEAR,31/12/2021,1,1503.020102,MOBILIARIO DE OFICINA,M,,,,NEGRO,,,,,,,,,,05/03/2023 17:54:51,,U,,
1862,29,29,746481870092,SILLA FIJA DE METAL,SANEAR,31/12/2021,1,1503.020102,MOBILIARIO DE OFICINA,M,,,,NEGRO,,,,,,,,,,05/03/2023 17:43:34,,U,,
1863,29,29,746481870093,SILLA FIJA DE METAL,SANEAR,31/12/2021,1,1503.020102,MOBILIARIO DE OFICINA,M,,,,NEGRO,,,,,,,,,,05/03/2023 17:57:52,,U,,
1864,29,29,746481870095,SILLA FIJA DE METAL,SANEAR,31/12/2021,1,1503.020102,MOBILIARIO DE OFICINA,M,,,,NEGRO,,,,,,,,,,05/03/2023 18:00:52,,U,,
1865,29,29,746481870103,SILLA FIJA DE METAL,SANEAR,31/12/2021,1,1503.020102,MOBILIARIO DE OFICINA,M,,,,NEGRO,,,,,,,,,,05/03/2023 17:43:21,,U,,
1866,29,,746481870111,SILLA FIJA DE METAL,SANEAR,31/12/2021,1,1503.020102,MOBILIARIO DE OFICINA,M,,,,NEGRO,,,,,,,,,,,,U,,
1867,29,29,746483900108,SILLA GIRATORIA DE METAL,O/C Nº 000161,12/04/2013,220,1503.020102,MOBILIARIO DE OFICINA,M,,,,NEGRO,,,,,,,,,,05/03/2023 18:09:47,,U,,
1868,29,29,746487970009,SILLON FIJO DE METAL,SANEAR,31/12/2021,1,1503.020102,MOBILIARIO DE OFICINA,M,,,,NEGRO,,,,,,,,,,05/03/2023 17:49:51,,U,,
1869,29,29,746489330003,SILLON GIRATORIO DE METAL,O/C Nº 000310,15/11/2012,180,1503.020102,MOBILIARIO DE OFICINA,M,,,,AMARILLO,,,,,,,,,,05/03/2023 18:09:44,,U,,
1870,39,55,675001050002,AMOLADORA,O/C N° 00220,17/08/2020,280,1503.020999,"MAQUINARIAS, EQUIPOS Y MOBILIARIOS DE OTRAS INSTALACIONES",M,CROWN,CT15031,,PLOMO,12060200177,,,,,,,,,15/03/2023 18:22:22,,U,KEVIN MIDGUAR ARCE TAIRO,3
1871,39,28,602207850004,BALANZA ELECTRONICA,O/C Nº 00177,27/07/2020,190,1503.020905,EQUIPOS E INSTRUMENTOS DE MEDICION,M,OHAUS,NVL20000/1,,CREMA,,,,,,,,,,10/03/2023 11:59:22,,U,KEVIN MIDGUAR ARCE TAIRO,3
1872,39,,676466670011,TANQUE DE POLIETILENO PARA AGUA,O/C Nº 00023,29/01/2020,420,1503.020102,MOBILIARIO DE OFICINA,R,,,,,,1000 LTS.,,,,,,,,,,U,,
1873,39,,676466670012,TANQUE DE POLIETILENO PARA AGUA,O/C Nº 00023,29/01/2020,420,1503.020102,MOBILIARIO DE OFICINA,R,,,,,,1000 LTS.,,,,,,,,,,U,,
1874,39,,676466670015,TANQUE DE POLIETILENO PARA AGUA,SANEAR,31/12/2021,1,1503.020102,MOBILIARIO DE OFICINA,R,,,,,,,,,,,,,,,,U,,
1875,39,,602292810002,TERMOMETRO INFRARROJO,O/C-00117,19/03/2021,195.9,1503.020402,EQUIPO,,,,,,,,,,,,,,,,,U,,
1876,39,,532288390001,OXIMETRO,O/C-00117,19/03/2021,165,,,,,,,,,,,,,,,,,,,U,,
1877,39,,532288390002,OXIMETRO,O/C-00117,19/03/2021,165,,,,,,,,,,,,,,,,,,,U,,
1878,39,,672237960001,ENGRAPADOR INDUSTRIAL,O/C Nº 81,17/10/2022,320,1503.020999,"MAQUINARIAS, EQUIPOS Y MOBILIARIOS DE OTRAS INSTALACIONES",,,,,,,,,,,,,,,,,U,,
1879,39,,602292810003,TERMOMETRO INFRARROJO,O/C Nº 00169,21/03/2022,138,1503.020402,EQUIPO,,,,,,,,,,,,,,,,,U,,
1880,39,,673615470001,COMPACTADOR,O/C Nº 153,11/03/2022,4100,,,,HONDA,,,,,,,,,,,,,,,U,,
1881,39,,602292810005,TERMOMETRO INFRARROJO,O/C Nº 00127,26/02/2022,79.9,,,,,,,,,,,,,,,,,,,U,,
1882,39,,672237960002,ENGRAPADOR INDUSTRIAL,O/C Nº 95,17/02/2022,190,1503.020999,"MAQUINARIAS, EQUIPOS Y MOBILIARIOS DE OTRAS INSTALACIONES",,,,,,,,,,,,,,,,,U,,
1883,39,,672282100001,PERFORADORA INDUSTRIAL,O/C Nª 000095,17/02/2022,280,1503.020101,MAQUINAS Y EQUIPOS DE OFICINA,,ARTESCO,,,,,,,,,,,,,,,U,,
1884,39,,672282100001,PERFORADORA INDUSTRIAL,O/C Nª 000083,15/02/2022,280,1503.020101,MAQUINAS Y EQUIPOS DE OFICINA,,ARTESCO,,,,,,,,,,,,,,,U,,
1885,39,,672237960003,ENGRAPADOR INDUSTRIAL,O/C Nº 290,26/05/2022,220,1503.020999,"MAQUINARIAS, EQUIPOS Y MOBILIARIOS DE OTRAS INSTALACIONES",,,,,,,,,,,,,,,,,U,,
1886,39,,672237960004,ENGRAPADOR INDUSTRIAL,O/C Nº 271,16/05/2022,220,1503.020999,"MAQUINARIAS, EQUIPOS Y MOBILIARIOS DE OTRAS INSTALACIONES",,,,,,,,,,,,,,,,,U,,
1887,39,,672237960005,ENGRAPADOR INDUSTRIAL,O/C Nº 264,12/05/2022,220,,,,,,,,,,,,,,,,,,,U,,
1888,30,30,746403890010,ARCHIVADOR DE METAL,SANEAR,31/12/2021,1,1503.020102,MOBILIARIO DE OFICINA,R,,4 GAVETAS,,PLOMO,,0.49X0.66X1.32,,,,,,,,09/03/2023 18:14:53,,U,KEVIN MIDGUAR ARCE TAIRO,3
1889,30,30,746405920003,ARMARIO DE MADERA,SANEAR,31/12/2021,1,1503.020102,MOBILIARIO DE OFICINA,R,,2 PUERTAS,,CAFÉ/AMARILLO,,0.42X0.80X1.75,,,,,,,,09/03/2023 15:46:55,,U,KEVIN MIDGUAR ARCE TAIRO,3
1890,30,30,746406260001,ARMARIO DE MELAMINA,O/C Nº 8-00053,16/04/2010,450,1503.020102,MOBILIARIO DE OFICINA,R,,2 PUERTAS,,NEGRO/CAFÉ,,0.40X0.80X1.83,,,,,,,,09/03/2023 17:30:55,,U,KEVIN MIDGUAR ARCE TAIRO,3
1891,30,,742208970015,CAMARA FOTOGRAFICA DIGITAL,O/C Nº 151,7/07/2015,1650,1503.020101,MAQUINAS Y EQUIPOS DE OFICINA,R,SONY,DC-H400,,NEGRO,148285,,,,,,,,,,,U,,
1892,30,37,742223580026,EQUIPO MULTIFUNCIONAL COPIADORA IMPRESORA SCANNER Y/O FAX,O/C Nº 162,31/12/2021,1087,1503.020101,MAQUINAS Y EQUIPOS DE OFICINA,R,EPSON,L 555,C463B,NEGRO,S4XY068584,,,,,,,,,09/03/2023 10:03:13,,U,user user user,1
1893,30,30,746437120016,ESCRITORIO DE MADERA,SANEAR,31/12/2021,1,1503.020102,MOBILIARIO DE OFICINA,M,,4 GAVETAS,,CAFE,,1.45X0.68X0.75,,,,,,,,09/03/2023 18:06:52,,U,KEVIN MIDGUAR ARCE TAIRO,3
1894,30,45,746437120046,ESCRITORIO DE MADERA,O/C Nº 8-00053,16/04/2010,370,1503.020102,MOBILIARIO DE OFICINA,R,,3 GAVETAS,,MADERA,,,,,,,,,,09/03/2023 11:09:41,,U,KEVIN MIDGUAR ARCE TAIRO,3
1895,30,30,746437790018,ESCRITORIO DE METAL,SANEAR,31/12/2021,1,1503.020102,MOBILIARIO DE OFICINA,R,,,,PLOMO/NEGRO,,1.20X0.75X0.75,,,,,,,,09/03/2023 17:38:17,,U,KEVIN MIDGUAR ARCE TAIRO,3
1896,30,30,462252150014,ESTABILIZADOR,SANEAR,31/12/2021,1,1503.020904,ELECTRICIDAD Y ELECTRONICA,R,ALTRON,,CUÑA,NEGRO,80509673,,,,,,,,,09/03/2023 15:47:34,,U,KEVIN MIDGUAR ARCE TAIRO,3
1897,30,30,462252150046,ESTABILIZADOR,SANEAR,31/12/2021,1,1503.020904,ELECTRICIDAD Y ELECTRONICA,R,POWER,PU1200,,NEGRO,,,,,,,,,,09/03/2023 15:54:08,,U,KEVIN MIDGUAR ARCE TAIRO,3
1898,30,30,462252150130,ESTABILIZADOR,SANEAR,31/12/2021,1,1503.020904,ELECTRICIDAD Y ELECTRONICA,R,,LE601,,BLANCO,,,,,,,,,,09/03/2023 15:58:08,,U,KEVIN MIDGUAR ARCE TAIRO,3
1899,30,30,746441860039,ESTANTE DE METAL,SANEAR,31/12/2021,1,1503.020102,MOBILIARIO DE OFICINA,R,,6 NIV RANURADO,,BLANCO/PLOMO,,0.30X1.14X2.40,,,,,,,,09/03/2023 17:22:52,,U,KEVIN MIDGUAR ARCE TAIRO,3
1900,30,30,746441860040,ESTANTE DE METAL,SANEAR,31/12/2021,1,1503.020102,MOBILIARIO DE OFICINA,R,,6 NIV RANURADO,,BLANCO/PLOMO,,0.30X1.14X2.40,,,,,,,,09/03/2023 15:42:48,,U,KEVIN MIDGUAR ARCE TAIRO,3
1901,30,30,746441860041,ESTANTE DE METAL,SANEAR,31/12/2021,1,1503.020102,MOBILIARIO DE OFICINA,R,,6 NIV RANURADO,,BLANCO/NARANJA,,0.30X1.14X2.40,,,,,,,,09/03/2023 17:19:51,,U,KEVIN MIDGUAR ARCE TAIRO,3
1902,30,30,746441860042,ESTANTE DE METAL,SANEAR,31/12/2021,1,1503.020102,MOBILIARIO DE OFICINA,R,,6 NIV RANURADO,,BLANCO/NARANJA,,0.30X1.14X2.40,,,,,,,,09/03/2023 17:19:30,,U,KEVIN MIDGUAR ARCE TAIRO,3
1903,30,30,746441860043,ESTANTE DE METAL,SANEAR,31/12/2021,1,1503.020102,MOBILIARIO DE OFICINA,R,,6 NIV RANURADO,,BLANCO/PLOMO,,0.30X1.14X2.40,,,,,,,ELIMINAR,09/03/2023 17:15:24,,U,KEVIN MIDGUAR ARCE TAIRO,3
1904,30,30,746441860044,ESTANTE DE METAL,SANEAR,31/12/2021,1,1503.020102,MOBILIARIO DE OFICINA,R,,6 NIV RANURADO,,BLANCO/PLOMO,,0.30X1.14X2.40,,,,,,,,09/03/2023 17:30:39,,U,KEVIN MIDGUAR ARCE TAIRO,3
1905,30,30,746441860045,ESTANTE DE METAL,SANEAR,31/12/2021,1,1503.020102,MOBILIARIO DE OFICINA,R,,6 NIV RANURADO,,BLANCO/PLOMO,,0.30X1.14X2.40,,,,,,,ELIMINAR,09/03/2023 17:15:54,,U,KEVIN MIDGUAR ARCE TAIRO,3
1906,30,30,746441860046,ESTANTE DE METAL,SANEAR,31/12/2021,1,1503.020102,MOBILIARIO DE OFICINA,R,,6 DIVI RANURAD,,BLANCO/PLOMO,,2.40X0.30X1.14,,,,,,,,09/03/2023 15:42:56,,U,KEVIN MIDGUAR ARCE TAIRO,3
1907,30,,740832000018,IMPRESORA (OTRAS),O/C Nª 5,24/04/2009,452.4,1503.020301,EQUIPOS COMPUTACIONALES Y PERIFERICOS,M,HP,LASERJET P1006,,PLOMO/NEGRO,VNC4B62020P1006,,,,,,,,,,,U,,
1908,30,,740832000024,IMPRESORA (OTRAS),O/C Nª 8-00002,24/02/2010,475,1503.020301,EQUIPOS COMPUTACIONALES Y PERIFERICOS,R,HP,LASERJET P1006,,NEGRO/PLOMO,VNF35677,,,,,,,,,,,U,,
1909,30,,746460170020,MODULO DE MADERA,SANEAR,31/12/2021,1,1503.020102,MOBILIARIO DE OFICINA,R,,2 NIVELES,,CAFÉ,,0.30X1.23X0.80,,,,,,,,,,U,,
1910,30,45,746460980001,MODULO DE MELAMINA,O/C N°000199,1/08/2012,350,1503.020102,MOBILIARIO DE OFICINA,R,,3 GAVETAS,,CEDRO/NEGRO,,0.50X1.13X1.80,,,,,,,,09/03/2023 11:08:09,,U,KEVIN MIDGUAR ARCE TAIRO,3
1911,30,30,746460980005,MODULO DE MELAMINA,O/C N°000199,1/08/2012,350,1503.020102,MOBILIARIO DE OFICINA,R,,3 GAVETAS,,CEDRO/NEGRO,,0.50X1.13X1.80,,,,,,,,09/03/2023 17:19:00,,U,KEVIN MIDGUAR ARCE TAIRO,3
1912,30,30,952258120021,MONITOR (OTROS),SANEAR,31/12/2021,1,1503.020303,EQUIPOS DE TELECOMUNICACIONES,M,SAMSUNG,2033 SWPLUS,,NEGRO,CM20H9LSB16596L,,,,,,,,,09/03/2023 18:08:05,,U,KEVIN MIDGUAR ARCE TAIRO,3
1913,30,47,952258120025,MONITOR (OTROS),SANEAR,31/12/2021,1,1503.020303,EQUIPOS DE TELECOMUNICACIONES,M,LG,,,NEGRO,,,,,,,,,,09/03/2023 15:11:09,,U,KEVIN MIDGUAR ARCE TAIRO,3
1914,30,30,952258120072,MONITOR (OTROS),O/C N°278,14/10/2016,614,1503.020303,EQUIPOS DE TELECOMUNICACIONES,R,SAMSUNG,L52CM2KIVA,,NEGRO,605NTEP742476,,,,,,,,,09/03/2023 18:07:56,,U,KEVIN MIDGUAR ARCE TAIRO,3
1915,30,,952260580059,PARLANTES EN GENERAL (MAYOR A 1/8 UIT),O/C Nº 000533,23/07/2013,37.72,1503.020303,EQUIPOS DE TELECOMUNICACIONES,R,CYBERTEL,CYB S213,,NEGRO,,,,,,,,,ELIMINAR,,,U,,
1916,30,30,746481870034,SILLA FIJA DE METAL,SANEAR,31/12/2021,1,1503.020102,MOBILIARIO DE OFICINA,R,,,,NEGRO,,0.44X0.42X0.87,,,,,,,,09/03/2023 17:32:20,,U,KEVIN MIDGUAR ARCE TAIRO,3
1917,30,47,746481870057,SILLA FIJA DE METAL,SANEAR,31/12/2021,1,1503.020102,MOBILIARIO DE OFICINA,M,,,,NEGRO,,0.44X0.44X0.76,,,,,,,,09/03/2023 14:58:32,,U,KEVIN MIDGUAR ARCE TAIRO,3
1918,30,45,746481870075,SILLA FIJA DE METAL,SANEAR,31/12/2021,1,1503.020102,MOBILIARIO DE OFICINA,M,,,,NEGRO,,,,,,,,,,09/03/2023 11:50:13,,U,KEVIN MIDGUAR ARCE TAIRO,3
1919,30,30,746481870083,SILLA FIJA DE METAL,SANEAR,31/12/2021,1,1503.020102,MOBILIARIO DE OFICINA,R,,,,PLOMO/NEGRO,,,,,,,,,,09/03/2023 17:32:09,,U,KEVIN MIDGUAR ARCE TAIRO,3
1920,30,30,746482550012,SILLA FIJA DE OTRO MATERIAL,SANEAR,31/12/2021,1,1503.020102,MOBILIARIO DE OFICINA,R,,,,CELESTE,,,,,,,,,,09/03/2023 17:47:06,,U,KEVIN MIDGUAR ARCE TAIRO,3
1921,30,30,746482550013,SILLA FIJA DE OTRO MATERIAL,SANEAR,31/12/2021,1,1503.020102,MOBILIARIO DE OFICINA,R,,,,CELESTE,,,,,,,,,,09/03/2023 17:47:10,,U,KEVIN MIDGUAR ARCE TAIRO,3
1922,30,30,746482550015,SILLA FIJA DE OTRO MATERIAL,SANEAR,31/12/2021,1,1503.020102,MOBILIARIO DE OFICINA,R,REY,,,CELESTE,,,,,,,,,,09/03/2023 16:14:58,,U,KEVIN MIDGUAR ARCE TAIRO,3
1923,30,22,746482550020,SILLA FIJA DE OTRO MATERIAL,SANEAR,31/12/2021,1,1503.020102,MOBILIARIO DE OFICINA,R,,PLASTICO,,BLANCO,,,,,,,,,,09/03/2023 17:12:59,,U,KEVIN MIDGUAR ARCE TAIRO,3
1924,30,45,746483900084,SILLA GIRATORIA DE METAL,O/C Nº 000047,7/02/2013,200,1503.020102,MOBILIARIO DE OFICINA,R,,,,NEGRO,,0.49X.45X0.87,,,,,,,,09/03/2023 11:52:27,,U,KEVIN MIDGUAR ARCE TAIRO,3
1925,30,30,746483900085,SILLA GIRATORIA DE METAL,O/C Nº 000047,7/02/2013,200,1503.020102,MOBILIARIO DE OFICINA,R,,,,NEGRO,,0.63X0.46X0.40,,,,,,,,09/03/2023 17:37:23,,U,KEVIN MIDGUAR ARCE TAIRO,3
1926,30,30,746483900102,SILLA GIRATORIA DE METAL,O/C Nº 000310,15/11/2012,180,1503.020102,MOBILIARIO DE OFICINA,M,,,,NEGRO,,0.43X0.46X0.72,,,,,,,BAJA,09/03/2023 17:59:04,,U,KEVIN MIDGUAR ARCE TAIRO,3
1927,30,37,746489330024,SILLON GIRATORIO DE METAL,O/C Nº 30,4/03/2016,510,1503.020102,MOBILIARIO DE OFICINA,R,,,,NEGRO,,0.60X0.50X1.15,,,,,,,,09/03/2023 09:58:27,,U,user user user,1
1928,30,45,952281170004,SWITCH PARA RED,SANEAR,31/12/2021,1,1503.020303,EQUIPOS DE TELECOMUNICACIONES,R,TP-LINK,TLSF 10080,,BLANCO,,,,,,,,,,09/03/2023 11:50:34,,U,KEVIN MIDGUAR ARCE TAIRO,3
1929,30,,746494750004,TABURETE FIJO DE METAL,SANEAR,31/12/2021,1,1503.020102,MOBILIARIO DE OFICINA,R,,,,NEGRO,,,,,,,,,,,,U,,
1930,30,30,740895000105,TECLADO - KEYBOARD,O/C Nº 3-00043,25/05/2010,20,1503.020301,EQUIPOS COMPUTACIONALES Y PERIFERICOS,R,GENIUS,,,NEGRO,XEC907012164,,,,,,,,,09/03/2023 15:58:57,,U,KEVIN MIDGUAR ARCE TAIRO,3
1931,30,47,740895000166,TECLADO - KEYBOARD,O/C Nº 000155,4/07/2012,54.26,1503.020301,EQUIPOS COMPUTACIONALES Y PERIFERICOS,M,GENIUS,,,NEGRO,,,,,,,,,,09/03/2023 15:11:43,,U,KEVIN MIDGUAR ARCE TAIRO,3
1932,30,,740895000192,TECLADO - KEYBOARD,SANEAR,31/12/2021,1,1503.020301,EQUIPOS COMPUTACIONALES Y PERIFERICOS,R,GENIUS,,,NEGRO,WE27920C686D,,,,,,,,,,,U,,
1933,30,47,740899500076,UNIDAD CENTRAL DE PROCESO - CPU,O/C Nº 8-00107,23/04/2010,1962.38,1503.020301,EQUIPOS COMPUTACIONALES Y PERIFERICOS,M,,,,NEGRO,,,,,,,,,,09/03/2023 14:58:39,,U,KEVIN MIDGUAR ARCE TAIRO,3
1934,30,30,740899500145,UNIDAD CENTRAL DE PROCESO - CPU,O/C Nº 278,14/10/2016,3175,1503.020301,EQUIPOS COMPUTACIONALES Y PERIFERICOS,R,ADVANCE,I 7,,NEGRO,,,,,,,,,,09/03/2023 15:55:58,,U,KEVIN MIDGUAR ARCE TAIRO,3
1935,30,45,740899500146,UNIDAD CENTRAL DE PROCESO - CPU,O/C Nº 495,30/12/2016,3650,1503.020301,EQUIPOS COMPUTACIONALES Y PERIFERICOS,R,HALION,I 7,6700,NEGRO,,,,,,,,,,09/03/2023 11:17:07,,U,KEVIN MIDGUAR ARCE TAIRO,3
1936,31,66,675079700001,MARTILLO NEUMATICO,SANEAR,31/12/2021,1,1503.020999,"MAQUINARIAS, EQUIPOS Y MOBILIARIOS DE OTRAS INSTALACIONES",M,,C41-75,,VERDE,,,,,,,,,OXIDADO,13/03/2023 16:40:13,,U,KEVIN MIDGUAR ARCE TAIRO,3
1937,31,31,672217000003,BOMBA (OTRAS),SANEAR,31/12/2021,1,1503.020906,EQUIPOS PARA VEHICULOS,M,,,,VERDE,,,,,,,,,,05/03/2023 16:23:33,,U,DELIA RUTH QUISPE SONCCO,4
1938,31,31,746417450004,CABINA - CASETA,SANEAR,31/12/2021,1,1503.020102,MOBILIARIO DE OFICINA,R,CHINA,,,VERDE,,2.70X5.20X2.75,,,,,,,,04/03/2023 17:15:01,,U,DELIA RUTH QUISPE SONCCO,4
1939,31,31,746417450005,CABINA - CASETA,SANEAR,31/12/2021,1,1503.020102,MOBILIARIO DE OFICINA,R,CHINA,,,,,2.70X5.20X2.75,,,,,,,,04/03/2023 17:12:56,,U,DELIA RUTH QUISPE SONCCO,4
1940,31,31,746417450006,CABINA - CASETA,SANEAR,31/12/2021,1,1503.020102,MOBILIARIO DE OFICINA,R,CHINA,,,,,2.70X5.20X2.75,,,,,,,,04/03/2023 17:16:00,,U,DELIA RUTH QUISPE SONCCO,4
1941,31,31,746417450007,CABINA - CASETA,SANEAR,31/12/2021,1,1503.020102,MOBILIARIO DE OFICINA,R,CHINA,,,VERDE,,2.70X5.20X2.75,,,,,,,,04/03/2023 17:14:52,,U,DELIA RUTH QUISPE SONCCO,4
1942,31,31,746417450008,CABINA - CASETA,SANEAR,31/12/2021,1,1503.020102,MOBILIARIO DE OFICINA,R,CHINA,,,,,2.70X5.20X2.75,,,,,,,,04/03/2023 17:16:06,,U,DELIA RUTH QUISPE SONCCO,4
1943,31,31,746417450009,CABINA - CASETA,SANEAR,31/12/2021,1,1503.020102,MOBILIARIO DE OFICINA,R,CHINA,,,,,2.70X5.20X2.75,,,,,,,,04/03/2023 17:16:15,,U,DELIA RUTH QUISPE SONCCO,4
1944,31,31,746417450010,CABINA - CASETA,SANEAR,31/12/2021,1,1503.020102,MOBILIARIO DE OFICINA,R,CHINA,,,VERDE,,2.70X5.20X2.75,,,,,,,,04/03/2023 17:15:49,,U,DELIA RUTH QUISPE SONCCO,4
1945,31,31,746417450012,CABINA - CASETA,SANEAR,31/12/2021,1,1503.020102,MOBILIARIO DE OFICINA,R,CHINA,,,VERDE,,2.70X5.20X2.75,,,,,,,,04/03/2023 17:14:09,,U,DELIA RUTH QUISPE SONCCO,4
1946,31,31,746417450015,CABINA - CASETA,SANEAR,31/12/2021,1,1503.020102,MOBILIARIO DE OFICINA,R,,CASETA 3,,,,2.70X5.20X2.75,,,,,,,,04/03/2023 17:16:39,,U,DELIA RUTH QUISPE SONCCO,4
1947,31,31,746417450018,CABINA - CASETA,SANEAR,31/12/2021,1,1503.020102,MOBILIARIO DE OFICINA,R,CHINA,,,VERDE,,2.70X5.20X2.75,,,,,,,,04/03/2023 17:14:26,,U,DELIA RUTH QUISPE SONCCO,4
1948,31,31,746417450019,CABINA - CASETA,SANEAR,31/12/2021,1,1503.020102,MOBILIARIO DE OFICINA,R,CHINA,,,VERDE,,2.70X5.20X2.75,,,,,,,,04/03/2023 17:14:20,,U,DELIA RUTH QUISPE SONCCO,4
1949,31,31,746417450021,CABINA - CASETA,SANEAR,31/12/2021,1,1503.020102,MOBILIARIO DE OFICINA,R,CHINA,,,,,2.70X5.20X2.75,,,,,,,,04/03/2023 17:19:35,,U,DELIA RUTH QUISPE SONCCO,4
1950,31,31,746417450022,CABINA - CASETA,SANEAR,31/12/2021,1,1503.020102,MOBILIARIO DE OFICINA,R,CHINA,,,VERDE,,2.70X5.20X2.75,,,,,,,,04/03/2023 17:12:09,,U,DELIA RUTH QUISPE SONCCO,4
1951,31,31,746417450023,CABINA - CASETA,SANEAR,31/12/2021,1,1503.020102,MOBILIARIO DE OFICINA,R,CHINA,,,VERDE,,2.70X5.20X2.75,,,,,,,,04/03/2023 17:12:29,,U,DELIA RUTH QUISPE SONCCO,4
1952,31,31,746417450024,CABINA - CASETA,SANEAR,31/12/2021,1,1503.020102,MOBILIARIO DE OFICINA,R,CHINA,,,,,2.70X5.20X2.75,,,,,,,,04/03/2023 17:12:46,,U,DELIA RUTH QUISPE SONCCO,4
1953,31,31,746417450025,CABINA - CASETA,SANEAR,31/12/2021,1,1503.020102,MOBILIARIO DE OFICINA,R,CHINA,,,VERDE,,2.70X5.20X2.75,,,,,,,,05/03/2023 17:20:37,,U,DELIA RUTH QUISPE SONCCO,4
1954,31,31,746417450029,CABINA - CASETA,SANEAR,31/12/2021,1,1503.020102,MOBILIARIO DE OFICINA,R,CHINA,,,,,2.70X5.20X2.75,,,,,,,,04/03/2023 17:11:37,,U,DELIA RUTH QUISPE SONCCO,4
1955,31,31,746417450030,CABINA - CASETA,SANEAR,31/12/2021,1,1503.020102,MOBILIARIO DE OFICINA,R,CHINA,,,,,2.70X5.20X2.75,,,,,,,,04/03/2023 17:16:53,,U,DELIA RUTH QUISPE SONCCO,4
1956,31,31,746417450031,CABINA - CASETA,SANEAR,31/12/2021,1,1503.020102,MOBILIARIO DE OFICINA,R,CHINA,,,VERDE,,2.70X5.20X2.75,,,,,,,,04/03/2023 17:19:06,,U,DELIA RUTH QUISPE SONCCO,4
1957,31,31,678209500001,CAMION (OTROS),SANEAR,31/12/2021,1,1503.0101,VEHICULOS PARA TRANSPORTE TERRESTRE,M,DODGE,D-300,MEDIO CAMION,AZUL NOCTURNO,,,WQ-211),PT501977,D32235P039823,,,,,05/03/2023 16:09:30,,U,DELIA RUTH QUISPE SONCCO,4
1958,31,31,678209500002,CAMION (OTROS),SANEAR,31/12/2021,1,1503.0101,VEHICULOS PARA TRANSPORTE TERRESTRE,M,PRASTER,JN-150,PERF. POZO,AMARILLO,,,WU-213),S308981,49734,,,,,05/03/2023 15:07:29,,U,DELIA RUTH QUISPE SONCCO,4
1959,31,31,678209500003,CAMION (OTROS),SANEAR,31/12/2021,1,1503.0101,VEHICULOS PARA TRANSPORTE TERRESTRE,M,,JN-150,,CELESTE,,,WU-212),,"502385, 56741",,,,,05/03/2023 17:08:01,,U,DELIA RUTH QUISPE SONCCO,4
1960,31,31,678209500004,CAMION (OTROS),SANEAR,31/12/2021,1,1503.0101,VEHICULOS PARA TRANSPORTE TERRESTRE,M,RIO AMARILLO,JN-150,PERF. POZO,ANARANJADO,,,WU-2132,,,,,,,05/03/2023 15:21:09,,U,DELIA RUTH QUISPE SONCCO,4
1961,31,31,678209500005,CAMION (OTROS),SANEAR,31/12/2021,1,1503.0101,VEHICULOS PARA TRANSPORTE TERRESTRE,M,RIO AMARILLO,JN-150,PERF. POZO,ANARANJADO,,,WU-2135,,"502370, 56742",,,,,05/03/2023 16:29:01,,U,DELIA RUTH QUISPE SONCCO,4
1962,31,31,678214000001,CAMION CISTERNA,O/C Nº 218,28/04/1995,15820,1503.0101,VEHICULOS PARA TRANSPORTE TERRESTRE,M,DODGE,D-500,.,BEIGE MARFIL RO,,,WH-5053,PT86004154,D575356P052316,,,,,05/03/2023 16:45:35,,U,DELIA RUTH QUISPE SONCCO,4
1963,31,31,678214000002,CAMION CISTERNA,SANEAR,31/12/2021,1,1503.0101,VEHICULOS PARA TRANSPORTE TERRESTRE,M,RIO AMARILLO,JN-150,,PLOMO/VERDE,,,WU-2129,,,,,,,05/03/2023 16:36:57,,U,DELIA RUTH QUISPE SONCCO,4
1964,31,31,678214000003,CAMION CISTERNA,SANEAR,31/12/2021,1,1503.0101,VEHICULOS PARA TRANSPORTE TERRESTRE,M,RIO AMARILLO,JN-150,,VERDE AZUL,,,WU-2125,,,,,,,05/03/2023 17:06:25,,U,DELIA RUTH QUISPE SONCCO,4
1965,31,31,678214000004,CAMION CISTERNA,SANEAR,31/12/2021,1,1503.0101,VEHICULOS PARA TRANSPORTE TERRESTRE,M,,EQ-140,1700 GLS.,PLOMO CREMA,,,WU-7975,,,,,,,05/03/2023 16:26:38,,U,DELIA RUTH QUISPE SONCCO,4
1966,31,31,678227500001,CAMION GRUA,SANEAR,31/12/2021,1,1503.0101,VEHICULOS PARA TRANSPORTE TERRESTRE,M,RIO AMARILLO,INQ28,,CELESTE,,,WU-2133,,,,,,,05/03/2023 16:31:00,,U,DELIA RUTH QUISPE SONCCO,4
1967,31,31,678227500002,CAMION GRUA,SANEAR,31/12/2021,1,1503.0101,VEHICULOS PARA TRANSPORTE TERRESTRE,M,RIO AMARILLO,JN-150,INQ82,CELESTE,,,WU-213,S311147,149,,,,,05/03/2023 16:35:49,,U,DELIA RUTH QUISPE SONCCO,4
1968,31,31,678227500003,CAMION GRUA,SANEAR,31/12/2021,1,1503.0101,VEHICULOS PARA TRANSPORTE TERRESTRE,M,RIO AMARILLO,INQ84,,CELESTE,,,WU-2134,,,,,,,05/03/2023 15:04:18,,U,DELIA RUTH QUISPE SONCCO,4
1969,31,31,678245500001,CAMION VOLQUETE,SANEAR,31/12/2021,1,1503.0101,VEHICULOS PARA TRANSPORTE TERRESTRE,M,VOLVO,F-12 (4X2),1984,VERDE/NEGRO/PLO,,,XU-288,TD120GA83472172,F106X2010064,,,,,05/03/2023 15:23:12,,U,DELIA RUTH QUISPE SONCCO,4
1970,31,31,678245500002,CAMION VOLQUETE,SANEAR,31/12/2021,1,1503.0101,VEHICULOS PARA TRANSPORTE TERRESTRE,M,RIO AMARILLO,CD-352,,NARANJA/AMARILR,,,WU-2130,,,,,,,05/03/2023 16:46:14,,U,DELIA RUTH QUISPE SONCCO,4
1971,31,31,678245500003,CAMION VOLQUETE,SANEAR,31/12/2021,1,1503.0101,VEHICULOS PARA TRANSPORTE TERRESTRE,M,RIO AMARILLO,,,AMARILLO,,,WU-2128,,,,,,,05/03/2023 16:39:51,,U,DELIA RUTH QUISPE SONCCO,4
1972,31,31,678245500004,CAMION VOLQUETE,SANEAR,31/12/2021,1,1503.0101,VEHICULOS PARA TRANSPORTE TERRESTRE,M,RIO AMARILLO,D-500,,CELESTE,,,WQ-2922,D52353P022417,PT306251,,,,,05/03/2023 16:46:57,,U,DELIA RUTH QUISPE SONCCO,4
1973,31,,678245500005,CAMION VOLQUETE,O/C Nº 247,22/05/2013,528000,1503.0101,VEHICULOS PARA TRANSPORTE TERRESTRE,R,VOLVO,FMX 6X4 R,EGL-122,VERDE/PLOMO,,,EGL-122,D13859092A1E,93KJS02D2CE792636,,,,,,,U,,
1974,31,31,678245500006,CAMION VOLQUETE,SANEAR,31/12/2021,1,1503.0101,VEHICULOS PARA TRANSPORTE TERRESTRE,M,,N-86,,ANARANJADO,,,WU-1023,,,,,,,05/03/2023 16:44:18,,U,DELIA RUTH QUISPE SONCCO,4
1975,31,31,678245500007,CAMION VOLQUETE,SANEAR,31/12/2021,1,1503.0101,VEHICULOS PARA TRANSPORTE TERRESTRE,M,,,,ROJO,,,WU-2070,,,,,,,05/03/2023 16:41:28,,U,DELIA RUTH QUISPE SONCCO,4
1976,31,31,678250000001,CAMIONETA,SANEAR,31/12/2021,1,1503.0101,VEHICULOS PARA TRANSPORTE TERRESTRE,M,TOYOTA,STOUT,01-1512,BLANCO,,,OI-1512,RK1102-KRP,RK110612314,,,,,05/03/2023 16:03:57,,U,DELIA RUTH QUISPE SONCCO,4
1977,31,31,678250000002,CAMIONETA,SANEAR,31/12/2021,1,1503.0101,VEHICULOS PARA TRANSPORTE TERRESTRE,M,TOYOTA,2000,,BLANCO,,,,,24537,,,,,05/03/2023 15:17:57,,U,DELIA RUTH QUISPE SONCCO,4
1978,31,31,678250000006,CAMIONETA,SANEAR,31/12/2021,1,1503.0101,VEHICULOS PARA TRANSPORTE TERRESTRE,M,DODGE,D-100-114,PI-7403,BLANCO,,,PI-7403,,D11115P040238,,,,,05/03/2023 16:55:42,,U,DELIA RUTH QUISPE SONCCO,4
1979,31,31,678250000007,CAMIONETA,SANEAR,31/12/2021,1,1503.0101,VEHICULOS PARA TRANSPORTE TERRESTRE,M,DODGE,D-100,PG-6538,AZUL MEDIANO,,,PG-6538,,D11115P036664,,,,,05/03/2023 16:54:44,,U,DELIA RUTH QUISPE SONCCO,4
1980,31,31,678250000008,CAMIONETA,SANEAR,31/12/2021,1,1503.0101,VEHICULOS PARA TRANSPORTE TERRESTRE,M,NISSAN,NLMD21SF,OI-7934,VIOLETA CLARO,,,OI-7934,2400CC,NMD21A08199,,,,,05/03/2023 17:01:02,,U,DELIA RUTH QUISPE SONCCO,4
1981,31,31,678250000009,CAMIONETA,SANEAR,31/12/2021,1,1503.0101,VEHICULOS PARA TRANSPORTE TERRESTRE,M,NISSAN,2400CC,OI-9088,CREMA,,,OI-9088,,,,,,,05/03/2023 17:00:30,,U,DELIA RUTH QUISPE SONCCO,4
1982,31,31,678250000010,CAMIONETA,SANEAR,31/12/2021,1,1503.0101,VEHICULOS PARA TRANSPORTE TERRESTRE,M,RURAL JEEP,BJ2120,.,VERDE,,,,,,,,,,05/03/2023 17:01:36,,U,DELIA RUTH QUISPE SONCCO,4
1983,31,31,678250000011,CAMIONETA,SANEAR,31/12/2021,1,1503.0101,VEHICULOS PARA TRANSPORTE TERRESTRE,M,JEEP,CHEROKE,JEEP RURAL,VERDE CLARO,,,RU-1558,163688,6543,,,,,05/03/2023 16:58:17,,U,DELIA RUTH QUISPE SONCCO,4
1984,31,31,678250000012,CAMIONETA,SANEAR,31/12/2021,1,1503.0101,VEHICULOS PARA TRANSPORTE TERRESTRE,M,JEEP,CHEROKE,JEEP RURAL,VERDE CLARO,,,RU-1559,5104627,20243,,,,,05/03/2023 16:50:53,,U,DELIA RUTH QUISPE SONCCO,4
1985,31,31,678250000013,CAMIONETA,SANEAR,31/12/2021,1,1503.0101,VEHICULOS PARA TRANSPORTE TERRESTRE,M,JEEP,BJ212A,JEEP RURAL,VERDE CLARO,,,RQ-6898,803686,19843,,,,,05/03/2023 16:56:24,,U,DELIA RUTH QUISPE SONCCO,4
1986,31,31,678250000014,CAMIONETA,SANEAR,31/12/2021,1,1503.0101,VEHICULOS PARA TRANSPORTE TERRESTRE,M,TOYOTA,HILUX,CAB. SIMPLE,ROJO,,,OG-8225,18R2144879,RN41027115,,,,,05/03/2023 16:58:58,,U,DELIA RUTH QUISPE SONCCO,4
1987,31,31,678250000024,CAMIONETA,SANEAR,31/12/2021,1,1503.0101,VEHICULOS PARA TRANSPORTE TERRESTRE,M,TOYOTA,YN-571-KRP,HILUX,CREMA,,,,,3Y,,1998,,,05/03/2023 16:53:40,,U,DELIA RUTH QUISPE SONCCO,4
1988,31,31,678250000025,CAMIONETA,SANEAR,31/12/2021,1,1503.0101,VEHICULOS PARA TRANSPORTE TERRESTRE,M,NISSAN,,2400CC,ROJO,,,OQ-6670,,,,,,,05/03/2023 17:03:19,,U,DELIA RUTH QUISPE SONCCO,4
1989,31,31,678250000026,CAMIONETA,SANEAR,31/12/2021,1,1503.0101,VEHICULOS PARA TRANSPORTE TERRESTRE,M,TOYOTA,,SIN TOLVA,ANARANJADO,,,PU-198,,,,,,,05/03/2023 16:54:13,,U,DELIA RUTH QUISPE SONCCO,4
1990,31,31,678250000027,CAMIONETA,SANEAR,31/12/2021,1,1503.0101,VEHICULOS PARA TRANSPORTE TERRESTRE,M,TOYOTA,RN46L-KRP,HILUX,BLANCO/CREMA(A),,,PU-1986,18R2058941,RN46060580/MOTOR: 4C,,,,,05/03/2023 16:59:55,,U,DELIA RUTH QUISPE SONCCO,4
1991,31,31,678250000028,CAMIONETA,SANEAR,31/12/2021,1,1503.0101,VEHICULOS PARA TRANSPORTE TERRESTRE,M,NISSAN,UNLM 21 SF,,NARANJA (COFRE),,,PU-2141,Z24714662,UNMD21A01404,,,,,05/03/2023 15:19:33,,U,DELIA RUTH QUISPE SONCCO,4
1992,31,31,678250000029,CAMIONETA,SANEAR,31/12/2021,1,1503.0101,VEHICULOS PARA TRANSPORTE TERRESTRE,M,TOYOTA,HILUX,,CREMA,,,PU-2155,4Y0117745,YN6700111969,,,,,05/03/2023 16:14:06,,U,DELIA RUTH QUISPE SONCCO,4
1993,31,31,672227260001,COMPRESORA DE AIRE,O/C Nª 259,22/11/1999,2386.8,1503.020906,EQUIPOS PARA VEHICULOS,M,,,,AMARILLO CATERR,72-251,,,,,,,,,05/03/2023 16:08:39,,U,DELIA RUTH QUISPE SONCCO,4
1994,31,31,672227260004,COMPRESORA DE AIRE,SANEAR,31/12/2021,1,1503.020906,EQUIPOS PARA VEHICULOS,M,,6135K-1,,AMARILLO CATERR,5608684,,,,,,,,,05/03/2023 16:09:05,,U,DELIA RUTH QUISPE SONCCO,4
1995,31,31,672227260007,COMPRESORA DE AIRE,SANEAR,31/12/2021,1,1503.020906,EQUIPOS PARA VEHICULOS,M,DONGFELG,6135K-1,,AMARILLO,S608686,,,,,,,,,05/03/2023 17:04:45,,U,DELIA RUTH QUISPE SONCCO,4
1996,31,31,673618920002,CONTENEDOR,SANEAR,31/12/2021,1,1503.020999,"MAQUINARIAS, EQUIPOS Y MOBILIARIOS DE OTRAS INSTALACIONES",R,CHINA,,OXIDADO,,,,,,,,,,,04/03/2023 17:20:58,,U,DELIA RUTH QUISPE SONCCO,4
1997,31,31,673618920003,CONTENEDOR,SANEAR,31/12/2021,1,1503.020999,"MAQUINARIAS, EQUIPOS Y MOBILIARIOS DE OTRAS INSTALACIONES",R,,,OXIDADO,,,,,,,,,,,05/03/2023 17:27:41,,U,DELIA RUTH QUISPE SONCCO,4
1998,31,31,673618920004,CONTENEDOR,SANEAR,31/12/2021,1,1503.020999,"MAQUINARIAS, EQUIPOS Y MOBILIARIOS DE OTRAS INSTALACIONES",R,,,OXIDADO,,,,,,,,,,,04/03/2023 17:21:08,,U,DELIA RUTH QUISPE SONCCO,4
1999,31,31,673618920005,CONTENEDOR,SANEAR,31/12/2021,1,1503.020999,"MAQUINARIAS, EQUIPOS Y MOBILIARIOS DE OTRAS INSTALACIONES",R,,,,,,,,,,,,,,04/03/2023 17:13:40,,U,DELIA RUTH QUISPE SONCCO,4
2000,31,31,673618920006,CONTENEDOR,SANEAR,31/12/2021,1,1503.020999,"MAQUINARIAS, EQUIPOS Y MOBILIARIOS DE OTRAS INSTALACIONES",R,,,,,,,,,,,,,,04/03/2023 17:15:34,,U,DELIA RUTH QUISPE SONCCO,4
2001,31,31,673618920007,CONTENEDOR,SANEAR,31/12/2021,1,1503.020999,"MAQUINARIAS, EQUIPOS Y MOBILIARIOS DE OTRAS INSTALACIONES",R,,,,,,,,,,,,,,04/03/2023 17:15:20,,U,DELIA RUTH QUISPE SONCCO,4
2002,31,31,673618920008,CONTENEDOR,SANEAR,31/12/2021,1,1503.020999,"MAQUINARIAS, EQUIPOS Y MOBILIARIOS DE OTRAS INSTALACIONES",R,,,,,,,,,,,,,,04/03/2023 17:15:15,,U,DELIA RUTH QUISPE SONCCO,4
2003,31,31,673618920009,CONTENEDOR,SANEAR,31/12/2021,1,1503.020999,"MAQUINARIAS, EQUIPOS Y MOBILIARIOS DE OTRAS INSTALACIONES",R,,,,,,,,,,,,,,04/03/2023 17:15:10,,U,DELIA RUTH QUISPE SONCCO,4
2004,31,31,673618920010,CONTENEDOR,O/C Nº 6-00011,30/10/2009,2100,1503.020999,"MAQUINARIAS, EQUIPOS Y MOBILIARIOS DE OTRAS INSTALACIONES",R,,,1.95X2.50X2.46,,,,,,,,,,,04/03/2023 17:13:05,,U,DELIA RUTH QUISPE SONCCO,4
2005,31,31,673618920011,CONTENEDOR,O/C Nº 6-00011,30/10/2009,2100,1503.020999,"MAQUINARIAS, EQUIPOS Y MOBILIARIOS DE OTRAS INSTALACIONES",R,,,1.95X2.50X2.46,,,,,,,,,,,04/03/2023 17:13:15,,U,DELIA RUTH QUISPE SONCCO,4
2006,31,31,673618920012,CONTENEDOR,SANEAR,31/12/2021,1,1503.020999,"MAQUINARIAS, EQUIPOS Y MOBILIARIOS DE OTRAS INSTALACIONES",R,,,1.95X2.50X2.46,,,,,,,,,,,04/03/2023 17:13:22,,U,DELIA RUTH QUISPE SONCCO,4
2007,31,31,673618920013,CONTENEDOR,SANEAR,31/12/2021,1,1503.020999,"MAQUINARIAS, EQUIPOS Y MOBILIARIOS DE OTRAS INSTALACIONES",R,,,1.95X2.50X2.46,,,,,,,,,,,04/03/2023 17:13:34,,U,DELIA RUTH QUISPE SONCCO,4
2008,31,31,672231040002,DEPURADOR NEUTRALIZADOR DE VAPORES ACIDOS,SANEAR,31/12/2021,1,1503.020906,EQUIPOS PARA VEHICULOS,M,,,,AMARILLO,100392,,,,,,,,,05/03/2023 15:58:07,,U,DELIA RUTH QUISPE SONCCO,4
2009,31,31,672231040003,DEPURADOR NEUTRALIZADOR DE VAPORES ACIDOS,SANEAR,31/12/2021,1,1503.020906,EQUIPOS PARA VEHICULOS,M,,,,AMARILLO,,,,,,,,,,05/03/2023 15:57:40,,U,DELIA RUTH QUISPE SONCCO,4
2010,31,31,672231040004,DEPURADOR NEUTRALIZADOR DE VAPORES ACIDOS,SANEAR,31/12/2021,1,1503.020906,EQUIPOS PARA VEHICULOS,M,CHINA,,,,,,,,,,,,,05/03/2023 15:59:43,,U,DELIA RUTH QUISPE SONCCO,4
2011,31,31,672231040005,DEPURADOR NEUTRALIZADOR DE VAPORES ACIDOS,SANEAR,31/12/2021,1,1503.020906,EQUIPOS PARA VEHICULOS,M,,,,AMARILLO,,,,,,,,,,05/03/2023 16:04:33,,U,DELIA RUTH QUISPE SONCCO,4
2012,31,31,462265070005,GRUPO ELECTROGENO,SANEAR,31/12/2021,1,1503.020904,ELECTRICIDAD Y ELECTRONICA,M,,,,AMARILLO,84003,,,,,,,,,05/03/2023 15:11:25,,U,DELIA RUTH QUISPE SONCCO,4
2013,31,31,462265070006,GRUPO ELECTROGENO,SANEAR,31/12/2021,1,1503.020904,ELECTRICIDAD Y ELECTRONICA,M,VERDE,,,,8602006,,,,,,,,,05/03/2023 17:02:02,,U,DELIA RUTH QUISPE SONCCO,4
2014,31,31,462265070007,GRUPO ELECTROGENO,SANEAR,31/12/2021,1,1503.020904,ELECTRICIDAD Y ELECTRONICA,M,,,,VERDE OSCURO,8602004,,,,,,,,,05/03/2023 15:14:06,,U,DELIA RUTH QUISPE SONCCO,4
2015,31,31,675080800001,MEZCLADOR (OTROS),SANEAR,31/12/2021,1,1503.020999,"MAQUINARIAS, EQUIPOS Y MOBILIARIOS DE OTRAS INSTALACIONES",M,,NJ-600,,,,,,,,,,,,05/03/2023 17:14:14,,U,DELIA RUTH QUISPE SONCCO,4
2016,31,31,675080800002,MEZCLADOR (OTROS),SANEAR,31/12/2021,1,1503.020999,"MAQUINARIAS, EQUIPOS Y MOBILIARIOS DE OTRAS INSTALACIONES",M,,NJ-600,,,125,,,,,,,,,05/03/2023 17:15:11,,U,DELIA RUTH QUISPE SONCCO,4
2017,31,,675080890003,MEZCLADORA DE CONCRETO TIPO TROMPO,SANEAR,31/12/2021,1,1503.020999,"MAQUINARIAS, EQUIPOS Y MOBILIARIOS DE OTRAS INSTALACIONES",M,INHOPRESA,MAGNUM 12,HP 12,,3720600689,,,,,,,,,,,U,,
2018,31,31,675080890004,MEZCLADORA DE CONCRETO TIPO TROMPO,O/C Nª 392,28/01/2003,6247.6,1503.020999,"MAQUINARIAS, EQUIPOS Y MOBILIARIOS DE OTRAS INSTALACIONES",M,INHOPRESA,MAGNUM 12,HP 12,,3720600689,,,,,,,,,05/03/2023 15:25:09,,U,DELIA RUTH QUISPE SONCCO,4
2019,31,31,675080890006,MEZCLADORA DE CONCRETO TIPO TROMPO,SANEAR,31/12/2021,1,1503.020999,"MAQUINARIAS, EQUIPOS Y MOBILIARIOS DE OTRAS INSTALACIONES",M,IMETSA,,,,861165,,,,,,,,,05/03/2023 15:31:40,,U,DELIA RUTH QUISPE SONCCO,4
2020,31,31,675080890008,MEZCLADORA DE CONCRETO TIPO TROMPO,O/C Nª 313,28/11/2003,6247.5,1503.020999,"MAQUINARIAS, EQUIPOS Y MOBILIARIOS DE OTRAS INSTALACIONES",M,DYNAMIC,,,,,,,,,,,,,05/03/2023 15:31:01,,U,DELIA RUTH QUISPE SONCCO,4
2021,31,31,675080890011,MEZCLADORA DE CONCRETO TIPO TROMPO,O/C Nª 91,27/02/2004,6247.5,1503.020999,"MAQUINARIAS, EQUIPOS Y MOBILIARIOS DE OTRAS INSTALACIONES",M,BRIGGS,,,,,,,,,,,,,05/03/2023 15:30:34,,U,DELIA RUTH QUISPE SONCCO,4
2022,31,31,675080890015,MEZCLADORA DE CONCRETO TIPO TROMPO,SANEAR,31/12/2021,1,1503.020999,"MAQUINARIAS, EQUIPOS Y MOBILIARIOS DE OTRAS INSTALACIONES",M,KHOLER,,,,3622302215,,,,,,,,PROY MEJORAMIENTO SISTEMA RIEGO LACALACA,05/03/2023 15:26:30,,U,DELIA RUTH QUISPE SONCCO,4
2023,31,31,675080890016,MEZCLADORA DE CONCRETO TIPO TROMPO,O/C Nª 131,10/07/2007,6720,1503.020999,"MAQUINARIAS, EQUIPOS Y MOBILIARIOS DE OTRAS INSTALACIONES",M,KHOLER,,,,,,,,,,,,PROY MEJORAMIENTO SISTEMA RIEGO LACALACA,05/03/2023 15:26:11,,U,DELIA RUTH QUISPE SONCCO,4
2024,31,,675080890017,MEZCLADORA DE CONCRETO TIPO TROMPO,O/C Nª 131,10/07/2007,6720,1503.020999,"MAQUINARIAS, EQUIPOS Y MOBILIARIOS DE OTRAS INSTALACIONES",M,KHOLER,PRO 12,MOTOR,,3622302215,,,,,,,,,,,U,,
2025,31,31,675080890023,MEZCLADORA DE CONCRETO TIPO TROMPO,O/C Nª 146,5/11/2008,8930,1503.020999,"MAQUINARIAS, EQUIPOS Y MOBILIARIOS DE OTRAS INSTALACIONES",M,,,,NARANJA,,,,,,,,,,05/03/2023 15:24:53,,U,DELIA RUTH QUISPE SONCCO,4
2026,31,31,675080890025,MEZCLADORA DE CONCRETO TIPO TROMPO,SANEAR,29/05/2009,9790,1503.020999,"MAQUINARIAS, EQUIPOS Y MOBILIARIOS DE OTRAS INSTALACIONES",M,KOHLER,MDC9P/M12,N/S M9-480-09 5,,KOHLER 4206900269,,,,,,,,,05/03/2023 15:35:04,,U,DELIA RUTH QUISPE SONCCO,4
2027,31,,675080890027,MEZCLADORA DE CONCRETO TIPO TROMPO,O/C Nª 0-00117,26/08/2009,9430,1503.020999,"MAQUINARIAS, EQUIPOS Y MOBILIARIOS DE OTRAS INSTALACIONES",M,KOHLER,,,,789-094003590469,,,,,,,,,,,U,,
2028,31,31,675080890032,MEZCLADORA DE CONCRETO TIPO TROMPO,O/C Nª 3-00026,23/04/2010,9790,1503.020999,"MAQUINARIAS, EQUIPOS Y MOBILIARIOS DE OTRAS INSTALACIONES",M,DYNAMIC KOHLER,MC9P/M12 M9-567,,,4009890149,,,,,,,,,05/03/2023 15:31:12,,U,DELIA RUTH QUISPE SONCCO,4
2029,31,31,675080890037,MEZCLADORA DE CONCRETO TIPO TROMPO,O/C Nª6-00030,27/01/2010,8651,1503.020999,"MAQUINARIAS, EQUIPOS Y MOBILIARIOS DE OTRAS INSTALACIONES",M,KOHLER DYNAMIC,GCBDT,,,4022590069,,,,,,,,,05/03/2023 15:34:35,,U,DELIA RUTH QUISPE SONCCO,4
2030,31,31,675080890041,MEZCLADORA DE CONCRETO TIPO TROMPO,O/C Nª 000360,17/10/2011,7100,1503.020999,"MAQUINARIAS, EQUIPOS Y MOBILIARIOS DE OTRAS INSTALACIONES",M,KHOLER,L512T,,,4029300788,,,,,,,,,05/03/2023 15:26:55,,U,DELIA RUTH QUISPE SONCCO,4
2031,31,31,675080890063,MEZCLADORA DE CONCRETO TIPO TROMPO,O/C Nª 000629,27/08/2013,4985,1503.020999,"MAQUINARIAS, EQUIPOS Y MOBILIARIOS DE OTRAS INSTALACIONES",M,HONDA,GX-270,,,104294,,,,,,,,,05/03/2023 16:24:52,,U,DELIA RUTH QUISPE SONCCO,4
2032,31,,675080890085,MEZCLADORA DE CONCRETO TIPO TROMPO,O/C Nª 69,30/06/2006,6040,1503.020999,"MAQUINARIAS, EQUIPOS Y MOBILIARIOS DE OTRAS INSTALACIONES",R,KHOLER,GX390,,,,,,,,,,,,,,U,,
2033,31,31,675080890088,MEZCLADORA DE CONCRETO TIPO TROMPO,O/C Nª 481,29/12/2016,7700,1503.020999,"MAQUINARIAS, EQUIPOS Y MOBILIARIOS DE OTRAS INSTALACIONES",M,DYNAMIC,GX390-389 CM2,TROMPO,,1604050234,,,,,,,,,05/03/2023 16:18:41,,U,DELIA RUTH QUISPE SONCCO,4
2034,31,3,675080890092,MEZCLADORA DE CONCRETO TIPO TROMPO,O/C Nª 492,30/12/2016,4000,1503.020999,"MAQUINARIAS, EQUIPOS Y MOBILIARIOS DE OTRAS INSTALACIONES",R,DYNAMIC HONDA,SUI7OF,TROMPO,,1604051015,,,,,,,,PERTENECE AL ACTA 31,05/03/2023 14:59:09,,U,DELIA RUTH QUISPE SONCCO,4
2035,31,31,678259000001,MICROBUS,SANEAR,31/12/2021,1,1503.0101,VEHICULOS PARA TRANSPORTE TERRESTRE,M,SHANG HAY,EQ-140,FORD,CREMA FRANJA AL,,,0,0,0,,0,,,05/03/2023 16:01:44,,U,DELIA RUTH QUISPE SONCCO,4
2036,31,31,673660360001,RETROEXCAVADORA,SANEAR,31/12/2021,1,1503.020999,"MAQUINARIAS, EQUIPOS Y MOBILIARIOS DE OTRAS INSTALACIONES",M,MASEV FERGUSON,MOD NF - 86,,AMARILLO,,,,,,,,,,05/03/2023 15:09:34,,U,DELIA RUTH QUISPE SONCCO,4
2037,31,31,673677470001,TANQUE DE FERMENTACION,SANEAR,31/12/2021,1,1503.020999,"MAQUINARIAS, EQUIPOS Y MOBILIARIOS DE OTRAS INSTALACIONES",M,,,,,,,,,,,,,,05/03/2023 16:21:51,,U,DELIA RUTH QUISPE SONCCO,4
2038,31,,536498070001,TANQUE DE HIDROTERAPIA,SANEAR,31/12/2021,1,1503.020401,MOBILIARIO MEDICO,R,,,,AMARILLO CATERR,,,,,,,,,,,,U,,
2039,31,31,673677630004,TANQUE DE METAL - CISTERNA,SANEAR,31/12/2021,1,1503.020999,"MAQUINARIAS, EQUIPOS Y MOBILIARIOS DE OTRAS INSTALACIONES",M,,,,,,,,,,,,,,05/03/2023 17:08:53,,U,DELIA RUTH QUISPE SONCCO,4
2040,31,31,673687990001,TRACTOR AGRICOLA,O/C Nº 034,28/02/1995,15960,1503.020999,"MAQUINARIAS, EQUIPOS Y MOBILIARIOS DE OTRAS INSTALACIONES",M,ZETOR,5511,,,,,,,,,,,,05/03/2023 16:35:14,,U,DELIA RUTH QUISPE SONCCO,4
2041,31,31,673687990002,TRACTOR AGRICOLA,SANEAR,31/12/2021,1,1503.020999,"MAQUINARIAS, EQUIPOS Y MOBILIARIOS DE OTRAS INSTALACIONES",M,S/M,5511,,ROJO,S/M,,,,,,,,,05/03/2023 16:07:20,,U,DELIA RUTH QUISPE SONCCO,4
2042,31,31,673687990004,TRACTOR AGRICOLA,SANEAR,31/12/2021,1,1503.020999,"MAQUINARIAS, EQUIPOS Y MOBILIARIOS DE OTRAS INSTALACIONES",M,,C70280051,,,,,,,,,,,,05/03/2023 16:10:36,,U,DELIA RUTH QUISPE SONCCO,4
2043,31,65,602210680026,BOMBA DE SUCCION,SANEAR,31/12/2021,1,1503.020905,EQUIPOS E INSTRUMENTOS DE MEDICION,M,CLUTCH-INDUSTRL,4120 ST,L-60,VERDE,8703507,,,,,,,,,13/03/2023 16:37:06,,U,KEVIN MIDGUAR ARCE TAIRO,3
2044,40,,462200500001,ACUMULADOR DE ENERGIA - EQUIPO DE UPS,SANEAR,31/12/2021,1,1503.020904,ELECTRICIDAD Y ELECTRONICA,M,,,,,,,,,,,,,,,,U,,
2045,40,,462200500011,ACUMULADOR DE ENERGIA - EQUIPO DE UPS,SANEAR,31/12/2021,1,1503.020904,ELECTRICIDAD Y ELECTRONICA,R,,,,,,,,,,,,,,,,U,,
2046,40,,462200500013,ACUMULADOR DE ENERGIA - EQUIPO DE UPS,SANEAR,31/12/2021,1,1503.020904,ELECTRICIDAD Y ELECTRONICA,R,,,,,,,,,,,,,,,,U,,
2047,40,,462200500015,ACUMULADOR DE ENERGIA - EQUIPO DE UPS,SANEAR,31/12/2021,1,1503.020904,ELECTRICIDAD Y ELECTRONICA,R,,,,,,,,,,,,,,,,U,,
2048,40,,462200500019,ACUMULADOR DE ENERGIA - EQUIPO DE UPS,SANEAR,31/12/2021,1,1503.020904,ELECTRICIDAD Y ELECTRONICA,M,,,,,,,,,,,,,,,,U,,
2049,40,,462200500026,ACUMULADOR DE ENERGIA - EQUIPO DE UPS,SANEAR,31/12/2021,1,1503.020904,ELECTRICIDAD Y ELECTRONICA,M,,,,,,,,,,,,,,,,U,,
2050,40,,462200500028,ACUMULADOR DE ENERGIA - EQUIPO DE UPS,SANEAR,31/12/2021,1,1503.020904,ELECTRICIDAD Y ELECTRONICA,R,,,,,,,,,,,,,,,,U,,
2051,40,,462200500029,ACUMULADOR DE ENERGIA - EQUIPO DE UPS,SANEAR,31/12/2021,1,1503.020904,ELECTRICIDAD Y ELECTRONICA,R,,,,,,,,,,,,,,,,U,,
2052,40,,42204310001,ARADOS EN GENERAL,SANEAR,31/12/2021,1,1503.020502,EQUIPO DE USO AGRICOLA Y PESQUERO,R,,,,,,,,,,,,,,,,U,,
2053,40,,746403210003,ARCHIVADOR DE MADERA,SANEAR,31/12/2021,1,1503.020102,MOBILIARIO DE OFICINA,R,,,,,,,,,,,,,,,,U,,
2054,40,,746403210004,ARCHIVADOR DE MADERA,SANEAR,31/12/2021,1,1503.020102,MOBILIARIO DE OFICINA,R,,,,,,,,,,,,,,,,U,,
2055,40,,746403550001,ARCHIVADOR DE MELAMINA,SANEAR,31/12/2021,1,1503.020102,MOBILIARIO DE OFICINA,R,,,,,,,,,,,,,,,,U,,
2056,40,,746405920001,ARMARIO DE MADERA,SANEAR,31/12/2021,1,1503.020102,MOBILIARIO DE OFICINA,R,,,,,,,,,,,,,,,,U,,
2057,40,21,746405920007,ARMARIO DE MADERA,SANEAR,31/12/2021,1,1503.020102,MOBILIARIO DE OFICINA,R,,,,NEGRO/CAOBA,,1.91X0.90X0.40,,,,,,,,09/03/2023 17:02:13,,U,KEVIN MIDGUAR ARCE TAIRO,3
2058,40,21,746405920008,ARMARIO DE MADERA,SANEAR,31/12/2021,1,1503.020102,MOBILIARIO DE OFICINA,R,,,,NEGRO/CAOBA,,1.90X0.90X0.40,,,,,,,,09/03/2023 16:32:38,,U,KEVIN MIDGUAR ARCE TAIRO,3
2059,40,,746405920009,ARMARIO DE MADERA,SANEAR,31/12/2021,1,1503.020102,MOBILIARIO DE OFICINA,R,,,,,,,,,,,,,,,,U,,
2060,40,,746405920011,ARMARIO DE MADERA,SANEAR,31/12/2021,1,1503.020102,MOBILIARIO DE OFICINA,R,,,,,,,,,,,,,,,,U,,
2061,40,,746405920012,ARMARIO DE MADERA,SANEAR,31/12/2021,1,1503.020102,MOBILIARIO DE OFICINA,R,,,,,,,,,,,,,,,,U,,
2062,40,,746406260002,ARMARIO DE MELAMINA,SANEAR,31/12/2021,1,1503.020102,MOBILIARIO DE OFICINA,R,,,,,,,,,,,,,,,,U,,
2063,40,,746406260003,ARMARIO DE MELAMINA,SANEAR,31/12/2021,1,1503.020102,MOBILIARIO DE OFICINA,R,,,,,,,,,,,,,,,,U,,
2064,40,,746406260004,ARMARIO DE MELAMINA,SANEAR,31/12/2021,1,1503.020102,MOBILIARIO DE OFICINA,R,,,,,,,,,,,,,,,,U,,
2065,40,,746406260005,ARMARIO DE MELAMINA,SANEAR,31/12/2021,1,1503.020102,MOBILIARIO DE OFICINA,R,,,,,,,,,,,,,,,,U,,
2066,40,,746406260006,ARMARIO DE MELAMINA,SANEAR,31/12/2021,1,1503.020102,MOBILIARIO DE OFICINA,R,,,,,,,,,,,,,,,,U,,
2067,40,,532209720001,BALON INTRA AORTICO,SANEAR,31/12/2021,1,1503.020402,EQUIPO MEDICO,R,,,,,,,,,,,,,,,,U,,
2068,40,,532209720002,BALON INTRA AORTICO,SANEAR,31/12/2021,1,1503.020402,EQUIPO MEDICO,R,,,,,,,,,,,,,,,,U,,
2069,40,,532209720003,BALON INTRA AORTICO,SANEAR,31/12/2021,1,1503.020402,EQUIPO MEDICO,R,,,,,,,,,,,,,,,,U,,
2070,40,,532209720004,BALON INTRA AORTICO,SANEAR,31/12/2021,1,1503.020402,EQUIPO MEDICO,R,,,,,,,,,,,,,,,,U,,
2071,40,,746411350001,BANCA DE MADERA,SANEAR,31/12/2021,1,1503.020102,MOBILIARIO DE OFICINA,R,,,,,,,,,,,,,,,,U,,
2072,40,,746411350002,BANCA DE MADERA,SANEAR,31/12/2021,1,1503.020102,MOBILIARIO DE OFICINA,R,,,,,,,,,,,,,,,,U,,
2073,40,,746411350003,BANCA DE MADERA,SANEAR,31/12/2021,1,1503.020102,MOBILIARIO DE OFICINA,R,,,,,,,,,,,,,,,,U,,
2074,40,15,746411350004,BANCA DE MADERA,SANEAR,31/12/2021,1,1503.020102,MOBILIARIO DE OFICINA,R,,,,,,,,,,,,,,21/03/2023 18:01:57,,U,DELIA RUTH QUISPE SONCCO,4
2075,40,15,746411350005,BANCA DE MADERA,SANEAR,31/12/2021,1,1503.020102,MOBILIARIO DE OFICINA,R,,,,,,,,,,,,,,21/03/2023 18:02:02,,U,DELIA RUTH QUISPE SONCCO,4
2076,40,15,746411350006,BANCA DE MADERA,SANEAR,31/12/2021,1,1503.020102,MOBILIARIO DE OFICINA,R,,,,,,,,,,,,,,21/03/2023 18:02:12,,U,DELIA RUTH QUISPE SONCCO,4
2077,40,15,746411350007,BANCA DE MADERA,SANEAR,31/12/2021,1,1503.020102,MOBILIARIO DE OFICINA,R,,,,,,,,,,,,,,21/03/2023 18:02:21,,U,DELIA RUTH QUISPE SONCCO,4
2078,40,15,746411350008,BANCA DE MADERA,SANEAR,31/12/2021,1,1503.020102,MOBILIARIO DE OFICINA,R,,,,,,,,,,,,,,21/03/2023 18:02:28,,U,DELIA RUTH QUISPE SONCCO,4
2079,40,,746411350009,BANCA DE MADERA,SANEAR,31/12/2021,1,1503.020102,MOBILIARIO DE OFICINA,R,,,,,,,,,,,,,,,,U,,
2080,40,,746411350010,BANCA DE MADERA,SANEAR,31/12/2021,1,1503.020102,MOBILIARIO DE OFICINA,R,,,,,,,,,,,,,,,,U,,
2081,40,,812215970001,BICICLETA,SANEAR,31/12/2021,1,1503.020701,EQUIPO DE DEPORTES Y RECREACION,R,,,,,,,,,,,,,,,,U,,
2082,40,,812215970003,BICICLETA,SANEAR,31/12/2021,1,1503.020701,EQUIPO DE DEPORTES Y RECREACION,R,,,,,,,,,,,,,,,,U,,
2083,40,,812215970004,BICICLETA,SANEAR,31/12/2021,1,1503.020701,EQUIPO DE DEPORTES Y RECREACION,R,,,,,,,,,,,,,,,,U,,
2084,40,,812215970005,BICICLETA,SANEAR,31/12/2021,1,1503.020701,EQUIPO DE DEPORTES Y RECREACION,R,,,,,,,,,,,,,,,,U,,
2085,40,55,672217000001,BOMBA (OTRAS),SANEAR,31/12/2021,1,1503.020906,EQUIPOS PARA VEHICULOS,M,TRUPER,EXTRACTOR DE ACEITE,,ANARANJADO,,,,,,,,,,15/03/2023 18:01:38,,U,KEVIN MIDGUAR ARCE TAIRO,3
2086,40,55,672217000002,BOMBA (OTRAS),SANEAR,31/12/2021,1,1503.020906,EQUIPOS PARA VEHICULOS,M,HS 25,EXTRACTOR DE ACEITE,,ROJO,,,,,,,,,,15/03/2023 18:00:22,,U,KEVIN MIDGUAR ARCE TAIRO,3
2087,40,28,42206210001,BRUJULA,SANEAR,31/12/2021,1,1503.020502,EQUIPO DE USO AGRICOLA Y PESQUERO,B,ELE INTERNATIONAL,,,PLATEADO,76-0260-02158,0.25X0.27XX0.10,,,,,,,EN CAJA,10/03/2023 15:54:13,,U,KEVIN MIDGUAR ARCE TAIRO,3
2088,40,28,42206210002,BRUJULA,SANEAR,31/12/2021,1,1503.020502,EQUIPO DE USO AGRICOLA Y PESQUERO,R,THE BRUNTON,,,PLOMO,5063118004,,,,,,,,,10/03/2023 15:58:21,,U,KEVIN MIDGUAR ARCE TAIRO,3
2089,40,,42206210003,BRUJULA,SANEAR,31/12/2021,1,1503.020502,EQUIPO DE USO AGRICOLA Y PESQUERO,M,,,,,,,,,,,,,,,,U,,
2090,40,,42206210004,BRUJULA,SANEAR,31/12/2021,1,1503.020502,EQUIPO DE USO AGRICOLA Y PESQUERO,M,,,,,,,,,,,,,,,,U,,
2091,40,,746417450001,CABINA - CASETA,SANEAR,31/12/2021,1,1503.020102,MOBILIARIO DE OFICINA,R,,,,,,,,,,,,,,,,U,,
2092,40,,746417450002,CABINA - CASETA,SANEAR,31/12/2021,1,1503.020102,MOBILIARIO DE OFICINA,R,,,,,,,,,,,,,,,,U,,
2093,40,,746417450003,CABINA - CASETA,SANEAR,31/12/2021,1,1503.020102,MOBILIARIO DE OFICINA,R,,,,,,,,,,,,,,,,U,,
2094,40,,746417450013,CABINA - CASETA,SANEAR,31/12/2021,1,1503.020102,MOBILIARIO DE OFICINA,R,,,,,,,,,,,,,,,,U,,
2095,40,,746417450017,CABINA - CASETA,SANEAR,31/12/2021,1,1503.020102,MOBILIARIO DE OFICINA,R,,,,,,,,,,,,,,,,U,,
2096,40,,746417450020,CABINA - CASETA,SANEAR,31/12/2021,1,1503.020102,MOBILIARIO DE OFICINA,R,,,,,,,,,,,,,,,,U,,
2097,40,,746417450026,CABINA - CASETA,SANEAR,31/12/2021,1,1503.020102,MOBILIARIO DE OFICINA,R,,,,,,,,,,,,,,,,U,,
2098,40,,746417450027,CABINA - CASETA,SANEAR,31/12/2021,1,1503.020102,MOBILIARIO DE OFICINA,R,,,,,,,,,,,,,,,,U,,
2099,40,,746417450032,CABINA - CASETA,SANEAR,31/12/2021,1,1503.020102,MOBILIARIO DE OFICINA,R,,,,,,,,,,,,,,,,U,,
2100,40,,742200500003,CALCULADORA CIENTIFICA,SANEAR,31/12/2021,1,1503.020101,MAQUINAS Y EQUIPOS DE OFICINA,M,,,,,,,,,,,,,,,,U,,
2101,40,,742200500005,CALCULADORA CIENTIFICA,SANEAR,31/12/2021,1,1503.020101,MAQUINAS Y EQUIPOS DE OFICINA,M,,,,,,,,,,,,,,,,U,,
2102,40,,742200500006,CALCULADORA CIENTIFICA,SANEAR,31/12/2021,1,1503.020101,MAQUINAS Y EQUIPOS DE OFICINA,M,,,,,,,,,,,,,,,,U,,
2103,40,,742200500007,CALCULADORA CIENTIFICA,SANEAR,31/12/2021,1,1503.020101,MAQUINAS Y EQUIPOS DE OFICINA,M,,,,,,,,,,,,,,,,U,,
2104,40,,742200500008,CALCULADORA CIENTIFICA,SANEAR,31/12/2021,1,1503.020101,MAQUINAS Y EQUIPOS DE OFICINA,M,,,,,,,,,,,,,,,,U,,
2105,40,,742200500009,CALCULADORA CIENTIFICA,SANEAR,31/12/2021,1,1503.020101,MAQUINAS Y EQUIPOS DE OFICINA,M,,,,,,,,,,,,,,,,U,,
2106,40,24,742200500010,CALCULADORA CIENTIFICA,SANEAR,31/12/2021,1,1503.020101,MAQUINAS Y EQUIPOS DE OFICINA,R,CATIGA,CD-2449,,PLOMO,,,,,,,,,NO ES CIENTIFICA,'08/03/2023 12:13:47,,U,,
2107,40,,742200500014,CALCULADORA CIENTIFICA,SANEAR,31/12/2021,1,1503.020101,MAQUINAS Y EQUIPOS DE OFICINA,M,,,,,,,,,,,,,,,,U,,
2108,40,,742200500016,CALCULADORA CIENTIFICA,SANEAR,31/12/2021,1,1503.020101,MAQUINAS Y EQUIPOS DE OFICINA,M,,,,,,,,,,,,,,,,U,,
2109,40,,112204460003,CALEFACTOR,SANEAR,31/12/2021,1,1503.020901,AIRE ACONDICIONADO Y REFRIGERACION,M,,,,,,,,,,,,,,,,U,,
2110,40,,672217740001,CALIBRADOR DE DILUCION DE GAS,SANEAR,31/12/2021,1,1503.020906,EQUIPOS PARA VEHICULOS,R,,,,,,,,,,,,,,,,U,,
2111,40,,672217740002,CALIBRADOR DE DILUCION DE GAS,SANEAR,31/12/2021,1,1503.020906,EQUIPOS PARA VEHICULOS,R,,,,,,,,,,,,,,,,U,,
2112,40,,536417630005,CAMA DE METAL,SANEAR,31/12/2021,1,1503.020401,MOBILIARIO MEDICO,M,,,,,,,,,,,,,,,,U,,
2113,40,,536417630006,CAMA DE METAL,SANEAR,31/12/2021,1,1503.020401,MOBILIARIO MEDICO,M,,,,,,,,,,,,,,,,U,,
2114,40,,742208530002,CAMARA FOTOGRAFICA,SANEAR,31/12/2021,1,1503.020101,MAQUINAS Y EQUIPOS DE OFICINA,M,,,,,,,,,,,,,,,,U,,
2115,40,,742208530006,CAMARA FOTOGRAFICA,SANEAR,31/12/2021,1,1503.020101,MAQUINAS Y EQUIPOS DE OFICINA,M,,,,,,,,,,,,,,,,U,,
2116,40,,742208530007,CAMARA FOTOGRAFICA,SANEAR,31/12/2021,1,1503.020101,MAQUINAS Y EQUIPOS DE OFICINA,M,,,,,,,,,,,,,,,,U,,
2117,40,,742208530009,CAMARA FOTOGRAFICA,SANEAR,31/12/2021,1,1503.020101,MAQUINAS Y EQUIPOS DE OFICINA,M,,,,,,,,,,,,,,,,U,,
2118,40,,742208530012,CAMARA FOTOGRAFICA,SANEAR,31/12/2021,1,1503.020101,MAQUINAS Y EQUIPOS DE OFICINA,M,,,,,,,,,,,,,,,,U,,
2119,40,,742208530014,CAMARA FOTOGRAFICA,SANEAR,31/12/2021,1,1503.020101,MAQUINAS Y EQUIPOS DE OFICINA,M,,,,,,,,,,,,,,,,U,,
2120,40,,742208530016,CAMARA FOTOGRAFICA,SANEAR,31/12/2021,1,1503.020101,MAQUINAS Y EQUIPOS DE OFICINA,M,,,,,,,,,,,,,,,,U,,
2121,40,,742208530018,CAMARA FOTOGRAFICA,SANEAR,31/12/2021,1,1503.020101,MAQUINAS Y EQUIPOS DE OFICINA,R,,,,,,,,,,,,,,,,U,,
2122,40,,742208530019,CAMARA FOTOGRAFICA,SANEAR,31/12/2021,1,1503.020101,MAQUINAS Y EQUIPOS DE OFICINA,R,,,,,,,,,,,,,,,,U,,
2123,40,,742208970001,CAMARA FOTOGRAFICA DIGITAL,SANEAR,31/12/2021,1,1503.020101,MAQUINAS Y EQUIPOS DE OFICINA,R,,,,,,,,,,,,,,,,U,,
2124,40,,742208970002,CAMARA FOTOGRAFICA DIGITAL,SANEAR,31/12/2021,1,1503.020101,MAQUINAS Y EQUIPOS DE OFICINA,R,,,,,,,,,,,,,,,,U,,
2125,40,,742208970003,CAMARA FOTOGRAFICA DIGITAL,SANEAR,31/12/2021,1,1503.020101,MAQUINAS Y EQUIPOS DE OFICINA,R,,,,,,,,,,,,,,,,U,,
2126,40,,742208970004,CAMARA FOTOGRAFICA DIGITAL,SANEAR,31/12/2021,1,1503.020101,MAQUINAS Y EQUIPOS DE OFICINA,R,,,,,,,,,,,,,,,,U,,
2127,40,,742208970006,CAMARA FOTOGRAFICA DIGITAL,SANEAR,31/12/2021,1,1503.020101,MAQUINAS Y EQUIPOS DE OFICINA,M,,,,,,,,,,,,,,,,U,,
2128,40,,742208970009,CAMARA FOTOGRAFICA DIGITAL,SANEAR,31/12/2021,1,1503.020101,MAQUINAS Y EQUIPOS DE OFICINA,R,,,,,,,,,,,,,,,,U,,
2129,40,,742208970010,CAMARA FOTOGRAFICA DIGITAL,SANEAR,31/12/2021,1,1503.020101,MAQUINAS Y EQUIPOS DE OFICINA,R,,,,,,,,,,,,,,,,U,,
2130,40,,742208970011,CAMARA FOTOGRAFICA DIGITAL,SANEAR,31/12/2021,1,1503.020101,MAQUINAS Y EQUIPOS DE OFICINA,R,,,,,,,,,,,,,,,,U,,
2131,40,,678250000015,CAMIONETA,SANEAR,31/12/2021,1,1503.0101,VEHICULOS PARA TRANSPORTE TERRESTRE,M,,,,,,,,,,,.,,,,,U,,
2132,40,,462213410005,CARGADOR DE BATERIA EN GENERAL,SANEAR,31/12/2021,1,1503.020904,ELECTRICIDAD Y ELECTRONICA,R,,,,,,,,,,,,,,,,U,,
2133,40,,952215610001,CENTRAL TELEFONICA,SANEAR,31/12/2021,1,1503.020303,EQUIPOS DE TELECOMUNICACIONES,M,,,,,,,,,,,,,,,,U,,
2134,40,,673616620006,COMPACTADOR VIBRATORIO TIPO PLANCHA,SANEAR,31/12/2021,1,1503.020999,"MAQUINARIAS, EQUIPOS Y MOBILIARIOS DE OTRAS INSTALACIONES",M,,,,,,,,,,,,,,,,U,,
2135,40,,673616620007,COMPACTADOR VIBRATORIO TIPO PLANCHA,SANEAR,31/12/2021,1,1503.020999,"MAQUINARIAS, EQUIPOS Y MOBILIARIOS DE OTRAS INSTALACIONES",M,,,,,,,,,,,,,,,,U,,
2136,40,,673616620008,COMPACTADOR VIBRATORIO TIPO PLANCHA,SANEAR,31/12/2021,1,1503.020999,"MAQUINARIAS, EQUIPOS Y MOBILIARIOS DE OTRAS INSTALACIONES",M,,,,,,,,,,,,,,,,U,,
2137,40,,673616620010,COMPACTADOR VIBRATORIO TIPO PLANCHA,SANEAR,31/12/2021,1,1503.020999,"MAQUINARIAS, EQUIPOS Y MOBILIARIOS DE OTRAS INSTALACIONES",M,,,,,,,,,,,,,,,,U,,
2138,40,,672227260008,COMPRESORA DE AIRE,O/C Nª 150,5/06/2020,450,1503.020906,EQUIPOS PARA VEHICULOS,R,TRUPER,201V,1.5HP,,,,,,,,,,,,,U,,
2139,40,,740805000001,COMPUTADORA PERSONAL PORTATIL,SANEAR,31/12/2021,1,1503.020301,EQUIPOS COMPUTACIONALES Y PERIFERICOS,R,,,,,,,,,,,,,,,,U,,
2140,40,,740805000003,COMPUTADORA PERSONAL PORTATIL,SANEAR,31/12/2021,1,1503.020301,EQUIPOS COMPUTACIONALES Y PERIFERICOS,R,,,,,,,,,,,,,,,,U,,
2141,40,,740805000004,COMPUTADORA PERSONAL PORTATIL,SANEAR,31/12/2021,1,1503.020301,EQUIPOS COMPUTACIONALES Y PERIFERICOS,R,,,,,,,,,,,,,,,,U,,
2142,40,24,740805000005,COMPUTADORA PERSONAL PORTATIL,SANEAR,31/12/2021,1,1503.020301,EQUIPOS COMPUTACIONALES Y PERIFERICOS,R,,,,,,,,,,,,,,'08/03/2023 11:22:18,,U,,
2143,40,,740805000007,COMPUTADORA PERSONAL PORTATIL,SANEAR,31/12/2021,1,1503.020301,EQUIPOS COMPUTACIONALES Y PERIFERICOS,R,,,,,,,,,,,,,,,,U,,
2144,40,,740805000010,COMPUTADORA PERSONAL PORTATIL,SANEAR,31/12/2021,1,1503.020301,EQUIPOS COMPUTACIONALES Y PERIFERICOS,R,,,,,,,,,,,,,,,,U,,
2145,40,,532222990001,CONCENTRADOR DE OXIGENO,SANEAR,31/12/2021,1,1503.020402,EQUIPO MEDICO,R,,,,,,,,,,,,,,,,U,,
2146,40,,462234930001,CONVERTIDOR DE CORRIENTE,SANEAR,31/12/2021,1,1503.020904,ELECTRICIDAD Y ELECTRONICA,R,,,,,,,,,,,,,,,,U,,
2147,40,28,602223970003,COPA DE CASA GRANDE - LIMITE LIQUIDO,SANEAR,31/12/2021,1,1503.020905,EQUIPOS E INSTRUMENTOS DE MEDICION,R,INSIZE,TC POOS,,DORADO,106,,,,,,,,,10/03/2023 16:22:01,,U,KEVIN MIDGUAR ARCE TAIRO,3
2148,40,,672231040001,DEPURADOR NEUTRALIZADOR DE VAPORES ACIDOS,SANEAR,31/12/2021,1,1503.020906,EQUIPOS PARA VEHICULOS,R,,,,,,,,,,,,,,,,U,,
2149,40,,602230480001,DETERMINADOR DE DENSIDAD,SANEAR,31/12/2021,1,1503.020905,EQUIPOS E INSTRUMENTOS DE MEDICION,R,,,,,,,,,,,,,,,,U,,
2150,40,,602230480007,DETERMINADOR DE DENSIDAD,SANEAR,31/12/2021,1,1503.020905,EQUIPOS E INSTRUMENTOS DE MEDICION,R,,,,,,,,,,,,,,,,U,,
2151,40,,602230480008,DETERMINADOR DE DENSIDAD,SANEAR,31/12/2021,1,1503.020905,EQUIPOS E INSTRUMENTOS DE MEDICION,R,,,,,,,,,,,,,,,,U,,
2152,40,,602230480009,DETERMINADOR DE DENSIDAD,SANEAR,31/12/2021,1,1503.020905,EQUIPOS E INSTRUMENTOS DE MEDICION,R,,,,,,,,,,,,,,,,U,,
2153,40,,602233450001,DISTANCIOMETRO LASER,SANEAR,31/12/2021,1,1503.020905,EQUIPOS E INSTRUMENTOS DE MEDICION,R,,,,,,,,,,,,,,,,U,,
2154,40,,672235280003,ELECTROBOMBA,SANEAR,31/12/2021,1,1503.020906,EQUIPOS PARA VEHICULOS,M,,,,,,,,,,,,,,,,U,,
2155,40,44,672238180002,ENGRAPADORA DE TENAZA NEUMATICA,VERIFICAR,31/12/2021,1,1503.020906,EQUIPOS PARA VEHICULOS,M,,,,,,,,,,,,,,09/03/2023 16:50:54,,U,,
2156,40,,672238180003,ENGRAPADORA DE TENAZA NEUMATICA,VERIFICAR,31/12/2021,1,1503.020906,EQUIPOS PARA VEHICULOS,B,,,,,,,,,,,,,,,,U,,
2157,40,,672244200002,EQUIPO DE CARBURO,SANEAR,31/12/2021,1,1503.020906,EQUIPOS PARA VEHICULOS,M,,,,,,,,,,,,,,,,U,,
2158,40,,602236920001,EQUIPO DE NIVELACION DE SUELOS,SANEAR,31/12/2021,1,1503.020905,EQUIPOS E INSTRUMENTOS DE MEDICION,R,,.,,,,,,,,,,,,,,U,,
2159,40,,952231860001,EQUIPO DE POSICIONAMIENTO - GPS,SANEAR,31/12/2021,1,1503.020303,EQUIPOS DE TELECOMUNICACIONES,R,,,,,,,,,,,,,,,,U,,
2160,40,,952231860002,EQUIPO DE POSICIONAMIENTO - GPS,SANEAR,31/12/2021,1,1503.020303,EQUIPOS DE TELECOMUNICACIONES,R,,,,,,,,,,,,,,,,U,,
2161,40,,952231860003,EQUIPO DE POSICIONAMIENTO - GPS,SANEAR,31/12/2021,1,1503.020303,EQUIPOS DE TELECOMUNICACIONES,R,,,,,,,,,,,,,,,,U,,
2162,40,,952231860004,EQUIPO DE POSICIONAMIENTO - GPS,SANEAR,31/12/2021,1,1503.020303,EQUIPOS DE TELECOMUNICACIONES,R,,,,,,,,,,,,,,,,U,,
2163,40,48,952231860005,EQUIPO DE POSICIONAMIENTO - GPS,SANEAR,31/12/2021,1,1503.020303,EQUIPOS DE TELECOMUNICACIONES,R,ASTECH,ASH111660,,AZUL,6681,,,,,,,,,13/03/2023 11:02:51,,U,KEVIN MIDGUAR ARCE TAIRO,3
2164,40,,952231860011,EQUIPO DE POSICIONAMIENTO - GPS,SANEAR,31/12/2021,1,1503.020303,EQUIPOS DE TELECOMUNICACIONES,B,,,,,,,,,,,,,,,,U,,
2165,40,,672249550001,EQUIPO DE SOLDADURA,SANEAR,31/12/2021,1,1503.020906,EQUIPOS PARA VEHICULOS,M,,,,,,,,,,,,,,,,U,,
2166,40,,672249550002,EQUIPO DE SOLDADURA,SANEAR,31/12/2021,1,1503.020906,EQUIPOS PARA VEHICULOS,M,,,,,,,,,,,,,,,,U,,
2167,40,,742223580004,EQUIPO MULTIFUNCIONAL COPIADORA IMPRESORA SCANNER Y/O FAX,SANEAR,31/12/2021,1,1503.020101,MAQUINAS Y EQUIPOS DE OFICINA,R,,,,,,,,,,,,,,,,U,,
2168,40,,742223580005,EQUIPO MULTIFUNCIONAL COPIADORA IMPRESORA SCANNER Y/O FAX,SANEAR,31/12/2021,1,1503.020101,MAQUINAS Y EQUIPOS DE OFICINA,R,,,,,,,,,,,,,,,,U,,
2169,40,,742223580006,EQUIPO MULTIFUNCIONAL COPIADORA IMPRESORA SCANNER Y/O FAX,SANEAR,31/12/2021,1,1503.020101,MAQUINAS Y EQUIPOS DE OFICINA,R,,,,,,,,,,,,,,,,U,,
2170,40,,742223580007,EQUIPO MULTIFUNCIONAL COPIADORA IMPRESORA SCANNER Y/O FAX,SANEAR,31/12/2021,1,1503.020101,MAQUINAS Y EQUIPOS DE OFICINA,R,,,,,,,,,,,,,,,,U,,
2171,40,,742223580008,EQUIPO MULTIFUNCIONAL COPIADORA IMPRESORA SCANNER Y/O FAX,SANEAR,31/12/2021,1,1503.020101,MAQUINAS Y EQUIPOS DE OFICINA,R,,,,,,,,,,,,,,,,U,,
2172,40,,742223580009,EQUIPO MULTIFUNCIONAL COPIADORA IMPRESORA SCANNER Y/O FAX,SANEAR,31/12/2021,1,1503.020101,MAQUINAS Y EQUIPOS DE OFICINA,R,,,,,,,,,,,,,,,,U,,
2173,40,,742223580010,EQUIPO MULTIFUNCIONAL COPIADORA IMPRESORA SCANNER Y/O FAX,SANEAR,31/12/2021,1,1503.020101,MAQUINAS Y EQUIPOS DE OFICINA,R,,,,,,,,,,,,,,,,U,,
2174,40,,742223580011,EQUIPO MULTIFUNCIONAL COPIADORA IMPRESORA SCANNER Y/O FAX,SANEAR,31/12/2021,1,1503.020101,MAQUINAS Y EQUIPOS DE OFICINA,R,,,,,,,,,,,,,,,,U,,
2175,40,,742223580012,EQUIPO MULTIFUNCIONAL COPIADORA IMPRESORA SCANNER Y/O FAX,SANEAR,31/12/2021,1,1503.020101,MAQUINAS Y EQUIPOS DE OFICINA,R,,,,,,,,,,,,,,,,U,,
2176,40,,742223580013,EQUIPO MULTIFUNCIONAL COPIADORA IMPRESORA SCANNER Y/O FAX,SANEAR,31/12/2021,1,1503.020101,MAQUINAS Y EQUIPOS DE OFICINA,R,,,,,,,,,,,,,,,,U,,
2177,40,,742223580014,EQUIPO MULTIFUNCIONAL COPIADORA IMPRESORA SCANNER Y/O FAX,SANEAR,31/12/2021,1,1503.020101,MAQUINAS Y EQUIPOS DE OFICINA,R,,,,,,,,,,,,,,,,U,,
2178,40,,742223580015,EQUIPO MULTIFUNCIONAL COPIADORA IMPRESORA SCANNER Y/O FAX,SANEAR,31/12/2021,1,1503.020101,MAQUINAS Y EQUIPOS DE OFICINA,R,,,,,,,,,,,,,,,,U,,
2179,40,,742223580016,EQUIPO MULTIFUNCIONAL COPIADORA IMPRESORA SCANNER Y/O FAX,SANEAR,31/12/2021,1,1503.020101,MAQUINAS Y EQUIPOS DE OFICINA,R,,,,,,,,,,,,,,,,U,,
2180,40,,742223580017,EQUIPO MULTIFUNCIONAL COPIADORA IMPRESORA SCANNER Y/O FAX,SANEAR,31/12/2021,1,1503.020101,MAQUINAS Y EQUIPOS DE OFICINA,R,,,,,,,,,,,,,,,,U,,
2181,40,,742223580018,EQUIPO MULTIFUNCIONAL COPIADORA IMPRESORA SCANNER Y/O FAX,SANEAR,31/12/2021,1,1503.020101,MAQUINAS Y EQUIPOS DE OFICINA,R,,,,,,,,,,,,,,,,U,,
2182,40,,742223580019,EQUIPO MULTIFUNCIONAL COPIADORA IMPRESORA SCANNER Y/O FAX,SANEAR,31/12/2021,1,1503.020101,MAQUINAS Y EQUIPOS DE OFICINA,R,,,,,,,,,,,,,,,,U,,
2183,40,,742223580020,EQUIPO MULTIFUNCIONAL COPIADORA IMPRESORA SCANNER Y/O FAX,SANEAR,31/12/2021,1,1503.020101,MAQUINAS Y EQUIPOS DE OFICINA,R,,,,,,,,,,,,,,,,U,,
2184,40,,742223580021,EQUIPO MULTIFUNCIONAL COPIADORA IMPRESORA SCANNER Y/O FAX,SANEAR,31/12/2021,1,1503.020101,MAQUINAS Y EQUIPOS DE OFICINA,R,,,,,,,,,,,,,,,,U,,
2185,40,,742223580023,EQUIPO MULTIFUNCIONAL COPIADORA IMPRESORA SCANNER Y/O FAX,SANEAR,31/12/2021,1,1503.020101,MAQUINAS Y EQUIPOS DE OFICINA,R,,,,,,,,,,,,,,,,U,,
2186,40,,742223580024,EQUIPO MULTIFUNCIONAL COPIADORA IMPRESORA SCANNER Y/O FAX,SANEAR,31/12/2021,1,1503.020101,MAQUINAS Y EQUIPOS DE OFICINA,R,,,,,,,,,,,,,,,,U,,
2187,40,,742223580028,EQUIPO MULTIFUNCIONAL COPIADORA IMPRESORA SCANNER Y/O FAX,SANEAR,31/12/2021,1,1503.020101,MAQUINAS Y EQUIPOS DE OFICINA,B,,,,,,,,,,,,,,,,U,,
2188,40,,742223580031,EQUIPO MULTIFUNCIONAL COPIADORA IMPRESORA SCANNER Y/O FAX,SANEAR,31/12/2021,1,1503.020101,MAQUINAS Y EQUIPOS DE OFICINA,R,,,,,,,,,,,,,,,,U,,
2189,40,,42240480013,EQUIPO PARA ANALISIS DE SUELOS,SANEAR,31/12/2021,1,1503.020502,EQUIPO DE USO AGRICOLA Y PESQUERO,B,,,,,,,,,,,,,,,,U,,
2190,40,,602238120001,ESCLEROMETRO PARA PRUEBA DE CONCRETO,SANEAR,31/12/2021,1,1503.020905,EQUIPOS E INSTRUMENTOS DE MEDICION,R,,,,,,,,,,,,,,,,U,,
2191,40,,746437120001,ESCRITORIO DE MADERA,SANEAR,31/12/2021,1,1503.020102,MOBILIARIO DE OFICINA,B,,,,,,,,,,,,,,,,U,,
2192,40,,746437120032,ESCRITORIO DE MADERA,SANEAR,31/12/2021,1,1503.020102,MOBILIARIO DE OFICINA,M,,,,,,,,,,,,,,,,U,,
2193,40,,746437120034,ESCRITORIO DE MADERA,SANEAR,31/12/2021,1,1503.020102,MOBILIARIO DE OFICINA,M,,,,,,,,,,,,,,,,U,,
2194,40,,746437120040,ESCRITORIO DE MADERA,SANEAR,31/12/2021,1,1503.020102,MOBILIARIO DE OFICINA,M,,,,,,,,,,,,,,,,U,,
2195,40,,746437120041,ESCRITORIO DE MADERA,SANEAR,31/12/2021,1,1503.020102,MOBILIARIO DE OFICINA,M,,,,,,,,,,,,,,,,U,,
2196,40,,746437120052,ESCRITORIO DE MADERA,SANEAR,31/12/2021,1,1503.020102,MOBILIARIO DE OFICINA,M,,,,,,,,,,,,,,,,U,,
2197,40,,746437120056,ESCRITORIO DE MADERA,SANEAR,31/12/2021,1,1503.020102,MOBILIARIO DE OFICINA,R,,,,,,,,,,,,,,,,U,,
2198,40,,746437120057,ESCRITORIO DE MADERA,SANEAR,31/12/2021,1,1503.020102,MOBILIARIO DE OFICINA,R,,,,,,,,,,,,,,,,U,,
2199,40,,746437450001,ESCRITORIO DE MELAMINA,SANEAR,31/12/2021,1,1503.020102,MOBILIARIO DE OFICINA,R,,,,,,,,,,,,,,,,U,,
2200,40,,746437450002,ESCRITORIO DE MELAMINA,SANEAR,31/12/2021,1,1503.020102,MOBILIARIO DE OFICINA,R,,,,,,,,,,,,,,,,U,,
2201,40,,746437450003,ESCRITORIO DE MELAMINA,SANEAR,31/12/2021,1,1503.020102,MOBILIARIO DE OFICINA,R,,,,,,,,,,,,,,,,U,,
2202,40,,746437450004,ESCRITORIO DE MELAMINA,SANEAR,31/12/2021,1,1503.020102,MOBILIARIO DE OFICINA,R,,,,,,,,,,,,,,,,U,,
2203,40,,746437450005,ESCRITORIO DE MELAMINA,SANEAR,31/12/2021,1,1503.020102,MOBILIARIO DE OFICINA,R,,,,,,,,,,,,,,,,U,,
2204,40,,746437450006,ESCRITORIO DE MELAMINA,SANEAR,31/12/2021,1,1503.020102,MOBILIARIO DE OFICINA,R,,,,,,,,,,,,,,,,U,,
2205,40,,746437450007,ESCRITORIO DE MELAMINA,SANEAR,31/12/2021,1,1503.020102,MOBILIARIO DE OFICINA,R,,,,,,,,,,,,,,,,U,,
2206,40,,746437450008,ESCRITORIO DE MELAMINA,SANEAR,31/12/2021,1,1503.020102,MOBILIARIO DE OFICINA,R,,,,,,,,,,,,,,,,U,,
2207,40,,746437450021,ESCRITORIO DE MELAMINA,SANEAR,31/12/2021,1,1503.020102,MOBILIARIO DE OFICINA,R,,,,,,,,,,,,,,,,U,,
2208,40,,746437790003,ESCRITORIO DE METAL,SANEAR,31/12/2021,1,1503.020102,MOBILIARIO DE OFICINA,M,,,,,,,,,,,,,,,,U,,
2209,40,,746437790006,ESCRITORIO DE METAL,SANEAR,31/12/2021,1,1503.020102,MOBILIARIO DE OFICINA,M,,,,,,,,,,,,,,,,U,,
2210,40,,746437790008,ESCRITORIO DE METAL,SANEAR,31/12/2021,1,1503.020102,MOBILIARIO DE OFICINA,M,,3 GAVETAS,,,,,,,,,,,,,,U,,
2211,40,,462252150001,ESTABILIZADOR,SANEAR,31/12/2021,1,1503.020904,ELECTRICIDAD Y ELECTRONICA,R,,,,,,,,,,,,,,,,U,,
2212,40,,462252150003,ESTABILIZADOR,SANEAR,31/12/2021,1,1503.020904,ELECTRICIDAD Y ELECTRONICA,R,,,,,,,,,,,,,,,,U,,
2213,40,,462252150026,ESTABILIZADOR,SANEAR,31/12/2021,1,1503.020904,ELECTRICIDAD Y ELECTRONICA,R,,,,,,,,,,,,,,,,U,,
2214,40,,462252150028,ESTABILIZADOR,SANEAR,31/12/2021,1,1503.020904,ELECTRICIDAD Y ELECTRONICA,M,,,,,,,,,,,,,,,,U,,
2215,40,,462252150042,ESTABILIZADOR,O/C Nº 38,31/12/2021,1,1503.020904,ELECTRICIDAD Y ELECTRONICA,M,,,,,,,,,,,,,,,,U,,
2216,40,,462252150044,ESTABILIZADOR,SANEAR,31/12/2021,1,1503.020904,ELECTRICIDAD Y ELECTRONICA,R,,,,,,,,,,,,,,,,U,,
2217,40,,462252150048,ESTABILIZADOR,SANEAR,31/12/2021,1,1503.020904,ELECTRICIDAD Y ELECTRONICA,R,,,,,,,,,,,,,,,,U,,
2218,40,,462252150059,ESTABILIZADOR,SANEAR,31/12/2021,1,1503.020904,ELECTRICIDAD Y ELECTRONICA,R,,,,,,,,,,,,,,,,U,,
2219,40,,462252150064,ESTABILIZADOR,SANEAR,31/12/2021,1,1503.020904,ELECTRICIDAD Y ELECTRONICA,M,,,,,,,,,,,,,,,,U,,
2220,40,,462252150065,ESTABILIZADOR,SANEAR,31/12/2021,1,1503.020904,ELECTRICIDAD Y ELECTRONICA,M,,,,,,,,,,,,,,,,U,,
2221,40,,462252150066,ESTABILIZADOR,SANEAR,31/12/2021,1,1503.020904,ELECTRICIDAD Y ELECTRONICA,M,,,,,,,,,,,,,,,,U,,
2222,40,,462252150067,ESTABILIZADOR,SANEAR,31/12/2021,1,1503.020904,ELECTRICIDAD Y ELECTRONICA,M,,,,,,,,,,,,,,,,U,,
2223,40,,462252150069,ESTABILIZADOR,SANEAR,31/12/2021,1,1503.020904,ELECTRICIDAD Y ELECTRONICA,M,,,,,,,,,,,,,,,,U,,
2224,40,,462252150070,ESTABILIZADOR,SANEAR,31/12/2021,1,1503.020904,ELECTRICIDAD Y ELECTRONICA,M,,,,,,,,,,,,,,,,U,,
2225,40,,462252150071,ESTABILIZADOR,SANEAR,31/12/2021,1,1503.020904,ELECTRICIDAD Y ELECTRONICA,M,,,,,,,,,,,,,,,,U,,
2226,40,,462252150073,ESTABILIZADOR,SANEAR,31/12/2021,1,1503.020904,ELECTRICIDAD Y ELECTRONICA,R,,,,,,,,,,,,,,,,U,,
2227,40,,462252150074,ESTABILIZADOR,SANEAR,31/12/2021,1,1503.020904,ELECTRICIDAD Y ELECTRONICA,R,,,,,,,,,,,,,,,,U,,
2228,40,,462252150075,ESTABILIZADOR,SANEAR,31/12/2021,1,1503.020904,ELECTRICIDAD Y ELECTRONICA,R,,,,,,,,,,,,,,,,U,,
2229,40,,462252150076,ESTABILIZADOR,SANEAR,31/12/2021,1,1503.020904,ELECTRICIDAD Y ELECTRONICA,R,,,,,,,,,,,,,,,,U,,
2230,40,,462252150081,ESTABILIZADOR,SANEAR,31/12/2021,1,1503.020904,ELECTRICIDAD Y ELECTRONICA,M,,,,,,,,,,,,,,,,U,,
2231,40,,462252150084,ESTABILIZADOR,SANEAR,31/12/2021,1,1503.020904,ELECTRICIDAD Y ELECTRONICA,M,,,,,,,,,,,,,,,,U,,
2232,40,,462252150085,ESTABILIZADOR,SANEAR,31/12/2021,1,1503.020904,ELECTRICIDAD Y ELECTRONICA,M,ENERGIT,,,CREMA,,,,,,,,,,,,U,,
2233,40,,462252150100,ESTABILIZADOR,SANEAR,31/12/2021,1,1503.020904,ELECTRICIDAD Y ELECTRONICA,M,,,,,,,,,,,,,,,,U,,
2234,40,,462252150106,ESTABILIZADOR,SANEAR,31/12/2021,1,1503.020904,ELECTRICIDAD Y ELECTRONICA,R,,,,,,,,,,,,,,,,U,,
2235,40,,462252150111,ESTABILIZADOR,SANEAR,31/12/2021,1,1503.020904,ELECTRICIDAD Y ELECTRONICA,M,,,,,,,,,,,,,,,,U,,
2236,40,,746441860053,ESTANTE DE METAL,SANEAR,31/12/2021,1,1503.020102,MOBILIARIO DE OFICINA,R,,5 NIVELES,,BLANCO,,,,,,,,,,,,U,,
2237,40,,746441860054,ESTANTE DE METAL,SANEAR,31/12/2021,1,1503.020102,MOBILIARIO DE OFICINA,R,,,,,,,,,,,,,,,,U,,
2238,40,,952238290001,FILMADORA,SANEAR,31/12/2021,1,1503.020303,EQUIPOS DE TELECOMUNICACIONES,M,PANASONIC,PV-GS320,,PLOMO/NEGRO,,,,,,,,,,,,U,,
2239,40,,952238290003,FILMADORA,SANEAR,31/12/2021,1,1503.020303,EQUIPOS DE TELECOMUNICACIONES,M,,,,,,,,,,,,,,,,U,,
2240,40,,952238290005,FILMADORA,SANEAR,31/12/2021,1,1503.020303,EQUIPOS DE TELECOMUNICACIONES,M,,,,,,,,,,,,,,,,U,,
2241,40,,952238290007,FILMADORA,SANEAR,31/12/2021,1,1503.020303,EQUIPOS DE TELECOMUNICACIONES,M,,,,,,,,,,,,,,,,U,,
2242,40,,952238290009,FILMADORA,SANEAR,31/12/2021,1,1503.020303,EQUIPOS DE TELECOMUNICACIONES,M,,,,,,,,,,,,,,,,U,,
2243,40,,462260760001,FUENTE DE PODER,SANEAR,31/12/2021,1,1503.020904,ELECTRICIDAD Y ELECTRONICA,M,,,,,,,,,,,,,,,,U,,
2244,40,,462260760002,FUENTE DE PODER,SANEAR,31/12/2021,1,1503.020904,ELECTRICIDAD Y ELECTRONICA,M,,,,,,,,,,,,,,,,U,,
2245,40,,462260760003,FUENTE DE PODER,SANEAR,31/12/2021,1,1503.020904,ELECTRICIDAD Y ELECTRONICA,M,,,,,,,,,,,,,,,,U,,
2246,40,,672263370001,GATA HIDRAULICA DE ALUMINIO PARA RESCATE,SANEAR,31/12/2021,1,1503.020906,EQUIPOS PARA VEHICULOS,R,,,,,,,,,,,,,,,,U,,
2247,40,,672263370002,GATA HIDRAULICA DE ALUMINIO PARA RESCATE,SANEAR,31/12/2021,1,1503.020906,EQUIPOS PARA VEHICULOS,R,,,,,,,,,,,,,,,,U,,
2248,40,,672263370003,GATA HIDRAULICA DE ALUMINIO PARA RESCATE,SANEAR,31/12/2021,1,1503.020906,EQUIPOS PARA VEHICULOS,R,,,,,,,,,,,,,,,,U,,
2249,40,,462261830002,GENERADOR (OTROS),SANEAR,31/12/2021,1,1503.020904,ELECTRICIDAD Y ELECTRONICA,M,,,,,,,,,,,,,,,,U,,
2250,40,,462261830007,GENERADOR (OTROS),O/C Nº 00192,14/05/2021,1,1503.020904,ELECTRICIDAD Y ELECTRONICA,M,,,,,,,,,,,,,,,,U,,
2251,40,,462261830009,GENERADOR (OTROS),SANEAR,31/12/2021,1,1503.020904,ELECTRICIDAD Y ELECTRONICA,R,,,,,,,,,,,,,,,,U,,
2252,40,,462261830010,GENERADOR (OTROS),SANEAR,31/12/2021,1,1503.020904,ELECTRICIDAD Y ELECTRONICA,R,,,,,,,,,,,,,,,,U,,
2253,40,,462261830011,GENERADOR (OTROS),SANEAR,31/12/2021,1,1503.020904,ELECTRICIDAD Y ELECTRONICA,R,,,,,,,,,,,,,,,,U,,
2254,40,,672264720001,GENERADOR EOLICO,SANEAR,31/12/2021,1,1503.020906,EQUIPOS PARA VEHICULOS,M,,,,,,,,,,,,,,,,U,,
2255,40,,672264720003,GENERADOR EOLICO,SANEAR,31/12/2021,1,1503.020906,EQUIPOS PARA VEHICULOS,M,,,,,,,,,,,,,,,,U,,
2256,40,,462265070001,GRUPO ELECTROGENO,SANEAR,31/12/2012,1,1503.020904,ELECTRICIDAD Y ELECTRONICA,R,,,,,,,,,,,,,,,,U,,
2257,40,6,742229930001,GUILLOTINA,SANEAR,31/12/2021,1,1503.020101,MAQUINAS Y EQUIPOS DE OFICINA,M,LOBOGRAPH,,,NEGRO,,,,,,,,,,20/03/2023 17:35:40,,D,DELIA RUTH QUISPE SONCCO,4
2258,40,,742229930002,GUILLOTINA,SANEAR,31/12/2021,1,1503.020101,MAQUINAS Y EQUIPOS DE OFICINA,M,,,,,,,,,,,,,,,,U,,
2259,40,,742229930003,GUILLOTINA,SANEAR,31/12/2021,1,1503.020101,MAQUINAS Y EQUIPOS DE OFICINA,M,,,,,,,,,,,,,,,,U,,
2260,40,28,322257950001,HORNO ELECTRICO,SANEAR,31/12/2021,1,1503.020902,"ASEO, LIMPIEZA Y COCINA",R,S/M,PT-H76,,PLOMO-AZUL,S/S,,,,,,,,,10/03/2023 15:20:15,,U,KEVIN MIDGUAR ARCE TAIRO,3
2261,40,,322257950002,HORNO ELECTRICO,SANEAR,31/12/2021,1,1503.020902,"ASEO, LIMPIEZA Y COCINA",M,,,,,,,,,,,,,,,,U,,
2262,40,,740832000003,IMPRESORA (OTRAS),O/C Nº 246,12/09/2016,850,1503.020301,EQUIPOS COMPUTACIONALES Y PERIFERICOS,,EPSON,L375,,,,,,,,,,,,,,U,,
2263,40,,740832000005,IMPRESORA (OTRAS),SANEAR,31/12/2021,1,1503.020301,EQUIPOS COMPUTACIONALES Y PERIFERICOS,M,,,,,,,,,,,,,,,,U,,
2264,40,,740832000006,IMPRESORA (OTRAS),SANEAR,31/12/2021,1,1503.020301,EQUIPOS COMPUTACIONALES Y PERIFERICOS,M,,,,,,,,,,,,,,,,U,,
2265,40,,740832000007,IMPRESORA (OTRAS),SANEAR,31/12/2021,1,1503.020301,EQUIPOS COMPUTACIONALES Y PERIFERICOS,M,,,,,,,,,,,,,,,,U,,
2266,40,,740832000009,IMPRESORA (OTRAS),SANEAR,31/12/2021,1,1503.020301,EQUIPOS COMPUTACIONALES Y PERIFERICOS,M,,,,,,,,,,,,,,,,U,,
2267,40,,740832000014,IMPRESORA (OTRAS),SANEAR,31/12/2021,1,1503.020301,EQUIPOS COMPUTACIONALES Y PERIFERICOS,M,,,,,,,,,,,,,,,,U,,
2268,40,,740832000022,IMPRESORA (OTRAS),O/C Nº 000065,10/02/2022,1118.56,1503.020301,EQUIPOS COMPUTACIONALES Y PERIFERICOS,R,EPSON,,,,,,,,,,,,,,,U,,
2269,40,,740832000026,IMPRESORA (OTRAS),SANEAR,31/12/2021,1,1503.020301,EQUIPOS COMPUTACIONALES Y PERIFERICOS,M,,,,,,,,,,,,,,,,U,,
2270,40,,740832000027,IMPRESORA (OTRAS),SANEAR,31/12/2021,1,1503.020301,EQUIPOS COMPUTACIONALES Y PERIFERICOS,M,,,,,,,,,,,,,,,,U,,
2271,40,,740832000029,IMPRESORA (OTRAS),SANEAR,31/12/2021,1,1503.020301,EQUIPOS COMPUTACIONALES Y PERIFERICOS,M,HP,LASERJET 1319,,PLOMO/NEGRO,CNL89D003L,,,,,,,,,,,U,,
2272,40,,740832000032,IMPRESORA (OTRAS),SANEAR,31/12/2021,1,1503.020301,EQUIPOS COMPUTACIONALES Y PERIFERICOS,M,,,,,,,,,,,,,,,,U,,
2273,40,,740832000034,IMPRESORA (OTRAS),SANEAR,31/12/2021,1,1503.020301,EQUIPOS COMPUTACIONALES Y PERIFERICOS,M,,,,,,,,,,,,,,,,U,,
2274,40,,740832000035,IMPRESORA (OTRAS),SANEAR,31/12/2021,1,1503.020301,EQUIPOS COMPUTACIONALES Y PERIFERICOS,M,,,,,,,,,,,,,,,,U,,
2275,40,,740832000039,IMPRESORA (OTRAS),SANEAR,31/12/2021,1,1503.020301,EQUIPOS COMPUTACIONALES Y PERIFERICOS,R,,,,,,,,,,,,,,,,U,,
2276,40,,740832000042,IMPRESORA (OTRAS),SANEAR,31/12/2021,1,1503.020301,EQUIPOS COMPUTACIONALES Y PERIFERICOS,R,,,,,,,,,,,,,,,,U,,
2277,40,,740832000053,IMPRESORA (OTRAS),SANEAR,31/12/2021,1,1503.020301,EQUIPOS COMPUTACIONALES Y PERIFERICOS,R,,,,,,,,,,,,,,,,U,,
2278,40,,740832000054,IMPRESORA (OTRAS),SANEAR,31/12/2021,1,1503.020301,EQUIPOS COMPUTACIONALES Y PERIFERICOS,R,,,,,,,,,,,,,,,,U,,
2279,40,,740832000057,IMPRESORA (OTRAS),SANEAR,31/12/2021,1,1503.020301,EQUIPOS COMPUTACIONALES Y PERIFERICOS,M,,,,,,,,,,,,,,,,U,,
2280,40,,740832000058,IMPRESORA (OTRAS),SANEAR,31/12/2021,1,1503.020301,EQUIPOS COMPUTACIONALES Y PERIFERICOS,M,,,,,,,,,,,,,,,,U,,
2281,40,,740832000059,IMPRESORA (OTRAS),SANEAR,31/12/2021,1,1503.020301,EQUIPOS COMPUTACIONALES Y PERIFERICOS,M,,,,,,,,,,,,,,,,U,,
2282,40,,740832000060,IMPRESORA (OTRAS),SANEAR,31/12/2021,1,1503.020301,EQUIPOS COMPUTACIONALES Y PERIFERICOS,M,,,,,,,,,,,,,,,,U,,
2283,40,,740832000061,IMPRESORA (OTRAS),SANEAR,31/12/2021,1,1503.020301,EQUIPOS COMPUTACIONALES Y PERIFERICOS,M,,,,,,,,,,,,,,,,U,,
2284,40,,740832000062,IMPRESORA (OTRAS),SANEAR,31/12/2021,1,1503.020301,EQUIPOS COMPUTACIONALES Y PERIFERICOS,M,,,,,,,,,,,,,,,,U,,
2285,40,,740832000063,IMPRESORA (OTRAS),SANEAR,31/12/2021,1,1503.020301,EQUIPOS COMPUTACIONALES Y PERIFERICOS,M,,,,,,,,,,,,,,,,U,,
2286,40,,740832000064,IMPRESORA (OTRAS),SANEAR,31/12/2021,1,1503.020301,EQUIPOS COMPUTACIONALES Y PERIFERICOS,M,,,,,,,,,,,,,,,,U,,
2287,40,,740832000066,IMPRESORA (OTRAS),SANEAR,31/12/2021,1,1503.020301,EQUIPOS COMPUTACIONALES Y PERIFERICOS,R,,,,,,,,,,,,,,,,U,,
2288,40,,740832000069,IMPRESORA (OTRAS),SANEAR,31/12/2021,1,1503.020301,EQUIPOS COMPUTACIONALES Y PERIFERICOS,M,,,,,,,,,,,,,,,,U,,
2289,40,,740832000073,IMPRESORA (OTRAS),SANEAR,31/12/2021,1,1503.020301,EQUIPOS COMPUTACIONALES Y PERIFERICOS,M,,,,,,,,,,,,,,,,U,,
2290,40,,740832000074,IMPRESORA (OTRAS),SANEAR,31/12/2021,1,1503.020301,EQUIPOS COMPUTACIONALES Y PERIFERICOS,M,,,,,,,,,,,,,,,,U,,
2291,40,,740832000075,IMPRESORA (OTRAS),O/C Nª 112,22/02/2022,1250,1503.020301,EQUIPOS COMPUTACIONALES Y PERIFERICOS,M,EPSON,L4260,,,,,,,,,,,,,,U,,
2292,40,,740832000085,IMPRESORA (OTRAS),O/C Nº 87,25/07/2019,1241.55,1503.020301,EQUIPOS COMPUTACIONALES Y PERIFERICOS,R,EPSON,ECOTANK L6171,INYECCION DE TA,,X4ET009769,,,,,,,,,,,U,,
2293,40,,740836500005,IMPRESORA A INYECCION DE TINTA,SANEAR,31/12/2021,1,1503.020301,EQUIPOS COMPUTACIONALES Y PERIFERICOS,M,,,,,,,,,,,,,,,,U,,
2294,40,,740836500014,IMPRESORA A INYECCION DE TINTA,SANEAR,31/12/2021,1,1503.020301,EQUIPOS COMPUTACIONALES Y PERIFERICOS,M,HP,3550,,,,,,,,,,,,,,U,,
2295,40,,740836500016,IMPRESORA A INYECCION DE TINTA,SANEAR,31/12/2021,1,1503.020301,EQUIPOS COMPUTACIONALES Y PERIFERICOS,R,,,,,,,,,,,,,,,,U,,
2296,40,,740836500017,IMPRESORA A INYECCION DE TINTA,SANEAR,31/12/2021,1,1503.020301,EQUIPOS COMPUTACIONALES Y PERIFERICOS,R,,,,,,,,,,,,,,,,U,,
2297,40,,740836500018,IMPRESORA A INYECCION DE TINTA,SANEAR,31/12/2021,1,1503.020301,EQUIPOS COMPUTACIONALES Y PERIFERICOS,R,,,,,,,,,,,,,,,,U,,
2298,40,,740836500019,IMPRESORA A INYECCION DE TINTA,SANEAR,31/12/2021,1,1503.020301,EQUIPOS COMPUTACIONALES Y PERIFERICOS,R,,,,,,,,,,,,,,,,U,,
2299,40,,740836500020,IMPRESORA A INYECCION DE TINTA,SANEAR,31/12/2021,1,1503.020301,EQUIPOS COMPUTACIONALES Y PERIFERICOS,R,,,,,,,,,,,,,,,,U,,
2300,40,,740836500021,IMPRESORA A INYECCION DE TINTA,SANEAR,31/12/2021,1,1503.020301,EQUIPOS COMPUTACIONALES Y PERIFERICOS,R,,,,,,,,,,,,,,,,U,,
2301,40,,740836500022,IMPRESORA A INYECCION DE TINTA,SANEAR,31/12/2021,1,1503.020301,EQUIPOS COMPUTACIONALES Y PERIFERICOS,R,,,,,,,,,,,,,,,,U,,
2302,40,,740836500023,IMPRESORA A INYECCION DE TINTA,SANEAR,31/12/2021,1,1503.020301,EQUIPOS COMPUTACIONALES Y PERIFERICOS,R,,,,,,,,,,,,,,,,U,,
2303,40,,740836500024,IMPRESORA A INYECCION DE TINTA,SANEAR,31/12/2021,1,1503.020301,EQUIPOS COMPUTACIONALES Y PERIFERICOS,R,,,,,,,,,,,,,,,,U,,
2304,40,,740836500025,IMPRESORA A INYECCION DE TINTA,SANEAR,31/12/2021,1,1503.020301,EQUIPOS COMPUTACIONALES Y PERIFERICOS,R,,,,,,,,,,,,,,,,U,,
2305,40,,740836500026,IMPRESORA A INYECCION DE TINTA,SANEAR,31/12/2021,1,1503.020301,EQUIPOS COMPUTACIONALES Y PERIFERICOS,R,,,,,,,,,,,,,,,,U,,
2306,40,,740836500027,IMPRESORA A INYECCION DE TINTA,SANEAR,31/12/2021,1,1503.020301,EQUIPOS COMPUTACIONALES Y PERIFERICOS,R,,,,,,,,,,,,,,,,U,,
2307,40,,740836500028,IMPRESORA A INYECCION DE TINTA,SANEAR,31/12/2021,1,1503.020301,EQUIPOS COMPUTACIONALES Y PERIFERICOS,R,,,,,,,,,,,,,,,,U,,
2308,40,,740836500029,IMPRESORA A INYECCION DE TINTA,SANEAR,31/12/2021,1,1503.020301,EQUIPOS COMPUTACIONALES Y PERIFERICOS,R,,,,,,,,,,,,,,,,U,,
2309,40,,740836500030,IMPRESORA A INYECCION DE TINTA,SANEAR,31/12/2021,1,1503.020301,EQUIPOS COMPUTACIONALES Y PERIFERICOS,R,,,,,,,,,,,,,,,,U,,
2310,40,,740841000007,IMPRESORA LASER,O/C N° 000451,29/12/2021,4500,1503.020301,EQUIPOS COMPUTACIONALES Y PERIFERICOS,R,KYOCERA,ECOSYS,,,,,,,,,,,,,,U,,
2311,40,,740841000010,IMPRESORA LASER,SANEAR,31/12/2021,1,1503.020301,EQUIPOS COMPUTACIONALES Y PERIFERICOS,R,,,,,,,,,,,,,,,,U,,
2312,40,,740841000018,IMPRESORA LASER,SANEAR,31/12/2021,1,1503.020301,EQUIPOS COMPUTACIONALES Y PERIFERICOS,R,,,,,,,,,,,,,,,,U,,
2313,40,,740841000021,IMPRESORA LASER,SANEAR,31/12/2021,1,1503.020301,EQUIPOS COMPUTACIONALES Y PERIFERICOS,M,,,,,,,,,,,,,,,,U,,
2314,40,32,740845500017,IMPRESORA MATRIZ DE PUNTO,SANEAR,31/12/2021,1,1503.020301,EQUIPOS COMPUTACIONALES Y PERIFERICOS,M,EPSON,LQ3070,,BLANCO,2YQY006832,,,,,,,,,21/03/2023 17:25:25,,U,DELIA RUTH QUISPE SONCCO,4
2315,40,,742237960011,MAQUINA DE ESCRIBIR ELECTRICA,SANEAR,31/12/2021,1,1503.020101,MAQUINAS Y EQUIPOS DE OFICINA,M,,,,,,,,,,,,,,,,U,,
2316,40,,742237960015,MAQUINA DE ESCRIBIR ELECTRICA,SANEAR,31/12/2021,1,1503.020101,MAQUINAS Y EQUIPOS DE OFICINA,M,,,,,.,,,,,,,,,,,U,,
2317,40,,742243310001,MAQUINA DE ESCRIBIR MECANICA,SANEAR,31/12/2021,1,1503.020101,MAQUINAS Y EQUIPOS DE OFICINA,M,,,,,,,,,,,,,,,,U,,
2318,40,,742243310003,MAQUINA DE ESCRIBIR MECANICA,SANEAR,31/12/2021,1,1503.020101,MAQUINAS Y EQUIPOS DE OFICINA,M,,,,,,,,,,,,,,,,U,,
2319,40,6,742243310004,MAQUINA DE ESCRIBIR MECANICA,SANEAR,31/12/2021,1,1503.020101,MAQUINAS Y EQUIPOS DE OFICINA,M,,,,,,,,,,,,,,07/03/2023 01:48:21,,U,user user user,1
2320,40,,742243310005,MAQUINA DE ESCRIBIR MECANICA,SANEAR,31/12/2021,1,1503.020101,MAQUINAS Y EQUIPOS DE OFICINA,M,,,,,,,,,,,,,,,,U,,
2321,40,6,742243310009,MAQUINA DE ESCRIBIR MECANICA,SANEAR,31/12/2021,1,1503.020101,MAQUINAS Y EQUIPOS DE OFICINA,M,,,,,,,,,,,,,,07/03/2023 01:49:25,,U,user user user,1
2322,40,6,742243310010,MAQUINA DE ESCRIBIR MECANICA,SANEAR,31/12/2021,1,1503.020101,MAQUINAS Y EQUIPOS DE OFICINA,M,,,,,,,,,,,,,,07/03/2023 01:49:54,,U,user user user,1
2323,40,,675026900005,MAQUINA DE SOLDAR,SANEAR,31/12/2021,1,1503.020999,"MAQUINARIAS, EQUIPOS Y MOBILIARIOS DE OTRAS INSTALACIONES",M,,,,,,,,,,,,,,,,U,,
2324,40,,675026900008,MAQUINA DE SOLDAR,SANEAR,31/12/2021,1,1503.020999,"MAQUINARIAS, EQUIPOS Y MOBILIARIOS DE OTRAS INSTALACIONES",R,,,,,,,,,,,,,,,,U,,
2325,40,,602255370002,MEDIDOR (OTROS),SANEAR,31/12/2021,1,1503.020905,EQUIPOS E INSTRUMENTOS DE MEDICION,M,,,,,,,,,,,,,,,,U,,
2326,40,,602255370003,MEDIDOR (OTROS),SANEAR,31/12/2021,1,1503.020905,EQUIPOS E INSTRUMENTOS DE MEDICION,M,,,,,,,,,,,,,,,,U,,
2327,40,,746450000001,MESA DE MADERA PARA DIBUJO,SANEAR,31/12/2021,1,1503.020102,MOBILIARIO DE OFICINA,M,,,,,,,,,,,,,,,,U,,
2328,40,,746450680001,MESA DE METAL,SANEAR,31/12/2021,1,1503.020102,MOBILIARIO DE OFICINA,M,,,,,,,,,,,,,,,,U,,
2329,40,15,746450680005,MESA DE METAL,SANEAR,31/12/2021,1,1503.020102,MOBILIARIO DE OFICINA,M,,,,PLOMO,,,,,,,,,,13/03/2023 18:29:48,,U,KEVIN MIDGUAR ARCE TAIRO,3
2330,40,19,746450680008,MESA DE METAL,SANEAR,31/12/2021,1,1503.020102,MOBILIARIO DE OFICINA,M,,,,,,,,,,,,,,07/03/2023 02:08:36,,U,user user user,1
2331,40,,746450680012,MESA DE METAL,SANEAR,31/12/2021,1,1503.020102,MOBILIARIO DE OFICINA,M,,,,,,,,,,,,,,,,U,,
2332,40,,746450680013,MESA DE METAL,SANEAR,31/12/2021,1,1503.020102,MOBILIARIO DE OFICINA,M,,,,,,,,,,,,,,,,U,,
2333,40,19,746450680015,MESA DE METAL,SANEAR,31/12/2021,1,1503.020102,MOBILIARIO DE OFICINA,M,,,,,,,,,,,,,,07/03/2023 02:09:01,,U,user user user,1
2334,40,,746450680017,MESA DE METAL,SANEAR,31/12/2021,1,1503.020102,MOBILIARIO DE OFICINA,M,,,,,,,,,,,,,,,,U,,
2335,40,,746454580006,MESITA DE MADERA,SANEAR,31/12/2021,1,1503.020102,MOBILIARIO DE OFICINA,M,,,,,,,,,,,,,,,,U,,
2336,40,,746454580007,MESITA DE MADERA,SANEAR,31/12/2021,1,1503.020102,MOBILIARIO DE OFICINA,M,,,,,,,,,,,,,,,,U,,
2337,40,,673638490001,MEZCLADOR DE CONCRETO,SANEAR,31/12/2021,1,1503.020999,"MAQUINARIAS, EQUIPOS Y MOBILIARIOS DE OTRAS INSTALACIONES",M,,,,,,,,,,,,,,,,U,,
2338,40,,673638490002,MEZCLADOR DE CONCRETO,SANEAR,31/12/2021,1,1503.020999,"MAQUINARIAS, EQUIPOS Y MOBILIARIOS DE OTRAS INSTALACIONES",M,,,,,,,,,,,,,,,,U,,
2339,40,,673638490003,MEZCLADOR DE CONCRETO,SANEAR,31/12/2021,1,1503.020999,"MAQUINARIAS, EQUIPOS Y MOBILIARIOS DE OTRAS INSTALACIONES",M,,,,,,,,,,,,,,,,U,,
2340,40,,673638490004,MEZCLADOR DE CONCRETO,SANEAR,31/12/2021,1,1503.020999,"MAQUINARIAS, EQUIPOS Y MOBILIARIOS DE OTRAS INSTALACIONES",M,,,,,,,,,,,,,,,,U,,
2341,40,,673638490005,MEZCLADOR DE CONCRETO,SANEAR,31/12/2021,1,1503.020999,"MAQUINARIAS, EQUIPOS Y MOBILIARIOS DE OTRAS INSTALACIONES",M,,,,,,,,,,,,,,,,U,,
2342,40,,673638490006,MEZCLADOR DE CONCRETO,SANEAR,31/12/2021,1,1503.020999,"MAQUINARIAS, EQUIPOS Y MOBILIARIOS DE OTRAS INSTALACIONES",M,,,,,,,,,,,,,,,,U,,
2343,40,,673638490007,MEZCLADOR DE CONCRETO,SANEAR,31/12/2021,1,1503.020999,"MAQUINARIAS, EQUIPOS Y MOBILIARIOS DE OTRAS INSTALACIONES",M,,,,,,,,,,,,,,,,U,,
2344,40,,673638490008,MEZCLADOR DE CONCRETO,SANEAR,31/12/2021,1,1503.020999,"MAQUINARIAS, EQUIPOS Y MOBILIARIOS DE OTRAS INSTALACIONES",M,,,,,,,,,,,,,,,,U,,
2345,40,,673638490009,MEZCLADOR DE CONCRETO,SANEAR,31/12/2021,1,1503.020999,"MAQUINARIAS, EQUIPOS Y MOBILIARIOS DE OTRAS INSTALACIONES",M,,,,,,,,,,,,,,,,U,,
2346,40,,673638490010,MEZCLADOR DE CONCRETO,SANEAR,31/12/2021,1,1503.020999,"MAQUINARIAS, EQUIPOS Y MOBILIARIOS DE OTRAS INSTALACIONES",M,,,,,,,,,,,,,,,,U,,
2347,40,,673638490011,MEZCLADOR DE CONCRETO,SANEAR,31/12/2021,1,1503.020999,"MAQUINARIAS, EQUIPOS Y MOBILIARIOS DE OTRAS INSTALACIONES",M,,,,,,,,,,,,,,,,U,,
2348,40,,673638490012,MEZCLADOR DE CONCRETO,SANEAR,31/12/2021,1,1503.020999,"MAQUINARIAS, EQUIPOS Y MOBILIARIOS DE OTRAS INSTALACIONES",M,,,,,,,,,,,,,,,,U,,
2349,40,,673638490014,MEZCLADOR DE CONCRETO,SANEAR,31/12/2021,1,1503.020999,"MAQUINARIAS, EQUIPOS Y MOBILIARIOS DE OTRAS INSTALACIONES",M,,,,,,,,,,,,,,,,U,,
2350,40,,673638490016,MEZCLADOR DE CONCRETO,SANEAR,31/12/2021,1,1503.020999,"MAQUINARIAS, EQUIPOS Y MOBILIARIOS DE OTRAS INSTALACIONES",M,,,,,,,,,,,,,,,,U,,
2351,40,,673638490017,MEZCLADOR DE CONCRETO,SANEAR,31/12/2021,1,1503.020999,"MAQUINARIAS, EQUIPOS Y MOBILIARIOS DE OTRAS INSTALACIONES",M,,,,,,,,,,,,,,,,U,,
2352,40,,673638490018,MEZCLADOR DE CONCRETO,SANEAR,31/12/2021,1,1503.020999,"MAQUINARIAS, EQUIPOS Y MOBILIARIOS DE OTRAS INSTALACIONES",M,,,,,,,,,,,,,,,,U,,
2353,40,,673638490019,MEZCLADOR DE CONCRETO,SANEAR,31/12/2021,1,1503.020999,"MAQUINARIAS, EQUIPOS Y MOBILIARIOS DE OTRAS INSTALACIONES",M,,,,,,,,,,,,,,,,U,,
2354,40,,673638490020,MEZCLADOR DE CONCRETO,SANEAR,31/12/2021,1,1503.020999,"MAQUINARIAS, EQUIPOS Y MOBILIARIOS DE OTRAS INSTALACIONES",M,,,,,,,,,,,,,,,,U,,
2355,40,,673638490021,MEZCLADOR DE CONCRETO,SANEAR,31/12/2021,1,1503.020999,"MAQUINARIAS, EQUIPOS Y MOBILIARIOS DE OTRAS INSTALACIONES",M,,,,,,,,,,,,,,,,U,,
2356,40,,673638490022,MEZCLADOR DE CONCRETO,SANEAR,31/12/2021,1,1503.020999,"MAQUINARIAS, EQUIPOS Y MOBILIARIOS DE OTRAS INSTALACIONES",M,,,,,,,,,,,,,,,,U,,
2357,40,,673638490023,MEZCLADOR DE CONCRETO,SANEAR,31/12/2021,1,1503.020999,"MAQUINARIAS, EQUIPOS Y MOBILIARIOS DE OTRAS INSTALACIONES",M,,,,,,,,,,,,,,,,U,,
2358,40,,673638490024,MEZCLADOR DE CONCRETO,SANEAR,31/12/2021,1,1503.020999,"MAQUINARIAS, EQUIPOS Y MOBILIARIOS DE OTRAS INSTALACIONES",M,,,,,,,,,,,,,,,,U,,
2359,40,,673638490025,MEZCLADOR DE CONCRETO,SANEAR,31/12/2021,1,1503.020999,"MAQUINARIAS, EQUIPOS Y MOBILIARIOS DE OTRAS INSTALACIONES",M,,,,,,,,,,,,,,,,U,,
2360,40,,673638490026,MEZCLADOR DE CONCRETO,SANEAR,31/12/2021,1,1503.020999,"MAQUINARIAS, EQUIPOS Y MOBILIARIOS DE OTRAS INSTALACIONES",M,,,,,,,,,,,,,,,,U,,
2361,40,,673638490027,MEZCLADOR DE CONCRETO,SANEAR,31/12/2021,1,1503.020999,"MAQUINARIAS, EQUIPOS Y MOBILIARIOS DE OTRAS INSTALACIONES",M,,,,,,,,,,,,,,,,U,,
2362,40,,673638490028,MEZCLADOR DE CONCRETO,SANEAR,31/12/2021,1,1503.020999,"MAQUINARIAS, EQUIPOS Y MOBILIARIOS DE OTRAS INSTALACIONES",M,,,,,,,,,,,,,,,,U,,
2363,40,,675080890001,MEZCLADORA DE CONCRETO TIPO TROMPO,SANEAR,31/12/2021,1,1503.020999,"MAQUINARIAS, EQUIPOS Y MOBILIARIOS DE OTRAS INSTALACIONES",M,,,,,,,,,,,,,,,,U,,
2364,40,,675080890005,MEZCLADORA DE CONCRETO TIPO TROMPO,SANEAR,31/12/2021,1,1503.020999,"MAQUINARIAS, EQUIPOS Y MOBILIARIOS DE OTRAS INSTALACIONES",M,,,,,,,,,,,,,,,,U,,
2365,40,,675080890010,MEZCLADORA DE CONCRETO TIPO TROMPO,SANEAR,31/12/2021,1,1503.020999,"MAQUINARIAS, EQUIPOS Y MOBILIARIOS DE OTRAS INSTALACIONES",M,,,,,,,,,,,,,,,,U,,
2366,40,,675080890013,MEZCLADORA DE CONCRETO TIPO TROMPO,SANEAR,31/12/2021,1,1503.020999,"MAQUINARIAS, EQUIPOS Y MOBILIARIOS DE OTRAS INSTALACIONES",M,,,,,,,,,,,,,,,,U,,
2367,40,,675080890018,MEZCLADORA DE CONCRETO TIPO TROMPO,SANEAR,31/12/2021,1,1503.020999,"MAQUINARIAS, EQUIPOS Y MOBILIARIOS DE OTRAS INSTALACIONES",M,,,,,,,,,,,,,,,,U,,
2368,40,,675080890019,MEZCLADORA DE CONCRETO TIPO TROMPO,SANEAR,31/12/2021,1,1503.020999,"MAQUINARIAS, EQUIPOS Y MOBILIARIOS DE OTRAS INSTALACIONES",M,,,,,,,,,,,,,,,,U,,
2369,40,,675080890021,MEZCLADORA DE CONCRETO TIPO TROMPO,SANEAR,31/12/2021,1,1503.020999,"MAQUINARIAS, EQUIPOS Y MOBILIARIOS DE OTRAS INSTALACIONES",M,,,,,,,,,,,,,,,,U,,
2370,40,,675080890022,MEZCLADORA DE CONCRETO TIPO TROMPO,SANEAR,31/12/2021,1,1503.020999,"MAQUINARIAS, EQUIPOS Y MOBILIARIOS DE OTRAS INSTALACIONES",M,,,,,,,,,,,,,,,,U,,
2371,40,,675080890052,MEZCLADORA DE CONCRETO TIPO TROMPO,SANEAR,31/12/2021,1,1503.020999,"MAQUINARIAS, EQUIPOS Y MOBILIARIOS DE OTRAS INSTALACIONES",M,,,,,,,,,,,,,,,,U,,
2372,40,,675080890062,MEZCLADORA DE CONCRETO TIPO TROMPO,SANEAR,31/12/2021,1,1503.020999,"MAQUINARIAS, EQUIPOS Y MOBILIARIOS DE OTRAS INSTALACIONES",R,,,,,,,,,,,,,,,,U,,
2373,40,,675080890064,MEZCLADORA DE CONCRETO TIPO TROMPO,SANEAR,31/12/2021,1,1503.020999,"MAQUINARIAS, EQUIPOS Y MOBILIARIOS DE OTRAS INSTALACIONES",R,,,,,,,,,,,,,,,,U,,
2374,40,,675080890065,MEZCLADORA DE CONCRETO TIPO TROMPO,SANEAR,31/12/2021,1,1503.020999,"MAQUINARIAS, EQUIPOS Y MOBILIARIOS DE OTRAS INSTALACIONES",M,,,,,,,,,,,,,,,,U,,
2375,40,,675080890067,MEZCLADORA DE CONCRETO TIPO TROMPO,SANEAR,31/12/2021,1,1503.020999,"MAQUINARIAS, EQUIPOS Y MOBILIARIOS DE OTRAS INSTALACIONES",M,,,,,,,,,,,,,,,,U,,
2376,40,,675080890068,MEZCLADORA DE CONCRETO TIPO TROMPO,SANEAR,31/12/2021,1,1503.020999,"MAQUINARIAS, EQUIPOS Y MOBILIARIOS DE OTRAS INSTALACIONES",M,,,,,,,,,,,,,,,,U,,
2377,40,,675080890069,MEZCLADORA DE CONCRETO TIPO TROMPO,SANEAR,31/12/2021,1,1503.020999,"MAQUINARIAS, EQUIPOS Y MOBILIARIOS DE OTRAS INSTALACIONES",M,,,,,,,,,,,,,,,,U,,
2378,40,,675080890076,MEZCLADORA DE CONCRETO TIPO TROMPO,SANEAR,31/12/2021,1,1503.020999,"MAQUINARIAS, EQUIPOS Y MOBILIARIOS DE OTRAS INSTALACIONES",M,,,,,,,,,,,,,,,,U,,
2379,40,,675080890078,MEZCLADORA DE CONCRETO TIPO TROMPO,O/C Nº 156,11/03/2022,7490,1503.020999,"MAQUINARIAS, EQUIPOS Y MOBILIARIOS DE OTRAS INSTALACIONES",M,HONDA,,,,,,,,,,,,,,,U,,
2380,40,,46436500048,MIRA TOPOGRAFICA,SANEAR,31/12/2021,1,1503.020501,MOBILIARIO DE USO AGRICOLA Y PESQUERO,M,,,,,,,,,,,,,,,,U,,
2381,40,,46436500077,MIRA TOPOGRAFICA,SANEAR,31/12/2021,1,1503.020501,MOBILIARIO DE USO AGRICOLA Y PESQUERO,M,,,,,,,,,,,,,,,,U,,
2382,40,,46436500088,MIRA TOPOGRAFICA,SANEAR,31/12/2021,1,1503.020501,MOBILIARIO DE USO AGRICOLA Y PESQUERO,M,,,,,,,,,,,,,,,,U,,
2383,40,,46436500089,MIRA TOPOGRAFICA,SANEAR,31/12/2021,1,1503.020501,MOBILIARIO DE USO AGRICOLA Y PESQUERO,M,,,,,,,,,,,,,,,,U,,
2384,40,,46436500090,MIRA TOPOGRAFICA,SANEAR,31/12/2021,1,1503.020501,MOBILIARIO DE USO AGRICOLA Y PESQUERO,M,,,,,,,,,,,,,,,,U,,
2385,40,,46436500092,MIRA TOPOGRAFICA,SANEAR,31/12/2021,1,1503.020501,MOBILIARIO DE USO AGRICOLA Y PESQUERO,M,,,,,,,,,,,,,,,,U,,
2386,40,,46436500093,MIRA TOPOGRAFICA,SANEAR,31/12/2021,1,1503.020501,MOBILIARIO DE USO AGRICOLA Y PESQUERO,M,,,,,,,,,,,,,,,,U,,
2387,40,,46436500094,MIRA TOPOGRAFICA,SANEAR,31/12/2021,1,1503.020501,MOBILIARIO DE USO AGRICOLA Y PESQUERO,M,,,,,,,,,,,,,,,,U,,
2388,40,,46436500095,MIRA TOPOGRAFICA,SANEAR,31/12/2021,1,1503.020501,MOBILIARIO DE USO AGRICOLA Y PESQUERO,M,,,,,,,,,,,,,,,,U,,
2389,40,,740872500003,MODEM EXTERNO,SANEAR,31/12/2021,1,1503.020301,EQUIPOS COMPUTACIONALES Y PERIFERICOS,M,,,,,,,,,,,,,,,,U,,
2390,40,,740872500004,MODEM EXTERNO,SANEAR,31/12/2021,1,1503.020301,EQUIPOS COMPUTACIONALES Y PERIFERICOS,M,,,,,,,,,,,,,,,,U,,
2391,40,,740872500005,MODEM EXTERNO,SANEAR,31/12/2021,1,1503.020301,EQUIPOS COMPUTACIONALES Y PERIFERICOS,M,,,,,,,,,,,,,,,,U,,
2392,40,,740872500006,MODEM EXTERNO,SANEAR,31/12/2021,1,1503.020301,EQUIPOS COMPUTACIONALES Y PERIFERICOS,M,,,,,,,,,,,,,,,,U,,
2393,40,,746460170001,MODULO DE MADERA,SANEAR,31/12/2021,1,1503.020102,MOBILIARIO DE OFICINA,M,,,,,,,,,,,,,,,,U,,
2394,40,,746460170002,MODULO DE MADERA,SANEAR,31/12/2021,1,1503.020102,MOBILIARIO DE OFICINA,M,,,,,,,,,,,,,,,,U,,
2395,40,,746460170003,MODULO DE MADERA,SANEAR,31/12/2021,1,1503.020102,MOBILIARIO DE OFICINA,M,,,,,,,,,,,,,,,,U,,
2396,40,,746460170004,MODULO DE MADERA,SANEAR,31/12/2021,1,1503.020102,MOBILIARIO DE OFICINA,M,,,,,,,,,,,,,,,,U,,
2397,40,,746460170005,MODULO DE MADERA,SANEAR,31/12/2021,1,1503.020102,MOBILIARIO DE OFICINA,M,,,,,,,,,,,,,,,,U,,
2398,40,,746460170006,MODULO DE MADERA,SANEAR,31/12/2021,1,1503.020102,MOBILIARIO DE OFICINA,M,,,,,,,,,,,,,,,,U,,
2399,40,,746460170007,MODULO DE MADERA,SANEAR,31/12/2021,1,1503.020102,MOBILIARIO DE OFICINA,M,,,,,,,,,,,,,,,,U,,
2400,40,,746460170008,MODULO DE MADERA,SANEAR,31/12/2021,1,1503.020102,MOBILIARIO DE OFICINA,M,,,,,,,,,,,,,,,,U,,
2401,40,,746460170009,MODULO DE MADERA,SANEAR,31/12/2021,1,1503.020102,MOBILIARIO DE OFICINA,M,,,,,,,,,,,,,,,,U,,
2402,40,,746460170010,MODULO DE MADERA,SANEAR,31/12/2021,1,1503.020102,MOBILIARIO DE OFICINA,M,,,,,,,,,,,,,,,,U,,
2403,40,,746460170011,MODULO DE MADERA,SANEAR,31/12/2021,1,1503.020102,MOBILIARIO DE OFICINA,M,,,,,,,,,,,,,,,,U,,
2404,40,,746460170012,MODULO DE MADERA,SANEAR,31/12/2021,1,1503.020102,MOBILIARIO DE OFICINA,M,,,,,,,,,,,,,,,,U,,
2405,40,,746460170014,MODULO DE MADERA,SANEAR,31/12/2021,1,1503.020102,MOBILIARIO DE OFICINA,M,,,,,,,,,,,,,,,,U,,
2406,40,,746460170015,MODULO DE MADERA,SANEAR,31/12/2021,1,1503.020102,MOBILIARIO DE OFICINA,M,,,,,,,,,,,,,,,,U,,
2407,40,,746460170016,MODULO DE MADERA,SANEAR,31/12/2021,1,1503.020102,MOBILIARIO DE OFICINA,M,,,,,,,,,,,,,,,,U,,
2408,40,,746460170017,MODULO DE MADERA,SANEAR,31/12/2021,1,1503.020102,MOBILIARIO DE OFICINA,M,,,,,,,,,,,,,,,,U,,
2409,40,,746460170018,MODULO DE MADERA,SANEAR,31/12/2021,1,1503.020102,MOBILIARIO DE OFICINA,M,,,,,,,,,,,,,,,,U,,
2410,40,,746460850003,MODULO DE MADERA PARA MICROCOMPUTADORA,SANEAR,31/12/2021,1,1503.020102,MOBILIARIO DE OFICINA,M,,,,,,,,,,,,,,,,U,,
2411,40,35,746460850007,MODULO DE MADERA PARA MICROCOMPUTADORA,SANEAR,31/12/2021,1,1503.020102,MOBILIARIO DE OFICINA,R,,,,BLANCO,,,,,,,,,0.98x0.48x0.71,10/03/2023 11:07:40,,U,,
2412,40,,746460850008,MODULO DE MADERA PARA MICROCOMPUTADORA,SANEAR,31/12/2021,1,1503.020102,MOBILIARIO DE OFICINA,M,,,,,,,,,,,,,,,,U,,
2413,40,,746460850020,MODULO DE MADERA PARA MICROCOMPUTADORA,SANEAR,31/12/2021,1,1503.020102,MOBILIARIO DE OFICINA,M,,,,,,,,,,,,,,,,U,,
2414,40,,746460980011,MODULO DE MELAMINA,SANEAR,31/12/2021,1,1503.020102,MOBILIARIO DE OFICINA,R,,,,,,,,,,,,,,,,U,,
2415,40,,746461240008,MODULO DE MELAMINA PARA COMPUTADORA,SANEAR,31/12/2021,1,1503.020102,MOBILIARIO DE OFICINA,M,,,,,,,,,,,,,,,,U,,
2416,40,,746461240009,MODULO DE MELAMINA PARA COMPUTADORA,SANEAR,31/12/2021,1,1503.020102,MOBILIARIO DE OFICINA,M,,,,,,,,,,,,,,,,U,,
2417,40,,746461240010,MODULO DE MELAMINA PARA COMPUTADORA,SANEAR,31/12/2021,1,1503.020102,MOBILIARIO DE OFICINA,M,,,,,,,,,,,,,,,,U,,
2418,40,,952258120001,MONITOR (OTROS),SANEAR,31/12/2021,1,1503.020303,EQUIPOS DE TELECOMUNICACIONES,M,,,,,,,,,,,,,,,,U,,
2419,40,,952258120005,MONITOR (OTROS),SANEAR,31/12/2021,1,1503.020303,EQUIPOS DE TELECOMUNICACIONES,R,,,,,,,,,,,,,,,,U,,
2420,40,,952258120013,MONITOR (OTROS),SANEAR,31/12/2021,1,1503.020303,EQUIPOS DE TELECOMUNICACIONES,M,,,,,,,,,,,,,,,,U,,
2421,40,,952258120024,MONITOR (OTROS),SANEAR,31/12/2021,1,1503.020303,EQUIPOS DE TELECOMUNICACIONES,M,,,,,,,,,,,,,,,,U,,
2422,40,,952258120038,MONITOR (OTROS),SANEAR,31/12/2021,1,1503.020303,EQUIPOS DE TELECOMUNICACIONES,M,,,,,,,,,,,,,,,,U,,
2423,40,,952258120039,MONITOR (OTROS),SANEAR,31/12/2021,1,1503.020303,EQUIPOS DE TELECOMUNICACIONES,M,,,,,,,,,,,,,,,,U,,
2424,40,,952258120048,MONITOR (OTROS),SANEAR,31/12/2021,1,1503.020303,EQUIPOS DE TELECOMUNICACIONES,M,,,,,,,,,,,,,,,,U,,
2425,40,,952258120066,MONITOR (OTROS),SANEAR,31/12/2021,1,1503.020303,EQUIPOS DE TELECOMUNICACIONES,R,,,,,,,,,,,,,,,,U,,
2426,40,,740877000018,MONITOR A COLOR,SANEAR,31/12/2021,1,1503.020202,MOBILIARIO EDUCATIVO,M,,,,,,,,,,,,,,,,U,,
2427,40,,740877000022,MONITOR A COLOR,SANEAR,31/12/2021,1,1503.020202,MOBILIARIO EDUCATIVO,M,,,,,,,,,,,,,,,,U,,
2428,40,,740877000052,MONITOR A COLOR,SANEAR,31/12/2021,1,1503.020301,EQUIPOS COMPUTACIONALES Y PERIFERICOS,M,,,,,,,,,,,,,,,,U,,
2429,40,,740881870005,MONITOR PLANO,SANEAR,31/12/2021,1,1503.020301,EQUIPOS COMPUTACIONALES Y PERIFERICOS,R,,,,,,,,,,,,,,,,U,,
2430,40,,740881870007,MONITOR PLANO,SANEAR,31/12/2021,1,1503.020301,EQUIPOS COMPUTACIONALES Y PERIFERICOS,M,,,,,,,,,,,,,,,,U,,
2431,40,,672275420005,MOTOBOMBA,SANEAR,31/12/2021,1,1503.020906,EQUIPOS PARA VEHICULOS,M,,,,,,,,,,,,,,,,U,,
2432,40,,672275420007,MOTOBOMBA,SANEAR,31/12/2021,1,1503.020906,EQUIPOS PARA VEHICULOS,M,,,,ROJO,,,,,,,,,,,,U,,
2433,40,,672275420010,MOTOBOMBA,SANEAR,31/12/2021,1,1503.020906,EQUIPOS PARA VEHICULOS,M,,,,,,,,,,,,,,,,U,,
2434,40,,672275420011,MOTOBOMBA,SANEAR,31/12/2021,1,1503.020906,EQUIPOS PARA VEHICULOS,M,,,,,,,,,,,,,,,,U,,
2435,40,,672275420012,MOTOBOMBA,SANEAR,31/12/2021,1,1503.020906,EQUIPOS PARA VEHICULOS,M,,,,,,,,,,,,,,,,U,,
2436,40,,672275420013,MOTOBOMBA,SANEAR,31/12/2021,1,1503.020906,EQUIPOS PARA VEHICULOS,M,,,,,,,,,,,,,,,,U,,
2437,40,,672275420016,MOTOBOMBA,SANEAR,31/12/2021,1,1503.020906,EQUIPOS PARA VEHICULOS,M,,,,,,,,,,,,,,,,U,,
2438,40,,672275420018,MOTOBOMBA,SANEAR,31/12/2021,1,1503.020906,EQUIPOS PARA VEHICULOS,M,,,,,,,,,,,,,,,,U,,
2439,40,,672275420028,MOTOBOMBA,SANEAR,31/12/2021,1,1503.020906,EQUIPOS PARA VEHICULOS,M,,,,,,,,,,,,,,,,U,,
2440,40,,672275420034,MOTOBOMBA,SANEAR,31/12/2021,1,1503.020906,EQUIPOS PARA VEHICULOS,R,,,,,,,,,,,,,,,,U,,
2441,40,,672275420035,MOTOBOMBA,O/C Nº 000165,16/03/2022,7200,1503.020906,EQUIPOS PARA VEHICULOS,R,KOHLEMAN,,,,,,,,,,,,,,,U,,
2442,40,,672275420036,MOTOBOMBA,SANEAR,31/12/2021,1,1503.020906,EQUIPOS PARA VEHICULOS,R,,,,,,,,,,,,,,,,U,,
2443,40,,672275420037,MOTOBOMBA,SANEAR,31/12/2021,1,1503.020906,EQUIPOS PARA VEHICULOS,R,,,,,,,,,,,,,,,,U,,
2444,40,3,678268000001,MOTOCICLETA,SANEAR,31/12/2021,1,1503.0101,VEHICULOS PARA TRANSPORTE TERRESTRE,M,,,,,,,,,,,,,,15/03/2023 20:24:48,,U,KEVIN MIDGUAR ARCE TAIRO,3
2445,40,,678268000004,MOTOCICLETA,SANEAR,31/12/2021,1,1503.0101,VEHICULOS PARA TRANSPORTE TERRESTRE,M,NO,N,S/T,S/C,,,,,,,0,,,,,U,,
2446,40,,678268000005,MOTOCICLETA,SANEAR,31/12/2021,1,1503.0101,VEHICULOS PARA TRANSPORTE TERRESTRE,M,NO,N,S/T,S/C,,,,,,,0,,,,,U,,
2447,40,,678268000008,MOTOCICLETA,SANEAR,31/12/2021,1,1503.0101,VEHICULOS PARA TRANSPORTE TERRESTRE,M,S-M,XL-125,MU-4751; XL125S,S-C,,,,,,,0,,,,,U,,
2448,40,,678268000014,MOTOCICLETA,SANEAR,31/12/2021,1,1503.0101,VEHICULOS PARA TRANSPORTE TERRESTRE,M,S/M,,,0,,,,,,,0,,,,,U,,
2449,40,,678268000015,MOTOCICLETA,SANEAR,31/12/2021,1,1503.0101,VEHICULOS PARA TRANSPORTE TERRESTRE,M,S/M,,,0,,,,,,,0,,,,,U,,
2450,40,,678268000017,MOTOCICLETA,SANEAR,31/12/2021,1,1503.0101,VEHICULOS PARA TRANSPORTE TERRESTRE,M,,,,O,,,,,,,0,,,,,U,,
2451,40,,678268000020,MOTOCICLETA,SANEAR,31/12/2021,1,1503.0101,VEHICULOS PARA TRANSPORTE TERRESTRE,M,,,,N,,,,,,,0,,,,,U,,
2452,40,,672276900002,MOTOR COLGANTE,SANEAR,31/12/2021,1,1503.020906,EQUIPOS PARA VEHICULOS,M,,,,,,,,,,,,,,,,U,,
2453,40,,672276900004,MOTOR COLGANTE,SANEAR,31/12/2021,1,1503.020906,EQUIPOS PARA VEHICULOS,M,,,,,,,,,,,,,,,,U,,
2454,40,,672276900006,MOTOR COLGANTE,SANEAR,31/12/2021,1,1503.020906,EQUIPOS PARA VEHICULOS,M,,,,,,,,,,,,,,,,U,,
2455,40,,672276900007,MOTOR COLGANTE,SANEAR,31/12/2021,1,1503.020906,EQUIPOS PARA VEHICULOS,M,,,,,,,,,,,,,,,,U,,
2456,40,,672276900008,MOTOR COLGANTE,SANEAR,31/12/2021,1,1503.020906,EQUIPOS PARA VEHICULOS,M,,,,,,,,,,,,,,,,U,,
2457,40,,672276900009,MOTOR COLGANTE,SANEAR,31/12/2021,1,1503.020906,EQUIPOS PARA VEHICULOS,M,,,,,,,,,,,,,,,,U,,
2458,40,,672276900010,MOTOR COLGANTE,SANEAR,31/12/2021,1,1503.020906,EQUIPOS PARA VEHICULOS,M,,,,,,,,,,,,,,,,U,,
2459,40,,672276900011,MOTOR COLGANTE,SANEAR,31/12/2021,1,1503.020906,EQUIPOS PARA VEHICULOS,M,,,,,,,,,,,,,,,,U,,
2460,40,,672276900012,MOTOR COLGANTE,SANEAR,31/12/2021,1,1503.020906,EQUIPOS PARA VEHICULOS,M,,,,,,,,,,,,,,,,U,,
2461,40,,672276900013,MOTOR COLGANTE,SANEAR,31/12/2021,1,1503.020906,EQUIPOS PARA VEHICULOS,M,,,,,,,,,,,,,,,,U,,
2462,40,,672276900014,MOTOR COLGANTE,SANEAR,31/12/2021,1,1503.020906,EQUIPOS PARA VEHICULOS,M,,,,,,,,,,,,,,,,U,,
2463,40,,672276900015,MOTOR COLGANTE,SANEAR,31/12/2021,1,1503.020906,EQUIPOS PARA VEHICULOS,M,,,,,,,,,,,,,,,,U,,
2464,40,,672276900016,MOTOR COLGANTE,SANEAR,31/12/2021,1,1503.020906,EQUIPOS PARA VEHICULOS,M,,,,,,,,,,,,,,,,U,,
2465,40,,672276900017,MOTOR COLGANTE,SANEAR,31/12/2021,1,1503.020906,EQUIPOS PARA VEHICULOS,M,,,,,,,,,,,,,,,,U,,
2466,40,,672276900018,MOTOR COLGANTE,SANEAR,31/12/2021,1,1503.020906,EQUIPOS PARA VEHICULOS,M,,,,,,,,,,,,,,,,U,,
2467,40,,672276900019,MOTOR COLGANTE,SANEAR,31/12/2021,1,1503.020906,EQUIPOS PARA VEHICULOS,M,,,,,,,,,,,,,,,,U,,
2468,40,,672276900020,MOTOR COLGANTE,SANEAR,31/12/2021,1,1503.020906,EQUIPOS PARA VEHICULOS,M,,,,,,,,,,,,,,,,U,,
2469,40,,672276900021,MOTOR COLGANTE,SANEAR,31/12/2021,1,1503.020906,EQUIPOS PARA VEHICULOS,M,,,,,,,,,,,,,,,,U,,
2470,40,,672276900022,MOTOR COLGANTE,SANEAR,31/12/2021,1,1503.020906,EQUIPOS PARA VEHICULOS,M,,,,,,,,,,,,,,,,U,,
2471,40,,672276900023,MOTOR COLGANTE,SANEAR,31/12/2021,1,1503.020906,EQUIPOS PARA VEHICULOS,M,,,,,,,,,,,,,,,,U,,
2472,40,,672276900025,MOTOR COLGANTE,SANEAR,31/12/2021,1,1503.020906,EQUIPOS PARA VEHICULOS,M,,,,,,,,,,,,,,,,U,,
2473,40,,672276900027,MOTOR COLGANTE,SANEAR,31/12/2021,1,1503.020906,EQUIPOS PARA VEHICULOS,M,,,,,,,,,,,,,,,,U,,
2474,40,,672276900028,MOTOR COLGANTE,SANEAR,31/12/2021,1,1503.020906,EQUIPOS PARA VEHICULOS,M,,,,,,,,,,,,,,,,U,,
2475,40,,672276900029,MOTOR COLGANTE,SANEAR,31/12/2021,1,1503.020906,EQUIPOS PARA VEHICULOS,M,,,,,,,,,,,,,,,,U,,
2476,40,,672276900030,MOTOR COLGANTE,SANEAR,31/12/2021,1,1503.020906,EQUIPOS PARA VEHICULOS,M,,,,,,,,,,,,,,,,U,,
2477,40,,672276900031,MOTOR COLGANTE,SANEAR,31/12/2021,1,1503.020906,EQUIPOS PARA VEHICULOS,M,,,,,,,,,,,,,,,,U,,
2478,40,,672276900032,MOTOR COLGANTE,SANEAR,31/12/2021,1,1503.020906,EQUIPOS PARA VEHICULOS,M,ONDA,6X390,,,1025073,,,,,,,,,,,U,,
2479,40,,672279880002,MOTORES ESTACIONARIOS Y MARINOS,SANEAR,31/12/2021,1,1503.020906,EQUIPOS PARA VEHICULOS,M,,,,,,,,,,,,,,,,U,,
2480,40,,672279880003,MOTORES ESTACIONARIOS Y MARINOS,SANEAR,31/12/2021,1,1503.020906,EQUIPOS PARA VEHICULOS,M,,,,,,,,,,,,,,,,U,,
2481,40,,672279880004,MOTORES ESTACIONARIOS Y MARINOS,SANEAR,31/12/2021,1,1503.020906,EQUIPOS PARA VEHICULOS,M,,,,,,,,,,,,,,,,U,,
2482,40,,672279880006,MOTORES ESTACIONARIOS Y MARINOS,SANEAR,31/12/2021,1,1503.020906,EQUIPOS PARA VEHICULOS,M,,,,,,,,,,,,,,,,U,,
2483,40,,672279880007,MOTORES ESTACIONARIOS Y MARINOS,SANEAR,31/12/2021,1,1503.020906,EQUIPOS PARA VEHICULOS,M,,,,,,,,,,,,,,,,U,,
2484,40,,672279880008,MOTORES ESTACIONARIOS Y MARINOS,SANEAR,31/12/2021,1,1503.020906,EQUIPOS PARA VEHICULOS,M,,,,,,,,,,,,,,,,U,,
2485,40,,672279880011,MOTORES ESTACIONARIOS Y MARINOS,SANEAR,31/12/2021,1,1503.020906,EQUIPOS PARA VEHICULOS,M,,,,,,,,,,,,,,,,U,,
2486,40,,672279880012,MOTORES ESTACIONARIOS Y MARINOS,SANEAR,31/12/2021,1,1503.020906,EQUIPOS PARA VEHICULOS,M,,,,,,,,,,,,,,,,U,,
2487,40,,672279880013,MOTORES ESTACIONARIOS Y MARINOS,SANEAR,31/12/2021,1,1503.020906,EQUIPOS PARA VEHICULOS,M,,,,,,,,,,,,,,,,U,,
2488,40,,672279880014,MOTORES ESTACIONARIOS Y MARINOS,SANEAR,31/12/2021,1,1503.020906,EQUIPOS PARA VEHICULOS,M,,,,,,,,,,,,,,,,U,,
2489,40,,672279880015,MOTORES ESTACIONARIOS Y MARINOS,SANEAR,31/12/2021,1,1503.020906,EQUIPOS PARA VEHICULOS,M,,,,,,,,,,,,,,,,U,,
2490,40,,672279880016,MOTORES ESTACIONARIOS Y MARINOS,SANEAR,31/12/2021,1,1503.020906,EQUIPOS PARA VEHICULOS,M,,,,,,,,,,,,,,,,U,,
2491,40,,672279880017,MOTORES ESTACIONARIOS Y MARINOS,SANEAR,31/12/2021,1,1503.020906,EQUIPOS PARA VEHICULOS,M,,,,,,,,,,,,,,,,U,,
2492,40,,672279880018,MOTORES ESTACIONARIOS Y MARINOS,SANEAR,31/12/2021,1,1503.020906,EQUIPOS PARA VEHICULOS,M,,,,,,,,,,,,,,,,U,,
2493,40,,672279880019,MOTORES ESTACIONARIOS Y MARINOS,SANEAR,31/12/2021,1,1503.020906,EQUIPOS PARA VEHICULOS,M,,,,,,,,,,,,,,,,U,,
2494,40,,672279880020,MOTORES ESTACIONARIOS Y MARINOS,SANEAR,31/12/2021,1,1503.020906,EQUIPOS PARA VEHICULOS,M,,,,,,,,,,,,,,,,U,,
2495,40,,672279880021,MOTORES ESTACIONARIOS Y MARINOS,SANEAR,31/12/2021,1,1503.020906,EQUIPOS PARA VEHICULOS,M,,,,,,,,,,,,,,,,U,,
2496,40,,672279880022,MOTORES ESTACIONARIOS Y MARINOS,SANEAR,31/12/2021,1,1503.020906,EQUIPOS PARA VEHICULOS,M,,,,,,,,,,,,,,,,U,,
2497,40,,672279880023,MOTORES ESTACIONARIOS Y MARINOS,SANEAR,31/12/2021,1,1503.020906,EQUIPOS PARA VEHICULOS,M,,,,,,,,,,,,,,,,U,,
2498,40,,740882240001,MOUSE INALAMBRICO,,31/12/2021,1,1503.020301,EQUIPOS COMPUTACIONALES Y PERIFERICOS,M,,,,,,,,,,,,,,,,U,,
2499,40,,740882240002,MOUSE INALAMBRICO,SANEAR,31/12/2021,1,1503.020301,EQUIPOS COMPUTACIONALES Y PERIFERICOS,M,,,,,,,,,,,,,,,,U,,
2500,40,,740882240003,MOUSE INALAMBRICO,SANEAR,31/12/2021,1,1503.020301,EQUIPOS COMPUTACIONALES Y PERIFERICOS,M,,,,,,,,,,,,,,,,U,,
2501,40,,740882240004,MOUSE INALAMBRICO,SANEAR,31/12/2021,1,1503.020301,EQUIPOS COMPUTACIONALES Y PERIFERICOS,M,,,,,,,,,,,,,,,,U,,
2502,40,,740882240005,MOUSE INALAMBRICO,SANEAR,31/12/2021,1,1503.020301,EQUIPOS COMPUTACIONALES Y PERIFERICOS,M,,,,,,,,,,,,,,,,U,,
2503,40,,740882240006,MOUSE INALAMBRICO,SANEAR,31/12/2021,1,1503.020301,EQUIPOS COMPUTACIONALES Y PERIFERICOS,M,,,,,,,,,,,,,,,,U,,
2504,40,,740882240007,MOUSE INALAMBRICO,SANEAR,31/12/2021,1,1503.020301,EQUIPOS COMPUTACIONALES Y PERIFERICOS,M,,,,,,,,,,,,,,,,U,,
2505,40,,740882240008,MOUSE INALAMBRICO,SANEAR,31/12/2021,1,1503.020301,EQUIPOS COMPUTACIONALES Y PERIFERICOS,M,,,,,,,,,,,,,,,,U,,
2506,40,,740882240009,MOUSE INALAMBRICO,SANEAR,31/12/2021,1,1503.020301,EQUIPOS COMPUTACIONALES Y PERIFERICOS,M,,,,,,,,,,,,,,,,U,,
2507,40,,740882240010,MOUSE INALAMBRICO,SANEAR,31/12/2021,1,1503.020301,EQUIPOS COMPUTACIONALES Y PERIFERICOS,M,,,,,,,,,,,,,,,,U,,
2508,40,,740882240012,MOUSE INALAMBRICO,SANEAR,31/12/2021,1,1503.020301,EQUIPOS COMPUTACIONALES Y PERIFERICOS,M,,,,,,,,,,,,,,,,U,,
2509,40,,740882240013,MOUSE INALAMBRICO,SANEAR,31/12/2021,1,1503.020301,EQUIPOS COMPUTACIONALES Y PERIFERICOS,M,,,,,,,,,,,,,,,,U,,
2510,40,,740882240015,MOUSE INALAMBRICO,SANEAR,31/12/2021,1,1503.020301,EQUIPOS COMPUTACIONALES Y PERIFERICOS,M,,,,,,,,,,,,,,,,U,,
2511,40,33,740882240018,MOUSE INALAMBRICO,SANEAR,31/12/2021,1,1503.020301,EQUIPOS COMPUTACIONALES Y PERIFERICOS,M,GENIUS,,,NEGRO,,,,,,,,,CON CABLE,10/03/2023 11:07:52,,U,,
2512,40,,740882240019,MOUSE INALAMBRICO,SANEAR,31/12/2021,1,1503.020301,EQUIPOS COMPUTACIONALES Y PERIFERICOS,M,,,,,,,,,,,,,,,,U,,
2513,40,,740882240020,MOUSE INALAMBRICO,SANEAR,31/12/2021,1,1503.020301,EQUIPOS COMPUTACIONALES Y PERIFERICOS,M,,,,,,,,,,,,,,,,U,,
2514,40,,740882240021,MOUSE INALAMBRICO,SANEAR,31/12/2021,1,1503.020301,EQUIPOS COMPUTACIONALES Y PERIFERICOS,M,,,,,,,,,,,,,,,,U,,
2515,40,37,740882240022,MOUSE INALAMBRICO,SANEAR,31/12/2021,1,1503.020301,EQUIPOS COMPUTACIONALES Y PERIFERICOS,M,GENIUS,,,NEGRO,156031601079,,,,,,,,CON CABLE,09/03/2023 15:27:44,,U,KEVIN MIDGUAR ARCE TAIRO,3
2516,40,,740882240023,MOUSE INALAMBRICO,SANEAR,31/12/2021,1,1503.020301,EQUIPOS COMPUTACIONALES Y PERIFERICOS,M,,,,,,,,,,,,,,,,U,,
2517,40,,740882240024,MOUSE INALAMBRICO,SANEAR,31/12/2021,1,1503.020301,EQUIPOS COMPUTACIONALES Y PERIFERICOS,M,,,,,,,,,,,,,,,,U,,
2518,40,,740882240025,MOUSE INALAMBRICO,SANEAR,31/12/2021,1,1503.020301,EQUIPOS COMPUTACIONALES Y PERIFERICOS,M,,,,,,,,,,,,,,,,U,,
2519,40,,740882240026,MOUSE INALAMBRICO,SANEAR,31/12/2021,1,1503.020301,EQUIPOS COMPUTACIONALES Y PERIFERICOS,M,,,,,,,,,,,,,,,,U,,
2520,40,,740882240027,MOUSE INALAMBRICO,SANEAR,31/12/2021,1,1503.020301,EQUIPOS COMPUTACIONALES Y PERIFERICOS,M,,,,,,,,,,,,,,,,U,,
2521,40,,740882240028,MOUSE INALAMBRICO,SANEAR,31/12/2021,1,1503.020301,EQUIPOS COMPUTACIONALES Y PERIFERICOS,M,,,,,,,,,,,,,,,,U,,
2522,40,,740882240029,MOUSE INALAMBRICO,SANEAR,31/12/2021,1,1503.020301,EQUIPOS COMPUTACIONALES Y PERIFERICOS,M,,,,,,,,,,,,,,,,U,,
2523,40,,740882240030,MOUSE INALAMBRICO,SANEAR,31/12/2021,1,1503.020301,EQUIPOS COMPUTACIONALES Y PERIFERICOS,M,,,,,,,,,,,,,,,,U,,
2524,40,44,740882240032,MOUSE INALAMBRICO,SANEAR,31/12/2021,1,1503.020301,EQUIPOS COMPUTACIONALES Y PERIFERICOS,R,GENIUS,CROLL,,,,,,,,,,,CON CABLE,09/03/2023 16:36:09,,U,,
2525,40,,740882240033,MOUSE INALAMBRICO,SANEAR,31/12/2021,1,1503.020301,EQUIPOS COMPUTACIONALES Y PERIFERICOS,R,,,,,,,,,,,,,,,,U,,
2526,40,,740882240035,MOUSE INALAMBRICO,SANEAR,31/12/2021,1,1503.020301,EQUIPOS COMPUTACIONALES Y PERIFERICOS,M,,,,,,,,,,,,,,,,U,,
2527,40,,740882240036,MOUSE INALAMBRICO,SANEAR,31/12/2021,1,1503.020301,EQUIPOS COMPUTACIONALES Y PERIFERICOS,M,,,,,,,,,,,,,,,,U,,
2528,40,,740882240037,MOUSE INALAMBRICO,SANEAR,31/12/2021,1,1503.020301,EQUIPOS COMPUTACIONALES Y PERIFERICOS,M,,,,,,,,,,,,,,,,U,,
2529,40,,740882240038,MOUSE INALAMBRICO,SANEAR,31/12/2021,1,1503.020301,EQUIPOS COMPUTACIONALES Y PERIFERICOS,M,,,,,,,,,,,,,,,,U,,
2530,40,,740882240039,MOUSE INALAMBRICO,SANEAR,31/12/2021,1,1503.020301,EQUIPOS COMPUTACIONALES Y PERIFERICOS,M,,,,,,,,,,,,,,,,U,,
2531,40,,740882240040,MOUSE INALAMBRICO,SANEAR,31/12/2021,1,1503.020301,EQUIPOS COMPUTACIONALES Y PERIFERICOS,M,,,,,,,,,,,,,,,,U,,
2532,40,,740882240041,MOUSE INALAMBRICO,SANEAR,31/12/2021,1,1503.020301,EQUIPOS COMPUTACIONALES Y PERIFERICOS,M,,,,,,,,,,,,,,,,U,,
2533,40,,740882240042,MOUSE INALAMBRICO,SANEAR,31/12/2021,1,1503.020301,EQUIPOS COMPUTACIONALES Y PERIFERICOS,M,,,,,,,,,,,,,,,,U,,
2534,40,,740882240043,MOUSE INALAMBRICO,SANEAR,31/12/2021,1,1503.020301,EQUIPOS COMPUTACIONALES Y PERIFERICOS,M,,,,,,,,,,,,,,,,U,,
2535,40,,740882240045,MOUSE INALAMBRICO,SANEAR,31/12/2021,1,1503.020301,EQUIPOS COMPUTACIONALES Y PERIFERICOS,R,,,,,,,,,,,,,,,,U,,
2536,40,,740882240046,MOUSE INALAMBRICO,SANEAR,31/12/2021,1,1503.020301,EQUIPOS COMPUTACIONALES Y PERIFERICOS,R,,,,,,,,,,,,,,,,U,,
2537,40,33,740882240047,MOUSE INALAMBRICO,SANEAR,31/12/2021,1,1503.020301,EQUIPOS COMPUTACIONALES Y PERIFERICOS,R,CYBERTEL,,,NEGRO,,,,,,,,,,10/03/2023 11:23:26,,U,,
2538,40,,740882240049,MOUSE INALAMBRICO,SANEAR,31/12/2021,1,1503.020301,EQUIPOS COMPUTACIONALES Y PERIFERICOS,M,,,,,,,,,,,,,,,,U,,
2539,40,34,740882240050,MOUSE INALAMBRICO,SANEAR,31/12/2021,1,1503.020301,EQUIPOS COMPUTACIONALES Y PERIFERICOS,R,HP,MSU1053,,NEGRO,,,,,,,,,CON CABLE,10/03/2023 10:15:32,,U,,
2540,40,,740882240051,MOUSE INALAMBRICO,SANEAR,31/12/2021,1,1503.020301,EQUIPOS COMPUTACIONALES Y PERIFERICOS,M,,,,,,,,,,,,,,,,U,,
2541,40,,740882240052,MOUSE INALAMBRICO,SANEAR,31/12/2021,1,1503.020301,EQUIPOS COMPUTACIONALES Y PERIFERICOS,M,,,,,,,,,,,,,,,,U,,
2542,40,,740882240053,MOUSE INALAMBRICO,SANEAR,31/12/2021,1,1503.020301,EQUIPOS COMPUTACIONALES Y PERIFERICOS,M,,,,,,,,,,,,,,,,U,,
2543,40,,740882240054,MOUSE INALAMBRICO,SANEAR,31/12/2021,1,1503.020301,EQUIPOS COMPUTACIONALES Y PERIFERICOS,M,,,,,,,,,,,,,,,,U,,
2544,40,,740882240055,MOUSE INALAMBRICO,SANEAR,31/12/2021,1,1503.020301,EQUIPOS COMPUTACIONALES Y PERIFERICOS,M,,,,,,,,,,,,,,,,U,,
2545,40,,740882240056,MOUSE INALAMBRICO,SANEAR,31/12/2021,1,1503.020301,EQUIPOS COMPUTACIONALES Y PERIFERICOS,M,,,,,,,,,,,,,,,,U,,
2546,40,,602264990007,NIVEL TOPOGRAFICO,SANEAR,31/12/2021,1,1503.020905,EQUIPOS E INSTRUMENTOS DE MEDICION,M,,,,,,,,,,,,,,,,U,,
2547,40,,602264990045,NIVEL TOPOGRAFICO,SANEAR,31/12/2021,1,1503.020905,EQUIPOS E INSTRUMENTOS DE MEDICION,B,,,,,,,,,,,,,,,,U,,
2548,40,,952260390010,PARLANTE AMPLIFICADOR PORTATIL,SANEAR,31/12/2021,1,1503.020303,EQUIPOS DE TELECOMUNICACIONES,R,,,,,,,,,,,,,,,,U,,
2549,40,,952260390011,PARLANTE AMPLIFICADOR PORTATIL,SANEAR,31/12/2021,1,1503.020303,EQUIPOS DE TELECOMUNICACIONES,R,,,,,,,,,,,,,,,,U,,
2550,40,,952260390012,PARLANTE AMPLIFICADOR PORTATIL,SANEAR,10/08/2009,38.31,1503.020303,EQUIPOS DE TELECOMUNICACIONES,M,,,,,,,,,,,,,,,,U,,
2551,40,,952260390013,PARLANTE AMPLIFICADOR PORTATIL,SANEAR,31/12/2021,1,1503.020303,EQUIPOS DE TELECOMUNICACIONES,M,,,,,,,,,,,,,,,,U,,
2552,40,48,952260580011,PARLANTES EN GENERAL (MAYOR A 1/8 UIT),SANEAR,31/12/2021,1,1503.020303,EQUIPOS DE TELECOMUNICACIONES,M,,,,NEGRO,,,,,,,,,2 COMPONENTES PEQUEÑOS,13/03/2023 12:49:36,,U,KEVIN MIDGUAR ARCE TAIRO,3
2553,40,,952260580012,PARLANTES EN GENERAL (MAYOR A 1/8 UIT),SANEAR,31/12/2021,1,1503.020303,EQUIPOS DE TELECOMUNICACIONES,M,,,,,,,,,,,,,,,,U,,
2554,40,,952260580013,PARLANTES EN GENERAL (MAYOR A 1/8 UIT),SANEAR,31/12/2021,1,1503.020303,EQUIPOS DE TELECOMUNICACIONES,M,,,,,,,,,,,,,,,,U,,
2555,40,,952260580017,PARLANTES EN GENERAL (MAYOR A 1/8 UIT),SANEAR,31/12/2021,1,1503.020303,EQUIPOS DE TELECOMUNICACIONES,M,,,,,,,,,,,,,,,,U,,
2556,40,,952260580018,PARLANTES EN GENERAL (MAYOR A 1/8 UIT),SANEAR,31/12/2021,1,1503.020303,EQUIPOS DE TELECOMUNICACIONES,M,,,,,,,,,,,,,,,,U,,
2557,40,,952260580023,PARLANTES EN GENERAL (MAYOR A 1/8 UIT),SANEAR,31/12/2021,1,1503.020303,EQUIPOS DE TELECOMUNICACIONES,R,,,,,,,,,,,,,,,,U,,
2558,40,,952260580027,PARLANTES EN GENERAL (MAYOR A 1/8 UIT),SANEAR,31/12/2021,1,1503.020303,EQUIPOS DE TELECOMUNICACIONES,R,,,,,,,,,,,,,,,,U,,
2559,40,48,952260580031,PARLANTES EN GENERAL (MAYOR A 1/8 UIT),SANEAR,31/12/2021,1,1503.020303,EQUIPOS DE TELECOMUNICACIONES,M,CYBERTEL,NEWTON,,NEGRO,,,,,,,,,,13/03/2023 12:49:28,,U,KEVIN MIDGUAR ARCE TAIRO,3
2560,40,6,952260580038,PARLANTES EN GENERAL (MAYOR A 1/8 UIT),SANEAR,31/12/2021,1,1503.020303,EQUIPOS DE TELECOMUNICACIONES,M,RLI XTREM,,,NEGRO,,,,,,,,,ES MENOR A 1/8 UIT,21/03/2023 10:41:06,,D,DELIA RUTH QUISPE SONCCO,4
2561,40,,952260580045,PARLANTES EN GENERAL (MAYOR A 1/8 UIT),SANEAR,31/12/2021,1,1503.020303,EQUIPOS DE TELECOMUNICACIONES,R,,,,,,,,,,,,,,,,U,,
2562,40,,952260580048,PARLANTES EN GENERAL (MAYOR A 1/8 UIT),SANEAR,31/12/2021,1,1503.020303,EQUIPOS DE TELECOMUNICACIONES,M,,,,,,,,,,,,,,,,U,,
2563,40,48,952260580054,PARLANTES EN GENERAL (MAYOR A 1/8 UIT),SANEAR,31/12/2021,1,1503.020303,EQUIPOS DE TELECOMUNICACIONES,M,,GENIUS,,NEGRO,,,,,,,,,DUPLIC<ADO CON OTRO COD,13/03/2023 12:45:54,,U,KEVIN MIDGUAR ARCE TAIRO,3
2564,40,,952260580055,PARLANTES EN GENERAL (MAYOR A 1/8 UIT),SANEAR,31/12/2021,1,1503.020303,EQUIPOS DE TELECOMUNICACIONES,N,,,,,,,,,,,,,,,,U,,
2565,40,,952260580061,PARLANTES EN GENERAL (MAYOR A 1/8 UIT),SANEAR,31/12/2021,1,1503.020303,EQUIPOS DE TELECOMUNICACIONES,R,,,,,,,,,,,,,,,,U,,
2566,40,,952260580078,PARLANTES EN GENERAL (MAYOR A 1/8 UIT),SANEAR,31/12/2021,1,1503.020303,EQUIPOS DE TELECOMUNICACIONES,R,,,,,,,,,,,,,,,,U,,
2567,40,48,952260580094,PARLANTES EN GENERAL (MAYOR A 1/8 UIT),SANEAR,31/12/2021,1,1503.020303,EQUIPOS DE TELECOMUNICACIONES,R,CYBERLINK,,,NEGRO,908100000544,,,,,,,,CUADRADO ,13/03/2023 12:26:23,,U,KEVIN MIDGUAR ARCE TAIRO,3
2568,40,,532290990004,PERFORADOR MANUAL,VERIFICAR,31/12/2021,1,1503.020402,EQUIPO MEDICO,B,,,,,,,,,,,,,,,,U,,
2569,40,,746473050002,PIZARRA ACRILICA,SANEAR,31/12/2021,1,1503.020102,MOBILIARIO DE OFICINA,R,,,,,,,,,,,,,,,,U,,
2570,40,,746473050004,PIZARRA ACRILICA,SANEAR,31/12/2021,1,1503.020102,MOBILIARIO DE OFICINA,R,,,,,,,,,,,,,,,,U,,
2571,40,,746473050006,PIZARRA ACRILICA,SANEAR,31/12/2021,1,1503.020102,MOBILIARIO DE OFICINA,R,,,,,,,,,,,,,,,,U,,
2572,40,,746473050007,PIZARRA ACRILICA,SANEAR,31/12/2021,1,1503.020102,MOBILIARIO DE OFICINA,R,,,,,,,,,,,,,,,,U,,
2573,40,,746473050008,PIZARRA ACRILICA,O/C Nº47,14/02/2020,1,1503.020102,MOBILIARIO DE OFICINA,R,,,,,,2.50X1.10,,,,,,,,,,U,,
2574,40,,746473050009,PIZARRA ACRILICA,O/C Nº 145,9/03/2022,395,1503.020102,MOBILIARIO DE OFICINA,R,,,,,,1.25X 1.60,,,,,,,,,,U,,
2575,40,,746473050010,PIZARRA ACRILICA,O/C Nº 147,9/03/2022,395,1503.020102,MOBILIARIO DE OFICINA,R,,,,,,1.25X 1.60,,,,,,,,,,U,,
2576,40,,746475090001,PIZARRA MURAL - FRANELOGRAFO,SANEAR,31/12/2021,1,1503.020102,MOBILIARIO DE OFICINA,M,,,,,,,,,,,,,,,,U,,
2577,40,,602271210001,PLANIMETRO,SANEAR,31/12/2021,1,1503.020905,EQUIPOS E INSTRUMENTOS DE MEDICION,M,,,,,,,,,,,,,,,,U,,
2578,40,,602271210002,PLANIMETRO,SANEAR,31/12/2021,1,1503.020905,EQUIPOS E INSTRUMENTOS DE MEDICION,M,,,,,,,,,,,,,,,,U,,
2579,40,,746475770004,PLANOTECA DE MADERA,SANEAR,31/12/2021,1,1503.020102,MOBILIARIO DE OFICINA,M,,,,,,,,,,,,,,,,U,,
2580,40,,746475770006,PLANOTECA DE MADERA,SANEAR,31/12/2021,1,1503.020102,MOBILIARIO DE OFICINA,M,,,,,,,,,,,,,,,,U,,
2581,40,,746475770007,PLANOTECA DE MADERA,SANEAR,31/12/2021,1,1503.020102,MOBILIARIO DE OFICINA,M,,,,,,,,,,,,,,,,U,,
2582,40,,602273050002,PRISMA CIRCULAR,SANEAR,31/12/2021,1,1503.020905,EQUIPOS E INSTRUMENTOS DE MEDICION,M,,,,,,,,,,,,,,,,U,,
2583,40,,602273050004,PRISMA CIRCULAR,SANEAR,31/12/2021,1,1503.020905,EQUIPOS E INSTRUMENTOS DE MEDICION,M,,,,,,,,,,,,,,,,U,,
2584,40,,602273050005,PRISMA CIRCULAR,SANEAR,31/12/2021,1,1503.020905,EQUIPOS E INSTRUMENTOS DE MEDICION,M,,,,,,,,,,,,,,,,U,,
2585,40,48,602273050013,PRISMA CIRCULAR,SANEAR,31/12/2021,1,1503.020905,EQUIPOS E INSTRUMENTOS DE MEDICION,R,,,,,,,,,,,,,,10/03/2023 18:04:05,,U,,
2586,40,,602273050023,PRISMA CIRCULAR,SANEAR,31/12/2021,1,1503.020905,EQUIPOS E INSTRUMENTOS DE MEDICION,R,,,,,,,,,,,,,,,,U,,
2587,40,,602273050032,PRISMA CIRCULAR,SANEAR,31/12/2021,1,1503.020905,EQUIPOS E INSTRUMENTOS DE MEDICION,R,,,,,,,,,,,,,,,,U,,
2588,40,,672286120001,PRISMA PENTAGONAL TOPOGRAFICO,SANEAR,31/12/2021,1,1503.020906,EQUIPOS PARA VEHICULOS,R,,,,,,,,,,,,,,,,U,,
2589,40,,672286120002,PRISMA PENTAGONAL TOPOGRAFICO,SANEAR,31/12/2021,1,1503.020906,EQUIPOS PARA VEHICULOS,R,,,,,,,,,,,,,,,,U,,
2590,40,,952267660005,RADIO FOTOCONTROL,SANEAR,31/12/2021,1,1503.020303,EQUIPOS DE TELECOMUNICACIONES,M,,,,,,,,,,,,,,,,U,,
2591,40,,952267660007,RADIO FOTOCONTROL,SANEAR,31/12/2021,1,1503.020303,EQUIPOS DE TELECOMUNICACIONES,M,,,,,,,,,,,,,,,,U,,
2592,40,,952268140003,RADIO RECEPTOR,SANEAR,31/12/2021,1,1503.020303,EQUIPOS DE TELECOMUNICACIONES,M,,,,,,,,,,,,,,,,U,,
2593,40,,952268140004,RADIO RECEPTOR,SANEAR,31/12/2021,1,1503.020303,EQUIPOS DE TELECOMUNICACIONES,M,,,,,,,,,,,,,,,,U,,
2594,40,,952268890005,RADIO TELEFONO,O/C Nº 000223,17/08/2016,458,1503.020303,EQUIPOS DE TELECOMUNICACIONES,M,MOTOROLA   ,,RADIO TELEFONO,,,,,,,,,,,,,U,,
2595,40,,952268890006,RADIO TELEFONO,O/C Nº 000223,17/08/2016,458,1503.020303,EQUIPOS DE TELECOMUNICACIONES,M,MOTOROLA   ,,,,,,,,,,,,,,,U,,
2596,40,,952268890007,RADIO TELEFONO,SANEAR,31/12/2021,1,1503.020303,EQUIPOS DE TELECOMUNICACIONES,M,,,,,,,,,,,,,,,,U,,
2597,40,,952268890009,RADIO TELEFONO,SANEAR,31/12/2021,1,1503.020303,EQUIPOS DE TELECOMUNICACIONES,M,,,,,,,,,,,,,,,,U,,
2598,40,,952268890010,RADIO TELEFONO,SANEAR,31/12/2021,1,1503.020303,EQUIPOS DE TELECOMUNICACIONES,M,,,,,,,,,,,,,,,,U,,
2599,40,,952268890012,RADIO TELEFONO,SANEAR,31/12/2021,1,1503.020303,EQUIPOS DE TELECOMUNICACIONES,M,,,,,,,,,,,,,,,,U,,
2600,40,,952268890013,RADIO TELEFONO,SANEAR,31/12/2021,1,1503.020303,EQUIPOS DE TELECOMUNICACIONES,M,,,,,,,,,,,,,,,,U,,
2601,40,,952268890015,RADIO TELEFONO,SANEAR,31/12/2021,1,1503.020303,EQUIPOS DE TELECOMUNICACIONES,M,,,,,,,,,,,,,,,,U,,
2602,40,,952268890016,RADIO TELEFONO,SANEAR,31/12/2021,1,1503.020303,EQUIPOS DE TELECOMUNICACIONES,M,,,,,,,,,,,,,,,,U,,
2603,40,,952268890017,RADIO TELEFONO,SANEAR,31/12/2021,1,1503.020303,EQUIPOS DE TELECOMUNICACIONES,M,,,,,,,,,,,,,,,,U,,
2604,40,,952268890018,RADIO TELEFONO,SANEAR,31/12/2021,1,1503.020303,EQUIPOS DE TELECOMUNICACIONES,M,,,,,,,,,,,,,,,,U,,
2605,40,,952268890020,RADIO TELEFONO,SANEAR,31/12/2021,1,1503.020303,EQUIPOS DE TELECOMUNICACIONES,M,,,,,,,,,,,,,,,,U,,
2606,40,,952268890022,RADIO TELEFONO,SANEAR,31/12/2021,1,1503.020303,EQUIPOS DE TELECOMUNICACIONES,M,,,,,,,,,,,,,,,,U,,
2607,40,,952269650001,RADIO TRANSMISOR RECEPTOR,SANEAR,31/12/2021,1,1503.020303,EQUIPOS DE TELECOMUNICACIONES,M,,,,,,,,,,,,,,,,U,,
2608,40,,952269650004,RADIO TRANSMISOR RECEPTOR,SANEAR,31/12/2021,1,1503.020303,EQUIPOS DE TELECOMUNICACIONES,M,,,,,,,,,,,,,,,,U,,
2609,40,,952269650005,RADIO TRANSMISOR RECEPTOR,SANEAR,31/12/2021,1,1503.020303,EQUIPOS DE TELECOMUNICACIONES,M,,,,,,,,,,,,,,,,U,,
2610,40,6,952269650006,RADIO TRANSMISOR RECEPTOR,SANEAR,31/12/2021,1,1503.020303,EQUIPOS DE TELECOMUNICACIONES,M,,,,,,,,,,,,,,07/03/2023 02:45:18,,U,user user user,1
2611,40,,952270030001,RADIOGRABADORA,SANEAR,31/12/2021,1,1503.020303,EQUIPOS DE TELECOMUNICACIONES,R,,,,,,,,,,,,,,,,U,,
2612,40,,462282280001,REFLECTOR,SANEAR,31/12/2021,1,1503.020904,ELECTRICIDAD Y ELECTRONICA,B,,,,,,,,,,,,,,,,U,,
2613,40,,742280770001,REFRENDADOR,SANEAR,31/12/2021,1,1503.020101,MAQUINAS Y EQUIPOS DE OFICINA,M,,,,,,,,,,,,,,,,U,,
2614,40,6,742296820002,RELOJ MARCADOR FECHADOR MECANICO,SANEAR,31/12/2021,1,1503.020101,MAQUINAS Y EQUIPOS DE OFICINA,M,X628 FINGER PRINT,X628,,NEGRO,0060919090016,,,,,,,,,21/03/2023 11:00:43,,D,DELIA RUTH QUISPE SONCCO,4
2615,40,,952275360004,RUTEADOR DE RED - ROUTER,SANEAR,31/12/2021,1,1503.020303,EQUIPOS DE TELECOMUNICACIONES,R,,,,,,,,,,,,,,,,U,,
2616,40,,746481190015,SILLA FIJA DE MADERA,SANEAR,31/12/2021,1,1503.020102,MOBILIARIO DE OFICINA,R,,,,,,,,,,,,,,,,U,,
2617,40,,746481190016,SILLA FIJA DE MADERA,SANEAR,31/12/2021,1,1503.020102,MOBILIARIO DE OFICINA,R,,,,,,,,,,,,,,,,U,,
2618,40,,746481190049,SILLA FIJA DE MADERA,SANEAR,31/12/2021,1,1503.020102,MOBILIARIO DE OFICINA,R,,,,,,,,,,,,,,,,U,,
2619,40,,746481190050,SILLA FIJA DE MADERA,SANEAR,31/12/2021,1,1503.020102,MOBILIARIO DE OFICINA,R,,,,,,,,,,,,,,,,U,,
2620,40,,746481190051,SILLA FIJA DE MADERA,SANEAR,31/12/2021,1,1503.020102,MOBILIARIO DE OFICINA,R,,,,,,,,,,,,,,,,U,,
2621,40,22,746481190052,SILLA FIJA DE MADERA,SANEAR,31/12/2021,1,1503.020102,MOBILIARIO DE OFICINA,R,,,,CAFE,,,,,,,,,,09/03/2023 17:17:39,,U,,
2622,40,,746481190053,SILLA FIJA DE MADERA,SANEAR,31/12/2021,1,1503.020102,MOBILIARIO DE OFICINA,R,,,,,,,,,,,,,,,,U,,
2623,40,,746481190054,SILLA FIJA DE MADERA,SANEAR,31/12/2021,1,1503.020102,MOBILIARIO DE OFICINA,R,,,,,,,,,,,,,,,,U,,
2624,40,,746481190055,SILLA FIJA DE MADERA,SANEAR,31/12/2021,1,1503.020102,MOBILIARIO DE OFICINA,R,,,,,,,,,,,,,,,,U,,
2625,40,,746481190056,SILLA FIJA DE MADERA,SANEAR,31/12/2021,1,1503.020102,MOBILIARIO DE OFICINA,R,,,,,,,,,,,,,,,,U,,
2626,40,,746481190057,SILLA FIJA DE MADERA,SANEAR,31/12/2021,1,1503.020102,MOBILIARIO DE OFICINA,R,,,,,,,,,,,,,,,,U,,
2627,40,,746481190058,SILLA FIJA DE MADERA,SANEAR,31/12/2021,1,1503.020102,MOBILIARIO DE OFICINA,R,,,,,,,,,,,,,,,,U,,
2628,40,,746481190059,SILLA FIJA DE MADERA,SANEAR,31/12/2021,1,1503.020102,MOBILIARIO DE OFICINA,R,,,,,,,,,,,,,,,,U,,
2629,40,,746481190060,SILLA FIJA DE MADERA,SANEAR,31/12/2021,1,1503.020102,MOBILIARIO DE OFICINA,R,,,,,,,,,,,,,,,,U,,
2630,40,,746481190061,SILLA FIJA DE MADERA,SANEAR,31/12/2021,1,1503.020102,MOBILIARIO DE OFICINA,R,,,,,,,,,,,,,,,,U,,
2631,40,,746481190062,SILLA FIJA DE MADERA,SANEAR,31/12/2021,1,1503.020102,MOBILIARIO DE OFICINA,R,,,,,,,,,,,,,,,,U,,
2632,40,,746481190063,SILLA FIJA DE MADERA,SANEAR,31/12/2021,1,1503.020102,MOBILIARIO DE OFICINA,R,,,,,,,,,,,,,,,,U,,
2633,40,,746481190064,SILLA FIJA DE MADERA,SANEAR,31/12/2021,1,1503.020102,MOBILIARIO DE OFICINA,R,,,,,,,,,,,,,,,,U,,
2634,40,,746481190065,SILLA FIJA DE MADERA,SANEAR,31/12/2021,1,1503.020102,MOBILIARIO DE OFICINA,R,,,,,,,,,,,,,,,,U,,
2635,40,,746481190066,SILLA FIJA DE MADERA,SANEAR,31/12/2021,1,1503.020102,MOBILIARIO DE OFICINA,R,,,,,,,,,,,,,,,,U,,
2636,40,,746481190067,SILLA FIJA DE MADERA,SANEAR,31/12/2021,1,1503.020102,MOBILIARIO DE OFICINA,R,,,,,,,,,,,,,,,,U,,
2637,40,,746481190068,SILLA FIJA DE MADERA,SANEAR,31/12/2021,1,1503.020102,MOBILIARIO DE OFICINA,R,,,,,,,,,,,,,,,,U,,
2638,40,,746481190069,SILLA FIJA DE MADERA,SANEAR,31/12/2021,1,1503.020102,MOBILIARIO DE OFICINA,R,,,,,,,,,,,,,,,,U,,
2639,40,,746481190070,SILLA FIJA DE MADERA,SANEAR,31/12/2021,1,1503.020102,MOBILIARIO DE OFICINA,R,,,,,,,,,,,,,,,,U,,
2640,40,,746481190071,SILLA FIJA DE MADERA,SANEAR,31/12/2021,1,1503.020102,MOBILIARIO DE OFICINA,R,,,,,,,,,,,,,,,,U,,
2641,40,,746481190072,SILLA FIJA DE MADERA,SANEAR,31/12/2021,1,1503.020102,MOBILIARIO DE OFICINA,R,,,,,,,,,,,,,,,,U,,
2642,40,,746481190073,SILLA FIJA DE MADERA,SANEAR,31/12/2021,1,1503.020102,MOBILIARIO DE OFICINA,R,,,,,,,,,,,,,,,,U,,
2643,40,,746481190074,SILLA FIJA DE MADERA,SANEAR,31/12/2021,1,1503.020102,MOBILIARIO DE OFICINA,R,,,,,,,,,,,,,,,,U,,
2644,40,,746481190075,SILLA FIJA DE MADERA,SANEAR,31/12/2021,1,1503.020102,MOBILIARIO DE OFICINA,R,,,,,,,,,,,,,,,,U,,
2645,40,,746481190076,SILLA FIJA DE MADERA,SANEAR,31/12/2021,1,1503.020102,MOBILIARIO DE OFICINA,R,,,,,,,,,,,,,,,,U,,
2646,40,,746481190077,SILLA FIJA DE MADERA,SANEAR,31/12/2021,1,1503.020102,MOBILIARIO DE OFICINA,R,,,,,,,,,,,,,,,,U,,
2647,40,,746481190078,SILLA FIJA DE MADERA,SANEAR,31/12/2021,1,1503.020102,MOBILIARIO DE OFICINA,R,,,,,,,,,,,,,,,,U,,
2648,40,,746481190079,SILLA FIJA DE MADERA,SANEAR,31/12/2021,1,1503.020102,MOBILIARIO DE OFICINA,R,,,,,,,,,,,,,,,,U,,
2649,40,,746481190080,SILLA FIJA DE MADERA,SANEAR,31/12/2021,1,1503.020102,MOBILIARIO DE OFICINA,R,,,,,,,,,,,,,,,,U,,
2650,40,,746481190081,SILLA FIJA DE MADERA,SANEAR,31/12/2021,1,1503.020102,MOBILIARIO DE OFICINA,R,,,,,,,,,,,,,,,,U,,
2651,40,,746481190082,SILLA FIJA DE MADERA,SANEAR,31/12/2021,1,1503.020102,MOBILIARIO DE OFICINA,R,,,,,,,,,,,,,,,,U,,
2652,40,,746481190083,SILLA FIJA DE MADERA,SANEAR,31/12/2021,1,1503.020102,MOBILIARIO DE OFICINA,R,,,,,,,,,,,,,,,,U,,
2653,40,,746481190084,SILLA FIJA DE MADERA,SANEAR,31/12/2021,1,1503.020102,MOBILIARIO DE OFICINA,R,,,,,,,,,,,,,,,,U,,
2654,40,,746481190085,SILLA FIJA DE MADERA,SANEAR,31/12/2021,1,1503.020102,MOBILIARIO DE OFICINA,R,,,,,,,,,,,,,,,,U,,
2655,40,,746481190086,SILLA FIJA DE MADERA,SANEAR,31/12/2021,1,1503.020102,MOBILIARIO DE OFICINA,R,,,,,,,,,,,,,,,,U,,
2656,40,,746481190087,SILLA FIJA DE MADERA,SANEAR,31/12/2021,1,1503.020102,MOBILIARIO DE OFICINA,R,,,,,,,,,,,,,,,,U,,
2657,40,,746481190088,SILLA FIJA DE MADERA,SANEAR,31/12/2021,1,1503.020102,MOBILIARIO DE OFICINA,R,,,,,,,,,,,,,,,,U,,
2658,40,,746481190089,SILLA FIJA DE MADERA,SANEAR,31/12/2021,1,1503.020102,MOBILIARIO DE OFICINA,R,,,,,,,,,,,,,,,,U,,
2659,40,,746481190090,SILLA FIJA DE MADERA,SANEAR,31/12/2021,1,1503.020102,MOBILIARIO DE OFICINA,R,,,,,,,,,,,,,,,,U,,
2660,40,,746481190091,SILLA FIJA DE MADERA,SANEAR,31/12/2021,1,1503.020102,MOBILIARIO DE OFICINA,R,,,,,,,,,,,,,,,,U,,
2661,40,,746481190092,SILLA FIJA DE MADERA,SANEAR,31/12/2021,1,1503.020102,MOBILIARIO DE OFICINA,R,,,,,,,,,,,,,,,,U,,
2662,40,,746481190093,SILLA FIJA DE MADERA,SANEAR,31/12/2021,1,1503.020102,MOBILIARIO DE OFICINA,R,,,,,,,,,,,,,,,,U,,
2663,40,,746481190094,SILLA FIJA DE MADERA,SANEAR,31/12/2021,1,1503.020102,MOBILIARIO DE OFICINA,R,,,,,,,,,,,,,,,,U,,
2664,40,,746481190095,SILLA FIJA DE MADERA,SANEAR,31/12/2021,1,1503.020102,MOBILIARIO DE OFICINA,R,,,,,,,,,,,,,,,,U,,
2665,40,,746481190096,SILLA FIJA DE MADERA,SANEAR,31/12/2021,1,1503.020102,MOBILIARIO DE OFICINA,R,,,,,,,,,,,,,,,,U,,
2666,40,,746481190097,SILLA FIJA DE MADERA,SANEAR,31/12/2021,1,1503.020102,MOBILIARIO DE OFICINA,R,,,,,,,,,,,,,,,,U,,
2667,40,,746481190098,SILLA FIJA DE MADERA,SANEAR,31/12/2021,1,1503.020102,MOBILIARIO DE OFICINA,R,,,,,,,,,,,,,,,,U,,
2668,40,,746481190099,SILLA FIJA DE MADERA,SANEAR,31/12/2021,1,1503.020102,MOBILIARIO DE OFICINA,R,,,,,,,,,,,,,,,,U,,
2669,40,,746481190100,SILLA FIJA DE MADERA,SANEAR,31/12/2021,1,1503.020102,MOBILIARIO DE OFICINA,R,,,,,,,,,,,,,,,,U,,
2670,40,,746481190101,SILLA FIJA DE MADERA,SANEAR,31/12/2021,1,1503.020102,MOBILIARIO DE OFICINA,R,,,,,,,,,,,,,,,,U,,
2671,40,,746481190102,SILLA FIJA DE MADERA,SANEAR,31/12/2021,1,1503.020102,MOBILIARIO DE OFICINA,R,,,,,,,,,,,,,,,,U,,
2672,40,,746481190103,SILLA FIJA DE MADERA,SANEAR,31/12/2021,1,1503.020102,MOBILIARIO DE OFICINA,R,,,,,,,,,,,,,,,,U,,
2673,40,,746481190105,SILLA FIJA DE MADERA,SANEAR,31/12/2021,1,1503.020102,MOBILIARIO DE OFICINA,R,,,,,,,,,,,,,,,,U,,
2674,40,25,746481190106,SILLA FIJA DE MADERA,SANEAR,31/12/2021,1,1503.020102,MOBILIARIO DE OFICINA,M,,,,,,,,,,,,,,05/03/2023 18:28:26,,U,DELIA RUTH QUISPE SONCCO,4
2675,40,,746481190110,SILLA FIJA DE MADERA,SANEAR,31/12/2021,1,1503.020102,MOBILIARIO DE OFICINA,R,,,,,,,,,,,,,,,,U,,
2676,40,,746481190112,SILLA FIJA DE MADERA,SANEAR,31/12/2021,1,1503.020102,MOBILIARIO DE OFICINA,R,,,,,,,,,,,,,,,,U,,
2677,40,,746481190113,SILLA FIJA DE MADERA,SANEAR,31/12/2021,1,1503.020102,MOBILIARIO DE OFICINA,R,,,,,,,,,,,,,,,,U,,
2678,40,,746481190115,SILLA FIJA DE MADERA,SANEAR,31/12/2021,1,1503.020102,MOBILIARIO DE OFICINA,R,,,,,,,,,,,,,,,,U,,
2679,40,,746481190116,SILLA FIJA DE MADERA,SANEAR,31/12/2021,1,1503.020102,MOBILIARIO DE OFICINA,R,,,,,,,,,,,,,,,,U,,
2680,40,,746481190117,SILLA FIJA DE MADERA,SANEAR,31/12/2021,1,1503.020102,MOBILIARIO DE OFICINA,R,,,,,,,,,,,,,,,,U,,
2681,40,,746481190118,SILLA FIJA DE MADERA,SANEAR,31/12/2021,1,1503.020102,MOBILIARIO DE OFICINA,R,,,,,,,,,,,,,,,,U,,
2682,40,,746481190123,SILLA FIJA DE MADERA,SANEAR,31/12/2021,1,1503.020102,MOBILIARIO DE OFICINA,M,,,,,,,,,,,,,,,,U,,
2683,40,,746481190124,SILLA FIJA DE MADERA,SANEAR,31/12/2021,1,1503.020102,MOBILIARIO DE OFICINA,M,,,,,,,,,,,,,,,,U,,
2684,40,,746481190132,SILLA FIJA DE MADERA,SANEAR,31/12/2021,1,1503.020102,MOBILIARIO DE OFICINA,R,,,,,,,,,,,,,,,,U,,
2685,40,,746481190139,SILLA FIJA DE MADERA,SANEAR,31/12/2021,1,1503.020102,MOBILIARIO DE OFICINA,R,,,,,,,,,,,,,,,,U,,
2686,40,,746481190140,SILLA FIJA DE MADERA,SANEAR,31/12/2021,1,1503.020102,MOBILIARIO DE OFICINA,R,,,,,,,,,,,,,,,,U,,
2687,40,,746481870024,SILLA FIJA DE METAL,SANEAR,31/12/2021,1,1503.020102,MOBILIARIO DE OFICINA,R,,,,,,,,,,,,,,,,U,,
2688,40,,746481870025,SILLA FIJA DE METAL,SANEAR,31/12/2021,1,1503.020102,MOBILIARIO DE OFICINA,R,,,,,,,,,,,,,,,,U,,
2689,40,,746481870027,SILLA FIJA DE METAL,SANEAR,31/12/2021,1,1503.020102,MOBILIARIO DE OFICINA,M,,,,,,,,,,,,,,,,U,,
2690,40,,746481870036,SILLA FIJA DE METAL,SANEAR,31/12/2021,1,1503.020102,MOBILIARIO DE OFICINA,R,,,,,,,,,,,,,,,,U,,
2691,40,,746481870041,SILLA FIJA DE METAL,SANEAR,31/12/2021,1,1503.020102,MOBILIARIO DE OFICINA,M,,,,,,,,,,,,,,,,U,,
2692,40,,746481870042,SILLA FIJA DE METAL,SANEAR,31/12/2021,1,1503.020102,MOBILIARIO DE OFICINA,M,,,,,,,,,,,,,,,,U,,
2693,40,,746481870046,SILLA FIJA DE METAL,SANEAR,31/12/2021,1,1503.020102,MOBILIARIO DE OFICINA,M,,,,,,,,,,,,,,,,U,,
2694,40,,746481870050,SILLA FIJA DE METAL,SANEAR,31/12/2021,1,1503.020102,MOBILIARIO DE OFICINA,M,,,,,,,,,,,,,,,,U,,
2695,40,,746481870052,SILLA FIJA DE METAL,SANEAR,31/12/2021,1,1503.020102,MOBILIARIO DE OFICINA,M,,,,,,,,,,,,,,,,U,,
2696,40,,746481870053,SILLA FIJA DE METAL,SANEAR,31/12/2021,1,1503.020102,MOBILIARIO DE OFICINA,M,,,,,,,,,,,,,,,,U,,
2697,40,29,746481870054,SILLA FIJA DE METAL,SANEAR,31/12/2021,1,1503.020102,MOBILIARIO DE OFICINA,M,,,,,,,,,,,,,,07/03/2023 02:27:06,,U,user user user,1
2698,40,,746481870055,SILLA FIJA DE METAL,SANEAR,31/12/2021,1,1503.020102,MOBILIARIO DE OFICINA,M,,,,,,,,,,,,,,,,U,,
2699,40,,746481870056,SILLA FIJA DE METAL,SANEAR,31/12/2021,1,1503.020102,MOBILIARIO DE OFICINA,M,,,,,,,,,,,,,,,,U,,
2700,40,,746481870058,SILLA FIJA DE METAL,SANEAR,31/12/2021,1,1503.020102,MOBILIARIO DE OFICINA,M,,,,,,,,,,,,,,,,U,,
2701,40,,746481870061,SILLA FIJA DE METAL,SANEAR,31/12/2021,1,1503.020102,MOBILIARIO DE OFICINA,M,,,,,,,,,,,,,,,,U,,
2702,40,,746481870063,SILLA FIJA DE METAL,SANEAR,31/12/2021,1,1503.020102,MOBILIARIO DE OFICINA,M,,,,,,,,,,,,,,,,U,,
2703,40,,746481870065,SILLA FIJA DE METAL,SANEAR,31/12/2021,1,1503.020102,MOBILIARIO DE OFICINA,M,,,,,,,,,,,,,,,,U,,
2704,40,14,746481870073,SILLA FIJA DE METAL,SANEAR,31/12/2021,1,1503.020102,MOBILIARIO DE OFICINA,M,,,,AMARILLO,,,,,,,,,,13/03/2023 17:42:10,,U,KEVIN MIDGUAR ARCE TAIRO,3
2705,40,,746481870084,SILLA FIJA DE METAL,SANEAR,31/12/2021,1,1503.020102,MOBILIARIO DE OFICINA,M,,,,,,,,,,,,,,,,U,,
2706,40,,746481870088,SILLA FIJA DE METAL,SANEAR,31/12/2021,1,1503.020102,MOBILIARIO DE OFICINA,R,,,,,,,,,,,,,,,,U,,
2707,40,,746481870106,SILLA FIJA DE METAL,SANEAR,31/12/2021,1,1503.020102,MOBILIARIO DE OFICINA,M,,,,,,,,,,,,,,,,U,,
2708,40,,746481870107,SILLA FIJA DE METAL,SANEAR,31/12/2021,1,1503.020102,MOBILIARIO DE OFICINA,M,,,,,,,,,,,,,,,,U,,
2709,40,,746481870108,SILLA FIJA DE METAL,SANEAR,31/12/2021,1,1503.020102,MOBILIARIO DE OFICINA,M,,,,,,,,,,,,,,,,U,,
2710,40,,746481870109,SILLA FIJA DE METAL,SANEAR,31/12/2021,1,1503.020102,MOBILIARIO DE OFICINA,M,,,,,,,,,,,,,,,,U,,
2711,40,,746481870112,SILLA FIJA DE METAL,SANEAR,31/12/2021,1,1503.020102,MOBILIARIO DE OFICINA,M,,,,,,,,,,,,,,,,U,,
2712,40,,746481870114,SILLA FIJA DE METAL,SANEAR,31/12/2021,1,1503.020102,MOBILIARIO DE OFICINA,M,,,,,,,,,,,,,,,,U,,
2713,40,,746483900025,SILLA GIRATORIA DE METAL,SANEAR,31/12/2021,1,1503.020102,MOBILIARIO DE OFICINA,R,,,,,,,,,,,,,,,,U,,
2714,40,,746483900027,SILLA GIRATORIA DE METAL,SANEAR,31/12/2021,1,1503.020102,MOBILIARIO DE OFICINA,R,,,,,,,,,,,,,,,,U,,
2715,40,,746483900028,SILLA GIRATORIA DE METAL,SANEAR,31/12/2021,1,1503.020102,MOBILIARIO DE OFICINA,R,,,,,,,,,,,,,,,,U,,
2716,40,,746483900031,SILLA GIRATORIA DE METAL,SANEAR,31/12/2021,1,1503.020102,MOBILIARIO DE OFICINA,R,,,,,,,,,,,,,,,,U,,
2717,40,,746483900032,SILLA GIRATORIA DE METAL,SANEAR,31/12/2021,1,1503.020102,MOBILIARIO DE OFICINA,R,,,,,,,,,,,,,,,,U,,
2718,40,,746483900033,SILLA GIRATORIA DE METAL,SANEAR,31/12/2021,1,1503.020102,MOBILIARIO DE OFICINA,R,,,,,,,,,,,,,,,,U,,
2719,40,,746483900034,SILLA GIRATORIA DE METAL,SANEAR,31/12/2021,1,1503.020102,MOBILIARIO DE OFICINA,R,,,,,,,,,,,,,,,,U,,
2720,40,,746483900035,SILLA GIRATORIA DE METAL,SANEAR,31/12/2021,1,1503.020102,MOBILIARIO DE OFICINA,R,,,,,,,,,,,,,,,,U,,
2721,40,,746483900036,SILLA GIRATORIA DE METAL,SANEAR,31/12/2021,1,1503.020102,MOBILIARIO DE OFICINA,R,,,,,,,,,,,,,,,,U,,
2722,40,,746483900037,SILLA GIRATORIA DE METAL,SANEAR,31/12/2021,1,1503.020102,MOBILIARIO DE OFICINA,R,,,,,,,,,,,,,,,,U,,
2723,40,,746483900038,SILLA GIRATORIA DE METAL,SANEAR,31/12/2021,1,1503.020102,MOBILIARIO DE OFICINA,R,,,,,,,,,,,,,,,,U,,
2724,40,,746483900039,SILLA GIRATORIA DE METAL,SANEAR,31/12/2021,1,1503.020102,MOBILIARIO DE OFICINA,R,,,,,,,,,,,,,,,,U,,
2725,40,,746483900040,SILLA GIRATORIA DE METAL,SANEAR,31/12/2021,1,1503.020102,MOBILIARIO DE OFICINA,R,,,,,,,,,,,,,,,,U,,
2726,40,,746483900041,SILLA GIRATORIA DE METAL,SANEAR,31/12/2021,1,1503.020102,MOBILIARIO DE OFICINA,R,,,,,,,,,,,,,,,,U,,
2727,40,,746483900042,SILLA GIRATORIA DE METAL,SANEAR,31/12/2021,1,1503.020102,MOBILIARIO DE OFICINA,R,,,,,,,,,,,,,,,,U,,
2728,40,,746483900043,SILLA GIRATORIA DE METAL,SANEAR,31/12/2021,1,1503.020102,MOBILIARIO DE OFICINA,R,,,,,,,,,,,,,,,,U,,
2729,40,,746483900044,SILLA GIRATORIA DE METAL,SANEAR,31/12/2021,1,1503.020102,MOBILIARIO DE OFICINA,R,,,,,,,,,,,,,,,,U,,
2730,40,,746483900045,SILLA GIRATORIA DE METAL,SANEAR,31/12/2021,1,1503.020102,MOBILIARIO DE OFICINA,R,,,,,,,,,,,,,,,,U,,
2731,40,,746483900046,SILLA GIRATORIA DE METAL,SANEAR,31/12/2021,1,1503.020102,MOBILIARIO DE OFICINA,R,,,,,,,,,,,,,,,,U,,
2732,40,,746483900047,SILLA GIRATORIA DE METAL,SANEAR,31/12/2021,1,1503.020102,MOBILIARIO DE OFICINA,R,,,,,,,,,,,,,,,,U,,
2733,40,,746483900048,SILLA GIRATORIA DE METAL,SANEAR,31/12/2021,1,1503.020102,MOBILIARIO DE OFICINA,R,,,,,,,,,,,,,,,,U,,
2734,40,,746483900049,SILLA GIRATORIA DE METAL,SANEAR,31/12/2021,1,1503.020102,MOBILIARIO DE OFICINA,R,,,,,,,,,,,,,,,,U,,
2735,40,,746483900050,SILLA GIRATORIA DE METAL,SANEAR,31/12/2021,1,1503.020102,MOBILIARIO DE OFICINA,R,,,,,,,,,,,,,,,,U,,
2736,40,,746483900051,SILLA GIRATORIA DE METAL,SANEAR,31/12/2021,1,1503.020102,MOBILIARIO DE OFICINA,R,,,,,,,,,,,,,,,,U,,
2737,40,,746483900052,SILLA GIRATORIA DE METAL,SANEAR,31/12/2021,1,1503.020102,MOBILIARIO DE OFICINA,R,,,,,,,,,,,,,,,,U,,
2738,40,,746483900054,SILLA GIRATORIA DE METAL,SANEAR,31/12/2021,1,1503.020102,MOBILIARIO DE OFICINA,R,,,,,,,,,,,,,,,,U,,
2739,40,,746483900056,SILLA GIRATORIA DE METAL,SANEAR,31/12/2021,1,1503.020102,MOBILIARIO DE OFICINA,R,,,,,,,,,,,,,,,,U,,
2740,40,,746483900057,SILLA GIRATORIA DE METAL,SANEAR,31/12/2021,1,1503.020102,MOBILIARIO DE OFICINA,R,,,,,,,,,,,,,,,,U,,
2741,40,,746483900058,SILLA GIRATORIA DE METAL,SANEAR,31/12/2021,1,1503.020102,MOBILIARIO DE OFICINA,R,,,,,,,,,,,,,,,,U,,
2742,40,,746483900059,SILLA GIRATORIA DE METAL,SANEAR,31/12/2021,1,1503.020102,MOBILIARIO DE OFICINA,R,,,,,,,,,,,,,,,,U,,
2743,40,,746483900060,SILLA GIRATORIA DE METAL,SANEAR,31/12/2021,1,1503.020102,MOBILIARIO DE OFICINA,R,,,,,,,,,,,,,,,,U,,
2744,40,,746483900061,SILLA GIRATORIA DE METAL,SANEAR,31/12/2021,1,1503.020102,MOBILIARIO DE OFICINA,R,,,,,,,,,,,,,,,,U,,
2745,40,,746483900062,SILLA GIRATORIA DE METAL,SANEAR,31/12/2021,1,1503.020102,MOBILIARIO DE OFICINA,R,,,,,,,,,,,,,,,,U,,
2746,40,,746483900063,SILLA GIRATORIA DE METAL,SANEAR,31/12/2021,1,1503.020102,MOBILIARIO DE OFICINA,R,,,,,,,,,,,,,,,,U,,
2747,40,,746483900064,SILLA GIRATORIA DE METAL,SANEAR,31/12/2021,1,1503.020102,MOBILIARIO DE OFICINA,R,,,,,,,,,,,,,,,,U,,
2748,40,,746483900069,SILLA GIRATORIA DE METAL,SANEAR,31/12/2021,1,1503.020102,MOBILIARIO DE OFICINA,M,,,,,,,,,,,,,,,,U,,
2749,40,,746483900076,SILLA GIRATORIA DE METAL,SANEAR,31/12/2021,1,1503.020102,MOBILIARIO DE OFICINA,M,,,,NEGRO,,,,,,,,,ROTO,14/03/2023 12:07:32,,U,KEVIN MIDGUAR ARCE TAIRO,3
2750,40,,746483900080,SILLA GIRATORIA DE METAL,SANEAR,31/12/2021,1,1503.020102,MOBILIARIO DE OFICINA,R,,,,,,,,,,,,,,,,U,,
2751,40,,746483900087,SILLA GIRATORIA DE METAL,SANEAR,31/12/2021,1,1503.020102,MOBILIARIO DE OFICINA,R,,,,,,,,,,,,,,,,U,,
2752,40,,746483900090,SILLA GIRATORIA DE METAL,SANEAR,31/12/2021,1,1503.020102,MOBILIARIO DE OFICINA,M,,,,,,,,,,,,,,,,U,,
2753,40,,746483900091,SILLA GIRATORIA DE METAL,SANEAR,31/12/2021,1,1503.020102,MOBILIARIO DE OFICINA,M,,,,,,,,,,,,,,,,U,,
2754,40,,746483900098,SILLA GIRATORIA DE METAL,SANEAR,31/12/2021,1,1503.020102,MOBILIARIO DE OFICINA,M,,,,,,,,,,,,,,,,U,,
2755,40,,746483900099,SILLA GIRATORIA DE METAL,SANEAR,31/12/2021,1,1503.020102,MOBILIARIO DE OFICINA,M,,,,,,,,,,,,,,,,U,,
2756,40,,746483900100,SILLA GIRATORIA DE METAL,SANEAR,31/12/2021,1,1503.020102,MOBILIARIO DE OFICINA,M,,,,,,,,,,,,,,,,U,,
2757,40,,746483900101,SILLA GIRATORIA DE METAL,SANEAR,31/12/2021,1,1503.020102,MOBILIARIO DE OFICINA,M,,,,,,,,,,,,,,,,U,,
2758,40,,746483900122,SILLA GIRATORIA DE METAL,SANEAR,31/12/2021,1,1503.020102,MOBILIARIO DE OFICINA,M,,,,,,,,,,,,,,,,U,,
2759,40,,746483900123,SILLA GIRATORIA DE METAL,SANEAR,31/12/2021,1,1503.020102,MOBILIARIO DE OFICINA,M,,,,,,,,,,,,,,,,U,,
2760,40,47,746483900124,SILLA GIRATORIA DE METAL,SANEAR,31/12/2021,1,1503.020102,MOBILIARIO DE OFICINA,M,,,,,,,,,,,,,,09/03/2023 12:50:21,,U,KEVIN MIDGUAR ARCE TAIRO,3
2761,40,,746483900125,SILLA GIRATORIA DE METAL,SANEAR,31/12/2021,1,1503.020102,MOBILIARIO DE OFICINA,M,,,,,,,,,,,,,,,,U,,
2762,40,,746487970002,SILLON FIJO DE METAL,SANEAR,31/12/2021,1,1503.020102,MOBILIARIO DE OFICINA,M,,,,,,,,,,,,,,,,U,,
2763,40,,746487970004,SILLON FIJO DE METAL,SANEAR,31/12/2021,1,1503.020102,MOBILIARIO DE OFICINA,M,,,,,,,,,,,,,,,,U,,
2764,40,,746487970008,SILLON FIJO DE METAL,SANEAR,31/12/2021,1,1503.020102,MOBILIARIO DE OFICINA,M,,,,,,,,,,,,,,,,U,,
2765,40,,746487970011,SILLON FIJO DE METAL,SANEAR,31/12/2021,1,1503.020102,MOBILIARIO DE OFICINA,M,,,,,,,,,,,,,,,,U,,
2766,40,,746488310005,SILLON GIRATORIO (OTROS),SANEAR,31/12/2021,1,1503.020102,MOBILIARIO DE OFICINA,R,,,,,,,,,,,,,,,,U,,
2767,40,,746488310006,SILLON GIRATORIO (OTROS),SANEAR,31/12/2021,1,1503.020102,MOBILIARIO DE OFICINA,R,,,,,,,,,,,,,,,,U,,
2768,40,,746488310008,SILLON GIRATORIO (OTROS),SANEAR,31/12/2021,1,1503.020102,MOBILIARIO DE OFICINA,M,,,,,,,,,,,,,,,,U,,
2769,40,,746488310009,SILLON GIRATORIO (OTROS),SANEAR,31/12/2021,1,1503.020102,MOBILIARIO DE OFICINA,M,,,,,,,,,,,,,,,,U,,
2770,40,,746489330011,SILLON GIRATORIO DE METAL,SANEAR,31/12/2021,1,1503.020102,MOBILIARIO DE OFICINA,M,,,,,,,,,,,,,,,,U,,
2771,40,,746489330013,SILLON GIRATORIO DE METAL,SANEAR,31/12/2021,1,1503.020102,MOBILIARIO DE OFICINA,R,,,,,,,,,,,,,,,,U,,
2772,40,,746489330020,SILLON GIRATORIO DE METAL,SANEAR,31/12/2021,1,1503.020102,MOBILIARIO DE OFICINA,R,,,,,,,,,,,,,,,,U,,
2773,40,,746494080001,TABURETE FIJO DE MADERA,SANEAR,31/12/2021,1,1503.020102,MOBILIARIO DE OFICINA,R,,,,,,,,,,,,,,,,U,,
2774,40,,746494080002,TABURETE FIJO DE MADERA,SANEAR,31/12/2021,1,1503.020902,"ASEO, LIMPIEZA Y COCINA",R,,,,,,,,,,,,,,21/03/2023 18:14:39,,U,DELIA RUTH QUISPE SONCCO,4
2775,40,,746494080003,TABURETE FIJO DE MADERA,SANEAR,31/12/2021,1,1503.020102,MOBILIARIO DE OFICINA,R,,,,,,,,,,,,,,,,U,,
2776,40,,746494080004,TABURETE FIJO DE MADERA,SANEAR,31/12/2021,1,1503.020102,MOBILIARIO DE OFICINA,R,,,,,,,,,,,,,,,,U,,
2777,40,57,673677630003,TANQUE DE METAL - CISTERNA,SANEAR,31/12/2021,1,1503.020999,"MAQUINARIAS, EQUIPOS Y MOBILIARIOS DE OTRAS INSTALACIONES",M,,,,VERDE,,,,,,,,,OXIDADO,15/03/2023 20:01:23,,U,KEVIN MIDGUAR ARCE TAIRO,3
2778,40,,740895000007,TECLADO - KEYBOARD,SANEAR,31/12/2021,1,1503.020301,EQUIPOS COMPUTACIONALES Y PERIFERICOS,M,,,,,,,,,,,,,,,,U,,
2779,40,,740895000056,TECLADO - KEYBOARD,SANEAR,31/12/2021,1,1503.020301,EQUIPOS COMPUTACIONALES Y PERIFERICOS,M,,,,,,,,,,,,,,,,U,,
2780,40,,740895000102,TECLADO - KEYBOARD,SANEAR,31/12/2021,1,1503.020301,EQUIPOS COMPUTACIONALES Y PERIFERICOS,R,,,,,,,,,,,,,,,,U,,
2781,40,,740895000125,TECLADO - KEYBOARD,SANEAR,31/12/2021,1,1503.020301,EQUIPOS COMPUTACIONALES Y PERIFERICOS,R,,,,,,,,,,,,,,,,U,,
2782,40,,740895000126,TECLADO - KEYBOARD,SANEAR,31/12/2021,1,1503.020301,EQUIPOS COMPUTACIONALES Y PERIFERICOS,R,,,,,,,,,,,,,,,,U,,
2783,40,,740895000127,TECLADO - KEYBOARD,SANEAR,31/12/2021,1,1503.020301,EQUIPOS COMPUTACIONALES Y PERIFERICOS,R,,,,,,,,,,,,,,,,U,,
2784,40,,740895000128,TECLADO - KEYBOARD,SANEAR,31/12/2021,1,1503.020301,EQUIPOS COMPUTACIONALES Y PERIFERICOS,R,,,,,,,,,,,,,,,,U,,
2785,40,,740895000129,TECLADO - KEYBOARD,SANEAR,31/12/2021,1,1503.020301,EQUIPOS COMPUTACIONALES Y PERIFERICOS,R,,,,,,,,,,,,,,,,U,,
2786,40,,740895000130,TECLADO - KEYBOARD,SANEAR,31/12/2021,1,1503.020301,EQUIPOS COMPUTACIONALES Y PERIFERICOS,R,,,,,,,,,,,,,,,,U,,
2787,40,,740895000131,TECLADO - KEYBOARD,SANEAR,31/12/2021,1,1503.020301,EQUIPOS COMPUTACIONALES Y PERIFERICOS,R,,,,,,,,,,,,,,,,U,,
2788,40,,740895000132,TECLADO - KEYBOARD,SANEAR,31/12/2021,1,1503.020301,EQUIPOS COMPUTACIONALES Y PERIFERICOS,R,,,,,,,,,,,,,,,,U,,
2789,40,,740895000133,TECLADO - KEYBOARD,SANEAR,31/12/2021,1,1503.020301,EQUIPOS COMPUTACIONALES Y PERIFERICOS,R,,,,,,,,,,,,,,,,U,,
2790,40,,740895000134,TECLADO - KEYBOARD,SANEAR,31/12/2021,1,1503.020301,EQUIPOS COMPUTACIONALES Y PERIFERICOS,R,,,,,,,,,,,,,,,,U,,
2791,40,,740895000135,TECLADO - KEYBOARD,SANEAR,31/12/2021,1,1503.020301,EQUIPOS COMPUTACIONALES Y PERIFERICOS,R,,,,,,,,,,,,,,,,U,,
2792,40,,740895000136,TECLADO - KEYBOARD,SANEAR,31/12/2021,1,1503.020301,EQUIPOS COMPUTACIONALES Y PERIFERICOS,R,,,,,,,,,,,,,,,,U,,
2793,40,,740895000137,TECLADO - KEYBOARD,SANEAR,31/12/2021,1,1503.020301,EQUIPOS COMPUTACIONALES Y PERIFERICOS,R,,,,,,,,,,,,,,,,U,,
2794,40,,740895000139,TECLADO - KEYBOARD,SANEAR,31/12/2021,1,1503.020301,EQUIPOS COMPUTACIONALES Y PERIFERICOS,M,,,,,,,,,,,,,,,,U,,
2795,40,,740895000140,TECLADO - KEYBOARD,SANEAR,31/12/2021,1,1503.020301,EQUIPOS COMPUTACIONALES Y PERIFERICOS,M,,,,,,,,,,,,,,,,U,,
2796,40,,740895000141,TECLADO - KEYBOARD,SANEAR,31/12/2021,1,1503.020301,EQUIPOS COMPUTACIONALES Y PERIFERICOS,M,,,,,,,,,,,,,,,,U,,
2797,40,,740895000152,TECLADO - KEYBOARD,SANEAR,31/12/2021,1,1503.020301,EQUIPOS COMPUTACIONALES Y PERIFERICOS,R,,,,,,,,,,,,,,,,U,,
2798,40,,740895000156,TECLADO - KEYBOARD,SANEAR,31/12/2021,1,1503.020301,EQUIPOS COMPUTACIONALES Y PERIFERICOS,R,,,,,,,,,,,,,,,,U,,
2799,40,,740895000157,TECLADO - KEYBOARD,SANEAR,31/12/2021,1,1503.020301,EQUIPOS COMPUTACIONALES Y PERIFERICOS,R,,,,,,,,,,,,,,,,U,,
2800,40,,740895000158,TECLADO - KEYBOARD,SANEAR,31/12/2021,1,1503.020301,EQUIPOS COMPUTACIONALES Y PERIFERICOS,R,,,,,,,,,,,,,,,,U,,
2801,40,,740895000173,TECLADO - KEYBOARD,SANEAR,31/12/2021,1,1503.020301,EQUIPOS COMPUTACIONALES Y PERIFERICOS,R,,,,,,,,,,,,,,,,U,,
2802,40,,740895000182,TECLADO - KEYBOARD,SANEAR,31/12/2021,1,1503.020301,EQUIPOS COMPUTACIONALES Y PERIFERICOS,M,,,,,,,,,,,,,,,,U,,
2803,40,,740895000188,TECLADO - KEYBOARD,SANEAR,31/12/2021,1,1503.020301,EQUIPOS COMPUTACIONALES Y PERIFERICOS,M,,,,,,,,,,,,,,,,U,,
2804,40,,952283250001,TELEFONO CELULAR,SANEAR,31/12/2021,1,1503.020303,EQUIPOS DE TELECOMUNICACIONES,R,,,,,,,,,,,,,,,,U,,
2805,40,,952283250002,TELEFONO CELULAR,SANEAR,31/12/2021,1,1503.020303,EQUIPOS DE TELECOMUNICACIONES,R,,,,,,,,,,,,,,,,U,,
2806,40,,602288190001,TEODOLITO DE MICROMETRO OPTICO,SANEAR,31/12/2021,1,1503.020905,EQUIPOS E INSTRUMENTOS DE MEDICION,R,,,,,,,,,,,,,,,,U,,
2807,40,,602288190005,TEODOLITO DE MICROMETRO OPTICO,SANEAR,31/12/2021,1,1503.020905,EQUIPOS E INSTRUMENTOS DE MEDICION,R,,,,,,,,,,,,,,,,U,,
2808,40,,602288750001,TEODOLITO DE VERNIER,SANEAR,31/12/2021,1,1503.020905,EQUIPOS E INSTRUMENTOS DE MEDICION,R,,,,,,,,,,,,,,,,U,,
2809,40,,676473450016,TRIPODE DE MADERA,SANEAR,31/12/2021,1,1503.020102,MOBILIARIO DE OFICINA,R,,,,,,,,,,,,,,,,U,,
2810,40,,676473450017,TRIPODE DE MADERA,SANEAR,31/12/2021,1,1503.020102,MOBILIARIO DE OFICINA,R,,,,,,,,,,,,,,,,U,,
2811,40,,676473450018,TRIPODE DE MADERA,SANEAR,31/12/2021,1,1503.020102,MOBILIARIO DE OFICINA,R,,,,,,,,,,,,,,,,U,,
2812,40,,676473450019,TRIPODE DE MADERA,SANEAR,31/12/2021,1,1503.020102,MOBILIARIO DE OFICINA,R,,,,,,,,,,,,,,,,U,,
2813,40,,676473450020,TRIPODE DE MADERA,SANEAR,31/12/2021,1,1503.020102,MOBILIARIO DE OFICINA,R,,,,,,,,,,,,,,,,U,,
2814,40,,676473450021,TRIPODE DE MADERA,SANEAR,31/12/2021,1,1503.020102,MOBILIARIO DE OFICINA,R,,,,,,,,,,,,,,,,U,,
2815,40,,676473450022,TRIPODE DE MADERA,SANEAR,31/12/2021,1,1503.020102,MOBILIARIO DE OFICINA,R,,,,,,,,,,,,,,,,U,,
2816,40,,676473450023,TRIPODE DE MADERA,SANEAR,31/12/2021,1,1503.020102,MOBILIARIO DE OFICINA,R,,,,,,,,,,,,,,,,U,,
2817,40,,676473450024,TRIPODE DE MADERA,SANEAR,31/12/2021,1,1503.020102,MOBILIARIO DE OFICINA,R,,,,,,,,,,,,,,,,U,,
2818,40,,676473450025,TRIPODE DE MADERA,SANEAR,31/12/2021,1,1503.020102,MOBILIARIO DE OFICINA,R,,,,,,,,,,,,,,,,U,,
2819,40,,676473450026,TRIPODE DE MADERA,SANEAR,31/12/2021,1,1503.020102,MOBILIARIO DE OFICINA,R,,,,,,,,,,,,,,,,U,,
2820,40,,676473450027,TRIPODE DE MADERA,SANEAR,31/12/2021,1,1503.020102,MOBILIARIO DE OFICINA,R,,,,,,,,,,,,,,,,U,,
2821,40,32,676473450028,TRIPODE DE MADERA,SANEAR,31/12/2021,1,1503.020102,MOBILIARIO DE OFICINA,R,,,,,,,,,,,,,,07/03/2023 01:28:35,,U,user user user,1
2822,40,,676473450030,TRIPODE DE MADERA,SANEAR,31/12/2021,1,1503.020102,MOBILIARIO DE OFICINA,M,,,,,,,,,,,,,,,,U,,
2823,40,,676473450031,TRIPODE DE MADERA,SANEAR,31/12/2021,1,1503.020102,MOBILIARIO DE OFICINA,M,,,,,,,,,,,,,,,,U,,
2824,40,,676478660020,TRIPODE METALICO,SANEAR,31/12/2021,1,1503.020102,MOBILIARIO DE OFICINA,R,,,,,,,,,,,,,,,,U,,
2825,40,,676478660021,TRIPODE METALICO,SANEAR,31/12/2021,1,1503.020102,MOBILIARIO DE OFICINA,R,,,,,,,,,,,,,,,,U,,
2826,40,,676478660025,TRIPODE METALICO,SANEAR,31/12/2021,1,1503.020102,MOBILIARIO DE OFICINA,R,,,,,,,,,,,,,,,,U,,
2827,40,,676478660026,TRIPODE METALICO,SANEAR,31/12/2021,1,1503.020102,MOBILIARIO DE OFICINA,R,,,,,,,,,,,,,,,,U,,
2828,40,,676478660031,TRIPODE METALICO,SANEAR,31/12/2021,1,1503.020102,MOBILIARIO DE OFICINA,M,,,,,,,,,,,,,,21/03/2023 11:21:45,,U,DELIA RUTH QUISPE SONCCO,4
2829,40,,676478660032,TRIPODE METALICO,SANEAR,31/12/2021,1,1503.020102,MOBILIARIO DE OFICINA,R,,,,,,,,,,,,,,,,U,,
2830,40,,676478660033,TRIPODE METALICO,SANEAR,31/12/2021,1,1503.020102,MOBILIARIO DE OFICINA,R,,,,,,,,,,,,,,,,U,,
2831,40,,676478660036,TRIPODE METALICO,SANEAR,31/12/2021,1,1503.020102,MOBILIARIO DE OFICINA,R,,,,,,,,,,,,,,,,U,,
2832,40,,676478660038,TRIPODE METALICO,SANEAR,31/12/2021,1,1503.020102,MOBILIARIO DE OFICINA,R,,,,,,,,,,,,,,,,U,,
2833,40,,676478660039,TRIPODE METALICO,SANEAR,31/12/2021,1,1503.020102,MOBILIARIO DE OFICINA,R,,,,,,,,,,,,,,,,U,,
2834,40,,676478660040,TRIPODE METALICO,SANEAR,31/12/2021,1,1503.020102,MOBILIARIO DE OFICINA,R,,,,,,,,,,,,,,,,U,,
2835,40,,676478660041,TRIPODE METALICO,SANEAR,31/12/2021,1,1503.020102,MOBILIARIO DE OFICINA,R,,,,,,,,,,,,,,,,U,,
2836,40,,676478660042,TRIPODE METALICO,SANEAR,31/12/2021,1,1503.020102,MOBILIARIO DE OFICINA,R,,,,,,,,,,,,,,,,U,,
2837,40,,676478660043,TRIPODE METALICO,SANEAR,31/12/2021,1,1503.020102,MOBILIARIO DE OFICINA,R,,,,,,,,,,,,,,,,U,,
2838,40,,676478660044,TRIPODE METALICO,SANEAR,31/12/2021,1,1503.020102,MOBILIARIO DE OFICINA,R,,,,,,,,,,,,,,,,U,,
2839,40,,676478660045,TRIPODE METALICO,SANEAR,31/12/2021,1,1503.020102,MOBILIARIO DE OFICINA,R,,,,,,,,,,,,,,,,U,,
2840,40,,676478660046,TRIPODE METALICO,SANEAR,31/12/2021,1,1503.020102,MOBILIARIO DE OFICINA,R,,,,,,,,,,,,,,,,U,,
2841,40,,676478660047,TRIPODE METALICO,SANEAR,31/12/2021,1,1503.020102,MOBILIARIO DE OFICINA,R,,,,,,,,,,,,,,,,U,,
2842,40,,676478660048,TRIPODE METALICO,SANEAR,31/12/2021,1,1503.020102,MOBILIARIO DE OFICINA,R,,,,,,,,,,,,,,,,U,,
2843,40,,676478660049,TRIPODE METALICO,SANEAR,31/12/2021,1,1503.020102,MOBILIARIO DE OFICINA,R,,,,,,,,,,,,,,,,U,,
2844,40,,676478660050,TRIPODE METALICO,SANEAR,31/12/2021,1,1503.020102,MOBILIARIO DE OFICINA,R,,,,,,,,,,,,,,,,U,,
2845,40,,676478660051,TRIPODE METALICO,SANEAR,31/12/2021,1,1503.020102,MOBILIARIO DE OFICINA,R,,,,,,,,,,,,,,,,U,,
2846,40,,740899500001,UNIDAD CENTRAL DE PROCESO - CPU,SANEAR,31/12/2021,1,1503.020301,EQUIPOS COMPUTACIONALES Y PERIFERICOS,R,,,,,,,,,,,,,,,,U,,
2847,40,,740899500090,UNIDAD CENTRAL DE PROCESO - CPU,SANEAR,31/12/2021,1,1503.020301,EQUIPOS COMPUTACIONALES Y PERIFERICOS,R,,,,,,,,,,,,,,,,U,,
2848,40,,740899500110,UNIDAD CENTRAL DE PROCESO - CPU,SANEAR,31/12/2021,1,1503.020301,EQUIPOS COMPUTACIONALES Y PERIFERICOS,R,,,,,,,,,,,,,,,,U,,
2849,40,,740899500119,UNIDAD CENTRAL DE PROCESO - CPU,SANEAR,31/12/2021,1,1503.020301,EQUIPOS COMPUTACIONALES Y PERIFERICOS,R,,,,,,,,,,,,,,,,U,,
2850,40,,740899500120,UNIDAD CENTRAL DE PROCESO - CPU,SANEAR,31/12/2021,1,1503.020301,EQUIPOS COMPUTACIONALES Y PERIFERICOS,R,,,,,,,,,,,,,,,,U,,
2851,40,,740899500121,UNIDAD CENTRAL DE PROCESO - CPU,SANEAR,31/12/2021,1,1503.020301,EQUIPOS COMPUTACIONALES Y PERIFERICOS,R,,,,,,,,,,,,,,,,U,,
2852,40,,740899500122,UNIDAD CENTRAL DE PROCESO - CPU,SANEAR,31/12/2021,1,1503.020301,EQUIPOS COMPUTACIONALES Y PERIFERICOS,R,,,,,,,,,,,,,,,,U,,
2853,40,,740899500123,UNIDAD CENTRAL DE PROCESO - CPU,SANEAR,31/12/2021,1,1503.020301,EQUIPOS COMPUTACIONALES Y PERIFERICOS,R,,,,,,,,,,,,,,,,U,,
2854,40,,740899500126,UNIDAD CENTRAL DE PROCESO - CPU,SANEAR,31/12/2021,1,1503.020301,EQUIPOS COMPUTACIONALES Y PERIFERICOS,R,,,,,,,,,,,,,,,,U,,
2855,40,,740899500130,UNIDAD CENTRAL DE PROCESO - CPU,SANEAR,31/12/2021,1,1503.020301,EQUIPOS COMPUTACIONALES Y PERIFERICOS,R,,,,,,,,,,,,,,,,U,,
2856,40,,740899500132,UNIDAD CENTRAL DE PROCESO - CPU,SANEAR,31/12/2021,1,1503.020301,EQUIPOS COMPUTACIONALES Y PERIFERICOS,R,,,,,,,,,,,,,,,,U,,
2857,40,,740899500135,UNIDAD CENTRAL DE PROCESO - CPU,SANEAR,31/12/2021,1,1503.020301,EQUIPOS COMPUTACIONALES Y PERIFERICOS,R,,,,,,,,,,,,,,,,U,,
2858,40,,740899500136,UNIDAD CENTRAL DE PROCESO - CPU,SANEAR,31/12/2021,1,1503.020301,EQUIPOS COMPUTACIONALES Y PERIFERICOS,R,,,,,,,,,,,,,,,,U,,
2859,40,,740899500139,UNIDAD CENTRAL DE PROCESO - CPU,SANEAR,31/12/2021,1,1503.020301,EQUIPOS COMPUTACIONALES Y PERIFERICOS,R,,,,,,,,,,,,,,,,U,,
2860,40,,740899500140,UNIDAD CENTRAL DE PROCESO - CPU,SANEAR,31/12/2021,1,1503.020301,EQUIPOS COMPUTACIONALES Y PERIFERICOS,R,,,,,,,,,,,,,,,,U,,
2861,40,,112279700004,VENTILADOR ELECTRICO PARA MESA O DE PIE,SANEAR,31/12/2021,1,1503.020901,AIRE ACONDICIONADO Y REFRIGERACION,R,,,,,,,,,,,,,,,,U,,
2862,40,,112279700005,VENTILADOR ELECTRICO PARA MESA O DE PIE,SANEAR,31/12/2021,1,1503.020901,AIRE ACONDICIONADO Y REFRIGERACION,R,,,,,,,,,,,,,,,,U,,
2863,40,,112279700006,VENTILADOR ELECTRICO PARA MESA O DE PIE,SANEAR,31/12/2021,1,1503.020901,AIRE ACONDICIONADO Y REFRIGERACION,R,,,,,,,,,,,,,,,,U,,
2864,40,,112287620007,VENTILADOR ELECTRICO PARA TECHO,SANEAR,31/12/2021,1,1503.020901,AIRE ACONDICIONADO Y REFRIGERACION,R,,,,,,,,,,,,,,,,U,,
2865,40,,112287620021,VENTILADOR ELECTRICO PARA TECHO,SANEAR,31/12/2021,1,1503.020901,AIRE ACONDICIONADO Y REFRIGERACION,R,,,,,,,,,,,,,,,,U,,
2866,40,,112287620022,VENTILADOR ELECTRICO PARA TECHO,SANEAR,31/12/2021,1,1503.020901,AIRE ACONDICIONADO Y REFRIGERACION,R,,,,,,,,,,,,,,,,U,,
2867,40,,112287620023,VENTILADOR ELECTRICO PARA TECHO,SANEAR,31/12/2021,1,1503.020901,AIRE ACONDICIONADO Y REFRIGERACION,R,,,,,,,,,,,,,,,,U,,
2868,40,,112287620024,VENTILADOR ELECTRICO PARA TECHO,SANEAR,31/12/2021,1,1503.020901,AIRE ACONDICIONADO Y REFRIGERACION,R,,,,,,,,,,,,,,,,U,,
2869,40,8,112287620025,VENTILADOR ELECTRICO PARA TECHO,SANEAR,31/12/2021,1,1503.020901,AIRE ACONDICIONADO Y REFRIGERACION,R,,,,,,,,,,,,,,21/03/2023 18:22:48,,U,DELIA RUTH QUISPE SONCCO,4
2870,40,9,112287620026,VENTILADOR ELECTRICO PARA TECHO,SANEAR,31/12/2021,1,1503.020901,AIRE ACONDICIONADO Y REFRIGERACION,R,,,,,,,,,,,,,,21/03/2023 18:20:08,,U,DELIA RUTH QUISPE SONCCO,4
2871,40,76,112287620027,VENTILADOR ELECTRICO PARA TECHO,SANEAR,31/12/2021,1,1503.020901,AIRE ACONDICIONADO Y REFRIGERACION,R,,,,,,,,,,,,,,21/03/2023 18:16:16,,U,DELIA RUTH QUISPE SONCCO,4
2872,40,76,112287620028,VENTILADOR ELECTRICO PARA TECHO,SANEAR,31/12/2021,1,1503.020901,AIRE ACONDICIONADO Y REFRIGERACION,R,,,,,,,,,,,,,,21/03/2023 18:16:09,,U,DELIA RUTH QUISPE SONCCO,4
2873,40,75,112287620029,VENTILADOR ELECTRICO PARA TECHO,SANEAR,31/12/2021,1,1503.020901,AIRE ACONDICIONADO Y REFRIGERACION,R,,,,,,,,,,,,,,21/03/2023 18:15:26,,U,DELIA RUTH QUISPE SONCCO,4
2874,40,74,112287620030,VENTILADOR ELECTRICO PARA TECHO,SANEAR,31/12/2021,1,1503.020901,AIRE ACONDICIONADO Y REFRIGERACION,R,,,,,,,,,,,,,,21/03/2023 18:14:30,,U,DELIA RUTH QUISPE SONCCO,4
2875,40,73,112287620031,VENTILADOR ELECTRICO PARA TECHO,SANEAR,31/12/2021,1,1503.020901,AIRE ACONDICIONADO Y REFRIGERACION,R,,,,,,,,,,,,,,21/03/2023 18:13:36,,U,DELIA RUTH QUISPE SONCCO,4
2876,40,73,112287620032,VENTILADOR ELECTRICO PARA TECHO,SANEAR,31/12/2021,1,1503.020901,AIRE ACONDICIONADO Y REFRIGERACION,R,,,,,,,,,,,,,,21/03/2023 18:13:30,,U,DELIA RUTH QUISPE SONCCO,4
2877,40,72,112287620033,VENTILADOR ELECTRICO PARA TECHO,SANEAR,31/12/2021,1,1503.020901,AIRE ACONDICIONADO Y REFRIGERACION,R,,,,,,,,,,,,,,21/03/2023 18:12:58,,U,DELIA RUTH QUISPE SONCCO,4
2878,40,71,112287620034,VENTILADOR ELECTRICO PARA TECHO,SANEAR,31/12/2021,1,1503.020901,AIRE ACONDICIONADO Y REFRIGERACION,R,,,,,,,,,,,,,,21/03/2023 18:12:12,,U,DELIA RUTH QUISPE SONCCO,4
2879,40,70,112287620035,VENTILADOR ELECTRICO PARA TECHO,SANEAR,31/12/2021,1,1503.020901,AIRE ACONDICIONADO Y REFRIGERACION,R,,,,,,,,,,,,,,21/03/2023 18:10:24,,U,DELIA RUTH QUISPE SONCCO,4
2880,40,12,112287620036,VENTILADOR ELECTRICO PARA TECHO,SANEAR,31/12/2021,1,1503.020901,AIRE ACONDICIONADO Y REFRIGERACION,R,,,,VERDE,,,,,,,,,,21/03/2023 18:04:41,,U,DELIA RUTH QUISPE SONCCO,4
2881,40,35,112291580001,VENTILADOR ELECTRICO TIPO COLUMNA O TORRE,SANEAR,31/12/2021,1,1503.020901,AIRE ACONDICIONADO Y REFRIGERACION,R,,,,VERDE,,,,,,,,,,14/03/2023 12:40:45,,U,KEVIN MIDGUAR ARCE TAIRO,3
2882,40,,675099500003,VIBRADOR DE CONCRETO,SANEAR,31/12/2021,1,1503.020999,"MAQUINARIAS, EQUIPOS Y MOBILIARIOS DE OTRAS INSTALACIONES",R,,,,,,,,,,,,,,,,U,,
2883,40,,675099500004,VIBRADOR DE CONCRETO,SANEAR,31/12/2021,1,1503.020999,"MAQUINARIAS, EQUIPOS Y MOBILIARIOS DE OTRAS INSTALACIONES",R,,,,,,,,,,,,,,,,U,,
2884,40,,675099500005,VIBRADOR DE CONCRETO,SANEAR,31/12/2021,1,1503.020999,"MAQUINARIAS, EQUIPOS Y MOBILIARIOS DE OTRAS INSTALACIONES",R,,,,,,,,,,,,,,,,U,,
2885,40,,675099500007,VIBRADOR DE CONCRETO,SANEAR,31/12/2021,1,1503.020999,"MAQUINARIAS, EQUIPOS Y MOBILIARIOS DE OTRAS INSTALACIONES",R,,,,,,,,,,,,,,,,U,,
2886,40,,675099500009,VIBRADOR DE CONCRETO,SANEAR,31/12/2021,1,1503.020999,"MAQUINARIAS, EQUIPOS Y MOBILIARIOS DE OTRAS INSTALACIONES",R,,,,,,,,,,,,,,,,U,,
2887,40,,675099500015,VIBRADOR DE CONCRETO,SANEAR,31/12/2021,1,1503.020999,"MAQUINARIAS, EQUIPOS Y MOBILIARIOS DE OTRAS INSTALACIONES",R,,,,,,,,,,,,,,,,U,,
2888,40,,675099500022,VIBRADOR DE CONCRETO,SANEAR,31/12/2021,1,1503.020999,"MAQUINARIAS, EQUIPOS Y MOBILIARIOS DE OTRAS INSTALACIONES",R,,,,,,,,,,,,,,,,U,,
2889,40,,675099500030,VIBRADOR DE CONCRETO,SANEAR,31/12/2021,1,1503.020999,"MAQUINARIAS, EQUIPOS Y MOBILIARIOS DE OTRAS INSTALACIONES",R,,,,,,,,,,,,,,,,U,,
2890,40,,675099500031,VIBRADOR DE CONCRETO,SANEAR,31/12/2021,1,1503.020999,"MAQUINARIAS, EQUIPOS Y MOBILIARIOS DE OTRAS INSTALACIONES",R,,,,,,,,,,,,,,,,U,,
2891,32,32,42204310002,ARADOS EN GENERAL,O/C Nº 470,28/12/2012,22075,1503.020502,EQUIPO DE USO AGRICOLA Y PESQUERO,R,FIA BULS,ARH-428FB,,,,,,,,,,,,05/03/2023 11:22:16,,U,,
2892,32,32,746403890004,ARCHIVADOR DE METAL,SANEAR,31/12/2021,1,1503.020102,MOBILIARIO DE OFICINA,R,,4 GAVETAS,,PLOMO/NEGRO,,0.47X0.64X1.33,,,,,,,,05/03/2023 15:57:31,,U,,
2893,32,32,746403890005,ARCHIVADOR DE METAL,SANEAR,31/12/2021,1,1503.020102,MOBILIARIO DE OFICINA,R,,4 GAVETAS,,PLOMO/NEGRO,,0.47X0.64X1.33,,,,,,,,13/03/2023 18:12:54,,U,KEVIN MIDGUAR ARCE TAIRO,3
2894,32,32,746403890009,ARCHIVADOR DE METAL,SANEAR,31/12/2021,1,1503.020102,MOBILIARIO DE OFICINA,R,,4 GAVETAS,,PLOMO/NEGRO,,0.45X0.60X1.34,,,,,,,,05/03/2023 15:18:56,,U,,
2895,32,32,746406600006,ARMARIO DE METAL,SANEAR,31/12/2021,1,1503.020102,MOBILIARIO DE OFICINA,M,,2 PUERTAS 2NIVE,,PLOMO/NEGRO,,0.45X0.89X1.80,,,,,,,,05/03/2023 15:53:08,,U,,
2896,32,32,746406600009,ARMARIO DE METAL,SANEAR,31/12/2021,1,1503.020102,MOBILIARIO DE OFICINA,R,,2 PUERTAS,,,,,,,,,,,,05/03/2023 14:57:23,,U,,
2897,32,32,746406600013,ARMARIO DE METAL,SANEAR,31/12/2021,1,1503.020102,MOBILIARIO DE OFICINA,M,,2 PUERTAS,,PLOMO/NEGRO,,0.45X0.88X1.82,,,,,,,,05/03/2023 11:57:53,,U,,
2898,32,32,746406600015,ARMARIO DE METAL,SANEAR,31/12/2021,1,1503.020102,MOBILIARIO DE OFICINA,R,,2 DIVISIONES,,PLOMO,,0.50X2.10X1.00,,,,,,,,05/03/2023 15:52:27,,U,,
2899,32,32,746406600017,ARMARIO DE METAL,SANEAR,31/12/2021,1,1503.020102,MOBILIARIO DE OFICINA,M,,2 PUERTAS 2NIV,,PLOMO/NEGRO,,0.45X0.89X1.80,,,,,,,,05/03/2023 15:53:13,,U,,
2900,32,32,746406600018,ARMARIO DE METAL,SANEAR,31/12/2021,1,1503.020102,MOBILIARIO DE OFICINA,R,,2 DIVISIONES 2N,,PLOMO,,0.50X2.10X1.00,,,,,,,,05/03/2023 15:52:42,,U,,
2901,32,32,602208420007,BALANZA MECANICA,SANEAR,31/12/2021,1,1503.020905,EQUIPOS E INSTRUMENTOS DE MEDICION,R,CONDOR,,120 KGS,VERDE,,,,,,,,,,05/03/2023 17:24:29,,U,,
2902,32,32,602210680012,BOMBA DE SUCCION,SANEAR,31/12/2021,1,1503.020905,EQUIPOS E INSTRUMENTOS DE MEDICION,M,2JD230X3CHINA,4120ST,,,8703595,,,,,,,,,05/03/2023 11:54:37,,U,,
2903,32,32,602210680013,BOMBA DE SUCCION,SANEAR,31/12/2021,1,1503.020905,EQUIPOS E INSTRUMENTOS DE MEDICION,M,CHINO,4120ST,,,902732,,,,,,,,,05/03/2023 11:56:21,,U,,
2904,32,32,602210680028,BOMBA DE SUCCION,SANEAR,31/12/2021,1,1503.020905,EQUIPOS E INSTRUMENTOS DE MEDICION,M,,,,PLOMO,,,,,,,,,,05/03/2023 11:53:57,,U,,
2905,32,32,602210680030,BOMBA DE SUCCION,SANEAR,31/12/2021,1,1503.020905,EQUIPOS E INSTRUMENTOS DE MEDICION,M,,,,,,,,,,,,,,05/03/2023 11:55:24,,U,,
2906,32,57,602210680031,BOMBA DE SUCCION,SANEAR,31/12/2021,1,1503.020905,EQUIPOS E INSTRUMENTOS DE MEDICION,M,UYSTOOLS,,,AMARILLO,,,,,,,,,EXTRACTOR DE COMBUSTIBLE,15/03/2023 20:00:45,,D,KEVIN MIDGUAR ARCE TAIRO,3
2907,32,32,742203180001,CALCULADORA ELECTRICA,SANEAR,31/12/2021,1,1503.020101,MAQUINAS Y EQUIPOS DE OFICINA,M,CANON,P3211-D,,BLANCO/NEGRO,108731,,,,,,,,,21/03/2023 16:42:50,,D,DELIA RUTH QUISPE SONCCO,4
2908,32,32,742203180006,CALCULADORA ELECTRICA,SANEAR,31/12/2021,1,1503.020101,MAQUINAS Y EQUIPOS DE OFICINA,M,CASIO,DR-120N,,BLANCO/NEGRO,6439812,,,,,,,,,13/03/2023 17:57:32,,U,KEVIN MIDGUAR ARCE TAIRO,3
2909,32,32,678250000003,CAMIONETA,SANEAR,31/12/2021,1,1503.0101,VEHICULOS PARA TRANSPORTE TERRESTRE,M,TOYOTA,HILUX 4X4,PU 2326,AZUL OSCURO,,,PU 2326,22R4129766,RN1050006788,,,,,21/03/2023 12:19:45,,U,DELIA RUTH QUISPE SONCCO,4
2910,32,32,678250000004,CAMIONETA,SANEAR,31/12/2021,1,1503.0101,VEHICULOS PARA TRANSPORTE TERRESTRE,M,TOYOTA,HILUX 4X4,PU 2327,ROJO VINO,,,PU 2327,22R4123719,RN1050006480,,,,,05/03/2023 11:15:50,,U,,
2911,32,32,678250000005,CAMIONETA,SANEAR,31/12/2021,1,1503.0101,VEHICULOS PARA TRANSPORTE TERRESTRE,R,TOYOTA,HILUX 4X4,PU 2325,GRIS METALICO,,,PU 2325,22R4130135,RN1050006804,,,,,05/03/2023 11:20:43,,U,,
2912,32,32,678250000030,CAMIONETA,SANEAR,31/12/2021,1,1503.0101,VEHICULOS PARA TRANSPORTE TERRESTRE,M,JEEP,CHEROKE,,PLOMO PLATEADO,,,RU-1556,510H21Y601291,601272,,,,,05/03/2023 17:18:47,,U,,
2913,32,,740800500002,CAPTURADOR DE IMAGEN - SCANNER,01138,31/12/2021,1,1503.020301,EQUIPOS COMPUTACIONALES Y PERIFERICOS,M,ACER,6696-OQL,,BLANCO,911675240QL143002030,,,,,,,,,,,U,,
2914,32,32,675003310001,CARGADOR APILADOR MANUAL - MANUAL STACKER,01138,31/12/2021,1,1503.020999,"MAQUINARIAS, EQUIPOS Y MOBILIARIOS DE OTRAS INSTALACIONES",M,JOYON,KCH-1000,,,1224,,,,,,,,,05/03/2023 10:57:26,,U,,
2915,32,32,952215610002,CENTRAL TELEFONICA,SANEAR,31/12/2021,1,1503.020303,EQUIPOS DE TELECOMUNICACIONES,M,PANASONIC,,,BLANCO,3HBVD010922,,,,,,,,,05/03/2023 12:06:41,,U,,
2916,32,32,672224420001,CEPILLADORA ELECTRICA PORTATIL,SANEAR,31/12/2021,1,1503.020906,EQUIPOS PARA VEHICULOS,M,,BC6063,,,1024,,,,,,,,,05/03/2023 11:49:20,,U,,
2917,32,32,322221710003,COCINA A KEROSENE,O/C Nª 92,27/02/2004,650,1503.020902,"ASEO, LIMPIEZA Y COCINA",M,,,,VERDE,,,,,,,,,,05/03/2023 10:55:49,,U,,
2918,32,32,322221710004,COCINA A KEROSENE,O/C Nª 15,13/08/1997,200,1503.020902,"ASEO, LIMPIEZA Y COCINA",M,SURGE,,,VERDE,,,,,,,,,,05/03/2023 10:56:26,,U,,
2919,32,32,322221710005,COCINA A KEROSENE,SANEAR,31/12/2021,1,1503.020902,"ASEO, LIMPIEZA Y COCINA",M,,,,,,,,,,,,,,05/03/2023 10:54:51,,U,,
2920,32,32,672227260003,COMPRESORA DE AIRE,SANEAR,31/12/2021,1,1503.020906,EQUIPOS PARA VEHICULOS,M,JK-HP250,ZB-012/P,250 HP,NEGRO,,,,,,,,,,21/03/2023 17:28:57,,U,DELIA RUTH QUISPE SONCCO,4
2921,32,32,532222990003,CONCENTRADOR DE OXIGENO,SANEAR,31/12/2021,1,1503.020402,EQUIPO MEDICO,M,,,,,237932,,,,,,,,,05/03/2023 11:00:37,,U,,
2922,32,32,952219770001,CONTROL DEL TRANSMISOR Y AUDIO,SANEAR,31/12/2021,1,1503.020303,EQUIPOS DE TELECOMUNICACIONES,M,PANASONIC,AG-A96,,NEGRO,A5B9383K,,,,,,,,,13/03/2023 17:58:04,,U,KEVIN MIDGUAR ARCE TAIRO,3
2923,32,32,672235280004,ELECTROBOMBA,O/C Nº 8-00177,31/05/2010,2050,1503.020906,EQUIPOS PARA VEHICULOS,M,DELPROSA30HP,,,AMARILLO,128030M2,,,,,,,,,05/03/2023 17:06:59,,U,,
2924,32,32,672244200001,EQUIPO DE CARBURO,SANEAR,31/12/2021,1,1503.020906,EQUIPOS PARA VEHICULOS,M,DYNAMIC,,,NEGRO,3186482,,,,,,,,,05/03/2023 10:55:09,,U,,
2925,32,32,672244200003,EQUIPO DE CARBURO,SANEAR,31/12/2021,1,1503.020906,EQUIPOS PARA VEHICULOS,M,,,QB1 MOD,ROJO,MOD.Q3-1,,,,,,,,,05/03/2023 10:58:59,,U,,
2926,32,32,672244200004,EQUIPO DE CARBURO,SANEAR,31/12/2021,1,1503.020906,EQUIPOS PARA VEHICULOS,M,,,,VERDE AZUL,,,,,,,,,,05/03/2023 10:49:17,,U,,
2927,32,32,746435760001,ESCALERA METALICA,SANEAR,31/12/2021,1,1503.020102,MOBILIARIO DE OFICINA,R,,,,ALUMINIO,,15 PELDAÑOS,,,,,,,,05/03/2023 17:15:06,,U,,
2928,32,32,746435760002,ESCALERA METALICA,SANEAR,31/12/2021,1,1503.020102,MOBILIARIO DE OFICINA,R,,,,ALUMINIO,,15 PELDAÑOS,,,,,,,,05/03/2023 17:21:01,,U,,
2929,32,32,746437120013,ESCRITORIO DE MADERA,SANEAR,31/12/2021,1,1503.020102,MOBILIARIO DE OFICINA,M,,,,CAFE,,0.55x0.75x1.02,,,,,,,,05/03/2023 12:02:05,,U,,
2930,32,32,746437120014,ESCRITORIO DE MADERA,SANEAR,31/12/2021,1,1503.020102,MOBILIARIO DE OFICINA,M,,,,CAFE,,0.62x0.76x1.06,,,,,,,,05/03/2023 15:53:20,,U,,
2931,32,32,746437120047,ESCRITORIO DE MADERA,O/C Nº 153,4/07/2012,430,1503.020102,MOBILIARIO DE OFICINA,M,,GERENCIAL,,NARANJA,,,,,,,,,,05/03/2023 15:19:10,,U,,
2932,32,32,746437790009,ESCRITORIO DE METAL,SANEAR,31/12/2021,1,1503.020102,MOBILIARIO DE OFICINA,M,,,,PLOMO Y NEGRO,,,,,,,,,,05/03/2023 11:38:21,,U,,
2933,32,32,746437790050,ESCRITORIO DE METAL,SANEAR,31/12/2021,1,1503.020102,MOBILIARIO DE OFICINA,M,,,,,,,,,,,,,,05/03/2023 11:38:35,,U,DELIA RUTH QUISPE SONCCO,4
2934,32,32,672254910001,ESMERIL ELECTRICO,SANEAR,31/12/2021,1,1503.020906,EQUIPOS PARA VEHICULOS,M,,9665H1,,AZUL,PZ0830,,,,,,,,,05/03/2023 12:02:41,,U,,
2935,32,32,672254910003,ESMERIL ELECTRICO,SANEAR,31/12/2021,1,1503.020906,EQUIPOS PARA VEHICULOS,M,GRINDER,,FRONTAL,,S1M-125,,,,,,,,,05/03/2023 17:15:23,,U,,
2936,32,32,746441860001,ESTANTE DE METAL,SANEAR,31/12/2021,1,1503.020102,MOBILIARIO DE OFICINA,M,,ANDAMIO,,PLOMO,,,,,,,,,ELIMINAR,05/03/2023 15:52:47,,U,,
2937,32,32,746441860006,ESTANTE DE METAL,SANEAR,31/12/2021,1,1503.020102,MOBILIARIO DE OFICINA,M,,,,PLOMO,,,,,,,,,,05/03/2023 11:49:24,,U,,
2938,32,32,746441860007,ESTANTE DE METAL,SANEAR,31/12/2021,1,1503.020102,MOBILIARIO DE OFICINA,M,,,,PLOMO,,,,,,,,,,05/03/2023 11:02:17,,U,,
2939,32,32,746441860016,ESTANTE DE METAL,SANEAR,31/12/2021,1,1503.020102,MOBILIARIO DE OFICINA,R,,ANDAMIO,,PLOMO,,2.51x0.61x1.83,,,,,,,,21/03/2023 17:33:22,,U,DELIA RUTH QUISPE SONCCO,4
2940,32,32,952237910001,FACSIMIL,SANEAR,31/12/2021,1,1503.020303,EQUIPOS DE TELECOMUNICACIONES,M,PANASONIC,PANAFAX,FAX TELEPHONE,BLANCO,1920202252,,,,,,,,,13/03/2023 18:03:21,,U,KEVIN MIDGUAR ARCE TAIRO,3
2941,32,32,952237910003,FACSIMIL,SANEAR,31/12/2021,1,1503.020303,EQUIPOS DE TELECOMUNICACIONES,M,PANASONIC,KX-F750,,NEGRO,4JCHB028031,,,,,,,,,05/03/2023 15:40:12,,U,,
2942,32,32,952237910004,FACSIMIL,SANEAR,31/12/2021,1,1503.020303,EQUIPOS DE TELECOMUNICACIONES,M,PANASONIC,KX-FS80LA,,NEGRO,7CBRA031520,,,,,,,,,13/03/2023 17:57:17,,U,KEVIN MIDGUAR ARCE TAIRO,3
2943,32,32,742227260001,FOTOCOPIADORA EN GENERAL,SANEAR,31/12/2021,1,1503.020101,MAQUINAS Y EQUIPOS DE OFICINA,M,,NP1010F1729000,,CREMA,PTG16446,,,,,,,,,05/03/2023 15:48:28,,U,,
2944,32,32,742227260006,FOTOCOPIADORA EN GENERAL,SANEAR,31/12/2021,1,1503.020101,MAQUINAS Y EQUIPOS DE OFICINA,M,KYOCERA,KM-1635,,,PMF 6200251,,,,,,,,,05/03/2023 15:48:30,,U,,
2945,32,32,742227260007,FOTOCOPIADORA EN GENERAL,O/C Nº 3-00058,10/08/2009,4032.45,1503.020101,MAQUINAS Y EQUIPOS DE OFICINA,M,RICOH,AFICIO,1045S/P,BLANCO,,,,,,,,,,05/03/2023 12:06:18,,U,,
2946,32,32,742227260008,FOTOCOPIADORA EN GENERAL,O/C Nº 3-00163,20/10/2010,3656,1503.020101,MAQUINAS Y EQUIPOS DE OFICINA,M,KONICA MINOLTA,VISH HUB-350,,BLANCO,,,,,,,,,,05/03/2023 12:06:22,,U,,
2947,32,32,675010400001,FRESADORA,SANEAR,31/12/2021,1,1503.020999,"MAQUINARIAS, EQUIPOS Y MOBILIARIOS DE OTRAS INSTALACIONES",M,,,,,,,,,,,,,,05/03/2023 11:47:02,,U,,
2948,32,58,462261830014,GENERADOR (OTROS),SANEAR,05/08/2020,1,1503.020904,ELECTRICIDAD Y ELECTRONICA,M,HONDA,EG 5000CX,ELECTRICO,ROJO/NEGRO,,,,,,,,,,15/03/2023 20:29:05,,D,KEVIN MIDGUAR ARCE TAIRO,3
2949,32,32,322257950004,HORNO ELECTRICO,SANEAR,31/12/2021,1,1503.020902,"ASEO, LIMPIEZA Y COCINA",M,CHINA,,,,,,,,,,,,,05/03/2023 10:54:41,,U,,
2950,32,32,322257950007,HORNO ELECTRICO,SANEAR,31/12/2021,1,1503.020902,"ASEO, LIMPIEZA Y COCINA",M,,601T,,NEGRO,290,,,,,,,,,05/03/2023 13:10:09,,U,,
2951,32,32,740832000008,IMPRESORA (OTRAS),O/C Nª 54,30/01/2004,1914,1503.020301,EQUIPOS COMPUTACIONALES Y PERIFERICOS,M,HP,LASERJET 1300,LASER,,,,,,,,,,,05/03/2023 13:08:03,,U,,
2952,32,32,740832000012,IMPRESORA (OTRAS),SANEAR,31/12/2021,1,1503.020301,EQUIPOS COMPUTACIONALES Y PERIFERICOS,M,HP,DESKJET 2420,LASER,AZUL/PLOMO,,,,,,,,,,05/03/2023 15:13:34,,U,,
2953,32,32,740832000013,IMPRESORA (OTRAS),O/C Nª 396,14/12/2006,1550,1503.020301,EQUIPOS COMPUTACIONALES Y PERIFERICOS,M,HP,LASERJET 1320,LASER,,CNHC66Y664,,,,,,,,,05/03/2023 12:06:45,,U,,
2954,32,32,740832000017,IMPRESORA (OTRAS),SANEAR,31/12/2021,1,1503.020301,EQUIPOS COMPUTACIONALES Y PERIFERICOS,M,HP,LASERJET P1505,,PLOMO NEGRO,BRBS820GVH,,,,,,,,,05/03/2023 13:08:12,,U,,
2955,32,32,740832000040,IMPRESORA (OTRAS),O/C Nª 000459,30/11/2011,565,1503.020301,EQUIPOS COMPUTACIONALES Y PERIFERICOS,M,EPSON,TX220,INYECCION DE TA,NEGRO,MFFK0898G0,,,,,,,,,05/03/2023 13:09:49,,U,,
2956,32,32,740836500001,IMPRESORA A INYECCION DE TINTA,O/C Nª 204,2/05/2001,301.75,1503.020301,EQUIPOS COMPUTACIONALES Y PERIFERICOS,M,CANON,BJC-10000,,BJC-10000,FCJ22453,,,,,,,,,05/03/2023 14:57:54,,U,,
2957,32,32,740836500002,IMPRESORA A INYECCION DE TINTA,O/C Nª 204,2/05/2001,301.75,1503.020301,EQUIPOS COMPUTACIONALES Y PERIFERICOS,M,CANON,BJC-10000,,BJC-10000,FCJ22457,,,,,,,,,05/03/2023 15:13:06,,U,,
2958,32,32,740836500003,IMPRESORA A INYECCION DE TINTA,SANEAR,31/12/2021,1,1503.020301,EQUIPOS COMPUTACIONALES Y PERIFERICOS,M,HP,DESKJET 950C,,BLANCO,1X610038/1,,,,,,,,,05/03/2023 15:13:28,,U,,
2959,32,32,740836500004,IMPRESORA A INYECCION DE TINTA,SANEAR,31/12/2021,1,1503.020301,EQUIPOS COMPUTACIONALES Y PERIFERICOS,M,HP,840C,,BLANCO/PLOMO,NX12RU10076,,,,,,,,,05/03/2023 15:13:19,,U,,
2960,32,32,740836500007,IMPRESORA A INYECCION DE TINTA,SANEAR,31/12/2021,1,1503.020301,EQUIPOS COMPUTACIONALES Y PERIFERICOS,M,HP,DESKJET 810C,,BLANCO,,,,,,,,,,05/03/2023 15:09:30,,U,,
2961,32,32,740836500008,IMPRESORA A INYECCION DE TINTA,O/C Nª 554,31/12/2001,785,1503.020301,EQUIPOS COMPUTACIONALES Y PERIFERICOS,M,HP,DESKJET 842C,,PLOMO,CNDB71P1T7,,,,,,,,,05/03/2023 15:09:22,,U,,
2962,32,32,740836500009,IMPRESORA A INYECCION DE TINTA,O/C Nª 67,21/06/2003,490,1503.020301,EQUIPOS COMPUTACIONALES Y PERIFERICOS,M,HP CANON,3820,,,,,,,,,,,,05/03/2023 15:09:58,,U,,
2963,32,32,740836500011,IMPRESORA A INYECCION DE TINTA,O/C Nª 376,30/12/2003,385,1503.020301,EQUIPOS COMPUTACIONALES Y PERIFERICOS,M,HP,DESKJET 1938M-A,,BLANCO,,,,,,,,,,05/03/2023 15:12:48,,U,,
2964,32,32,740836500012,IMPRESORA A INYECCION DE TINTA,O/C Nª 286,31/08/2004,455,1503.020301,EQUIPOS COMPUTACIONALES Y PERIFERICOS,M,HP,DESKJET 3650,,AZUL/PLOMO,,,,,,,,,,05/03/2023 15:08:30,,U,,
2965,32,32,740836500013,IMPRESORA A INYECCION DE TINTA,O/C Nª 506,29/12/2004,260,1503.020301,EQUIPOS COMPUTACIONALES Y PERIFERICOS,M,HP,3550,,BLANCO,,,,,,,,,,05/03/2023 14:47:15,,U,,
2966,32,32,740845500001,IMPRESORA MATRIZ DE PUNTO,SANEAR,31/12/2021,1,1503.020301,EQUIPOS COMPUTACIONALES Y PERIFERICOS,M,EPSON,FX-1170,,BLANCO,6211209782,,,,,,,,,05/03/2023 13:20:19,,U,,
2967,32,32,740845500003,IMPRESORA MATRIZ DE PUNTO,SANEAR,31/12/2021,1,1503.020301,EQUIPOS COMPUTACIONALES Y PERIFERICOS,M,CANON,MG2410,,BLANCO,,,,,,,,,,13/03/2023 18:11:04,,U,KEVIN MIDGUAR ARCE TAIRO,3
2968,32,32,740845500004,IMPRESORA MATRIZ DE PUNTO,O/C Nº 000998,29/12/1995,1427.4,1503.020301,EQUIPOS COMPUTACIONALES Y PERIFERICOS,M,EPSON,FX-1170,,BLANCO,6211176919,,,,,,,,,05/03/2023 13:20:15,,U,,
2969,32,32,740845500006,IMPRESORA MATRIZ DE PUNTO,O/C Nª 000764,29/09/1995,1406.25,1503.020301,EQUIPOS COMPUTACIONALES Y PERIFERICOS,M,EPSON,FX-1170,,BLANCO,,,,,,,,,,05/03/2023 14:48:11,,U,,
2970,32,32,740845500007,IMPRESORA MATRIZ DE PUNTO,O/C Nª 764,29/09/1995,1406.25,1503.020301,EQUIPOS COMPUTACIONALES Y PERIFERICOS,M,EPSON,FX-1170,,BLANCO,6211141617,,,,,,,,,05/03/2023 13:18:49,,U,,
2971,32,32,740845500011,IMPRESORA MATRIZ DE PUNTO,SANEAR,31/12/2021,1,1503.020301,EQUIPOS COMPUTACIONALES Y PERIFERICOS,M,EPSON,FX-1170,,BLANCO,1K01024867,,,,,,,,,05/03/2023 14:43:38,,U,,
2972,32,32,740845500014,IMPRESORA MATRIZ DE PUNTO,O/C Nª 0099,29/01/1996,1200,1503.020301,EQUIPOS COMPUTACIONALES Y PERIFERICOS,M,EPSON,LQ-2070,,BLANCO,C1141700C5417031,,,,,,,,,05/03/2023 13:20:18,,U,,
2973,32,32,740845500018,IMPRESORA MATRIZ DE PUNTO,O/C Nª 552,31/12/2001,2585.15,1503.020301,EQUIPOS COMPUTACIONALES Y PERIFERICOS,M,EPSON,LQ2180,,BLANCO,BDXY002549,,,,,,,,,05/03/2023 13:19:19,,U,,
2974,32,32,740845500019,IMPRESORA MATRIZ DE PUNTO,SANEAR,31/12/2021,1,1503.020301,EQUIPOS COMPUTACIONALES Y PERIFERICOS,M,EPSON,LQ-2070,,BLANCO,ZYQYDO5112,,,,,,,,,05/03/2023 13:19:24,,U,,
2975,32,32,740845500022,IMPRESORA MATRIZ DE PUNTO,SANEAR,31/12/2021,1,1503.020301,EQUIPOS COMPUTACIONALES Y PERIFERICOS,M,EPSON,LQ-2070,,BLANCO,2YQY0033644,,,,,,,,,05/03/2023 13:20:25,,U,,
2976,32,32,740845500024,IMPRESORA MATRIZ DE PUNTO,SANEAR,31/12/2021,1,1503.020301,EQUIPOS COMPUTACIONALES Y PERIFERICOS,M,EPSON,LX-200,P850A,BLANCO,1Q6E058222,,,,,,,,,05/03/2023 15:41:26,,U,,
2977,32,32,740845500025,IMPRESORA MATRIZ DE PUNTO,SANEAR,31/12/2021,1,1503.020301,EQUIPOS COMPUTACIONALES Y PERIFERICOS,M,EPSON,FX-1170,,BLANCO,6211145930,,,,,,,,,05/03/2023 13:19:30,,U,,
2978,32,32,740845500026,IMPRESORA MATRIZ DE PUNTO,SANEAR,31/12/2021,1,1503.020301,EQUIPOS COMPUTACIONALES Y PERIFERICOS,M,EPSON,P631B,,BLANCO,1X61003871,,,,,,,,,05/03/2023 13:18:52,,U,,
2979,32,32,740845500027,IMPRESORA MATRIZ DE PUNTO,SANEAR,31/12/2021,1,1503.020301,EQUIPOS COMPUTACIONALES Y PERIFERICOS,M,EPSON,FX-P711A,,BLANCO,6211056352,,,,,,,,,05/03/2023 13:19:22,,U,,
2980,32,32,740850000002,IMPRESORA PARA PLANOS - PLOTTERS,O/C Nº 251,26/06/1995,18660.81,1503.020301,EQUIPOS COMPUTACIONALES Y PERIFERICOS,R,HP,DESIGNJET 230,C4695A,PLOMO/BLANCO,ESSA5501213,,,,,,,,,13/03/2023 18:06:51,,U,KEVIN MIDGUAR ARCE TAIRO,3
2981,32,32,740850000006,IMPRESORA PARA PLANOS - PLOTTERS,SANEAR,31/12/2021,1,1503.020301,EQUIPOS COMPUTACIONALES Y PERIFERICOS,R,DRI DUPLICATOR,38900,ARQUE II,BLANCO/PLOMO,,,,,,,,,,13/03/2023 18:08:03,,U,KEVIN MIDGUAR ARCE TAIRO,3
2982,32,32,952246980003,INTERCOMUNICADOR,SANEAR,31/12/2021,1,1503.020303,EQUIPOS DE TELECOMUNICACIONES,M,NATIONAL,VL-376,,BLANCO/CAFÉ,,,,,,,,,,13/03/2023 17:59:17,,U,KEVIN MIDGUAR ARCE TAIRO,3
2983,32,32,952246980004,INTERCOMUNICADOR,SANEAR,31/12/2021,1,1503.020303,EQUIPOS DE TELECOMUNICACIONES,M,NATIONAL,VL-376,,BLANCO/CAFÉ,,,,,,,,,,13/03/2023 17:58:57,,U,KEVIN MIDGUAR ARCE TAIRO,3
2984,32,32,952246980012,INTERCOMUNICADOR,SANEAR,31/12/2021,1,1503.020303,EQUIPOS DE TELECOMUNICACIONES,M,NATIONAL,VL-376,,BLANCO/CAFÉ,,,,,,,,,,13/03/2023 17:58:00,,U,KEVIN MIDGUAR ARCE TAIRO,3
2985,32,32,742237960005,MAQUINA DE ESCRIBIR ELECTRICA,SANEAR,31/12/2021,1,1503.020101,MAQUINAS Y EQUIPOS DE OFICINA,M,,ET-111,,,604880,,,,,,,,,05/03/2023 15:48:26,,U,,
2986,32,32,742237960009,MAQUINA DE ESCRIBIR ELECTRICA,SANEAR,31/12/2021,1,1503.020101,MAQUINAS Y EQUIPOS DE OFICINA,M,OLIVETI,TEKENE-4,,,6677274 205 ESP,,,,,,,,,05/03/2023 12:22:16,,U,,
2987,32,32,742243310006,MAQUINA DE ESCRIBIR MECANICA,SANEAR,31/12/2021,1,1503.020101,MAQUINAS Y EQUIPOS DE OFICINA,M,,,,,,,,,,,,,,05/03/2023 12:21:49,,U,,
2988,32,32,675026900001,MAQUINA DE SOLDAR,SANEAR,31/12/2021,1,1503.020999,"MAQUINARIAS, EQUIPOS Y MOBILIARIOS DE OTRAS INSTALACIONES",M,,BX3-2HT,,,857575,,,,,,,,,05/03/2023 16:48:37,,U,,
2989,32,32,675026900002,MAQUINA DE SOLDAR,SANEAR,31/12/2021,1,1503.020999,"MAQUINARIAS, EQUIPOS Y MOBILIARIOS DE OTRAS INSTALACIONES",M,,,,,,,,,,,,,,05/03/2023 16:47:06,,U,,
2990,32,32,675026900003,MAQUINA DE SOLDAR,SANEAR,31/12/2021,1,1503.020999,"MAQUINARIAS, EQUIPOS Y MOBILIARIOS DE OTRAS INSTALACIONES",M,,BX3-2HT,,,857581,,,,,,,,,05/03/2023 16:46:49,,U,,
2991,32,32,675026900004,MAQUINA DE SOLDAR,SANEAR,31/12/2021,1,1503.020999,"MAQUINARIAS, EQUIPOS Y MOBILIARIOS DE OTRAS INSTALACIONES",M,,BX3 300-2HT,,,857571,,,,,,,,,05/03/2023 16:48:15,,U,,
2992,32,32,675026900007,MAQUINA DE SOLDAR,SANEAR,31/12/2021,1,1503.020999,"MAQUINARIAS, EQUIPOS Y MOBILIARIOS DE OTRAS INSTALACIONES",M,,MASA,,,499 POTT.DE 25AMP,,,,,,,,,05/03/2023 10:55:19,,U,,
2993,32,58,672275090001,MARTILLO DEMOLEDOR ELECTRICO,O/C Nª 000132,26/03/2013,3300,1503.020906,EQUIPOS PARA VEHICULOS,R,BOSCH,GBH-11DE,,VERDE OSCURO,,,,,,,,,,14/03/2023 10:13:46,,U,,
2994,32,32,746449320001,MESA DE MADERA,SANEAR,31/12/2021,1,1503.020102,MOBILIARIO DE OFICINA,M,,,,CAFÉ,,0.59X1.46X0.84,,,,,,,,05/03/2023 15:53:28,,U,,
2995,32,32,746449320008,MESA DE MADERA,SANEAR,31/12/2021,1,1503.020102,MOBILIARIO DE OFICINA,R,,,,AZUL,,1.00X2.00X0.79,,,,,,,,05/03/2023 10:54:23,,U,,
2996,32,32,746450680003,MESA DE METAL,SANEAR,31/12/2021,1,1503.020102,MOBILIARIO DE OFICINA,R,,,,PLOMO,,1.22X2.41X0.70,,,,,,,,05/03/2023 11:47:53,,U,,
2997,32,32,746450680009,MESA DE METAL,SANEAR,31/12/2021,1,1503.020102,MOBILIARIO DE OFICINA,M,,,,PLOMO,,0.53X1.90X0.86,,,,,,,,05/03/2023 16:51:00,,U,,
2998,32,32,746450680011,MESA DE METAL,SANEAR,31/12/2021,1,1503.020102,MOBILIARIO DE OFICINA,M,,,,PLOMO,,,,,,,,,,05/03/2023 16:44:37,,U,,
2999,32,32,746450680018,MESA DE METAL,SANEAR,31/12/2021,1,1503.020102,MOBILIARIO DE OFICINA,M,,,,PLOMO,,,,,,,,,,05/03/2023 10:49:08,,U,,
3000,32,32,746454580008,MESITA DE MADERA,SANEAR,31/12/2021,1,1503.020102,MOBILIARIO DE OFICINA,B,,GAVETA CON RUED,,MADERA,,0.65X0.44X0.74,,,,,,,,05/03/2023 11:22:23,,U,,
3001,32,32,746456440001,MESITA DE METAL,SANEAR,31/12/2021,1,1503.020102,MOBILIARIO DE OFICINA,R,,,,PLOMO,,,,,,,,,,05/03/2023 11:22:05,,U,,
3002,32,,746456440002,MESITA DE METAL,SANEAR,31/12/2021,1,1503.020102,MOBILIARIO DE OFICINA,M,,,,PLOMO,,,,,,,,,,,,U,,
3003,32,32,746456780001,MESITA DE METAL PARA MAQUINA DE ESCRIBIR,SANEAR,31/12/2021,1,1503.020102,MOBILIARIO DE OFICINA,R,1,,,PLOMO/MADERA,,,,,,,,,,05/03/2023 15:16:57,,U,,
3004,32,32,675080890012,MEZCLADORA DE CONCRETO TIPO TROMPO,O/C Nª 74,30/06/2006,6040,1503.020999,"MAQUINARIAS, EQUIPOS Y MOBILIARIOS DE OTRAS INSTALACIONES",M,DYNAMIC,,,,,,,,,,,,,05/03/2023 11:50:07,,U,,
3005,32,32,675080890028,MEZCLADORA DE CONCRETO TIPO TROMPO,SANEAR,31/12/2021,1,1503.020999,"MAQUINARIAS, EQUIPOS Y MOBILIARIOS DE OTRAS INSTALACIONES",M,DYNAMIC KOHLER,MDC9P/M12,,,1024796,,,,,,,,,05/03/2023 16:30:32,,U,,
3006,32,32,675080890029,MEZCLADORA DE CONCRETO TIPO TROMPO,SANEAR,31/12/2021,1,1503.020999,"MAQUINARIAS, EQUIPOS Y MOBILIARIOS DE OTRAS INSTALACIONES",M,DYMANIC,,,,,,,,,,,,,05/03/2023 16:42:00,,U,,
3007,32,32,675080890030,MEZCLADORA DE CONCRETO TIPO TROMPO,O/C Nª 6-00027,23/11/2009,8320,1503.020999,"MAQUINARIAS, EQUIPOS Y MOBILIARIOS DE OTRAS INSTALACIONES",M,DYNAMIC KOHLER,M 12,,,M12,,,,,,,,,05/03/2023 11:26:46,,U,,
3008,32,32,675080890031,MEZCLADORA DE CONCRETO TIPO TROMPO,O/C Nª 0-00082,31/03/2010,8651,1503.020999,"MAQUINARIAS, EQUIPOS Y MOBILIARIOS DE OTRAS INSTALACIONES",M,DYNAMIC KOHLER,M 12,,,4009890149,,,,,,,,,05/03/2023 11:57:35,,U,,
3009,32,32,675080890033,MEZCLADORA DE CONCRETO TIPO TROMPO,O/C Nª 3-00023,23/04/2010,9790,1503.020999,"MAQUINARIAS, EQUIPOS Y MOBILIARIOS DE OTRAS INSTALACIONES",R,DYNAMIC KOHLER,DYNAMIC 9P3 120,,,4003590079,,,,,,,,,05/03/2023 15:57:57,,U,,
3010,32,32,675080890034,MEZCLADORA DE CONCRETO TIPO TROMPO,O/C Nª8-00114,23/04/2010,9790,1503.020999,"MAQUINARIAS, EQUIPOS Y MOBILIARIOS DE OTRAS INSTALACIONES",M,DYNAMIC KOHLER,DYNAMIC 9P312.P,,,3924490339,,,,,,,,,05/03/2023 16:41:42,,U,,
3011,32,32,675080890035,MEZCLADORA DE CONCRETO TIPO TROMPO,O/C Nª 8-00117,23/04/2010,9790,1503.020999,"MAQUINARIAS, EQUIPOS Y MOBILIARIOS DE OTRAS INSTALACIONES",M,DYNAMIC KOHLER,M 12,,,4003590229,,,,,,,,,05/03/2023 15:59:32,,U,,
3012,32,32,675080890036,MEZCLADORA DE CONCRETO TIPO TROMPO,O/C Nª 6-00024,27/01/2010,8651,1503.020999,"MAQUINARIAS, EQUIPOS Y MOBILIARIOS DE OTRAS INSTALACIONES",M,DYNAMIC HONDA,GCBDT,,,4022590069,,,,,,,,,05/03/2023 18:25:35,,U,,
3013,32,32,675080890038,MEZCLADORA DE CONCRETO TIPO TROMPO,O/C Nª 6-00034,28/01/2010,8651,1503.020999,"MAQUINARIAS, EQUIPOS Y MOBILIARIOS DE OTRAS INSTALACIONES",R,DYNAMIC KOHLER,MDC9P/M12,,,,,,,,,,,,05/03/2023 11:47:59,,U,,
3014,32,32,675080890039,MEZCLADORA DE CONCRETO TIPO TROMPO,O/C Nª 00178,7/07/2011,6000,1503.020999,"MAQUINARIAS, EQUIPOS Y MOBILIARIOS DE OTRAS INSTALACIONES",M,DYNAMIC HONDA,GBDT,,,1015865,,,,,,,,,05/03/2023 11:51:50,,U,,
3015,32,32,675080890042,MEZCLADORA DE CONCRETO TIPO TROMPO,O/C Nª 000360,17/10/2011,7100,1503.020999,"MAQUINARIAS, EQUIPOS Y MOBILIARIOS DE OTRAS INSTALACIONES",R,DYNAMIC KHOLER,M 12,,,4034732118,,,,,,,,,05/03/2023 11:26:50,,U,,
3016,32,32,675080890043,MEZCLADORA DE CONCRETO TIPO TROMPO,O/C Nª 000360,17/10/2011,7100,1503.020999,"MAQUINARIAS, EQUIPOS Y MOBILIARIOS DE OTRAS INSTALACIONES",M,DYNAMIC KHOLER,M 12,,,40316081981,,,,,,,,,05/03/2023 11:49:50,,U,,
3017,32,32,675080890044,MEZCLADORA DE CONCRETO TIPO TROMPO,O/C Nª 000077,23/04/2012,18490,1503.020999,"MAQUINARIAS, EQUIPOS Y MOBILIARIOS DE OTRAS INSTALACIONES",M,DYNAMIC HONDA,DYNAMIC KOHLER6,,,4200900239,,,,,,,,,05/03/2023 11:44:02,,U,,
3018,32,32,675080890045,MEZCLADORA DE CONCRETO TIPO TROMPO,O/C Nª 000080,26/04/2012,6495,1503.020999,"MAQUINARIAS, EQUIPOS Y MOBILIARIOS DE OTRAS INSTALACIONES",M,DYMANIC,DYNAMIC KOHLER2,,,4203800329,,,,,,,,,05/03/2023 16:39:56,,U,,
3019,32,,675080890047,MEZCLADORA DE CONCRETO TIPO TROMPO,SANEAR,31/12/2021,1,1503.020999,"MAQUINARIAS, EQUIPOS Y MOBILIARIOS DE OTRAS INSTALACIONES",M,KOHLER,M12,,,M11-449-12/420690029,,,,,,,,,,,U,,
3020,32,32,675080890049,MEZCLADORA DE CONCRETO TIPO TROMPO,O/C Nª 000110,29/05/2012,6593,1503.020999,"MAQUINARIAS, EQUIPOS Y MOBILIARIOS DE OTRAS INSTALACIONES",M,DYNAMIC KOHLER,DYNAMIC KOHLER,,,42066900269,,,,,,,,,05/03/2023 11:57:42,,U,,
3021,32,32,675080890050,MEZCLADORA DE CONCRETO TIPO TROMPO,O/C Nª 000110,29/05/2012,6593,1503.020999,"MAQUINARIAS, EQUIPOS Y MOBILIARIOS DE OTRAS INSTALACIONES",M,DYNAMIC KOHLER,DYNAMIC KOHLER,,,M11-450-121/42069009,,,,,,,,,05/03/2023 16:32:27,,U,,
3022,32,32,675080890053,MEZCLADORA DE CONCRETO TIPO TROMPO,O/C Nª 000425,17/12/2012,6600,1503.020999,"MAQUINARIAS, EQUIPOS Y MOBILIARIOS DE OTRAS INSTALACIONES",M,HONDA DYNAMIC,MDC 11P/GX390,,,"M11-997-12, GCAHF 02",,,,,,,,,05/03/2023 16:00:13,,U,,
3023,32,32,675080890054,MEZCLADORA DE CONCRETO TIPO TROMPO,O/C Nª 000424,17/12/2012,6600,1503.020999,"MAQUINARIAS, EQUIPOS Y MOBILIARIOS DE OTRAS INSTALACIONES",M,HONDA DYNAMIC,MCD 11P/GX390,,,"M11-969-12, GCAFH-0.",,,,,,,,,05/03/2023 16:31:00,,U,,
3024,32,,675080890055,MEZCLADORA DE CONCRETO TIPO TROMPO,SANEAR,31/12/2021,1,1503.020999,"MAQUINARIAS, EQUIPOS Y MOBILIARIOS DE OTRAS INSTALACIONES",R,KOHLER,MDCP/M12,COFERSA,,S-02 - (4229618138),,,,,,,,,,,U,,
3025,32,32,675080890056,MEZCLADORA DE CONCRETO TIPO TROMPO,O/C Nª 000308,7/06/2013,4920,1503.020999,"MAQUINARIAS, EQUIPOS Y MOBILIARIOS DE OTRAS INSTALACIONES",R,DYNAMIC,MDCP/M12,,,4225618028,,,,,,,,,05/03/2023 16:43:02,,U,,
3026,32,32,675080890057,MEZCLADORA DE CONCRETO TIPO TROMPO,O/C Nª 000308,7/06/2013,4920,1503.020999,"MAQUINARIAS, EQUIPOS Y MOBILIARIOS DE OTRAS INSTALACIONES",M,DINAMIC,MDCP/M12,,,4235215398,,,,,,,,,05/03/2023 16:32:38,,U,,
3027,32,32,675080890058,MEZCLADORA DE CONCRETO TIPO TROMPO,O/C Nª 000345,13/06/2013,5350,1503.020999,"MAQUINARIAS, EQUIPOS Y MOBILIARIOS DE OTRAS INSTALACIONES",R,DYNAMIC,MDCP/M12,,,4223000238,,,,,,,,,05/03/2023 16:39:19,,U,,
3028,32,32,675080890059,MEZCLADORA DE CONCRETO TIPO TROMPO,O/C Nª 000345,13/06/2013,5350,1503.020999,"MAQUINARIAS, EQUIPOS Y MOBILIARIOS DE OTRAS INSTALACIONES",M,DYNAMIC HONDA,MDCP/M12,,,4225620528,,,,,,,,,05/03/2023 11:26:26,,U,,
3029,32,32,675080890061,MEZCLADORA DE CONCRETO TIPO TROMPO,O/C Nª 000447,10/07/2013,5400,1503.020999,"MAQUINARIAS, EQUIPOS Y MOBILIARIOS DE OTRAS INSTALACIONES",R,ACIMAC,COMAND PRO 14,,,,,,,,,,,,05/03/2023 11:37:33,,U,,
3030,32,32,675080890066,MEZCLADORA DE CONCRETO TIPO TROMPO,O/C Nª 131,10/07/2007,6720,1503.020999,"MAQUINARIAS, EQUIPOS Y MOBILIARIOS DE OTRAS INSTALACIONES",M,DYNAMIC KOHLER,CS/2T,,,3622302555,,,,,,,,,05/03/2023 11:49:42,,U,,
3031,32,32,675080890071,MEZCLADORA DE CONCRETO TIPO TROMPO,O/C Nª 000868,3/12/2013,5057,1503.020999,"MAQUINARIAS, EQUIPOS Y MOBILIARIOS DE OTRAS INSTALACIONES",M,HONDA DYNAMIC,GX390,,,GCAFH-0313765,,,,,,,,,05/03/2023 15:59:27,,U,,
3032,32,32,675080890077,MEZCLADORA DE CONCRETO TIPO TROMPO,O/C Nª 000080,26/04/2012,6495,1503.020999,"MAQUINARIAS, EQUIPOS Y MOBILIARIOS DE OTRAS INSTALACIONES",M,DYNAMIC HONDA,DYNAMIC KOHLER2,,,M9-123-12/4135300699,,,,,,,,,05/03/2023 11:38:51,,U,,
3033,32,32,675080890080,MEZCLADORA DE CONCRETO TIPO TROMPO,O/C Nª 28,26/02/2016,4600,1503.020999,"MAQUINARIAS, EQUIPOS Y MOBILIARIOS DE OTRAS INSTALACIONES",R,DYNAMIC HONDA,GX390-389-CM3,TROMPO,,1511180402-SU188F,,,,,,,,,05/03/2023 16:37:00,,U,,
3034,32,32,675080890083,MEZCLADORA DE CONCRETO TIPO TROMPO,O/C Nª 27,26/02/2016,4600,1503.020999,"MAQUINARIAS, EQUIPOS Y MOBILIARIOS DE OTRAS INSTALACIONES",R,DYNAMIC HONDA,GX390,TROMPO,,1511180373,,,,,,,,,05/03/2023 16:44:27,,U,,
3035,32,32,675080890096,MEZCLADORA DE CONCRETO TIPO TROMPO,O/C Nª 000424,17/12/2012,6600,1503.020999,"MAQUINARIAS, EQUIPOS Y MOBILIARIOS DE OTRAS INSTALACIONES",R,DYNAMIC HONDA,MDC11P/GX390,TROMPITO,,"M11-1012-12, GCAFH-0",,,,,,,,,05/03/2023 11:38:59,,U,,
3036,32,32,46436500013,MIRA TOPOGRAFICA,O/C N°288,30/05/1995,716.8,1503.020501,MOBILIARIO DE USO AGRICOLA Y PESQUERO,M,,,,,,,,,,,,,,05/03/2023 15:04:40,,U,,
3037,32,32,46436500037,MIRA TOPOGRAFICA,O/C N°85,21/06/2007,605,1503.020501,MOBILIARIO DE USO AGRICOLA Y PESQUERO,M,,,,,,,,,,,,,,05/03/2023 15:04:18,,U,,
3038,32,32,46436500042,MIRA TOPOGRAFICA,O/C N°170,24/09/2007,550,1503.020501,MOBILIARIO DE USO AGRICOLA Y PESQUERO,M,,,,,,,,,,,,,,05/03/2023 15:04:36,,U,,
3039,32,32,46436500044,MIRA TOPOGRAFICA,O/C N°170,24/09/2007,550,1503.020501,MOBILIARIO DE USO AGRICOLA Y PESQUERO,M,,,,,,,,,,,,,,05/03/2023 15:03:52,,U,,
3040,32,32,46436500045,MIRA TOPOGRAFICA,O/C N°170,24/09/2007,550,1503.020501,MOBILIARIO DE USO AGRICOLA Y PESQUERO,M,,,,,,,,,,,,,,05/03/2023 15:04:30,,U,,
3041,32,32,746460850017,MODULO DE MADERA PARA MICROCOMPUTADORA,O/C N°0699A,29/11/1996,320,1503.020102,MOBILIARIO DE OFICINA,M,,,,CAFE,,043x0.40x0.82,,,,,,,,21/03/2023 17:43:30,,U,DELIA RUTH QUISPE SONCCO,4
3042,32,32,952258120003,MONITOR (OTROS),O/C N°95,19/09/2008,742.8,1503.020303,EQUIPOS DE TELECOMUNICACIONES,M,LG,L175375,,NEGRO,805NDSR6X523,,,,,,,,,05/03/2023 15:15:12,,U,,
3043,32,32,952258120006,MONITOR (OTROS),O/C N°175,17/12/2008,757.05,1503.020303,EQUIPOS DE TELECOMUNICACIONES,M,LG,LCD,,NEGRO,805LDJXF116,,,,,,,,,05/03/2023 14:55:29,,U,,
3044,32,32,952258120026,MONITOR (OTROS),O/C N°000-21,23/04/2010,732.55,1503.020303,EQUIPOS DE TELECOMUNICACIONES,M,HYUNDAI,,PLASMA LCD,,,,,,,,,,,05/03/2023 14:55:35,,U,,
3045,32,32,952258120036,MONITOR (OTROS),O/C N°00239,9/08/2011,848.16,1503.020303,EQUIPOS DE TELECOMUNICACIONES,M,LG,,,NEGRO,106TPZKOT 757,,,,,,,,,13/03/2023 18:08:50,,U,KEVIN MIDGUAR ARCE TAIRO,3
3046,32,32,952258120054,MONITOR (OTROS),O/C N°000532.,23/07/2013,754.32,1503.020303,EQUIPOS DE TELECOMUNICACIONES,B,LG,22EA53VA,,NEGRO,303NDZJ5D579,,,,,,,,,05/03/2023 14:55:24,,U,,
3047,32,32,952258120060,MONITOR (OTROS),O/C N°67,21/06/2003,692.86,1503.020303,EQUIPOS DE TELECOMUNICACIONES,R,SAMSUNG,,,NEGRO,ZWQ1HTJC700708J,,,,,,,,,05/03/2023 15:48:55,,U,,
3048,32,32,952258120067,MONITOR (OTROS),O/C N°381,30/10/2004,655.2,1503.020303,EQUIPOS DE TELECOMUNICACIONES,M,,,,,,,,,,,,,,13/03/2023 18:08:56,,U,KEVIN MIDGUAR ARCE TAIRO,3
3049,32,32,952258120079,MONITOR (OTROS),SANEAR,31/12/2021,1,1503.020303,EQUIPOS DE TELECOMUNICACIONES,M,,,,,,,,,,,,,,05/03/2023 12:16:28,,U,,
3050,32,32,740877000001,MONITOR A COLOR,SANEAR,31/12/2021,1,1503.020301,EQUIPOS COMPUTACIONALES Y PERIFERICOS,M,SAMSUNG,CVB4587 CQB4147,,BLANCO,HCDH700320,,,,,,,,,05/03/2023 15:01:14,,U,,
3051,32,32,740877000003,MONITOR A COLOR,SANEAR,31/12/2021,1,1503.020301,EQUIPOS COMPUTACIONALES Y PERIFERICOS,M,SAMSUNG,CVM4963T,,,H2JCDAO3292,,,,,,,,,05/03/2023 12:11:43,,U,,
3052,32,32,740877000004,MONITOR A COLOR,SANEAR,31/12/2021,1,1503.020301,EQUIPOS COMPUTACIONALES Y PERIFERICOS,M,SAMTRON,SC-441V,,,9321423731,,,,,,,,,05/03/2023 14:59:10,,U,,
3053,32,32,740877000006,MONITOR A COLOR,SANEAR,31/12/2021,1,1503.020301,EQUIPOS COMPUTACIONALES Y PERIFERICOS,M,SAMSUNG,CBM4967,,,H8UBB09103,,,,,,,,,05/03/2023 15:02:34,,U,,
3054,32,32,740877000009,MONITOR A COLOR,O/C N°000998,29/12/1995,930.59,1503.020301,EQUIPOS COMPUTACIONALES Y PERIFERICOS,M,SAMSUNG,,,MARFIL,H82C70567,,,,,,,,,05/03/2023 15:01:23,,U,,
3055,32,32,740877000011,MONITOR A COLOR,SANEAR,31/12/2021,1,1503.020301,EQUIPOS COMPUTACIONALES Y PERIFERICOS,M,GOLDSTAR,1460DL,,,237F470471A,,,,,,,,,05/03/2023 14:59:53,,U,,
3056,32,32,740877000012,MONITOR A COLOR,SANEAR,31/12/2021,1,1503.020301,EQUIPOS COMPUTACIONALES Y PERIFERICOS,M,SAMSUNG,CQA4147,,,H8WG103308,,,,,,,,,05/03/2023 15:02:19,,U,,
3057,32,32,740877000013,MONITOR A COLOR,SANEAR,31/12/2021,1,1503.020301,EQUIPOS COMPUTACIONALES Y PERIFERICOS,M,SAMSUNG,CVM4967P,,,HBWF602204,,,,,,,,,05/03/2023 15:02:16,,U,,
3058,32,32,740877000014,MONITOR A COLOR,O/C N°0057,29/01/1996,475.29,1503.020301,EQUIPOS COMPUTACIONALES Y PERIFERICOS,M,SAMSUNG,CVM49677T,,,HIEC804862,,,,,,,,,05/03/2023 15:00:43,,U,,
3059,32,32,740877000015,MONITOR A COLOR,O/C N°0099,29/01/1996,1430.16,1503.020301,EQUIPOS COMPUTACIONALES Y PERIFERICOS,M,,CQB4147,,,H2FA08478,,,,,,,,,05/03/2023 12:11:28,,U,,
3060,32,32,740877000016,MONITOR A COLOR,O/C N°49,15/09/1997,782.14,1503.020301,EQUIPOS COMPUTACIONALES Y PERIFERICOS,M,,CVM4967T,,,H8JD703953,,,,,,,,,05/03/2023 15:00:19,,U,,
3061,32,32,740877000017,MONITOR A COLOR,SANEAR,31/12/2021,1,1503.020202,MOBILIARIO EDUCATIVO,M,,SYNCMASTER,,,HA14CEK316934A-PE,,,,,,,,,05/03/2023 15:00:41,,U,,
3062,32,32,740877000019,MONITOR A COLOR,O/C N°0630,29/10/1996,904.8,1503.020202,MOBILIARIO EDUCATIVO,M,SAMSUNG,CQA 4147,,BLANCO,H8JG708651,,,,,,,,,05/03/2023 14:58:14,,U,,
3063,32,32,740877000021,MONITOR A COLOR,O/C N° 74,28/04/1999,669.24,1503.020202,MOBILIARIO EDUCATIVO,M,SAMSUNG,CQA 4147,,,H8WFX00660,,,,,,,,,05/03/2023 12:11:46,,U,,
3064,32,32,740877000023,MONITOR A COLOR,O/C N°22,28/01/2000,651.2,1503.020202,MOBILIARIO EDUCATIVO,M,,450 MB,,,DP14HCEKA03555/ML,,,,,,,,,05/03/2023 12:11:38,,U,,
3065,32,32,740877000024,MONITOR A COLOR,O/C N°178,11/07/2000,565.95,1503.020202,MOBILIARIO EDUCATIVO,M,SAMSUNG,450 MB,,BLANCO,DP14HCEKC14858Y,,,,,,,,,05/03/2023 15:00:30,,U,,
3066,32,32,740877000025,MONITOR A COLOR,SANEAR,31/12/2021,1,1503.020202,MOBILIARIO EDUCATIVO,M,SAMSUNG,5505DT15LS7LPES,,BLANCO,DT1SHCAR407966J,,,,,,,,,05/03/2023 14:59:48,,U,,
3067,32,32,740877000026,MONITOR A COLOR,SANEAR,31/12/2021,1,1503.020202,MOBILIARIO EDUCATIVO,M,,,,,H2KC300826,,,,,,,,,05/03/2023 14:58:16,,U,,
3068,32,32,740877000029,MONITOR A COLOR,SANEAR,31/12/2021,1,1503.020202,MOBILIARIO EDUCATIVO,M,,450NB,,,DP14HCEDR603613Z,,,,,,,,,05/03/2023 12:11:31,,U,,
3069,32,32,740877000030,MONITOR A COLOR,SANEAR,31/12/2021,1,1503.020202,MOBILIARIO EDUCATIVO,M,,450NB,,,DP14HCER507550B,,,,,,,,,05/03/2023 12:11:48,,U,,
3070,32,32,740877000032,MONITOR A COLOR,O/C N°275,28/06/2001,737.42,1503.020202,MOBILIARIO EDUCATIVO,M,SAMSUNG,,,,,,,,,,,,,05/03/2023 15:00:27,,U,,
3071,32,32,740877000036,MONITOR A COLOR,SANEAR,31/12/2021,1,1503.020202,MOBILIARIO EDUCATIVO,M,SAMSUNG,SYNC MASTER 55V,,BLANCO,ANISHCETADO741A,,,,,,,,,05/03/2023 14:59:47,,U,,
3072,32,32,740877000037,MONITOR A COLOR,O/C N°015-C,11/08/2004,771.75,1503.020202,MOBILIARIO EDUCATIVO,M,,,,,,,,,,,,,,05/03/2023 15:02:21,,U,,
3073,32,32,740877000038,MONITOR A COLOR,O/C N°374,30/12/2003,628.32,1503.020202,MOBILIARIO EDUCATIVO,M,,AN15VSPN/PES,,,AN15HXBW180145R PE,,,,,,,,,05/03/2023 12:12:02,,U,,
3074,32,32,740877000039,MONITOR A COLOR,SANEAR,31/12/2021,1,1503.020202,MOBILIARIO EDUCATIVO,M,,,,,,,,,,,,,,05/03/2023 12:11:52,,U,,
3075,32,32,740877000040,MONITOR A COLOR,O/C N°375,30/12/2003,628.32,1503.020202,MOBILIARIO EDUCATIVO,M,SAMSUNG,AN15VSPN/PES,15´´,,AN15HXBN71960M PE,,,,,,,,,05/03/2023 12:11:34,,U,,
3076,32,32,740877000041,MONITOR A COLOR,O/C N°54,30/01/2004,613.87,1503.020202,MOBILIARIO EDUCATIVO,M,SAMSUNG,SAMSUNG SYNC MR,AN15VSPN/P ES,BLANCO,AN15HX6WB09303MPE,,,,,,,,,05/03/2023 15:11:11,,U,,
3077,32,32,740877000042,MONITOR A COLOR,O/C N°54,30/01/2004,613.87,1503.020202,MOBILIARIO EDUCATIVO,M,SAMSUNG,SYNG MASTER ANV,,,AN 15 HX BW 748840,,,,,,,,,05/03/2023 15:11:17,,U,,
3078,32,32,740877000043,MONITOR A COLOR,O/C N°66,30/01/2004,613.87,1503.020202,MOBILIARIO EDUCATIVO,M,,,,,,,,,,,,,,05/03/2023 15:00:13,,U,,
3079,32,32,740877000044,MONITOR A COLOR,O/C N°192,28/05/2004,636.3,1503.020202,MOBILIARIO EDUCATIVO,M,SAMSUNG,551V,,BLANCO,AN15HCEW802610W,,,,,,,,,05/03/2023 12:11:59,,U,,
3080,32,32,740877000045,MONITOR A COLOR,O/C N°364,29/10/2004,683.25,1503.020202,MOBILIARIO EDUCATIVO,M,SAMSUNG,,,BLANCO,,,,,,,,,,05/03/2023 15:00:31,,U,,
3081,32,32,740877000046,MONITOR A COLOR,O/C N°025-C,9/12/2004,771.75,1503.020202,MOBILIARIO EDUCATIVO,M,LG,FLATON,,NEGRO,,,,,,,,,,05/03/2023 14:59:44,,U,,
3082,32,32,740877000047,MONITOR A COLOR,O/C N°71,7/08/2007,477.12,1503.020202,MOBILIARIO EDUCATIVO,M,SAMSUNG,794 MBPLUS,,NEGRO,,,,,,,,,,05/03/2023 14:58:10,,U,,
3083,32,32,740877000048,MONITOR A COLOR,O/C N°254,12/11/2007,465.36,1503.020202,MOBILIARIO EDUCATIVO,M,FLATRON,,,NEGRO,,,,,,,,,,05/03/2023 15:01:25,,U,,
3084,32,32,740877000049,MONITOR A COLOR,SANEAR,31/12/2021,1,1503.020202,MOBILIARIO EDUCATIVO,R,LG,T17PC-0,FLATRON,NEGRO,,,,,,,,,,05/03/2023 12:16:34,,U,,
3085,32,32,740877000050,MONITOR A COLOR,O/C N°253,12/11/2007,465.36,1503.020202,MOBILIARIO EDUCATIVO,M,,,,,7091 NDPOT 930,,,,,,,,,05/03/2023 12:16:40,,U,,
3086,32,32,740877000051,MONITOR A COLOR,SANEAR,31/12/2021,1,1503.020202,MOBILIARIO EDUCATIVO,M,SAMSUNG,550S,,BLANCO,DT15HCBR503393E,,,,,,,,,05/03/2023 12:12:11,,U,,
3087,32,32,740881500005,MONITOR MONOCROMATICO,SANEAR,31/12/2021,1,1503.020301,EQUIPOS COMPUTACIONALES Y PERIFERICOS,M,,5M-470,,,9337060039,,,,,,,,,05/03/2023 12:11:55,,U,,
3088,32,32,740881870002,MONITOR PLANO,SANEAR,31/12/2021,1,1503.020301,EQUIPOS COMPUTACIONALES Y PERIFERICOS,M,LG,,,NEGRO,904NDAGQ568,,,,,,,,,05/03/2023 15:16:19,,U,,
3089,32,,672279880009,MOTORES ESTACIONARIOS Y MARINOS,SANEAR,31/12/2021,1,1503.020906,EQUIPOS PARA VEHICULOS,M,,,,,,,,,,,,,,,,U,,
3090,32,,672279880010,MOTORES ESTACIONARIOS Y MARINOS,SANEAR,31/12/2021,1,1503.020906,EQUIPOS PARA VEHICULOS,M,,,,PLOMO,,,,,,,,,,,,U,,
3091,32,31,673656910002,PLATAFORMA TIPO CARRETA,SANEAR,31/12/2021,1,1503.020999,"MAQUINARIAS, EQUIPOS Y MOBILIARIOS DE OTRAS INSTALACIONES",M,,,,,,,,,,,,,,07/03/2023 01:22:34,,U,user user user,1
3092,32,31,673656910003,PLATAFORMA TIPO CARRETA,SANEAR,31/12/2021,1,1503.020999,"MAQUINARIAS, EQUIPOS Y MOBILIARIOS DE OTRAS INSTALACIONES",M,,,,VERDE,,,,,,,,,,07/03/2023 01:23:18,,U,user user user,1
3093,32,32,746479160001,ROPERO,SANEAR,31/12/2021,1,1503.020102,MOBILIARIO DE OFICINA,M,,,,CAFÉ,,0.60X2.50X1.80,,,,,,,,05/03/2023 14:57:21,,U,,
3094,32,32,672294150001,SIERRA ELECTRICA DE ARCO PARA FIERRO,SANEAR,31/12/2021,1,1503.020906,EQUIPOS PARA VEHICULOS,R,HJ,G72,,,68025HJR,,,,,,,,,05/03/2023 11:22:29,,U,,
3095,32,32,746481190007,SILLA FIJA DE MADERA,SANEAR,31/12/2021,1,1503.020102,MOBILIARIO DE OFICINA,M,,,,CAFÉ,,,,,,,,,,05/03/2023 11:01:44,,U,,
3096,32,32,746481190014,SILLA FIJA DE MADERA,SANEAR,31/12/2021,1,1503.020102,MOBILIARIO DE OFICINA,M,,TAPIZ,,CAOBA,,0.45X0.47X0.85,,,,,,,,05/03/2023 17:36:04,,U,,
3097,32,32,746481190019,SILLA FIJA DE MADERA,SANEAR,31/12/2021,1,1503.020102,MOBILIARIO DE OFICINA,R,,,,CAOBA,,0.45X0.47X0.85,,,,,,,,21/03/2023 17:48:53,,U,DELIA RUTH QUISPE SONCCO,4
3098,32,32,746481190047,SILLA FIJA DE MADERA,O/C Nº 000295,6/11/2012,94.5,1503.020102,MOBILIARIO DE OFICINA,R,,,,MADERA,,0.44X0.44X0.76,,,,,,,,05/03/2023 17:25:14,,U,,
3099,32,,746481190127,SILLA FIJA DE MADERA,SANEAR,31/12/2021,1,1503.020102,MOBILIARIO DE OFICINA,R,,,,,,,,,,,,,,,,U,,
3100,32,32,746481190129,SILLA FIJA DE MADERA,O/C Nº 8-00215,31/12/2021,1,1503.020102,MOBILIARIO DE OFICINA,R,,,,CAFÉ,,0.43X0.47X0.87,,,,,,,,05/03/2023 11:05:50,,U,,
3101,32,32,746481190149,SILLA FIJA DE MADERA,SANEAR,31/12/2021,1,1503.020102,MOBILIARIO DE OFICINA,M,,,,CAFÉ,,,,,,,,,,05/03/2023 17:32:50,,U,,
3102,32,29,746481870049,SILLA FIJA DE METAL,SANEAR,31/12/2021,1,1503.020102,MOBILIARIO DE OFICINA,M,,,,NEGRO,,,,,,,,,,07/03/2023 02:26:26,,U,user user user,1
3103,32,32,746481870076,SILLA FIJA DE METAL,SANEAR,31/12/2021,1,1503.020102,MOBILIARIO DE OFICINA,M,,,,NEGRO,,,,,,,,,,05/03/2023 12:21:04,,U,,
3104,32,32,746481870115,SILLA FIJA DE METAL,SANEAR,31/12/2021,1,1503.020102,MOBILIARIO DE OFICINA,M,,,,PLOMO/BLANCO,,,,,,,,,,05/03/2023 11:03:54,,U,,
3105,32,32,746483900020,SILLA GIRATORIA DE METAL,O/C Nº 004,9/01/1993,190,1503.020102,MOBILIARIO DE OFICINA,R,,,,NEGRO,,0.46X0.65X0.98,,,,,,,,05/03/2023 11:04:55,,U,,
3106,32,32,746483900070,SILLA GIRATORIA DE METAL,O/C Nº 000310,15/11/2012,180,1503.020102,MOBILIARIO DE OFICINA,R,,TAPIZ DE LONA,,NEGRO,,0.45X0.50X0.98,,,,,,,,05/03/2023 11:06:33,,U,,
3107,32,,746483900072,SILLA GIRATORIA DE METAL,O/C Nº 000310,15/11/2012,180,1503.020102,MOBILIARIO DE OFICINA,R,,,,NEGRO,,0.65X0.46X0.98,,,,,,,,,,U,,
3108,32,32,746483900083,SILLA GIRATORIA DE METAL,O/C Nº 000047,7/02/2013,200,1503.020102,MOBILIARIO DE OFICINA,M,,,,NEGRO,,0.44X0.45X0.72,,,,,,,,05/03/2023 11:05:38,,U,,
3109,32,,746483900126,SILLA GIRATORIA DE METAL,O/C Nº 000047,7/02/2013,200,1503.020102,MOBILIARIO DE OFICINA,M,,,,NEGRO,,,,,,,,,,,,U,,
3110,32,32,746487970007,SILLON FIJO DE METAL,SANEAR,31/12/2021,1,1503.020102,MOBILIARIO DE OFICINA,R,,,,,,,,,,,,,,05/03/2023 11:12:58,,U,,
3111,32,32,746489330004,SILLON GIRATORIO DE METAL,O/C Nº 000310,15/11/2012,180,1503.020102,MOBILIARIO DE OFICINA,M,,,,MARRON,,0.50X0.53X0.82,,,,,,,,05/03/2023 11:05:58,,U,,
3112,32,32,746489330007,SILLON GIRATORIO DE METAL,O/C Nº 000310,15/11/2012,180,1503.020102,MOBILIARIO DE OFICINA,M,,TAPIZ MARROQUIN,,CAFE,,,,,,,,,,05/03/2023 16:52:37,,U,,
3113,32,32,746489330016,SILLON GIRATORIO DE METAL,O/C Nº 266,8/09/2015,498,1503.020102,MOBILIARIO DE OFICINA,R,,,,NEGRO,,0.52X0.54X1.05,,,,,,,,05/03/2023 11:10:28,,U,,
3114,32,32,746489330017,SILLON GIRATORIO DE METAL,O/C Nº 266,8/09/2015,498,1503.020102,MOBILIARIO DE OFICINA,M,,,,NEGRO,,0.53X0.53X1.05,,,,,,,,05/03/2023 11:10:57,,U,,
3115,32,32,672295930001,TALADRO ELECTRICO PORTATIL,SANEAR,31/12/2021,1,1503.020906,EQUIPOS PARA VEHICULOS,M,CHINA,Z3025,,,2041,,,,,,,,,05/03/2023 11:50:17,,U,,
3116,32,32,676466670004,TANQUE DE POLIETILENO PARA AGUA,O/C Nº 499,30/12/2016,590,1503.020102,MOBILIARIO DE OFICINA,R,,,,NEGRO,,1000 LTS.,,,,,,,,05/03/2023 11:20:52,,U,,
3117,32,32,740895000002,TECLADO - KEYBOARD,SANEAR,31/12/2021,1,1503.020301,EQUIPOS COMPUTACIONALES Y PERIFERICOS,M,BTC,5199,,BLANCO,KA6552011,,,,,,,,,05/03/2023 15:31:33,,U,,
3118,32,32,740895000003,TECLADO - KEYBOARD,SANEAR,31/12/2021,1,1503.020301,EQUIPOS COMPUTACIONALES Y PERIFERICOS,M,BTC,5201,,BLANCO,E5XB512WTH0110,,,,,,,,,05/03/2023 15:24:39,,U,,
3119,32,32,740895000009,TECLADO - KEYBOARD,SANEAR,31/12/2021,1,1503.020301,EQUIPOS COMPUTACIONALES Y PERIFERICOS,M,BTC,DK 100,,BLANCO,FCCDEXKBM10140,,,,,,,,,05/03/2023 15:37:53,,U,,
3120,32,32,740895000015,TECLADO - KEYBOARD,O/C Nº 340,30/06/1995,53.98,1503.020301,EQUIPOS COMPUTACIONALES Y PERIFERICOS,M,ACER,6311-T,,BLANCO,K6361241116,,,,,,,,,05/03/2023 15:31:29,,U,,
3121,32,32,740895000020,TECLADO - KEYBOARD,O/C Nº 0630,29/10/1996,78,1503.020301,EQUIPOS COMPUTACIONALES Y PERIFERICOS,M,BTC,5121,,BLANCO,81406677,,,,,,,,,05/03/2023 15:26:31,,U,,
3122,32,32,740895000022,TECLADO - KEYBOARD,O/C Nº 0012,29/03/1996,59,1503.020301,EQUIPOS COMPUTACIONALES Y PERIFERICOS,M,SUNSHINE,,,BLANCO,V44130731,,,,,,,,,05/03/2023 15:25:25,,U,,
3123,32,32,740895000024,TECLADO - KEYBOARD,SANEAR,31/12/2021,1,1503.020301,EQUIPOS COMPUTACIONALES Y PERIFERICOS,M,BTC,5199,,BLANCO,B10502410,,,,,,,,,05/03/2023 15:30:15,,U,,
3124,32,32,740895000025,TECLADO - KEYBOARD,SANEAR,31/12/2021,1,1503.020301,EQUIPOS COMPUTACIONALES Y PERIFERICOS,M,ACER,6511TW,,BLANCO,K6564031389,,,,,,,,,05/03/2023 15:38:34,,U,,
3125,32,32,740895000027,TECLADO - KEYBOARD,SANEAR,31/12/2021,1,1503.020301,EQUIPOS COMPUTACIONALES Y PERIFERICOS,M,CERTIFIED,5530KPS,,BLANCO,K693806861,,,,,,,,,05/03/2023 15:36:29,,U,,
3126,32,32,740895000030,TECLADO - KEYBOARD,SANEAR,31/12/2021,1,1503.020301,EQUIPOS COMPUTACIONALES Y PERIFERICOS,M,BTC,5199,,BLANCO,E5XK85199,,,,,,,,,05/03/2023 15:35:18,,U,,
3127,32,32,740895000031,TECLADO - KEYBOARD,SANEAR,31/12/2021,1,1503.020301,EQUIPOS COMPUTACIONALES Y PERIFERICOS,M,BTC,5199,,BLANCO,,,,,,,,,,05/03/2023 15:23:38,,U,,
3128,32,32,740895000033,TECLADO - KEYBOARD,O/C Nº 275,28/06/2001,46.73,1503.020301,EQUIPOS COMPUTACIONALES Y PERIFERICOS,M,BTC,5199,,BLANCO,1133005446,,,,,,,,,05/03/2023 15:26:43,,U,,
3129,32,32,740895000034,TECLADO - KEYBOARD,O/C Nº 178,11/07/2000,39.27,1503.020301,EQUIPOS COMPUTACIONALES Y PERIFERICOS,M,BTC,5199,,BLANCO,T133000543,,,,,,,,,05/03/2023 15:24:42,,U,,
3130,32,32,740895000035,TECLADO - KEYBOARD,SANEAR,31/12/2021,1,1503.020301,EQUIPOS COMPUTACIONALES Y PERIFERICOS,M,BTC,5199,,BLANCO,Y13300549,,,,,,,,,05/03/2023 15:36:46,,U,,
3131,32,32,740895000036,TECLADO - KEYBOARD,SANEAR,31/12/2021,1,1503.020301,EQUIPOS COMPUTACIONALES Y PERIFERICOS,M,BTC,5199,,BLANCO,3892A045,,,,,,,,,05/03/2023 15:26:26,,U,,
3132,32,32,740895000039,TECLADO - KEYBOARD,SANEAR,31/12/2021,1,1503.020301,EQUIPOS COMPUTACIONALES Y PERIFERICOS,M,BTC,5121,,BLANCO,,,,,,,,,,05/03/2023 15:31:20,,U,,
3133,32,32,740895000041,TECLADO - KEYBOARD,SANEAR,31/12/2021,1,1503.020301,EQUIPOS COMPUTACIONALES Y PERIFERICOS,M,BTC,5201,,BLANCO,1950000146,,,,,,,,,05/03/2023 15:34:39,,U,,
3134,32,32,740895000042,TECLADO - KEYBOARD,SANEAR,31/12/2021,1,1503.020301,EQUIPOS COMPUTACIONALES Y PERIFERICOS,M,BTC,5199,,BLANCO,SC57210790,,,,,,,,,05/03/2023 15:26:38,,U,,
3135,32,32,740895000044,TECLADO - KEYBOARD,SANEAR,31/12/2021,1,1503.020301,EQUIPOS COMPUTACIONALES Y PERIFERICOS,M,BTC,5121,,BLANCO,81406671,,,,,,,,,05/03/2023 15:38:39,,U,,
3136,32,32,740895000045,TECLADO - KEYBOARD,O/C Nº 3-00060,10/08/2009,51.08,1503.020301,EQUIPOS COMPUTACIONALES Y PERIFERICOS,M,BTC,5121W,,BLANCO,D 83704607,,,,,,,,,05/03/2023 15:34:48,,U,,
3137,32,32,740895000063,TECLADO - KEYBOARD,SANEAR,31/12/2021,1,1503.020301,EQUIPOS COMPUTACIONALES Y PERIFERICOS,M,TURBO PLUS,,,BLANCO,9705309795,,,,,,,,,05/03/2023 15:25:32,,U,,
3138,32,32,740895000064,TECLADO - KEYBOARD,O/C Nº 015-C,11/08/2004,53.55,1503.020301,EQUIPOS COMPUTACIONALES Y PERIFERICOS,M,BTC,5199,,BLANCO/PLOMO,,,,,,,,,,05/03/2023 15:35:13,,U,,
3139,32,32,740895000065,TECLADO - KEYBOARD,O/C Nº 381,30/10/2004,43.68,1503.020301,EQUIPOS COMPUTACIONALES Y PERIFERICOS,M,BTC,5199,,BLANCO,389 2A 045,,,,,,,,,05/03/2023 15:38:29,,U,,
3140,32,32,740895000067,TECLADO - KEYBOARD,O/C Nº 374,30/12/2003,41.89,1503.020301,EQUIPOS COMPUTACIONALES Y PERIFERICOS,M,BTC,5199,,BLANCO/PLOMO,,,,,,,,,,05/03/2023 15:33:36,,U,,
3141,32,32,740895000069,TECLADO - KEYBOARD,O/C Nº 3-00048,28/05/2010,30,1503.020301,EQUIPOS COMPUTACIONALES Y PERIFERICOS,M,BTC,5199,,BLANCO,,,,,,,,,,05/03/2023 15:28:04,,U,,
3142,32,32,740895000070,TECLADO - KEYBOARD,O/C Nº 54,30/01/2004,42.6,1503.020301,EQUIPOS COMPUTACIONALES Y PERIFERICOS,M,BTC,5199,,BLANCO,,,,,,,,,,05/03/2023 15:35:16,,U,,
3143,32,32,740895000071,TECLADO - KEYBOARD,O/C Nº 66,30/01/2004,42.6,1503.020301,EQUIPOS COMPUTACIONALES Y PERIFERICOS,M,BTC,5199,,BLANCO,,,,,,,,,,05/03/2023 15:23:34,,U,,
3144,32,32,740895000072,TECLADO - KEYBOARD,O/C Nº 192,28/05/2004,40.32,1503.020301,EQUIPOS COMPUTACIONALES Y PERIFERICOS,M,BTC,5199 PS/2,,BLANCO/PLOMO,,,,,,,,,,05/03/2023 15:29:11,,U,,
3145,32,32,740895000073,TECLADO - KEYBOARD,O/C Nº 364,29/10/2004,47.41,1503.020301,EQUIPOS COMPUTACIONALES Y PERIFERICOS,M,BTC,5199,,BLANCO/PLOMO,,,,,,,,,,05/03/2023 15:27:37,,U,,
3146,32,32,740895000075,TECLADO - KEYBOARD,O/C Nº 71,7/08/2007,31.81,1503.020301,EQUIPOS COMPUTACIONALES Y PERIFERICOS,M,BTC,9000A,,BLANCO/PLOMO,,,,,,,,,,05/03/2023 15:37:33,,U,,
3147,32,32,740895000079,TECLADO - KEYBOARD,O/C Nº101,24/09/2008,49.52,1503.020301,EQUIPOS COMPUTACIONALES Y PERIFERICOS,M,GENIUS,,,NEGRO,15003815,,,,,,,,,05/03/2023 15:38:33,,U,,
3148,32,32,740895000080,TECLADO - KEYBOARD,O/C Nº 0-00034,22/02/2010,63.84,1503.020301,EQUIPOS COMPUTACIONALES Y PERIFERICOS,R,MICRONICS,MIC K-502,,PLOMO/NEGRO,,,,,,,,,,05/03/2023 15:26:28,,U,,
3149,32,32,740895000082,TECLADO - KEYBOARD,O/C Nº 3-00060,10/08/2009,51.08,1503.020301,EQUIPOS COMPUTACIONALES Y PERIFERICOS,M,CYBERTEL,,,PLOMO/NEGRO,CYBK238,,,,,,,,,05/03/2023 15:31:05,,U,,
3150,32,32,740895000085,TECLADO - KEYBOARD,O/C Nº 0-00032,22/02/2010,51.52,1503.020301,EQUIPOS COMPUTACIONALES Y PERIFERICOS,M,CYBERLINK,,,NEGRO,,,,,,,,,,05/03/2023 15:27:44,,U,,
3151,32,32,740895000089,TECLADO - KEYBOARD,O/C Nº 6-00046,27/11/2009,52.48,1503.020301,EQUIPOS COMPUTACIONALES Y PERIFERICOS,M,MARKVISION,,,NEGRO,,,,,,,,,,05/03/2023 15:33:23,,U,,
3152,32,32,740895000090,TECLADO - KEYBOARD,O/C Nº 8-00109,23/04/2010,45.95,1503.020301,EQUIPOS COMPUTACIONALES Y PERIFERICOS,M,ALTRON,,,NEGRO,,,,,,,,,,05/03/2023 15:34:42,,U,,
3153,32,32,740895000094,TECLADO - KEYBOARD,O/C Nº 000460,30/11/2011,56.38,1503.020301,EQUIPOS COMPUTACIONALES Y PERIFERICOS,M,GENIUS,,,NEGRO,2CEDA6500180,,,,,,,,,05/03/2023 15:38:44,,U,,
3154,32,32,740895000097,TECLADO - KEYBOARD,O/C Nº 3-00021,23/04/2010,50.83,1503.020301,EQUIPOS COMPUTACIONALES Y PERIFERICOS,M,GENIUS,,,NEGRO,4B24C1U132338,,,,,,,,,05/03/2023 15:25:28,,U,,
3155,32,32,740895000116,TECLADO - KEYBOARD,O/C Nº 000532,23/07/2013,47.14,1503.020301,EQUIPOS COMPUTACIONALES Y PERIFERICOS,M,CYBERTEL,CYBT100,,NEGRO,CYB-K238,,,,,,,,,05/03/2023 15:31:06,,U,,
3156,32,32,740895000118,TECLADO - KEYBOARD,O/C Nº 000701,10/10/2013,39.57,1503.020301,EQUIPOS COMPUTACIONALES Y PERIFERICOS,M,GENIUS,,,NEGRO,WV1355384725,,,,,,,,,05/03/2023 15:23:31,,U,,
3157,32,32,740895000121,TECLADO - KEYBOARD,O/C Nº 000740,24/10/2013,39.2,1503.020301,EQUIPOS COMPUTACIONALES Y PERIFERICOS,M,GENIUS,KU-39,,NEGRO,ZM7302059082,,,,,,,,,05/03/2023 15:27:51,,U,,
3158,32,32,740895000138,TECLADO - KEYBOARD,O/C Nº 000446,20/12/2012,58.88,1503.020301,EQUIPOS COMPUTACIONALES Y PERIFERICOS,M,BOMER,,,NEGRO/AZUL,,,,,,,,,,05/03/2023 15:25:29,,U,,
3159,32,32,740895000143,TECLADO - KEYBOARD,O/C Nº 000219,27/08/2012,29,1503.020301,EQUIPOS COMPUTACIONALES Y PERIFERICOS,R,GENIUS,KU-0138,,NEGRO,ZCE996900562,,,,,,,,,05/03/2023 15:23:24,,U,,
3160,32,32,740895000168,TECLADO - KEYBOARD,SANEAR,31/12/2021,1,1503.020301,EQUIPOS COMPUTACIONALES Y PERIFERICOS,M,CYBERTEL,,,NEGRO,,,,,,,,,,05/03/2023 15:30:10,,U,,
3161,32,32,740895000170,TECLADO - KEYBOARD,SANEAR,31/12/2021,1,1503.020301,EQUIPOS COMPUTACIONALES Y PERIFERICOS,M,GENIUS,K7000,,BLANCO,H0104284402,,,,,,,,,05/03/2023 15:31:01,,U,,
3162,32,32,740895000171,TECLADO - KEYBOARD,SANEAR,31/12/2021,1,1503.020301,EQUIPOS COMPUTACIONALES Y PERIFERICOS,M,BOMER,,,NEGRO/AZUL,,,,,,,,,,05/03/2023 15:24:33,,U,,
3163,32,32,740895000172,TECLADO - KEYBOARD,SANEAR,31/12/2021,1,1503.020301,EQUIPOS COMPUTACIONALES Y PERIFERICOS,M,BTC,,,BLANCO,GO9331036545,,,,,,,,,05/03/2023 15:24:36,,U,,
3164,32,32,740895000174,TECLADO - KEYBOARD,SANEAR,31/12/2021,1,1503.020301,EQUIPOS COMPUTACIONALES Y PERIFERICOS,M,BOMER,,,NEGRO,,,,,,,,,,05/03/2023 15:31:15,,U,,
3165,32,32,740895000175,TECLADO - KEYBOARD,SANEAR,31/12/2021,1,1503.020301,EQUIPOS COMPUTACIONALES Y PERIFERICOS,M,BTC,5199,,BLANCO,,,,,,,,,,05/03/2023 15:30:09,,U,,
3166,32,32,740895000176,TECLADO - KEYBOARD,SANEAR,31/12/2021,1,1503.020301,EQUIPOS COMPUTACIONALES Y PERIFERICOS,M,OLIVETTI,ANK61-105,,BLANCO,,,,,,,,,,05/03/2023 15:27:59,,U,,
3167,32,32,740895000179,TECLADO - KEYBOARD,SANEAR,31/12/2021,1,1503.020301,EQUIPOS COMPUTACIONALES Y PERIFERICOS,M,BTC,5199,,PLOMO/BLANCO,,,,,,,,,,05/03/2023 15:36:31,,U,,
3168,32,32,740895000181,TECLADO - KEYBOARD,SANEAR,31/12/2021,1,1503.020301,EQUIPOS COMPUTACIONALES Y PERIFERICOS,M,TURBO TRAK,,,BLANCO,HQK BTTS9001,,,,,,,,,05/03/2023 15:33:29,,U,,
3169,32,32,740895000185,TECLADO - KEYBOARD,SANEAR,31/12/2021,1,1503.020301,EQUIPOS COMPUTACIONALES Y PERIFERICOS,M,GENIUS,,,NEGRO,XED207011741,,,,,,,,,05/03/2023 15:37:35,,U,,
3170,32,32,740895000190,TECLADO - KEYBOARD,SANEAR,31/12/2021,1,1503.020301,EQUIPOS COMPUTACIONALES Y PERIFERICOS,M,BOOMER,,,NEGRO/AZUL,,,,,,,,,,05/03/2023 15:34:46,,U,,
3171,32,32,952282870001,TELEFONO,SANEAR,31/12/2021,1,1503.020303,EQUIPOS DE TELECOMUNICACIONES,M,FORMA,,,BLANCO,AAA072079,,,,,,,,,13/03/2023 17:59:51,,U,KEVIN MIDGUAR ARCE TAIRO,3
3172,32,32,952282870003,TELEFONO,SANEAR,31/12/2021,1,1503.020303,EQUIPOS DE TELECOMUNICACIONES,M,FETSA,2991,,ROJO,,,,,,,,,TELEVISOR,05/03/2023 14:48:22,,U,,
3173,32,32,952282870004,TELEFONO,SANEAR,31/12/2021,1,1503.020303,EQUIPOS DE TELECOMUNICACIONES,M,FETSA,29110 ALG,,ANARANJADO,,,,,,,,,,13/03/2023 17:58:29,,U,KEVIN MIDGUAR ARCE TAIRO,3
3174,32,32,952282870005,TELEFONO,SANEAR,31/12/2021,1,1503.020303,EQUIPOS DE TELECOMUNICACIONES,M,PANASONIC,KX T2315,,BLANCO,3ECDC51713,,,,,,,,,13/03/2023 18:02:01,,U,KEVIN MIDGUAR ARCE TAIRO,3
3175,32,32,952282870006,TELEFONO,SANEAR,31/12/2021,1,1503.020303,EQUIPOS DE TELECOMUNICACIONES,M,PANASONIC,KX T2315,,BLANCO,3FADAC53069,,,,,,,,,13/03/2023 18:00:47,,U,KEVIN MIDGUAR ARCE TAIRO,3
3176,32,32,952282870007,TELEFONO,SANEAR,31/12/2021,1,1503.020303,EQUIPOS DE TELECOMUNICACIONES,M,PANASONIC,KX T2315,,BLANCO,,,,,,,,,,13/03/2023 18:01:09,,U,KEVIN MIDGUAR ARCE TAIRO,3
3177,32,32,952282870009,TELEFONO,SANEAR,31/12/2021,1,1503.020303,EQUIPOS DE TELECOMUNICACIONES,R,PANASONIC,KX T2315,EASA PHONE,BLANCO,3ECDC51713,,,,,,,,,13/03/2023 18:03:50,,U,KEVIN MIDGUAR ARCE TAIRO,3
3178,32,32,952282870010,TELEFONO,SANEAR,31/12/2021,1,1503.020303,EQUIPOS DE TELECOMUNICACIONES,R,PANASONIC,KX T2315,,BLANCO,3FADC536411,,,,,,,,,13/03/2023 17:58:23,,U,KEVIN MIDGUAR ARCE TAIRO,3
3179,32,32,952282870012,TELEFONO,SANEAR,31/12/2021,1,1503.020303,EQUIPOS DE TELECOMUNICACIONES,M,PANAPHONE,,,CAFÉ,,,,,,,,,,13/03/2023 18:01:44,,U,KEVIN MIDGUAR ARCE TAIRO,3
3180,32,32,952282870013,TELEFONO,SANEAR,31/12/2021,1,1503.020303,EQUIPOS DE TELECOMUNICACIONES,M,PANAPHONE,,,CAFÉ,,,,,,,,,,13/03/2023 17:59:56,,U,KEVIN MIDGUAR ARCE TAIRO,3
3181,32,32,952282870014,TELEFONO,SANEAR,31/12/2021,1,1503.020303,EQUIPOS DE TELECOMUNICACIONES,M,PANAPHONE,KX T2315,,BLANCO,3DADC121151,,,,,,,,,13/03/2023 18:01:20,,U,KEVIN MIDGUAR ARCE TAIRO,3
3182,32,6,952282870028,TELEFONO,SANEAR,31/12/2021,1,1503.020303,EQUIPOS DE TELECOMUNICACIONES,M,INTELBRAS,,,NEGRO,IT12042600276,,,,,,,,,07/03/2023 02:50:10,,U,user user user,1
3183,32,32,952282870029,TELEFONO,SANEAR,31/12/2021,1,1503.020303,EQUIPOS DE TELECOMUNICACIONES,M,AKITA,KX-T8811CID,,BLANCO,,,,,,,,,,13/03/2023 18:00:51,,U,KEVIN MIDGUAR ARCE TAIRO,3
3184,32,32,952285140003,TELEVISOR A COLORES,SANEAR,31/12/2021,1,1503.020303,EQUIPOS DE TELECOMUNICACIONES,M,,,,NEGRO,,,,,,,,,,13/03/2023 18:04:55,,U,KEVIN MIDGUAR ARCE TAIRO,3
3185,32,32,672298610002,TORNILLO DE BANCO,SANEAR,31/12/2021,1,1503.020906,EQUIPOS PARA VEHICULOS,R,,,,,,,,,,,,,,05/03/2023 16:51:29,,U,,
3186,32,32,675092900001,TORNO ELECTRICO,SANEAR,31/12/2021,1,1503.020999,"MAQUINARIAS, EQUIPOS Y MOBILIARIOS DE OTRAS INSTALACIONES",M,,,,,,,,,,,,,,05/03/2023 11:38:12,,U,,
3187,32,32,675092900002,TORNO ELECTRICO,SANEAR,31/12/2021,1,1503.020999,"MAQUINARIAS, EQUIPOS Y MOBILIARIOS DE OTRAS INSTALACIONES",M,,Q1319,PARALELO,,82032,,,,,,,,,05/03/2023 11:26:58,,U,,
3188,32,32,675092900003,TORNO ELECTRICO,SANEAR,31/12/2021,1,1503.020999,"MAQUINARIAS, EQUIPOS Y MOBILIARIOS DE OTRAS INSTALACIONES",M,,,,,,,,,,,,,,05/03/2023 11:37:54,,U,,
3189,32,32,673687990003,TRACTOR AGRICOLA,SANEAR,31/12/2021,1,1503.020999,"MAQUINARIAS, EQUIPOS Y MOBILIARIOS DE OTRAS INSTALACIONES",B,MEW HOLLAND,TS6020,,,,,,,,,,,,05/03/2023 11:33:39,,U,,
3190,32,32,676473450010,TRIPODE DE MADERA,O/C Nº 00216,22/07/2011,921.14,1503.020102,MOBILIARIO DE OFICINA,M,,,,,,,,,,,,,,05/03/2023 15:02:49,,U,,
3191,32,32,676473450011,TRIPODE DE MADERA,O/C Nº 3-00077,18/08/2009,2,1503.020102,MOBILIARIO DE OFICINA,M,,,,ANARANJADO,,,,,,,,,,05/03/2023 15:14:58,,U,,
3192,32,32,676473450012,TRIPODE DE MADERA,O/C Nº 000031,6/02/2013,863,1503.020102,MOBILIARIO DE OFICINA,M,,,,ANARANJADO,,,,,,,,,,05/03/2023 15:02:58,,U,,
3193,32,32,676473450014,TRIPODE DE MADERA,O/C Nº 000424,5/07/2013,277,1503.020102,MOBILIARIO DE OFICINA,M,,,,ANARANJADO,,,,,,,,,,21/03/2023 16:27:56,,U,DELIA RUTH QUISPE SONCCO,4
3194,32,32,740899500003,UNIDAD CENTRAL DE PROCESO - CPU,SANEAR,31/12/2021,1,1503.020301,EQUIPOS COMPUTACIONALES Y PERIFERICOS,M,,,,BLANCO,,,,,,,,,,05/03/2023 14:48:17,,U,,
3195,32,32,740899500004,UNIDAD CENTRAL DE PROCESO - CPU,SANEAR,31/12/2021,1,1503.020301,EQUIPOS COMPUTACIONALES Y PERIFERICOS,M,WIN,,,BLANCO,,,,,,,,,,05/03/2023 14:48:01,,U,,
3196,32,32,740899500005,UNIDAD CENTRAL DE PROCESO - CPU,SANEAR,31/12/2021,1,1503.020301,EQUIPOS COMPUTACIONALES Y PERIFERICOS,M,,,,BLANCO,,,,,,,,,,05/03/2023 14:48:05,,U,,
3197,32,32,740899500006,UNIDAD CENTRAL DE PROCESO - CPU,O/C Nº 6-00002,25/09/2009,2717,1503.020301,EQUIPOS COMPUTACIONALES Y PERIFERICOS,M,,,,BLANCO,,,,,,,,,,05/03/2023 14:46:16,,U,,
3198,32,32,740899500007,UNIDAD CENTRAL DE PROCESO - CPU,SANEAR,31/12/2021,1,1503.020301,EQUIPOS COMPUTACIONALES Y PERIFERICOS,M,WIN,,,BLANCO,,,,,,,,,,05/03/2023 14:47:44,,U,,
3199,32,32,740899500008,UNIDAD CENTRAL DE PROCESO - CPU,SANEAR,31/12/2021,1,1503.020301,EQUIPOS COMPUTACIONALES Y PERIFERICOS,M,,,,BLANCO,,,,,,,,,,05/03/2023 14:46:18,,U,,
3200,32,32,740899500009,UNIDAD CENTRAL DE PROCESO - CPU,SANEAR,31/12/2021,1,1503.020301,EQUIPOS COMPUTACIONALES Y PERIFERICOS,M,,,,BLANCO,,,,,,,,,,05/03/2023 14:46:05,,U,,
3201,32,32,740899500012,UNIDAD CENTRAL DE PROCESO - CPU,SANEAR,31/12/2021,1,1503.020301,EQUIPOS COMPUTACIONALES Y PERIFERICOS,M,,,,BLANCO,,,,,,,,,,05/03/2023 14:47:21,,U,,
3202,32,32,740899500014,UNIDAD CENTRAL DE PROCESO - CPU,SANEAR,31/12/2021,1,1503.020301,EQUIPOS COMPUTACIONALES Y PERIFERICOS,M,,,,BLANCO,,,,,,,,,,05/03/2023 14:48:20,,U,,
3203,32,32,740899500017,UNIDAD CENTRAL DE PROCESO - CPU,SANEAR,31/12/2021,1,1503.020301,EQUIPOS COMPUTACIONALES Y PERIFERICOS,M,PENTIUM II,INTEL INSIDE,,BLANCO,,,,,,,,,,05/03/2023 12:17:43,,U,,
3204,32,32,740899500018,UNIDAD CENTRAL DE PROCESO - CPU,O/C Nº 0057,29/01/1996,1407.05,1503.020301,EQUIPOS COMPUTACIONALES Y PERIFERICOS,M,SONY,KW3005,,NEGRO,,,,,,,,,,05/03/2023 14:46:55,,U,,
3205,32,32,740899500020,UNIDAD CENTRAL DE PROCESO - CPU,O/C Nº 0099,29/01/1996,4143.22,1503.020301,EQUIPOS COMPUTACIONALES Y PERIFERICOS,M,OLIVETTI,M24XS-NP,,BLANCO,,,,,,,,,,05/03/2023 14:47:10,,U,,
3206,32,32,740899500021,UNIDAD CENTRAL DE PROCESO - CPU,O/C Nº 178,11/07/2000,1677.06,1503.020301,EQUIPOS COMPUTACIONALES Y PERIFERICOS,M,CREATIVE,,,,,,,,,,,,,05/03/2023 12:22:44,,U,,
3207,32,32,740899500022,UNIDAD CENTRAL DE PROCESO - CPU,SANEAR,31/12/2021,1,1503.020301,EQUIPOS COMPUTACIONALES Y PERIFERICOS,M,SP,SUPER POWER,,BLANCO,,,,,,,,,,05/03/2023 14:47:19,,U,,
3208,32,32,740899500025,UNIDAD CENTRAL DE PROCESO - CPU,SANEAR,31/12/2021,1,1503.020301,EQUIPOS COMPUTACIONALES Y PERIFERICOS,M,,,,BLANCO,,,,,,,,,,05/03/2023 14:48:06,,U,,
3209,32,32,740899500026,UNIDAD CENTRAL DE PROCESO - CPU,O/C Nº 381,30/10/2004,1951.95,1503.020301,EQUIPOS COMPUTACIONALES Y PERIFERICOS,M,,,,BLANCO,,,,,,,,,,05/03/2023 14:46:44,,U,,
3210,32,32,740899500027,UNIDAD CENTRAL DE PROCESO - CPU,SANEAR,31/12/2021,1,1503.020301,EQUIPOS COMPUTACIONALES Y PERIFERICOS,M,,,,BLANCO/CELESTE,,,,,,,,,,05/03/2023 14:46:14,,U,,
3211,32,32,740899500028,UNIDAD CENTRAL DE PROCESO - CPU,SANEAR,31/12/2021,1,1503.020301,EQUIPOS COMPUTACIONALES Y PERIFERICOS,M,,AN15VSPN/PES,,BLANCO/CELESTE,AN15HXBW718045R,,,,,,,,,05/03/2023 14:46:20,,U,,
3212,32,32,740899500029,UNIDAD CENTRAL DE PROCESO - CPU,O/C Nº 275,28/06/2001,2136.35,1503.020301,EQUIPOS COMPUTACIONALES Y PERIFERICOS,M,,,,BLANCO,,,,,,,,,,05/03/2023 14:46:36,,U,,
3213,32,32,740899500031,UNIDAD CENTRAL DE PROCESO - CPU,SANEAR,31/12/2021,1,1503.020301,EQUIPOS COMPUTACIONALES Y PERIFERICOS,M,SP,SUPER POWER,,BLANCO/CELESTE,,,,,,,,,,05/03/2023 14:47:08,,U,,
3214,32,32,740899500032,UNIDAD CENTRAL DE PROCESO - CPU,O/C Nº 547,31/12/2001,1986.83,1503.020301,EQUIPOS COMPUTACIONALES Y PERIFERICOS,M,,,,BLANCO/AZUL,,,,,,,,,,05/03/2023 14:46:10,,U,,
3215,32,32,740899500033,UNIDAD CENTRAL DE PROCESO - CPU,O/C Nº 67,31/12/2021,1,1503.020301,EQUIPOS COMPUTACIONALES Y PERIFERICOS,M,INTEL,,,BLANCO/PLATA,,,,,,,,,,05/03/2023 12:18:27,,U,,
3216,32,32,740899500034,UNIDAD CENTRAL DE PROCESO - CPU,O/C Nº 67,21/06/2003,2053.13,1503.020301,EQUIPOS COMPUTACIONALES Y PERIFERICOS,M,INTEL,,,,,,,,,,,,,05/03/2023 12:17:53,,U,,
3217,32,32,740899500036,UNIDAD CENTRAL DE PROCESO - CPU,O/C Nº 375,30/12/2003,1871.87,1503.020301,EQUIPOS COMPUTACIONALES Y PERIFERICOS,M,INTEL,,,PLOMO,,,,,,,,,,13/03/2023 18:05:36,,U,KEVIN MIDGUAR ARCE TAIRO,3
3218,32,32,740899500037,UNIDAD CENTRAL DE PROCESO - CPU,O/C Nº 015-C,11/08/2004,2286.9,1503.020301,EQUIPOS COMPUTACIONALES Y PERIFERICOS,M,INTEL,PENTIUM IV,,PLOMO BLANCO,,,,,,,,,,05/03/2023 12:17:28,,U,,
3219,32,32,740899500038,UNIDAD CENTRAL DE PROCESO - CPU,O/C Nº 54,30/01/2004,1819.07,1503.020301,EQUIPOS COMPUTACIONALES Y PERIFERICOS,M,INTEL,PENTIUM IV,,BLANCO/PLOMO,,,,,,,,,,05/03/2023 12:09:02,,U,,
3220,32,32,740899500039,UNIDAD CENTRAL DE PROCESO - CPU,O/C Nº 54,30/01/2004,1819.07,1503.020301,EQUIPOS COMPUTACIONALES Y PERIFERICOS,M,,,,CELESTE,,,,,,,,,,05/03/2023 13:10:06,,U,,
3221,32,32,740899500040,UNIDAD CENTRAL DE PROCESO - CPU,O/C Nº 66,30/01/2004,1819.07,1503.020301,EQUIPOS COMPUTACIONALES Y PERIFERICOS,M,,,,,,,,,,,,,,05/03/2023 14:47:05,,U,,
3222,32,32,740899500041,UNIDAD CENTRAL DE PROCESO - CPU,O/C Nº 192,28/05/2004,1843.38,1503.020301,EQUIPOS COMPUTACIONALES Y PERIFERICOS,M,INTEL AMEGA,PENTIUM IV,,BLANCO/PLOMO,,,,,,,,,,05/03/2023 12:09:21,,U,,
3223,32,32,740899500046,UNIDAD CENTRAL DE PROCESO - CPU,O/C Nº 253,12/11/2007,1386.39,1503.020301,EQUIPOS COMPUTACIONALES Y PERIFERICOS,M,INTEL,PENTIUM DUAL CE,,NEGRO,,,,,,,,,,05/03/2023 12:08:17,,U,,
3224,32,32,740899500048,UNIDAD CENTRAL DE PROCESO - CPU,O/C Nº 68,5/08/2008,2212.93,1503.020301,EQUIPOS COMPUTACIONALES Y PERIFERICOS,M,INTEL,CORE 2 DUO,,,,,,,,,,,,05/03/2023 12:06:50,,U,,
3225,32,32,740899500049,UNIDAD CENTRAL DE PROCESO - CPU,O/C Nº 95,19/09/2008,2212.93,1503.020301,EQUIPOS COMPUTACIONALES Y PERIFERICOS,R,INTEL,CORE 2 DUO,,NEGRO,,,,,,,,,,05/03/2023 12:06:57,,U,,
3226,32,32,740899500052,UNIDAD CENTRAL DE PROCESO - CPU,O/C Nº 3-00059,10/08/2009,2282.64,1503.020301,EQUIPOS COMPUTACIONALES Y PERIFERICOS,M,ALTRON,,,NEGRO/ROJO,,,,,,,,,,05/03/2023 12:07:33,,U,,
3227,32,32,740899500054,UNIDAD CENTRAL DE PROCESO - CPU,O/C Nº 3-00060,10/08/2009,2282.5,1503.020301,EQUIPOS COMPUTACIONALES Y PERIFERICOS,M,INTEL,,,NEGRO,W27920C6858,,,,,,,,,05/03/2023 12:17:58,,U,,
3228,32,32,740899500057,UNIDAD CENTRAL DE PROCESO - CPU,SANEAR,31/12/2021,1,1503.020301,EQUIPOS COMPUTACIONALES Y PERIFERICOS,M,ALTRON,,CPU,NEGRO/ROJO,,,,,,,,,,05/03/2023 12:09:23,,U,,
3229,32,32,740899500059,UNIDAD CENTRAL DE PROCESO - CPU,SANEAR,31/12/2021,1,1503.020301,EQUIPOS COMPUTACIONALES Y PERIFERICOS,R,ALTRON,,,NEGRO/ROJO,,,,,,,,,,05/03/2023 12:07:27,,U,,
3230,32,32,740899500061,UNIDAD CENTRAL DE PROCESO - CPU,O/C Nº 3-00125,30/10/2009,2145,1503.020301,EQUIPOS COMPUTACIONALES Y PERIFERICOS,M,,,,PLOMO/NEGRO,,,,,,,,,,05/03/2023 12:08:47,,U,,
3231,32,32,740899500062,UNIDAD CENTRAL DE PROCESO - CPU,O/C Nº 6-00046,27/11/2009,2345.2,1503.020301,EQUIPOS COMPUTACIONALES Y PERIFERICOS,M,CYBERLINK,CORE 2 QUAD,,NEGRO,,,,,,,,,,05/03/2023 12:08:13,,U,,
3232,32,32,740899500078,UNIDAD CENTRAL DE PROCESO - CPU,O/C Nº 8-00110,23/04/2010,1962.38,1503.020301,EQUIPOS COMPUTACIONALES Y PERIFERICOS,M,,,,NEGRO/PLOMO,,,,,,,,,,05/03/2023 12:09:52,,U,,
3233,32,32,740899500091,UNIDAD CENTRAL DE PROCESO - CPU,O/C Nº 000155,4/07/2012,2317.07,1503.020301,EQUIPOS COMPUTACIONALES Y PERIFERICOS,M,INTEL,CORE I7,,NEGRO/AZUL,,,,,,,,,,05/03/2023 12:08:30,,U,,
3234,32,32,740899500106,UNIDAD CENTRAL DE PROCESO - CPU,O/C Nº 000348,13/06/2013,2109.25,1503.020301,EQUIPOS COMPUTACIONALES Y PERIFERICOS,M,INTEL,CORE I7,RAM 4GB,NEGRO/PLATA,,,,,,,,,,05/03/2023 12:22:49,,U,,
3235,32,32,740899500117,UNIDAD CENTRAL DE PROCESO - CPU,O/C Nº 95,28/03/2000,2277,1503.020301,EQUIPOS COMPUTACIONALES Y PERIFERICOS,M,INTEL,PENTIUM III,,BLANCO PLOMO,,,,,,,,,,05/03/2023 12:18:01,,U,,
3236,32,32,740899500125,UNIDAD CENTRAL DE PROCESO - CPU,O/C Nº 364,29/10/2004,2024.67,1503.020301,EQUIPOS COMPUTACIONALES Y PERIFERICOS,M,,,,BLANCO/AZUL,,,,,,,,,,05/03/2023 13:10:03,,U,,
3237,32,32,740899500129,UNIDAD CENTRAL DE PROCESO - CPU,SANEAR,31/12/2021,1,1503.020301,EQUIPOS COMPUTACIONALES Y PERIFERICOS,M,,,,NEGRO/PLATA,,,,,,,,,,05/03/2023 12:09:30,,U,,
3238,32,32,740899500134,UNIDAD CENTRAL DE PROCESO - CPU,O/C Nº 000821,20/11/2013,2178.6,1503.020301,EQUIPOS COMPUTACIONALES Y PERIFERICOS,M,,,,CELESTE/BLANCO,,,,,,,,,,05/03/2023 12:09:26,,U,,
3239,32,32,740899500138,UNIDAD CENTRAL DE PROCESO - CPU,SANEAR,31/12/2021,1,1503.020301,EQUIPOS COMPUTACIONALES Y PERIFERICOS,M,,,,,,,,,,,,,,05/03/2023 12:09:42,,U,,
3240,32,32,740899500143,UNIDAD CENTRAL DE PROCESO - CPU,O/C Nº 166,10/07/2015,3172.45,1503.020301,EQUIPOS COMPUTACIONALES Y PERIFERICOS,M,,,,NEGRO/PLOMO,,,,,,,,,,05/03/2023 12:17:30,,U,,
3241,32,32,740899500152,UNIDAD CENTRAL DE PROCESO - CPU,SANEAR,31/12/2021,1,1503.020301,EQUIPOS COMPUTACIONALES Y PERIFERICOS,M,BELL,,,NEGRO,,,,,,,,,,05/03/2023 15:20:24,,U,,
3242,32,32,112287620016,VENTILADOR ELECTRICO PARA TECHO,SANEAR,31/12/2021,1,1503.020901,AIRE ACONDICIONADO Y REFRIGERACION,M,,,,VERDE,,,,,,,,,,05/03/2023 16:56:14,,U,,
3243,32,32,112287620017,VENTILADOR ELECTRICO PARA TECHO,SANEAR,31/12/2021,1,1503.020901,AIRE ACONDICIONADO Y REFRIGERACION,M,,,,VERDE,,,,,,,,,,05/03/2023 16:56:17,,U,,
3244,32,32,112287620018,VENTILADOR ELECTRICO PARA TECHO,SANEAR,31/12/2021,1,1503.020901,AIRE ACONDICIONADO Y REFRIGERACION,R,,,,VERDE,,,,,,,,,,05/03/2023 16:56:19,,U,,
3245,32,32,746498820002,VITRINA DE METAL,SANEAR,31/12/2021,1,1503.020102,MOBILIARIO DE OFICINA,R,,,,NEGRO,,0.50X1.95X1.60,,,,,,,,05/03/2023 15:52:57,,U,,
3246,33,33,746403210002,ARCHIVADOR DE MADERA,SANEAR,31/12/2021,1,1503.020102,MOBILIARIO DE OFICINA,R,,4 DIVISIONES,,MADERA,,0.42X1.57X1.80,,,,,,,,10/03/2023 11:17:15,,U,,
3247,33,33,746406600004,ARMARIO DE METAL,SANEAR,31/12/2021,1,1503.020102,MOBILIARIO DE OFICINA,R,,,,PLOMO/NEGRO,,0.42X0.87X1.79,,,,,,,,10/03/2023 12:36:51,,U,KEVIN MIDGUAR ARCE TAIRO,3
3248,33,33,952236860002,ESCANER DE RED,SANEAR,31/12/2021,1,1503.020303,EQUIPOS DE TELECOMUNICACIONES,M,HP,SCANJET,SCANNER,BLANCO,63110,,,,,,,,,10/03/2023 11:29:09,,U,,
3249,33,33,952236860003,ESCANER DE RED,SANEAR,31/12/2021,1,1503.020303,EQUIPOS DE TELECOMUNICACIONES,M,HP,SCANER,SCANNER,BLANCO/PLOMO,62410,,,,,,,,,10/03/2023 11:30:10,,U,,
3250,33,33,746437120021,ESCRITORIO DE MADERA,SANEAR,31/12/2021,1,1503.020102,MOBILIARIO DE OFICINA,R,,,,MADERA,,0.65X1.26X0.83,,,,,,,,10/03/2023 11:15:20,,U,,
3251,33,33,746437450010,ESCRITORIO DE MELAMINA,O/C Nº 310,15/11/2012,390,1503.020102,MOBILIARIO DE OFICINA,R,,,,CEDRO NEGRO,,0.71X1.50X0.76,,,,,,,SIN CAJONES TESORERIA,10/03/2023 15:05:00,,U,,
3252,33,33,746437450013,ESCRITORIO DE MELAMINA,O/C Nº 161,12/04/2013,280,1503.020102,MOBILIARIO DE OFICINA,R,,,,CEDRO/NEGRO,,0.59X1.30X0.76,,,,,,,,10/03/2023 11:18:57,,U,,
3253,33,33,746437450015,ESCRITORIO DE MELAMINA,O/C Nº 161,12/04/2013,280,1503.020102,MOBILIARIO DE OFICINA,R,,,,CEDRO/NEGRO,,0.58X1.32X0.72,,,,,,,,10/03/2023 12:16:17,,U,,
3254,33,33,746437450016,ESCRITORIO DE MELAMINA,O/C Nº 161,12/04/2013,280,1503.020102,MOBILIARIO DE OFICINA,R,,,,CAOBA/NEGRO,,055X1.30X0.76,,,,,,,,10/03/2023 12:07:59,,U,,
3255,33,33,746437450017,ESCRITORIO DE MELAMINA,O/C Nº 161,31/12/2021,1,1503.020102,MOBILIARIO DE OFICINA,R,,,,CAFÉ,,,,,,,,,,15/03/2023 12:11:22,,U,KEVIN MIDGUAR ARCE TAIRO,3
3256,33,33,462252150029,ESTABILIZADOR,SANEAR,31/12/2021,1,1503.020904,ELECTRICIDAD Y ELECTRONICA,M,OMEGA,TECH,ESTADO SOLIDO,NEGRO,142392,,,,,,,,,10/03/2023 11:34:02,,U,,
3257,33,33,462252150045,ESTABILIZADOR,O/C Nº 239,9/08/2011,60.08,1503.020904,ELECTRICIDAD Y ELECTRONICA,M,ALTRON,,,NEGRO,092610516,,,,,,,,,10/03/2023 11:43:51,,U,,
3258,33,33,462252150056,ESTABILIZADOR,O/C 348,13/06/2013,50.15,1503.020904,ELECTRICIDAD Y ELECTRONICA,R,APC,1KVA,306,BLANCO,12051696,,,,,,,,,10/03/2023 12:04:06,,U,,
3259,33,33,462252150079,ESTABILIZADOR,O/C Nº 0-00032,22/02/2010,54.74,1503.020904,ELECTRICIDAD Y ELECTRONICA,M,APC,LE600I,V'LINE-R 600,BLANCO,4L0938P30830,,,,,,,,,10/03/2023 11:33:14,,U,,
3260,33,33,746441180014,ESTANTE DE MADERA,O/C Nº 8-00209,25/06/2010,523.6,1503.020102,MOBILIARIO DE OFICINA,M,,MESA 2 NIVELES,,,,0.40X0.80X1.80,,,,,,,,10/03/2023 12:15:08,,U,,
3261,33,33,746441180015,ESTANTE DE MADERA,O/C Nº 8-00209,25/06/2010,868.7,1503.020102,MOBILIARIO DE OFICINA,R,,4 NIVELES,,CAFÉ,,0.40X1.60X1.80,,,,,,,,10/03/2023 11:59:55,,U,,
3262,33,33,746441860012,ESTANTE DE METAL,SANEAR,31/12/2021,1,1503.020102,MOBILIARIO DE OFICINA,R,,5 NIVELES1 DIV,,PLOMO/BLANCO,,0.29X1.15X2.30,,,,,,,ELIMINAR,15/03/2023 12:04:23,RANURADO,U,KEVIN MIDGUAR ARCE TAIRO,3
3263,33,33,322239390003,ESTUFA ELECTRICA,SANEAR,31/12/2021,1,1503.020902,"ASEO, LIMPIEZA Y COCINA",R,IMACO,,,BLANCO,,,,,,,,,,10/03/2023 11:56:50,,U,,
3264,33,33,952237910005,FACSIMIL,O/C Nº 188,15/07/2014,700,1503.020303,EQUIPOS DE TELECOMUNICACIONES,M,PANASONIC,KXFT988LS,MAQ. TELEFAX,NEGRO,Z6BWE020029,,,,,,,,,10/03/2023 11:50:52,,U,,
3265,33,33,740832000011,IMPRESORA (OTRAS),SANEAR,31/12/2021,1,1503.020301,EQUIPOS COMPUTACIONALES Y PERIFERICOS,M,HP,LASERJET 1320,,BLANCO/GRIS,JPHC63DH7BHP,,,,,,,,,10/03/2023 11:56:08,,U,,
3266,33,33,740832000023,IMPRESORA (OTRAS),SANEAR,22/02/2010,475,1503.020301,EQUIPOS COMPUTACIONALES Y PERIFERICOS,M,HP,LASERJET P1006,,PLOMO/GRIS,VNF3K18773,,,,,,,,,10/03/2023 11:30:52,,U,,
3267,33,33,740832000048,IMPRESORA (OTRAS),O/C Nª 000282,31/05/2013,718.42,1503.020301,EQUIPOS COMPUTACIONALES Y PERIFERICOS,M,HP,M1212MF,,NEGRO,BRJSF3Y398,,,,,,,,,10/03/2023 12:05:29,,U,,
3268,33,33,740832000082,IMPRESORA (OTRAS),O/C Nª 478,28/12/2016,2717.36,1503.020301,EQUIPOS COMPUTACIONALES Y PERIFERICOS,R,KYOCERA,FS- 1035MFP,MULTIFUNCIONAL,BLANCO,1102MK4US0,,,,,,,,,10/03/2023 11:09:31,,U,,
3269,33,,740841000019,IMPRESORA LASER,O/C Nª 0-00033,22/02/2010,475,1503.020301,EQUIPOS COMPUTACIONALES Y PERIFERICOS,M,HP,LASERJET P1006,,PLOMO/GRIS,VNF 4412178,,,,,,,,,,,U,,
3270,33,33,742232610005,MAQUINA ANILLADORA PERFORADORA,O/C Nª 000179,22/04/2013,420,1503.020101,MAQUINAS Y EQUIPOS DE OFICINA,M,ESPIMITIC,SERIE PRATA,JAAMSA,PLOMO/PLATA,,,,,,,,,,10/03/2023 12:01:30,,U,,
3271,33,33,746461530001,MODULO DE METAL,SANEAR,31/12/2021,1,1503.020102,MOBILIARIO DE OFICINA,R,SNAP,,,ROJO,,0.35X0.96X0.47,,,,,,,,10/03/2023 12:12:28,,U,,
3272,33,33,952258120012,MONITOR (OTROS),O/C N°6-00002,25/09/2009,912,1503.020303,EQUIPOS DE TELECOMUNICACIONES,R,SAMSUNG,2243SNXPLUS,,NEGRO,MY2CHYGS500785R,,,,,,,,,10/03/2023 11:10:20,,U,,
3273,33,,952258120017,MONITOR (OTROS),O/C N°0-00034,22/02/2010,957.6,1503.020303,EQUIPOS DE TELECOMUNICACIONES,R,SAMSUNG,L520CM2KRVA/PLS,LCD COLOR,NEGRO,CM20H9LS938203Y,,,,,,,,,,,U,,
3274,33,33,952258120019,MONITOR (OTROS),O/C N°000038,22/02/2010,772.8,1503.020303,EQUIPOS DE TELECOMUNICACIONES,R,SAMSUNG,2033SWPLUS,PLASMA LCD,NEGRO,CM20H9LSA02864R,,,,,,,,,15/03/2023 12:09:59,,U,KEVIN MIDGUAR ARCE TAIRO,3
3275,33,33,952258120029,MONITOR (OTROS),O/C N°8-00109,23/04/2010,662.23,1503.020303,EQUIPOS DE TELECOMUNICACIONES,M,HYUNDAI,V96W,LCD,NEGRO,V960WDCR9800030,,,,,,,,,10/03/2023 12:06:26,,U,,
3276,33,33,952258120033,MONITOR (OTROS),O/C N°3-00048,28/05/2010,600,1503.020303,EQUIPOS DE TELECOMUNICACIONES,R,SAMSUNG,LCD,,NEGRO,CN20H9LSC10330E,,,,,,,,,10/03/2023 12:05:04,,U,,
3277,33,33,952258120047,MONITOR (OTROS),O/C N°000306,14/11/2012,635.04,1503.020303,EQUIPOS DE TELECOMUNICACIONES,R,LG,E1751CR,FLATRON E1951L,NEGRO,207RKEL14932,,,,,,,,,10/03/2023 11:20:38,,U,,
3278,33,33,952260580020,PARLANTES EN GENERAL (MAYOR A 1/8 UIT),O/C Nº 0-00034,22/02/2010,47.88,1503.020303,EQUIPOS DE TELECOMUNICACIONES,M,OMEGA,,MINI AMPLIFICAR,NEGRO,2.00706E+12,,,,,,,,,10/03/2023 11:42:32,,U,,
3279,33,33,952260580028,PARLANTES EN GENERAL (MAYOR A 1/8 UIT),O/C Nº 0-00038,22/02/2010,38.64,1503.020303,EQUIPOS DE TELECOMUNICACIONES,R,DIVOOM,,,NEGRO,,,,,,,,,,15/03/2023 12:02:17,,U,KEVIN MIDGUAR ARCE TAIRO,3
3280,33,33,952260580036,PARLANTES EN GENERAL (MAYOR A 1/8 UIT),O/C Nº 000022,8/03/2012,45.78,1503.020303,EQUIPOS DE TELECOMUNICACIONES,M,DIVOOM,,,NEGRO,2CE0A6500180,,,,,,,,,10/03/2023 11:40:27,,U,,
3281,33,33,952260580044,PARLANTES EN GENERAL (MAYOR A 1/8 UIT),O/C Nº 000306,14/11/2012,31.75,1503.020303,EQUIPOS DE TELECOMUNICACIONES,R,GENIUS,2 UNID,,NEGRO,XN120NA03427,,,,,,,,,15/03/2023 12:03:05,,U,KEVIN MIDGUAR ARCE TAIRO,3
3282,33,33,952260580073,PARLANTES EN GENERAL (MAYOR A 1/8 UIT),O/C Nº 253,12/11/2007,23.27,1503.020303,EQUIPOS DE TELECOMUNICACIONES,M,CYBERLINK,MORRO,,NEGRO,9.081E+11,,,,,,,,,15/03/2023 12:03:29,,U,KEVIN MIDGUAR ARCE TAIRO,3
3283,33,33,952260580074,PARLANTES EN GENERAL (MAYOR A 1/8 UIT),O/C Nº 254,12/11/2007,23.27,1503.020303,EQUIPOS DE TELECOMUNICACIONES,M,DIVOOM,MORRO,MORRO R21,NEGRO,22109110430,,,,,,,,,10/03/2023 11:34:52,,U,,
3284,33,33,952260580088,PARLANTES EN GENERAL (MAYOR A 1/8 UIT),O/C Nº 000175,19/04/2013,43.92,1503.020303,EQUIPOS DE TELECOMUNICACIONES, M,CYBERLINK,,,NEGRO,,,,,,,,,,10/03/2023 12:07:10,,U,,
3285,33,33,746481190022,SILLA FIJA DE MADERA,SANEAR,31/12/2021,1,1503.020102,MOBILIARIO DE OFICINA,R,,TAPIZ DE LONA,,CAOBA,,0.44X0.41X0.86,,,,,,,,10/03/2023 11:21:56,,U,,
3286,33,33,746481190040,SILLA FIJA DE MADERA,O/C Nº 000295,6/11/2012,94.5,1503.020102,MOBILIARIO DE OFICINA,R,,TAPIZ DE LONA,,CAFÉ,,,,,,,,,,10/03/2023 11:12:21,,U,,
3287,33,33,746481190104,SILLA FIJA DE MADERA,O/C Nº 6-00113,3/09/2010,90,1503.020102,MOBILIARIO DE OFICINA,R,,TAPIZ DE LONA,,CAFÉ,,,,,,,,,,10/03/2023 11:12:45,,U,,
3288,33,33,746481190107,SILLA FIJA DE MADERA,O/C Nº 6-00113,3/09/2010,90,1503.020102,MOBILIARIO DE OFICINA,R,,TAPIZ DE LONA,,CAOBA,,,,,,,,,,10/03/2023 12:10:56,,U,,
3289,33,33,746481190108,SILLA FIJA DE MADERA,O/C Nº 6-00113,3/09/2010,90,1503.020102,MOBILIARIO DE OFICINA,R,,TAPIZ DE LONA,,MADERA,,,,,,,,,,10/03/2023 12:00:33,,U,,
3290,33,33,746481870100,SILLA FIJA DE METAL,SANEAR,31/12/2021,1,1503.020102,MOBILIARIO DE OFICINA,R,,TAPIZ MARROQUIN,,NEGRO,,,,,,,,,,10/03/2023 11:06:24,,U,,
3291,33,33,746482550002,SILLA FIJA DE OTRO MATERIAL,SANEAR,31/12/2021,1,1503.020102,MOBILIARIO DE OFICINA,R,,PLASTICO,,CELESTE,,,,,,,,,,10/03/2023 12:22:05,,U,,
3292,33,23,746483900019,SILLA GIRATORIA DE METAL,O/C Nº 004,9/01/1993,315,1503.020102,MOBILIARIO DE OFICINA,M,,TAPIZ LONA,,NEGRO,,,,,,,,,,09/03/2023 11:47:26,,U,,
3293,33,33,746483900029,SILLA GIRATORIA DE METAL,O/C Nº 000310,15/11/2012,180,1503.020102,MOBILIARIO DE OFICINA,R,,,,NEGRO,,,,,,,,,,10/03/2023 12:14:08,,U,,
3294,33,33,746483900111,SILLA GIRATORIA DE METAL,O/C Nº 000161,12/04/2013,220,1503.020102,MOBILIARIO DE OFICINA,M,,TAPIZ LONA,,NEGRO,,,,,,,,,,10/03/2023 12:42:09,,U,KEVIN MIDGUAR ARCE TAIRO,3
3295,33,33,746489330019,SILLON GIRATORIO DE METAL,O/C Nº 266,8/09/2015,498,1503.020102,MOBILIARIO DE OFICINA,M,,TAPIZ MARROQUIN,,NEGRO,,,,,,,,,,10/03/2023 11:26:09,,U,,
3296,33,33,740895000077,TECLADO - KEYBOARD,O/C Nº 254,12/11/2007,31.02,1503.020301,EQUIPOS COMPUTACIONALES Y PERIFERICOS,M,BENQ,,,NEGRO,9J91MD1U8872C207130,,,,,,,,,10/03/2023 11:52:20,,U,,
3297,33,33,740895000088,TECLADO - KEYBOARD,O/C Nº 6-00002,25/09/2009,60.8,1503.020301,EQUIPOS COMPUTACIONALES Y PERIFERICOS,M,CYBERLINK,,,NEGRO,90310000598,,,,,,,,,10/03/2023 11:53:59,,U,,
3298,33,33,740895000144,TECLADO - KEYBOARD,SANEAR,31/12/2021,1,1503.020301,EQUIPOS COMPUTACIONALES Y PERIFERICOS,M,CYBERLINK,,,NEGRO,9.0303E+11,,,,,,,,,10/03/2023 11:52:51,,U,,
3299,33,33,740895000145,TECLADO - KEYBOARD,SANEAR,31/12/2021,1,1503.020301,EQUIPOS COMPUTACIONALES Y PERIFERICOS,R,GENIUS,GK-100015,,,XTE807004171,,,,,,,,,15/03/2023 12:08:51,,U,KEVIN MIDGUAR ARCE TAIRO,3
3300,33,33,740895000146,TECLADO - KEYBOARD,O/C Nº 000131,18/06/2012,45.34,1503.020301,EQUIPOS COMPUTACIONALES Y PERIFERICOS,M,GENIUS,,,NEGRO,9.02778E+11,,,,,,,,,10/03/2023 11:51:44,,U,,
3301,33,33,740895000147,TECLADO - KEYBOARD,O/C Nº 9-00084,14/07/2010,34,1503.020301,EQUIPOS COMPUTACIONALES Y PERIFERICOS,M,HALION,,,NEGRO,K50030910011379,,,,,,,,,10/03/2023 11:53:28,,U,,
3302,33,33,740895000148,TECLADO - KEYBOARD,O/C Nº 6-00066,16/07/2010,45,1503.020301,EQUIPOS COMPUTACIONALES Y PERIFERICOS,R,GENIUS,GK-1000015,,NEGRO,ZCCJ21001778,,,,,,,,,10/03/2023 11:14:02,,U,,
3303,33,33,740895000191,TECLADO - KEYBOARD,SANEAR,31/12/2021,1,1503.020301,EQUIPOS COMPUTACIONALES Y PERIFERICOS,R,GENIUS,GK-1000015,,NEGRO,XEC507004432,,,,,,,,,10/03/2023 11:22:29,,U,,
3304,33,33,740895000197,TECLADO - KEYBOARD,SANEAR,31/12/2021,1,1503.020301,EQUIPOS COMPUTACIONALES Y PERIFERICOS,B,LOGITECH,K120,,NEGRO,1833MR1C78F8,,,,,,,,,15/03/2023 12:02:33,,U,KEVIN MIDGUAR ARCE TAIRO,3
3305,33,33,740895000198,TECLADO - KEYBOARD,SANEAR,31/12/2021,1,1503.020301,EQUIPOS COMPUTACIONALES Y PERIFERICOS,B,LOGITECH,K120,,NEGRO,1833MR1C3F38,,,,,,,,,10/03/2023 12:03:29,,U,,
3306,33,33,952282870017,TELEFONO,SANEAR,31/12/2021,1,1503.020303,EQUIPOS DE TELECOMUNICACIONES,M,INTELBRAS,TC50 PREMIUM,,NEGRO,NSTFI2042000148,,,,,,,,,10/03/2023 11:36:23,,U,,
3307,33,33,952282870034,TELEFONO,SANEAR,31/12/2021,1,1503.020303,EQUIPOS DE TELECOMUNICACIONES,M,CLARO,ITC-G009,,BLANCO,TF12042000147,,,,,,,,,10/03/2023 11:38:54,,U,,
3308,33,33,462299500009,TRANSFORMADOR (MAYOR A 1/8 UIT),VERIFICAR,31/12/2021,1,1503.020904,ELECTRICIDAD Y ELECTRONICA,M,ENERGI,SVC-5000W,,AZUL/BLANCO,GS200809SD00D602,,,,,,,,,10/03/2023 11:21:02,,U,,
3309,33,33,740899500047,UNIDAD CENTRAL DE PROCESO - CPU,O/C Nº 254,12/11/2007,1386.39,1503.020301,EQUIPOS COMPUTACIONALES Y PERIFERICOS,M,GIGA-X,,,NEGRO,,,,,,,,,,10/03/2023 11:27:22,,U,,
3310,33,33,740899500060,UNIDAD CENTRAL DE PROCESO - CPU,SANEAR,31/12/2021,1,1503.020301,EQUIPOS COMPUTACIONALES Y PERIFERICOS,M,CYBERLINK,,,NEGRO,,,,,,,,,,10/03/2023 11:28:12,,U,,
3311,33,33,740899500065,UNIDAD CENTRAL DE PROCESO - CPU,O/C Nº 0-00034,22/02/2010,2852.85,1503.020301,EQUIPOS COMPUTACIONALES Y PERIFERICOS,R,INTEL,XION CPUE5-2407,"RAM 12GB,64BITS",NEGRO,64BITS,,,,,,,,,10/03/2023 11:10:48,,U,,
3312,33,33,740899500067,UNIDAD CENTRAL DE PROCESO - CPU,O/C Nº 0-00038,22/02/2010,2302.3,1503.020301,EQUIPOS COMPUTACIONALES Y PERIFERICOS,M,INTEL,XION CPUE5-2407,RAM 12GB,NEGRO,64BITS,,,,,,,,,10/03/2023 11:15:53,,U,,
3313,33,33,740899500096,UNIDAD CENTRAL DE PROCESO - CPU,O/C Nº 000306,14/11/2012,1891.89,1503.020301,EQUIPOS COMPUTACIONALES Y PERIFERICOS,R,INTEL,CORE I7-3770,RAM 12GB,NEGRO,64BITS,,,,,,,,,10/03/2023 12:04:36,,U,,
3314,33,33,740899500098,UNIDAD CENTRAL DE PROCESO - CPU,O/C Nº 000022,8/03/2012,2708.65,1503.020301,EQUIPOS COMPUTACIONALES Y PERIFERICOS,R,INTEL,CORE I7-2600,RAM 12GB,NEGRO,64BITS,,,,,,,,,10/03/2023 11:13:16,,U,,
3315,33,33,740899500149,UNIDAD CENTRAL DE PROCESO - CPU,O/C Nº 495,30/12/2016,2800,1503.020301,EQUIPOS COMPUTACIONALES Y PERIFERICOS,R,INTEL,CORE I5-6500,RAM 8GB,NEGRO,64BITS,,,,,,,,,10/03/2023 11:24:49,,U,,
3316,33,33,112279700002,VENTILADOR ELECTRICO PARA MESA O DE PIE,SANEAR,31/12/2021,1,1503.020901,AIRE ACONDICIONADO Y REFRIGERACION,R,SIHSHK21,,,VERDE,,,,,,,,,,10/03/2023 12:12:52,,U,,
3317,34,34,746406600010,ARMARIO DE METAL,SANEAR,31/12/2021,1,1503.020102,MOBILIARIO DE OFICINA,R,,ANDAMIO,,PLOMO/NEGRO,,0.45X0.87X1.80,,,,,,,,10/03/2023 10:25:06,,U,,
3318,34,34,742223580003,EQUIPO MULTIFUNCIONAL COPIADORA IMPRESORA SCANNER Y/O FAX,O/C Nº 6-00066,16/07/2010,1075,1503.020101,MAQUINAS Y EQUIPOS DE OFICINA,R,HP LASER JET,M1319FMFP,,PLOMO,C1598365FC,,,,,,,,,10/03/2023 10:36:30,,U,,
3319,34,34,746437790022,ESCRITORIO DE METAL,SANEAR,31/12/2021,1,1503.020102,MOBILIARIO DE OFICINA,R,,,,PLOMO/NEGRO,,0.72X0.76X1.00,,,,,,,,10/03/2023 10:31:59,,U,,
3320,34,34,462252150018,ESTABILIZADOR,O/C Nº 31,31/01/2002,80,1503.020904,ELECTRICIDAD Y ELECTRONICA,R,BELTRON,AVR,1000W,ROJO/CREMA,,,,,,,,,,10/03/2023 10:37:03,,U,,
3321,34,34,462252150077,ESTABILIZADOR,O/C Nº 025-C,9/12/2004,63,1503.020904,ELECTRICIDAD Y ELECTRONICA,R,APC,BACK UPS,,NEGRO,5B1135T21088,,,,,,,,,10/03/2023 10:13:02,,U,,
3322,34,34,746441860058,ESTANTE DE METAL,SANEAR,31/12/2021,1,1503.020102,MOBILIARIO DE OFICINA,R,,6 NIV/1DIV,,BLANCO/PLOMO,,030X1.15X2.30,,,,,,,ELIMINAR,10/03/2023 10:29:42,,U,,
3323,34,34,746460850001,MODULO DE MADERA PARA MICROCOMPUTADORA,O/C N°195,28/06/1995,334,1503.020102,MOBILIARIO DE OFICINA,R,MADERA,,,CAOBA,,0.46X0.94X0.74,,,,,,,,10/03/2023 10:17:10,,U,,
3324,34,34,746460850002,MODULO DE MADERA PARA MICROCOMPUTADORA,O/C N°229,28/04/1995,200,1503.020102,MOBILIARIO DE OFICINA,R,,,,MADERA,,0.50X0.70X0.72,,,,,,,,10/03/2023 10:35:49,,U,,
3325,34,34,746460850006,MODULO DE MADERA PARA MICROCOMPUTADORA,SANEAR,31/12/2021,1,1503.020102,MOBILIARIO DE OFICINA,R,,,,CAOBA,,0.56X0.90X0.72,,,,,,,,10/03/2023 10:22:54,,U,,
3326,34,,952258120018,MONITOR (OTROS),O/C N°0-00037,22/02/2010,772.8,1503.020303,EQUIPOS DE TELECOMUNICACIONES,R,SAMSUNG,LCD,PLASMA LCD,NEGRO,CM20H9LSB13320D,,,,,,,,,,,U,,
3327,34,34,952258120058,MONITOR (OTROS),O/C N°000740,24/10/2013,1052.48,1503.020303,EQUIPOS DE TELECOMUNICACIONES,R,AOC,E2060SW,,NEGRO,FZQD51A005327,,,,,,,,,10/03/2023 10:33:56,,U,,
3328,34,34,952258120062,MONITOR (OTROS),O/C N°000740,24/10/2013,618.63,1503.020303,EQUIPOS DE TELECOMUNICACIONES,R,AOC,E2060SW,,NEGRO,FZQD51A005343,,,,,,,,,10/03/2023 10:19:51,,U,,
3329,34,34,740881870001,MONITOR PLANO,O/C N°3-00060,10/08/2009,766.15,1503.020301,EQUIPOS COMPUTACIONALES Y PERIFERICOS,M,LG,W20435V,904NDDMGQ738,NEGRO,W23435-PF,,,,,,,,,10/03/2023 10:18:34,,U,,
3330,34,34,952260580076,PARLANTES EN GENERAL (MAYOR A 1/8 UIT),O/C Nº 3-00021,23/04/2010,35.88,1503.020303,EQUIPOS DE TELECOMUNICACIONES,R,MICRONICS,,,NEGRO,1.67554E+11,,,,,,,,,10/03/2023 10:33:23,,U,,
3331,34,34,740892000001,SERVIDOR,O/C Nº 000740,24/10/2013,7167.68,1503.020301,EQUIPOS COMPUTACIONALES Y PERIFERICOS,B,HP INTEL-CPU,WINDOWS2012 SER,,NEGRO,2M2324037,,,,,,,,,10/03/2023 10:11:37,,U,,
3332,34,34,746481190030,SILLA FIJA DE MADERA,SANEAR,31/12/2021,1,1503.020102,MOBILIARIO DE OFICINA,R,,TAPIZ DE LONA,,CAFÉ,,0.40X0.41X0.80,,,,,,,,10/03/2023 10:31:00,,U,,
3333,34,34,746481190131,SILLA FIJA DE MADERA,O/C Nº 6-00113,3/09/2010,90,1503.020102,MOBILIARIO DE OFICINA,R,,,,CAFÉ,,0.40X0.45X0.85,,,,,,,,10/03/2023 10:24:01,,U,,
3334,34,34,746481190133,SILLA FIJA DE MADERA,O/C Nº 6-00113,3/09/2010,90,1503.020102,MOBILIARIO DE OFICINA,R,,,,CAFÉ,,0.40X0.45X0.85,,,,,,,,10/03/2023 10:19:17,,U,,
3335,34,34,746483900073,SILLA GIRATORIA DE METAL,O/C Nº 000310,15/11/2012,180,1503.020102,MOBILIARIO DE OFICINA,R,,,,NEGRO,,,,,,,,,,10/03/2023 10:38:52,,U,,
3336,34,34,740895000078,TECLADO - KEYBOARD,O/C Nº 68,5/08/2008,49.52,1503.020301,EQUIPOS COMPUTACIONALES Y PERIFERICOS,M,GENIUS,GK-07000614/U,,NEGRO,YBC11001302,,,,,,,,,10/03/2023 10:35:02,,U,,
3337,34,34,740895000153,TECLADO - KEYBOARD,O/C Nº 314,26/10/2015,62.5,1503.020301,EQUIPOS COMPUTACIONALES Y PERIFERICOS,R,GENIUS,GK-070008/U,,NEGRO,ZCT321001771,,,,,,,,,10/03/2023 10:14:20,,U,,
3338,34,34,740895000154,TECLADO - KEYBOARD,SANEAR,31/12/2021,1,1503.020301,EQUIPOS COMPUTACIONALES Y PERIFERICOS,R,GENIUS,GK-07000614/U,,NEGRO,22E350800206,,,,,,,,,10/03/2023 10:21:10,,U,,
3339,34,6,740899500002,UNIDAD CENTRAL DE PROCESO - CPU,SANEAR,31/12/2021,1,1503.020301,EQUIPOS COMPUTACIONALES Y PERIFERICOS,M,INTEL,CORE 2DUAL,RAM: 4GB,NEGRO,32 BITS,,,,,,,,,04/03/2023 15:01:28,,U,DELIA RUTH QUISPE SONCCO,4
3340,34,34,740899500115,UNIDAD CENTRAL DE PROCESO - CPU,O/C Nº 000740,24/10/2013,1792.18,1503.020301,EQUIPOS COMPUTACIONALES Y PERIFERICOS,R,INTEL,I7-3770,3.40GHZ,NEGRO,,,,,,,,,,10/03/2023 10:32:33,,U,,
3341,34,34,112279700007,VENTILADOR ELECTRICO PARA MESA O DE PIE,SANEAR,31/12/2021,1,1503.020901,AIRE ACONDICIONADO Y REFRIGERACION,R,CONTINENTAL,CE45412,,BLANCO,6100310,,,,,,,,,10/03/2023 10:10:46,,U,,
3342,35,35,462200500003,ACUMULADOR DE ENERGIA - EQUIPO DE UPS,SANEAR,31/12/2021,1,1503.020904,ELECTRICIDAD Y ELECTRONICA,M,CDP,BR 55061,BACK RS,NEGRO,3B1122X01837,,,,,,,,BAJA,10/03/2023 12:07:38,,D,,
3343,35,48,462200500004,ACUMULADOR DE ENERGIA - EQUIPO DE UPS,O/C Nº 496,30/12/2016,350,1503.020904,ELECTRICIDAD Y ELECTRONICA,R,APC RS 550,BR550G1,,NEGRO,3B1149X04980,,,,,,,,,13/03/2023 10:57:10,,U,KEVIN MIDGUAR ARCE TAIRO,3
3344,35,48,462200500005,ACUMULADOR DE ENERGIA - EQUIPO DE UPS,O/C Nº 155,4/07/2012,185,1503.020904,ELECTRICIDAD Y ELECTRONICA,R,APC,BR550G1-AS,,NEGRO,5B1137TO8013,,,,,,,,,13/03/2023 10:56:30,,U,KEVIN MIDGUAR ARCE TAIRO,3
3345,35,48,462200500008,ACUMULADOR DE ENERGIA - EQUIPO DE UPS,SANEAR,31/12/2021,1,1503.020904,ELECTRICIDAD Y ELECTRONICA,R,APC,550 VA,,NEGRO,3B1228X31948,,,,,,,,,13/03/2023 10:56:11,,U,KEVIN MIDGUAR ARCE TAIRO,3
3346,35,35,462200500009,ACUMULADOR DE ENERGIA - EQUIPO DE UPS,SANEAR,31/12/2021,1,1503.020904,ELECTRICIDAD Y ELECTRONICA,M,APC,560VA,,NEGRO,3B1228X31988,,,,,,,,BAJA,10/03/2023 12:11:51,,D,,
3347,35,35,462200500010,ACUMULADOR DE ENERGIA - EQUIPO DE UPS,SANEAR,31/12/2021,1,1503.020904,ELECTRICIDAD Y ELECTRONICA,M,APC,BR 550GI,RS 550,NEGRO,3B1220X14370,,,,,,,,BAJA,10/03/2023 12:10:33,,D,,
3348,35,35,462200500012,ACUMULADOR DE ENERGIA - EQUIPO DE UPS,SANEAR,31/12/2021,1,1503.020904,ELECTRICIDAD Y ELECTRONICA,M,APC,BR 550GI,RS 550,NEGRO,3B1220X14370,,,,,,,,,10/03/2023 12:11:11,,D,,
3349,35,6,462200500014,ACUMULADOR DE ENERGIA - EQUIPO DE UPS,SANEAR,31/12/2021,1,1503.020904,ELECTRICIDAD Y ELECTRONICA,M,,,,,,,,,,,,,,04/03/2023 12:05:03,,U,DELIA RUTH QUISPE SONCCO,4
3350,35,48,462200500017,ACUMULADOR DE ENERGIA - EQUIPO DE UPS,O/C Nº 175,19/04/2013,62.22,1503.020904,ELECTRICIDAD Y ELECTRONICA,M,AOC RS 550,,,NEGRO,3B1250X 08600,,,,,,,,,13/03/2023 10:56:22,,U,KEVIN MIDGUAR ARCE TAIRO,3
3351,35,35,462200500024,ACUMULADOR DE ENERGIA - EQUIPO DE UPS,O/C Nº 533,23/07/2013,56.57,1503.020904,ELECTRICIDAD Y ELECTRONICA,R,CDP,,,NEGRO,1B0312-1020447,,,,,,,,,10/03/2023 10:58:39,,U,,
3352,35,48,462200500025,ACUMULADOR DE ENERGIA - EQUIPO DE UPS,O/C Nª 175,19/04/2013,62.22,1503.020904,ELECTRICIDAD Y ELECTRONICA,M,APC RS 550,,,NEGRO,3B1250X08567,,,,,,,,,13/03/2023 10:57:03,,U,KEVIN MIDGUAR ARCE TAIRO,3
3353,35,6,462200500030,ACUMULADOR DE ENERGIA - EQUIPO DE UPS,SANEAR,31/12/2021,1,1503.020904,ELECTRICIDAD Y ELECTRONICA,M,APC,AMERICA POWER N,,BLANCO,,,,,,,,,,07/03/2023 00:51:05,,U,user user user,1
3354,35,35,462200500038,ACUMULADOR DE ENERGIA - EQUIPO DE UPS,SANEAR,31/12/2021,1,1503.020904,ELECTRICIDAD Y ELECTRONICA,B,APC,325 WATS,CON CABLE,NEGRO,9B1640A12595,,,,,,,,,13/03/2023 13:05:52,,U,,
3355,35,35,462200500039,ACUMULADOR DE ENERGIA - EQUIPO DE UPS,SANEAR,31/12/2021,1,1503.020904,ELECTRICIDAD Y ELECTRONICA,B,APC,325 WATS,CON CABLE,NEGRO,9B1640A12606,,,,,,,,,13/03/2023 13:08:37,,U,,
3356,35,35,462200500040,ACUMULADOR DE ENERGIA - EQUIPO DE UPS,SANEAR,31/12/2021,1,1503.020904,ELECTRICIDAD Y ELECTRONICA,B,APC,325 WATS,CON CABLE,NEGRO,9B1640A12608,,,,,,,,,13/03/2023 13:08:42,,U,,
3357,35,35,462200500041,ACUMULADOR DE ENERGIA - EQUIPO DE UPS,SANEAR,31/12/2021,1,1503.020904,ELECTRICIDAD Y ELECTRONICA,B,APC,325 WATS,CON CABLE,NEGRO,9B1640A12359,,,,,,,,,13/03/2023 13:08:45,,U,,
3358,35,35,462200500042,ACUMULADOR DE ENERGIA - EQUIPO DE UPS,SANEAR,31/12/2021,1,1503.020904,ELECTRICIDAD Y ELECTRONICA,B,APC,325 WATS,CON CABLE,NEGRO,9B1640A12607,,,,,,,,,13/03/2023 13:08:50,,U,,
3359,35,35,462200500043,ACUMULADOR DE ENERGIA - EQUIPO DE UPS,SANEAR,31/12/2021,1,1503.020904,ELECTRICIDAD Y ELECTRONICA,B,APC,325 WATS,CON CABLE,NEGRO,9B1640A12605,,,,,,,,,13/03/2023 13:09:22,,U,,
3360,35,35,462200500044,ACUMULADOR DE ENERGIA - EQUIPO DE UPS,SANEAR,31/12/2021,1,1503.020904,ELECTRICIDAD Y ELECTRONICA,B,APC,325 WATS,CON CABLE,NEGRO,9B1640A12596,,,,,,,,,13/03/2023 13:08:57,,U,,
3361,35,35,462200500045,ACUMULADOR DE ENERGIA - EQUIPO DE UPS,SANEAR,31/12/2021,1,1503.020904,ELECTRICIDAD Y ELECTRONICA,B,APC,325 WATS,CON CABLE,NEGRO,9B1640A12358,,,,,,,,,13/03/2023 13:09:02,,U,,
3362,35,35,462200500046,ACUMULADOR DE ENERGIA - EQUIPO DE UPS,SANEAR,31/12/2021,1,1503.020904,ELECTRICIDAD Y ELECTRONICA,B,APC,325 WATS,CON CABLE,NEGRO,9B1640A12360,,,,,,,,,13/03/2023 13:09:36,,U,,
3363,35,35,462200500047,ACUMULADOR DE ENERGIA - EQUIPO DE UPS,SANEAR,31/12/2021,1,1503.020904,ELECTRICIDAD Y ELECTRONICA,B,APC,325 WATS,CON CABLE,NEGRO,9B1640A12357,,,,,,,,,13/03/2023 13:09:38,,U,,
3364,35,35,675001050004,AMOLADORA,O/C Nº 20,26/03/2019,300,1503.020999,"MAQUINARIAS, EQUIPOS Y MOBILIARIOS DE OTRAS INSTALACIONES",R,BLACK DECKER,G720,ELECTRICO,NEGRO/ANARANJADO,6720-B2C,,,,,,,,,13/03/2023 12:02:12,,U,,
3365,35,35,675001050005,AMOLADORA,O/C N° 00110,19/03/2021,320,1503.020999,"MAQUINARIAS, EQUIPOS Y MOBILIARIOS DE OTRAS INSTALACIONES",R,TRUPER,ESMA7A2-2,,ANARANJADO/NEGRO,,,,,,,,,,13/03/2023 12:00:40,,U,,
3366,35,6,602203330001,AMPERIMETRO,SANEAR,31/12/2021,1,1503.020905,EQUIPOS E INSTRUMENTOS DE MEDICION,M,,,,,,,,,,,,,,07/03/2023 01:18:08,,U,user user user,1
3367,35,6,602203330002,AMPERIMETRO,SANEAR,31/12/2021,1,1503.020905,EQUIPOS E INSTRUMENTOS DE MEDICION,M,,,,LADRILLO,,,,,,,,,,04/03/2023 12:12:51,,U,DELIA RUTH QUISPE SONCCO,4
3368,35,35,746403210005,ARCHIVADOR DE MADERA,O/C Nº 229,28/04/1995,220,1503.020102,MOBILIARIO DE OFICINA,R,,4 DIV. 2 PUERTS,,NOGAL/CAOBA,,1.00X1.60X0.42,,,,,,,,14/03/2023 11:41:52,,U,KEVIN MIDGUAR ARCE TAIRO,3
3369,35,48,746403210006,ARCHIVADOR DE MADERA,SANEAR,31/12/2021,1,1503.020102,MOBILIARIO DE OFICINA,R,,,,AMARILLO,,0.46X1.19X1.87,,,,,,,,13/03/2023 13:02:51,,U,KEVIN MIDGUAR ARCE TAIRO,3
3370,35,35,746403890001,ARCHIVADOR DE METAL,O/C Nº 288,30/06/1995,828.74,1503.020102,MOBILIARIO DE OFICINA,M,,4 GAVETAS,,PLOMO/NEGRO,,0.70x0.47x1.35,,,,,,,BAJA,10/03/2023 15:56:17,,U,,
3371,35,35,746403890011,ARCHIVADOR DE METAL,SANEAR,31/12/2021,1,1503.020102,MOBILIARIO DE OFICINA,M,,3 GAVETAS,,PLOMO/NEGRO,,0.63X0.48X1.00,,,,,,,,14/03/2023 11:46:19,,U,KEVIN MIDGUAR ARCE TAIRO,3
3372,35,35,746403890012,ARCHIVADOR DE METAL,SANEAR,31/12/2021,1,1503.020102,MOBILIARIO DE OFICINA,M,,4 NIVELES,,PLOMO/NEGRO,,0.60X0.46X1.34,,,,,,,,14/03/2023 11:41:48,,U,KEVIN MIDGUAR ARCE TAIRO,3
3373,35,35,746406600005,ARMARIO DE METAL,SANEAR,31/12/2021,1,1503.020102,MOBILIARIO DE OFICINA,R,,3 NIVELES,,PLOMO,,0.46X0.88X0.76,,,,,,,,14/03/2023 11:39:36,,U,KEVIN MIDGUAR ARCE TAIRO,3
3374,35,35,746406600011,ARMARIO DE METAL,SANEAR,31/12/2021,1,1503.020102,MOBILIARIO DE OFICINA,M,,3 NIVELES,,PLOMO,,0.46X0.89X1.80,,,,,,,,14/03/2023 11:39:43,,U,KEVIN MIDGUAR ARCE TAIRO,3
3375,35,6,672202950001,ASPIRADOR MULTIPLE,O/C Nº 410,4/07/2013,325,1503.020906,EQUIPOS PARA VEHICULOS,M,SHOP VAC,,,PLOMO,C915123,,,,,,,,,04/03/2023 15:10:00,,U,DELIA RUTH QUISPE SONCCO,4
3376,35,35,252200500001,ASPIRADORA ELECTRICA,SANEAR,31/12/2021,1,1503.020902,"ASEO, LIMPIEZA Y COCINA",M,PANASONIC,,,GRANATE,,,,,,,,,BAJA,14/03/2023 10:19:24,,D,,
3377,35,35,602206160001,BALANZA (OTRAS),O/C Nº 989,20/12/2013,1400,1503.020905,EQUIPOS E INSTRUMENTOS DE MEDICION,R,OHAUS,EB-30,,,8034161748,,,,,,,,,13/03/2023 11:58:46,,U,,
3378,35,35,602206160002,BALANZA (OTRAS),O/C Nº 20,26/03/2019,250,1503.020905,EQUIPOS E INSTRUMENTOS DE MEDICION,M,JOSVER,,,VERDE,,,,,,,,,BAJA,13/03/2023 12:34:57,,U,,
3379,35,35,602206160004,BALANZA (OTRAS),SANEAR,31/12/2021,1,1503.020905,EQUIPOS E INSTRUMENTOS DE MEDICION,M,JOSVER,,,VERDE,,,,,,,,,BAJA,13/03/2023 12:35:51,,U,,
3380,35,35,602207850008,BALANZA ELECTRONICA,O/C Nº 000650,5/09/2013,2230,1503.020905,EQUIPOS E INSTRUMENTOS DE MEDICION,R,OHAUS,EB-30,D PRECISION,PLOMO/AZUL,8034161746,,,,,,,,,13/03/2023 11:57:43,,U,,
3381,35,35,602208420001,BALANZA MECANICA,O/C Nº 132,30/04/1994,29.5,1503.020905,EQUIPOS E INSTRUMENTOS DE MEDICION,M,BALPER,,,ROJO/BLANCO,,,,,,,,,BAJA,10/03/2023 12:57:10,,D,,
3382,35,35,532209720005,BALON INTRA AORTICO,SANEAR,31/12/2021,1,1503.020402,EQUIPO MEDICO,M,,,,VERDE,,,,,,,,,,10/03/2023 15:58:41,,U,,
3383,35,35,602210680033,BOMBA DE SUCCION,SANEAR,31/12/2021,1,1503.020905,EQUIPOS E INSTRUMENTOS DE MEDICION,R,,MANUAL,,ANARANJADO/NEGRO,,,,,,,,,,14/03/2023 11:49:33,,U,KEVIN MIDGUAR ARCE TAIRO,3
3384,35,35,42206210005,BRUJULA,O/C Nº 263,9/10/2012,1270,1503.020502,EQUIPO DE USO AGRICOLA Y PESQUERO,M,BRUNTON,F-5006-030,,PLATEADO,5062512042,,,,,,,,BAJA,10/03/2023 16:02:49,,D,,
3385,35,48,42206210006,BRUJULA,O/C Nº 377,23/11/2015,1500,1503.020502,EQUIPO DE USO AGRICOLA Y PESQUERO,R,BRUNTON,F-5006-030,PROFESIONAL,PLOMO,5062615030,,,,,,,,,13/03/2023 12:05:52,,U,KEVIN MIDGUAR ARCE TAIRO,3
3386,35,48,746417450014,CABINA - CASETA,SANEAR,31/12/2021,1,1503.020102,MOBILIARIO DE OFICINA,R,,CASETA 3,,AZUL,,5.20X2.70X2.75,,,,,,,,14/03/2023 10:01:16,,U,KEVIN MIDGUAR ARCE TAIRO,3
3387,35,48,952213350001,CAJA ACUSTICA,O/C Nº 313,26/10/2015,1120,1503.020303,EQUIPOS DE TELECOMUNICACIONES,R,JLS PROFESIONAL,,600W,NEGRO,,,,,,,,,PARLANTE/RECOD,13/03/2023 11:17:35,,U,KEVIN MIDGUAR ARCE TAIRO,3
3388,35,6,742200500001,CALCULADORA CIENTIFICA,SANEAR,31/12/2021,1,1503.020101,MAQUINAS Y EQUIPOS DE OFICINA,M,CASIO,FX-3200 P,,,,,,,,,,,,07/03/2023 01:33:03,,U,user user user,1
3389,35,6,742200500004,CALCULADORA CIENTIFICA,O/C Nº 34,11/03/2004,157,1503.020101,MAQUINAS Y EQUIPOS DE OFICINA,M,CASIO,FX-7400G PLUS,,PLOMO,,,,,,,,,,07/03/2023 01:33:30,,U,user user user,1
3390,35,6,742200500012,CALCULADORA CIENTIFICA,SANEAR,31/12/2021,1,1503.020101,MAQUINAS Y EQUIPOS DE OFICINA,M,CASIO,FX-7400G PLUS,,PLOMO,,,,,,,,,,07/03/2023 01:34:08,,U,user user user,1
3391,35,6,742200500013,CALCULADORA CIENTIFICA,SANEAR,31/12/2021,1,1503.020101,MAQUINAS Y EQUIPOS DE OFICINA,M,CASIO,,,,,,,,,,,,,07/03/2023 01:34:38,,U,user user user,1
3392,35,6,742200500015,CALCULADORA CIENTIFICA,SANEAR,31/12/2021,1,1503.020101,MAQUINAS Y EQUIPOS DE OFICINA,M,LITIO,,,NEGRO,,,,,,,,,,07/03/2023 01:35:10,,U,user user user,1
3393,35,6,742200500017,CALCULADORA CIENTIFICA,SANEAR,31/12/2021,1,1503.020101,MAQUINAS Y EQUIPOS DE OFICINA,M,CASIO,FX-3600 P,,PLATEADO,,,,,,,,,,07/03/2023 01:35:29,,U,user user user,1
3394,35,6,742200500019,CALCULADORA CIENTIFICA,SANEAR,31/12/2021,1,1503.020101,MAQUINAS Y EQUIPOS DE OFICINA,M,CASIO,FX-3600 P,,PLATEADO,,,,,,,,,,07/03/2023 01:35:49,,U,user user user,1
3395,35,6,742200500020,CALCULADORA CIENTIFICA,SANEAR,31/12/2021,1,1503.020101,MAQUINAS Y EQUIPOS DE OFICINA,M,CASIO,FX-7400G PLUS,,PLOMO/NEGRO,,,,,,,,,,07/03/2023 01:36:16,,U,user user user,1
3396,35,6,742200500021,CALCULADORA CIENTIFICA,SANEAR,31/12/2021,1,1503.020101,MAQUINAS Y EQUIPOS DE OFICINA,M,CASIO,,,,,,,,,,,,,07/03/2023 01:36:37,,U,user user user,1
3397,35,6,742203180004,CALCULADORA ELECTRICA,SANEAR,31/12/2021,1,1503.020101,MAQUINAS Y EQUIPOS DE OFICINA,M,CASIO,F-2,,BLANCO,108731,,,,,,,,,07/03/2023 01:37:02,,U,user user user,1
3398,35,6,742203180005,CALCULADORA ELECTRICA,SANEAR,31/12/2021,1,1503.020101,MAQUINAS Y EQUIPOS DE OFICINA,M,CASIO,,,,,,,,,,,,,07/03/2023 01:37:19,,U,user user user,1
3399,35,6,742203180020,CALCULADORA ELECTRICA,SANEAR,31/12/2021,1,1503.020101,MAQUINAS Y EQUIPOS DE OFICINA,M,OLIVETTI,,,PLOMO,1216962,,,,,,,,,07/03/2023 01:39:19,,U,user user user,1
3400,35,6,742203180023,CALCULADORA ELECTRICA,SANEAR,31/12/2021,1,1503.020101,MAQUINAS Y EQUIPOS DE OFICINA,M,CASIO,UR 8TM,,BLANCO/PLOMO,,,,,,,,,,07/03/2023 01:39:54,,U,user user user,1
3401,35,,742203180024,CALCULADORA ELECTRICA,SANEAR,31/12/2021,1,1503.020101,MAQUINAS Y EQUIPOS DE OFICINA,M,KENKO,KK-3122A,,NEGRO,,,,,,,,,,,,U,,
3402,35,6,742203180025,CALCULADORA ELECTRICA,SANEAR,31/12/2021,1,1503.020101,MAQUINAS Y EQUIPOS DE OFICINA,R,CASINE,CD-290,514-14,PLOMO,,,,,,,,,,07/03/2023 01:40:20,,U,user user user,1
3403,35,,112204460002,CALEFACTOR,SANEAR,31/12/2021,1,1503.020901,AIRE ACONDICIONADO Y REFRIGERACION,M,IMACO,OFR7AC,,BLANCO HUMO,,,,,,,,,,,,U,,
3404,35,6,112204460004,CALEFACTOR,O/C Nº 8-00271,20/08/2011,320,1503.020901,AIRE ACONDICIONADO Y REFRIGERACION,R,SOLE,,,BLANCO/GRIS,,,,,,,,,,06/03/2023 12:49:59,,U,user user user,1
3405,35,,952214700002,CAMARA DE VIDEO DIGITAL,O/C Nº 343,13/11/2015,1000,1503.020303,EQUIPOS DE TELECOMUNICACIONES,B,HIKVISION,DS-2CE16DTTT-A3,CAMARA D VIGILA,BLANCO,528316344,,,,,,,,,,,U,,
3406,35,35,952214700003,CAMARA DE VIDEO DIGITAL,O/C Nº 496,30/12/2016,4000,1503.020303,EQUIPOS DE TELECOMUNICACIONES,B,HIK-VISION,DS-7200,CAMARA D VIGILA,NEGRO624018037,624018037,,,,,,,,,10/03/2023 18:18:17,,U,,
3407,35,,952214700004,CAMARA DE VIDEO DIGITAL,SANEAR,31/12/2021,1,1503.020303,EQUIPOS DE TELECOMUNICACIONES,R,HIK VISION,OS-7204HGHI-SH,,NEGRO,531352050,,,,,,,,,,,U,,
3408,35,35,742208530001,CAMARA FOTOGRAFICA,O/C Nº 214,28/04/1995,155,1503.020101,MAQUINAS Y EQUIPOS DE OFICINA,M,ZENIT,,,NEGRO,,,,,,,,,BAJA,10/03/2023 15:10:10,,D,,
3409,35,35,742208530003,CAMARA FOTOGRAFICA,SANEAR,31/12/2021,1,1503.020101,MAQUINAS Y EQUIPOS DE OFICINA,M,CANON,,,PLOMO,,,,,,,,,BAJA,10/03/2023 15:41:32,,D,,
3410,35,35,742208530004,CAMARA FOTOGRAFICA,O/C Nº 475,28/06/1996,95,1503.020101,MAQUINAS Y EQUIPOS DE OFICINA,M,CANON,,,NEGRO,,,,,,,,,BAJA,10/03/2023 15:44:29,,D,,
3411,35,35,742208530005,CAMARA FOTOGRAFICA,O/C Nº 403,19/08/1997,415,1503.020101,MAQUINAS Y EQUIPOS DE OFICINA,M,CANON,MB-301D,,NEGRO,,,,,,,,,BAJA,10/03/2023 15:46:46,,D,,
3412,35,35,742208530010,CAMARA FOTOGRAFICA,SANEAR,31/12/2021,1,1503.020101,MAQUINAS Y EQUIPOS DE OFICINA,M,CANON,CAMEO ZOOM,,NEGRO,,,,,,,,,BAJA,10/03/2023 15:46:06,,D,,
3413,35,35,742208530011,CAMARA FOTOGRAFICA,SANEAR,31/12/2021,1,1503.020101,MAQUINAS Y EQUIPOS DE OFICINA,M,ZENIT,122,,NEGRO,91018373 DE 19ESP,,,,,,,,BAJA,10/03/2023 15:40:14,,D,,
3414,35,35,742208530013,CAMARA FOTOGRAFICA,SANEAR,31/12/2021,1,1503.020101,MAQUINAS Y EQUIPOS DE OFICINA,M,CANON,,,PLOMO,,,,,,,,,BAJA,10/03/2023 15:45:07,,D,,
3415,35,35,742208530015,CAMARA FOTOGRAFICA,O/C Nº 3-00112,30/09/2009,980,1503.020101,MAQUINAS Y EQUIPOS DE OFICINA,M,SONY CYBER,,DIGITAL,NEGRO,6581004,,,,,,,,BAJA,10/03/2023 15:48:59,,D,,
3416,35,35,742208530020,CAMARA FOTOGRAFICA,SANEAR,31/12/2021,1,1503.020101,MAQUINAS Y EQUIPOS DE OFICINA,M,OLYMPUS,,,PLOMO,,,,,,,,,BAJA,10/03/2023 15:47:48,,D,,
3417,35,35,742208530021,CAMARA FOTOGRAFICA,SANEAR,31/12/2021,1,1503.020101,MAQUINAS Y EQUIPOS DE OFICINA,M,CANON,PRIMA BF-800,,PLOMO,,,,,,,,,BAJA,10/03/2023 15:42:24,,D,,
3418,35,35,742208970005,CAMARA FOTOGRAFICA DIGITAL,O/C Nº 8-00105,23/04/2010,908,1503.020101,MAQUINAS Y EQUIPOS DE OFICINA,M,SONY,DSC W310,,NEGRO,195936,,,,,,,,BAJA,10/03/2023 15:49:25,,D,,
3419,35,35,742208970007,CAMARA FOTOGRAFICA DIGITAL,O/C Nº 179,7/07/2011,297,1503.020101,MAQUINAS Y EQUIPOS DE OFICINA,M,OLYMPUS,,,,U4YB53515,,,,,,,,,10/03/2023 15:47:20,,U,,
3420,35,35,742208970008,CAMARA FOTOGRAFICA DIGITAL,O/C Nº 351,4/12/2012,9800,1503.020101,MAQUINAS Y EQUIPOS DE OFICINA,M,CANON,E05 5D,,NEGRO,DS126201,,,,,,,,BAJA,10/03/2023 15:39:40,,D,,
3421,35,48,742208970012,CAMARA FOTOGRAFICA DIGITAL,O/C Nº 300,9/10/2015,1125,1503.020101,MAQUINAS Y EQUIPOS DE OFICINA,R,NIKON,COOLPIX - S 950,,NEGRO,31107259,,,,,,,,,13/03/2023 12:07:41,,U,KEVIN MIDGUAR ARCE TAIRO,3
3422,35,48,742208970013,CAMARA FOTOGRAFICA DIGITAL,O/C Nº 300,9/10/2015,1125,1503.020101,MAQUINAS Y EQUIPOS DE OFICINA,R,NIKON,COOLPIX - S 951,,NEGRO,31166415,,,,,,,,,13/03/2023 12:08:22,,U,KEVIN MIDGUAR ARCE TAIRO,3
3423,35,35,742208970014,CAMARA FOTOGRAFICA DIGITAL,O/C Nº 300,9/10/2015,1125,1503.020101,MAQUINAS Y EQUIPOS DE OFICINA,B,NIKON,S 9502,,NEGRO,31102185,,,,,,,,,10/03/2023 15:51:06,,U,,
3424,35,35,742208970016,CAMARA FOTOGRAFICA DIGITAL,O/C Nº 270,9/09/2015,1190,1503.020101,MAQUINAS Y EQUIPOS DE OFICINA,M,SONY,DSC-WX350,,NEGRO,1032357,,,,,,,,BAJA,10/03/2023 15:43:28,,D,,
3425,35,35,742208970017,CAMARA FOTOGRAFICA DIGITAL,O/C Nº 270,9/09/2015,1190,1503.020101,MAQUINAS Y EQUIPOS DE OFICINA,M,SONY,DSC-WX350,,NEGRO,1033200,,,,,,,,BAJA,10/03/2023 15:50:00,,D,,
3426,35,35,742208970018,CAMARA FOTOGRAFICA DIGITAL,O/C Nº 248,13/09/2016,799,1503.020101,MAQUINAS Y EQUIPOS DE OFICINA,M,PANASONIC LUMIX,DMC-SZ10,CAMARA FOTOGRAFICA,NEGRO,UP5GB005342,,,,,,,,BAJA,10/03/2023 15:48:23,,D,,
3427,35,35,536424300001,CAMILLA DE MADERA,SANEAR,31/12/2021,1,1503.020401,MOBILIARIO MEDICO,R,,,,AMARILLO,,,,,,,,,,13/03/2023 12:43:31,,U,,
3428,35,48,536425250001,CAMILLA DE METAL,SANEAR,31/12/2021,1,1503.020401,MOBILIARIO MEDICO,R,,,,NEGRO/BLANCO,,1.80X0.77X0.58,,,,,,,,13/03/2023 11:32:16,,U,KEVIN MIDGUAR ARCE TAIRO,3
3429,35,,678250000017,CAMIONETA,O/C Nª 6-00047,6/05/2010,90900,1503.0101,VEHICULOS PARA TRANSPORTE TERRESTRE,R,NISSAN,NAVARA,EGA-938,PLATA,,,EGA-938,YD25200196T,MNTCCUD40A6002909,,.,,,,,U,,
3430,35,,678250000018,CAMIONETA,O/C Nª 6-00046,6/05/2010,90900,1503.0101,VEHICULOS PARA TRANSPORTE TERRESTRE,R,NISSAN,NAVARA,EGA-937,GRIS PERLADO MO,,,EGA-937,MOTOR: YD25201786T,MNTCCUD40A6002951,,2010,,,,,U,,
3431,35,,678250000019,CAMIONETA,O/C Nª 000081,26/04/2012,108112.5,1503.0101,VEHICULOS PARA TRANSPORTE TERRESTRE,R,TOYOTA,HILUX (4X4),EGH-146,PLATA METALICO,,,..,MOTOR: 1KD6983172,MR0FZ22G6C1062136,,2012,,,,,U,,
3432,35,,678250000021,CAMIONETA,O/C Nº 000211,6/05/2013,107500,1503.0101,VEHICULOS PARA TRANSPORTE TERRESTRE,R,TOYOTA,HILUX,Z4T-907,PLATA METALICO,,,..,1KDA101587,MR0FZ22G7D1193397,,2013,,,,,U,,
3433,35,,678250000023,CAMIONETA,01138,31/12/2021,1,1503.0101,VEHICULOS PARA TRANSPORTE TERRESTRE,R,TOYOTA,HILUX 4X4,EGL-389-PLACA 1,ROJO VINO,,,EGL-389,MOTOR: 22R4120562,RN1050006167,,1995,,,,,U,,
3434,35,32,740800500001,CAPTURADOR DE IMAGEN - SCANNER,O/C Nª 68,29/05/2007,330,1503.020301,EQUIPOS COMPUTACIONALES Y PERIFERICOS,R,HP,SCANJET 2400,,PLOMO/BLANCO,CN6BVSR2XR,,,,,,,,,07/03/2023 01:29:37,,U,user user user,1
3435,35,35,672227260005,COMPRESORA DE AIRE,O/C Nª 000374,6/12/2012,875,1503.020906,EQUIPOS PARA VEHICULOS,R,DENTALAIR,JYK50A,,BLANCO,,,,,,,,,,14/03/2023 09:59:39,,U,,
3436,35,35,672227260012,COMPRESORA DE AIRE,SANEAR,31/12/2021,1,1503.020906,EQUIPOS PARA VEHICULOS,R,TRUPER,150 PSI,,NEGRO/AMARILLO,,,,,,,,,,10/03/2023 13:04:44,,U,,
3437,35,35,672227260013,COMPRESORA DE AIRE,SANEAR,31/12/2021,1,1503.020906,EQUIPOS PARA VEHICULOS,M,,1HP/220-50-HZ-3,15 HG,PLOMO NEGRO,,,,,,,,,,10/03/2023 11:43:45,,D,,
3438,35,35,740805000002,COMPUTADORA PERSONAL PORTATIL,SANEAR,31/12/2021,1,1503.020301,EQUIPOS COMPUTACIONALES Y PERIFERICOS,M,COMPAC EVO,EVO N610C,,NEGRO,,,,,,,,,BAJA,10/03/2023 15:53:04,,D,,
3439,35,35,740805000008,COMPUTADORA PERSONAL PORTATIL,O/C Nª 00132,21/06/2011,1800,1503.020301,EQUIPOS COMPUTACIONALES Y PERIFERICOS,M,HP,,,NEGRO,5CG11003XY,,,,,,,,RAEE-BAJA,10/03/2023 10:25:59,,U,,
3440,35,35,740805000013,COMPUTADORA PERSONAL PORTATIL,SANEAR,31/12/2021,1,1503.020301,EQUIPOS COMPUTACIONALES Y PERIFERICOS,R,LENOVO,Z50-70,,PLOMO/NEGRO,705070,,,,,,,,,10/03/2023 11:13:05,,U,,
3441,35,,740805000015,COMPUTADORA PERSONAL PORTATIL,SANEAR,31/12/2021,1,1503.020301,EQUIPOS COMPUTACIONALES Y PERIFERICOS,R,HP,DV6,COREL DUO,NEGRO,4CA 9090SQR,,,,,,,,,,,U,,
3442,35,35,602219170001,CONDUCTIMETRO - CONDUCTIVIMETRO,SANEAR,31/12/2021,1,1503.020905,EQUIPOS E INSTRUMENTOS DE MEDICION,M,,LFTD,,,34501,,,,,,,,,10/03/2023 15:01:54,,U,,
3443,35,35,602219170002,CONDUCTIMETRO - CONDUCTIVIMETRO,O/C Nª 416,29/08/1997,3473.28,1503.020905,EQUIPOS E INSTRUMENTOS DE MEDICION,M,HACH,CO-150,,BLANCO/NEGRO,50150,,,,,,,,BAJA,10/03/2023 16:06:42,,D,,
3444,35,48,602219170003,CONDUCTIMETRO - CONDUCTIVIMETRO,O/C Nª 3-00089,4/09/2009,1,1503.020905,EQUIPOS E INSTRUMENTOS DE MEDICION,M,LUTRON,YK-22CT,,BEIGE,AD16487,,,,,,,,NO ENCIENDE,13/03/2023 12:03:36,,U,KEVIN MIDGUAR ARCE TAIRO,3
3445,35,35,602224260001,CORRENTOMETRO,SANEAR,31/12/2021,1,1503.020905,EQUIPOS E INSTRUMENTOS DE MEDICION,M,,792,,,65013,,,,,,,,,10/03/2023 16:26:48,,U,,
3446,35,,602224260002,CORRENTOMETRO,SANEAR,31/12/2021,1,1503.020905,EQUIPOS E INSTRUMENTOS DE MEDICION,M,,D-8950,,,65013,,,,,,,,,,,U,,
3447,35,35,602224260003,CORRENTOMETRO,O/C Nª 3-00089,4/09/2009,67800,1503.020905,EQUIPOS E INSTRUMENTOS DE MEDICION,R,STORM-CASE,CMC3,,AZUL,09-10,,,,,,,,,13/03/2023 11:02:04,,U,,
3448,35,48,602224830001,CORRENTOMETRO ELECTRICO,O/C Nª 000356,5/12/2012,27500,1503.020905,EQUIPOS E INSTRUMENTOS DE MEDICION,R,OTT,MF PRO,ESTUCHE AZUL,PLATEADO,299699,,,,,,,,,13/03/2023 12:09:54,,U,KEVIN MIDGUAR ARCE TAIRO,3
3449,35,35,746433050001,CREDENZA DE METAL,SANEAR,31/12/2021,1,1503.020102,MOBILIARIO DE OFICINA,R,,3 NIVELES,,PLOMO,,0.47X1.20X1.26,,,,,,,,10/03/2023 11:12:17,,U,,
3450,35,35,602225960001,CRONOMETRO,SANEAR,31/12/2021,1,1503.020905,EQUIPOS E INSTRUMENTOS DE MEDICION,M,,,,BLANCO,52444,,,,,,,,BAJA,10/03/2023 15:07:09,,D,,
3451,35,35,602230480005,DETERMINADOR DE DENSIDAD,O/C Nª 000989,20/12/2013,400,1503.020905,EQUIPOS E INSTRUMENTOS DE MEDICION,M,PYS,,,PLOMO,110,,,,,,,,,13/03/2023 12:14:01,,U,,
3452,35,35,602230480010,DETERMINADOR DE DENSIDAD,O/C Nª 000475,16/07/2013,400,1503.020905,EQUIPOS E INSTRUMENTOS DE MEDICION,M,PYS,,CONO DE ARENA,BLANCO,102,,,,,,,,,13/03/2023 12:14:04,,U,,
3453,35,48,602233310001,DISTANCIOMETRO ELECTRONICO,O/C Nª 377,23/11/2015,2650,1503.020905,EQUIPOS E INSTRUMENTOS DE MEDICION,R,LEICA,D810-200M,,ROJO/NEGRO,5041540061,,,,,,,,,13/03/2023 12:10:58,,U,KEVIN MIDGUAR ARCE TAIRO,3
3454,35,48,602233310002,DISTANCIOMETRO ELECTRONICO,O/C Nª 377,23/11/2015,2650,1503.020905,EQUIPOS E INSTRUMENTOS DE MEDICION,R,LEICA,D810-200M,,ROJO/NEGRO,5041410628,,,,,,,,,13/03/2023 12:05:18,,U,KEVIN MIDGUAR ARCE TAIRO,3
3455,35,35,602234440001,ECLIMETRO,SANEAR,31/12/2021,1,1503.020905,EQUIPOS E INSTRUMENTOS DE MEDICION,M,,,,AMARILLO,,,,,,,,,BAJA,10/03/2023 16:02:05,,D,,
3456,35,35,672235280001,ELECTROBOMBA,O/C Nº 766,17/12/1997,1021.2,1503.020906,EQUIPOS PARA VEHICULOS,M,PENTAX,C5-200/2,CENTRIFUGA PENX,AZUL-PLATEADO,CENTRIFUGA PENTAX,,,,,,,,BAJA,13/03/2023 12:53:08,,U,,
3457,35,,672235280002,ELECTROBOMBA,O/C Nº 766,17/12/1997,1269.6,1503.020906,EQUIPOS PARA VEHICULOS,M,MYERS,HP1-3NFL102-20,SUMERGIBLE,PLATEADO,289622379-2379,,,,,,,,,,,U,,
3458,35,6,672238180001,ENGRAPADORA DE TENAZA NEUMATICA,VERIFICAR,31/12/2021,1,1503.020906,EQUIPOS PARA VEHICULOS,M,,,,,,,,,,,,,,07/03/2023 01:19:03,,U,user user user,1
3459,35,35,672238180004,ENGRAPADORA DE TENAZA NEUMATICA,VERIFICAR,31/12/2021,1,1503.020906,EQUIPOS PARA VEHICULOS,M,KW-TRIO,50SAN,,PLOMO,,,,,,,,,ENGRAMPADORA ,10/03/2023 10:46:32,,U,,
3460,35,6,462243540001,EQUIPO DE ALARMA Y PROTECCION,O/C Nº 343,13/11/2015,1459,1503.020905,EQUIPOS E INSTRUMENTOS DE MEDICION,B,LONGHORN SISTEA,,ANTIRROBO,BLANCO/PLOMO,,,,,,,,,,07/03/2023 00:52:08,,U,user user user,1
3461,35,48,952231860006,EQUIPO DE POSICIONAMIENTO - GPS,SANEAR,31/12/2021,1,1503.020303,EQUIPOS DE TELECOMUNICACIONES,R,ASHTECH,ASH111660,,AZUL,6572,,,,,,,,,10/03/2023 18:20:08,,U,,
3462,35,48,952231860007,EQUIPO DE POSICIONAMIENTO - GPS,O/C Nº377,23/11/2015,11550,1503.020303,EQUIPOS DE TELECOMUNICACIONES,R,LEICA,,,VERDE/BLANCO,2899788,,,,,,,,EN CAJA ROJA,13/03/2023 11:47:34,,U,KEVIN MIDGUAR ARCE TAIRO,3
3463,35,35,952231860009,EQUIPO DE POSICIONAMIENTO - GPS,O/C Nº 377,23/11/2015,2250,1503.020303,EQUIPOS DE TELECOMUNICACIONES,B,GARMIN,OREGÓN 650-T,NAVEGADOR,NEGRO,30D057917,,,,,,,,,14/03/2023 12:15:30,,U,KEVIN MIDGUAR ARCE TAIRO,3
3464,35,35,952231860010,EQUIPO DE POSICIONAMIENTO - GPS,O/C Nº 377,23/11/2015,2250,1503.020303,EQUIPOS DE TELECOMUNICACIONES,B,GARMIN,OREGÓN 650-T,NAVEGADOR,NEGRO/PLOMO,30D057956,,,,,,,,,14/03/2023 12:15:33,,U,KEVIN MIDGUAR ARCE TAIRO,3
3465,35,48,952231860013,EQUIPO DE POSICIONAMIENTO - GPS,SANEAR,31/12/2021,1,1503.020303,EQUIPOS DE TELECOMUNICACIONES,R,MAGELLAN,SPORTRAK MAP,NAVEGADOR,NEGRO/DORADO,,,,,,,,,,13/03/2023 12:07:19,,U,KEVIN MIDGUAR ARCE TAIRO,3
3466,35,,952233750001,EQUIPO DE SONIDO,SANEAR,31/12/2021,1,1503.020303,EQUIPOS DE TELECOMUNICACIONES,B,PHONIC,ISK15,PARLANTE,NEGRO,#PBJ1060195,,,,,,,,,,,U,,
3467,35,48,742223580002,EQUIPO MULTIFUNCIONAL COPIADORA IMPRESORA SCANNER Y/O FAX,SANEAR,31/12/2021,1,1503.020101,MAQUINAS Y EQUIPOS DE OFICINA,R,HP LASER JET,M1319FMFP,,PLOMO,CH389D00A2,,,,,,,,,10/03/2023 18:16:27,,U,,
3468,35,35,742223580032,EQUIPO MULTIFUNCIONAL COPIADORA IMPRESORA SCANNER Y/O FAX,O/C Nº 246,12/09/2016,850,1503.020101,MAQUINAS Y EQUIPOS DE OFICINA,R,EPSON,L375,,NEGRO,NA6Y043914,,,,,,,,IMPRESORA,10/03/2023 10:08:04,,U,,
3469,35,47,742223580033,EQUIPO MULTIFUNCIONAL COPIADORA IMPRESORA SCANNER Y/O FAX,O/C Nº 450,20/12/2016,771.39,1503.020101,MAQUINAS Y EQUIPOS DE OFICINA,R,EPSON,L220,,NEGRO,UGQK276460,,,,,,,,,09/03/2023 12:49:58,,U,KEVIN MIDGUAR ARCE TAIRO,3
3470,35,48,742223580036,EQUIPO MULTIFUNCIONAL COPIADORA IMPRESORA SCANNER Y/O FAX,SANEAR,31/12/2021,1,1503.020101,MAQUINAS Y EQUIPOS DE OFICINA,M,HP,M1536DNFM,LASERJET,NEGRO,CNF9DCXF8J,,,,,,,,BAJA,13/03/2023 12:14:53,,U,KEVIN MIDGUAR ARCE TAIRO,3
3471,35,35,42240480014,EQUIPO PARA ANALISIS DE SUELOS,O/C Nº 377,23/11/2015,270,1503.020502,EQUIPO DE USO AGRICOLA Y PESQUERO,B,ESTWING,E3-23LP,PICOTA,PLOMO,96621102,,,,,,,,,10/03/2023 16:00:28,,U,,
3472,35,35,746437120048,ESCRITORIO DE MADERA,O/C Nº 153,4/07/2012,430,1503.020102,MOBILIARIO DE OFICINA,R,,3 GAVETAS,,AMARILLO,,1.24x0.63x0.76,,,,,,,,10/03/2023 10:56:42,,U,,
3473,35,48,746437120060,ESCRITORIO DE MADERA,SANEAR,31/12/2021,1,1503.020102,MOBILIARIO DE OFICINA,R,,,,CAOBA,,1.20X0.80X0.77,,,,,,,,13/03/2023 11:25:57,,U,KEVIN MIDGUAR ARCE TAIRO,3
3474,35,35,746437450024,ESCRITORIO DE MELAMINA,O/C Nº 30,4/03/2016,990,1503.020102,MOBILIARIO DE OFICINA,B,MELAMINE,,,NEGRO/BEIGE,,1.42x0.70x0.77,,,,,,,,10/03/2023 11:06:32,,U,,
3475,35,48,746437790032,ESCRITORIO DE METAL,SANEAR,31/12/2021,1,1503.020102,MOBILIARIO DE OFICINA,R,,,,PLOMO,,1.15X0.60X0.73,,,,,,,,13/03/2023 11:27:52,,U,KEVIN MIDGUAR ARCE TAIRO,3
3476,35,6,462252150002,ESTABILIZADOR,SANEAR,31/12/2021,1,1503.020904,ELECTRICIDAD Y ELECTRONICA,M,LALI POWER,SV 1004,,PLOMO,,,,,,,,,,04/03/2023 12:10:42,,U,DELIA RUTH QUISPE SONCCO,4
3477,35,6,462252150004,ESTABILIZADOR,SANEAR,31/12/2021,1,1503.020904,ELECTRICIDAD Y ELECTRONICA,R,BELTRON,AVR,,ROJO/BLANCO,,,,,,,,,,07/03/2023 00:52:56,,U,user user user,1
3478,35,6,462252150007,ESTABILIZADOR,O/C Nº 340,30/06/1995,134.99,1503.020904,ELECTRICIDAD Y ELECTRONICA,M,BELTRON,HP-1000A,MINI POWER,PLOMO,23902-979,,,,,,,,,07/03/2023 00:53:24,,U,user user user,1
3479,35,6,462252150008,ESTABILIZADOR,SANEAR,31/12/2021,1,1503.020904,ELECTRICIDAD Y ELECTRONICA,M,STABY TRON,ST-01,,BLANCO,,,,,,,,,,07/03/2023 00:54:16,,U,user user user,1
3480,35,6,462252150011,ESTABILIZADOR,SANEAR,31/12/2021,1,1503.020904,ELECTRICIDAD Y ELECTRONICA,M,HOME-POWER,600-HPC-220,,BLANCO,78084,,,,,,,,,07/03/2023 00:54:45,,U,user user user,1
3481,35,6,462252150012,ESTABILIZADOR,SANEAR,31/12/2021,1,1503.020904,ELECTRICIDAD Y ELECTRONICA,M,DINA POWER,,,PLOMO,,,,,,,,,,07/03/2023 00:55:32,,U,user user user,1
3482,35,6,462252150013,ESTABILIZADOR,SANEAR,31/12/2021,1,1503.020904,ELECTRICIDAD Y ELECTRONICA,M,ALTRON,,CUÑA,NEGRO,,,,,,,,,,07/03/2023 00:56:01,,U,user user user,1
3483,35,48,462252150015,ESTABILIZADOR,SANEAR,31/12/2021,1,1503.020904,ELECTRICIDAD Y ELECTRONICA,M,STABY TRON,,,BLANCO,,,,,,,,,,13/03/2023 12:54:30,,U,KEVIN MIDGUAR ARCE TAIRO,3
3484,35,6,462252150016,ESTABILIZADOR,SANEAR,31/12/2021,1,1503.020904,ELECTRICIDAD Y ELECTRONICA,M,STAR,1000-ST-220,,BLANCO,0151/96,,,,,,,,,07/03/2023 00:56:34,,U,user user user,1
3485,35,6,462252150017,ESTABILIZADOR,SANEAR,31/12/2021,1,1503.020904,ELECTRICIDAD Y ELECTRONICA,M,BELTRON,AVR,,ROJO/BLANCO,,,,,,,,,,07/03/2023 00:57:16,,U,user user user,1
3486,35,6,462252150020,ESTABILIZADOR,SANEAR,31/12/2021,1,1503.020904,ELECTRICIDAD Y ELECTRONICA,M,AMERICAN MICRO,DP.500N,,CELESTE/BLANCO,S/S,,,,,,,,,07/03/2023 00:57:51,,D,user user user,1
3487,35,6,462252150021,ESTABILIZADOR,SANEAR,31/12/2021,1,1503.020904,ELECTRICIDAD Y ELECTRONICA,M,LALI POWER,,,PLOMO,,,,,,,,,,07/03/2023 00:58:34,,U,user user user,1
3488,35,48,462252150022,ESTABILIZADOR,O/C Nº 3-00048,28/05/2010,200,1503.020904,ELECTRICIDAD Y ELECTRONICA,M,LAB POWER,Y2,,BLANCO,,,,,,,,,,13/03/2023 12:53:30,,U,KEVIN MIDGUAR ARCE TAIRO,3
3489,35,6,462252150023,ESTABILIZADOR,O/C Nº 3-00043,25/05/2010,110,1503.020904,ELECTRICIDAD Y ELECTRONICA,R,LALI POWER,FP102,,BLANCO,,,,,,,,,,07/03/2023 00:59:05,,U,user user user,1
3490,35,6,462252150024,ESTABILIZADOR,O/C Nº 3-00060,10/08/2009,54.27,1503.020904,ELECTRICIDAD Y ELECTRONICA,R,DUAL PLUS,600-DP-4,,BLANCO,0294-96,,,,,,,,,07/03/2023 00:59:21,,U,user user user,1
3491,35,6,462252150027,ESTABILIZADOR,SANEAR,31/12/2021,1,1503.020904,ELECTRICIDAD Y ELECTRONICA,R,FESE,FES10,,PLOMO,12028457,,,,,,,,,07/03/2023 00:59:51,,U,user user user,1
3492,35,6,462252150030,ESTABILIZADOR,O/C Nº 95,19/09/2008,52.61,1503.020904,ELECTRICIDAD Y ELECTRONICA,M,OMEGA,TECH,,NEGRO,142371,,,,,,,,,21/03/2023 10:32:05,,U,DELIA RUTH QUISPE SONCCO,4
3493,35,6,462252150034,ESTABILIZADOR,O/C Nº 3-00060,10/08/2009,54.27,1503.020904,ELECTRICIDAD Y ELECTRONICA,M,ALTRON,,8 ENTRADAS,NEGRO,,,,,,,,,,04/03/2023 12:55:13,,U,DELIA RUTH QUISPE SONCCO,4
3494,35,35,462252150035,ESTABILIZADOR,O/C Nº 3-00060,10/08/2009,54.27,1503.020904,ELECTRICIDAD Y ELECTRONICA,R,AVRALTRON,S/M,,NEGRO,92608724,,,,,,,,,10/03/2023 10:57:59,,U,,
3495,35,6,462252150036,ESTABILIZADOR,O/C 254,12/11/2007,32.96,1503.020904,ELECTRICIDAD Y ELECTRONICA,M,ELECTRONICS,,,BLANCO,AC588/94,,,,,,,,,07/03/2023 01:00:35,,U,user user user,1
3496,35,48,462252150038,ESTABILIZADOR,O/C Nº 3-00105,25/09/2009,640,1503.020904,ELECTRICIDAD Y ELECTRONICA,M,ALTRON,,,NEGRO,92608726,,,,,,,,,13/03/2023 12:55:15,,U,KEVIN MIDGUAR ARCE TAIRO,3
3497,35,6,462252150039,ESTABILIZADOR,SANEAR,31/12/2021,1,1503.020904,ELECTRICIDAD Y ELECTRONICA,M,AVR ALTRON,S/M,SOLIDO,NEGRO,92608724,,,,,,,,,20/03/2023 16:46:53,,U,DELIA RUTH QUISPE SONCCO,4
3498,35,6,462252150043,ESTABILIZADOR,O/C Nº 6-00046,27/11/2009,55.76,1503.020904,ELECTRICIDAD Y ELECTRONICA,M,ALTRON,,,NEGRO,92606694,,,,,,,,,04/03/2023 15:12:07,,U,DELIA RUTH QUISPE SONCCO,4
3499,35,48,462252150049,ESTABILIZADOR,SANEAR,31/12/2021,1,1503.020904,ELECTRICIDAD Y ELECTRONICA,M,FES10,FASE ESOLIDO,,BLANCO,12025930,,,,,,,,,13/03/2023 12:56:03,,U,KEVIN MIDGUAR ARCE TAIRO,3
3500,35,48,462252150051,ESTABILIZADOR,O/C Nº 155,4/07/2012,82,1503.020904,ELECTRICIDAD Y ELECTRONICA,M,ELISE,FES 10 FASE,SOLIDO,PLOMO,12020317,,,,,,,,,13/03/2023 12:53:55,,U,KEVIN MIDGUAR ARCE TAIRO,3
3501,35,33,462252150057,ESTABILIZADOR,O/C Nº 9-00084,31/12/2021,1,1503.020904,ELECTRICIDAD Y ELECTRONICA,R,CDP,,,NEGRO,,,,,,,,,,10/03/2023 12:11:25,,U,,
3502,35,6,462252150060,ESTABILIZADOR,SANEAR,31/12/2021,1,1503.020904,ELECTRICIDAD Y ELECTRONICA,M,FAIRSTONE-POWER,,AVR,NEGRO/BLANCO,70422550,,,,,,,,,07/03/2023 01:01:36,,U,user user user,1
3503,35,6,462252150061,ESTABILIZADOR,SANEAR,31/12/2021,1,1503.020904,ELECTRICIDAD Y ELECTRONICA,R,LAB POWER,ESTABY-1994,SOLIDO ELISE,BLANCO,"""13026022",,,,,,,,,07/03/2023 01:01:54,,U,user user user,1
3504,35,6,462252150068,ESTABILIZADOR,SANEAR,31/12/2021,1,1503.020904,ELECTRICIDAD Y ELECTRONICA,M,STABY TRON,ST-01,,BLANCO,0100 5081,,,,,,,,,04/03/2023 12:50:08,,U,DELIA RUTH QUISPE SONCCO,4
3505,35,35,462252150072,ESTABILIZADOR,O/C Nº 37,22/02/2010,54.74,1503.020904,ELECTRICIDAD Y ELECTRONICA,M,APC,LE600I,,BLANCO,,,,,,,,,RAEE - BAJA,10/03/2023 12:06:30,,D,,
3506,35,35,462252150080,ESTABILIZADOR,O/C Nº 33,31/12/2021,1,1503.020904,ELECTRICIDAD Y ELECTRONICA,R,CBP,AVR,6 ENTRADAS,NEGRO,5827700052,,,,,,,,,10/03/2023 11:10:45,,U,,
3507,35,6,462252150083,ESTABILIZADOR,O/C Nº 998,29/12/1995,222.3,1503.020904,ELECTRICIDAD Y ELECTRONICA,M,ALTRON,,CUÑA,NEGRO,,,,,,,,,,07/03/2023 01:05:00,,U,user user user,1
3508,35,48,462252150087,ESTABILIZADOR,O/C Nº 68,5/08/2008,52.61,1503.020904,ELECTRICIDAD Y ELECTRONICA,M,ALTRON,,,NEGRO,,,,,,,,,,13/03/2023 12:56:36,,U,KEVIN MIDGUAR ARCE TAIRO,3
3509,35,48,462252150088,ESTABILIZADOR,O/C Nº 8-00002,24/02/2010,598.5,1503.020904,ELECTRICIDAD Y ELECTRONICA,M,APC,LINER-R 600,,CREMA,,,,,,,,,,13/03/2023 12:54:48,,U,KEVIN MIDGUAR ARCE TAIRO,3
3510,35,35,462252150089,ESTABILIZADOR,O/C Nº 34,22/02/2010,67.83,1503.020904,ELECTRICIDAD Y ELECTRONICA,M,APC,LE600I,LINE-R 600,BLANCO,5L0843T27665,,,,,,,,BAJA,10/03/2023 12:08:20,,D,,
3511,35,35,462252150092,ESTABILIZADOR,O/C Nº 375,30/12/2003,44.5,1503.020904,ELECTRICIDAD Y ELECTRONICA,M,APC,LE600I,4 ENTRADAS,BLANCO,4L0938P30920,,,,,,,,,10/03/2023 12:09:06,,D,,
3512,35,35,462252150094,ESTABILIZADOR,O/C Nº 352,13/10/2011,57.12,1503.020904,ELECTRICIDAD Y ELECTRONICA,R,CDP,,,BLANCO / PLOMO,,,,,,,,,RECOD- ES CALEFACTOR,10/03/2023 11:17:30,,U,,
3513,35,6,462252150095,ESTABILIZADOR,SANEAR,31/12/2021,1,1503.020904,ELECTRICIDAD Y ELECTRONICA,M,BELTRON,AVR,,ROJO/BLANCO,,,,,,,,,,07/03/2023 01:06:25,,U,user user user,1
3514,35,6,462252150096,ESTABILIZADOR,SANEAR,31/12/2021,1,1503.020904,ELECTRICIDAD Y ELECTRONICA,M,BELTRON,AVR,,ROJO/BLANCO,,,,,,,,,,07/03/2023 01:07:07,,U,user user user,1
3515,35,6,462252150097,ESTABILIZADOR,SANEAR,31/12/2021,1,1503.020904,ELECTRICIDAD Y ELECTRONICA,M,BELTRON,POWER,,PLOMO,,,,,,,,,,07/03/2023 01:08:24,,U,user user user,1
3516,35,6,462252150098,ESTABILIZADOR,SANEAR,31/12/2021,1,1503.020904,ELECTRICIDAD Y ELECTRONICA,M,OMEGA,TECH,,NEGRO,142368,,,,,,,,,07/03/2023 01:09:46,,U,user user user,1
3517,35,35,462252150099,ESTABILIZADOR,SANEAR,31/12/2021,1,1503.020904,ELECTRICIDAD Y ELECTRONICA,M,NIPPON AMERICA,,,PLOMO,,,,,,,,,,10/03/2023 12:05:56,,D,,
3518,35,,462252150103,ESTABILIZADOR,O/C Nº 6-00066,16/07/2010,165,1503.020904,ELECTRICIDAD Y ELECTRONICA,R,,,,NEGRO,,,,,,,,,,,,U,,
3519,35,6,462252150107,ESTABILIZADOR,O/C Nº 699,29/11/1996,219.3,1503.020904,ELECTRICIDAD Y ELECTRONICA,M,HIGH POWER,ESTÁNDAR,LM 339-2R,BLANCO,,,,,,,,,,07/03/2023 01:10:26,,D,user user user,1
3520,35,6,462252150110,ESTABILIZADOR,SANEAR,31/12/2021,1,1503.020904,ELECTRICIDAD Y ELECTRONICA,M,POWER LITE,EXCEL SR 1004,,NEGRO,1.20926E+15,,,,,,,,,07/03/2023 01:10:53,,U,user user user,1
3521,35,48,462252150113,ESTABILIZADOR,O/C 381,30/10/2004,46.41,1503.020904,ELECTRICIDAD Y ELECTRONICA,M,SUPERTRON,,,BLANCO,,,,,,,,,,13/03/2023 12:59:29,,U,KEVIN MIDGUAR ARCE TAIRO,3
3522,35,48,462252150116,ESTABILIZADOR,O/C Nº 3-00125,30/10/2009,51,1503.020904,ELECTRICIDAD Y ELECTRONICA,M,QUASAR,,,NEGRO,,,,,,,,,,13/03/2023 12:59:06,,U,KEVIN MIDGUAR ARCE TAIRO,3
3523,35,35,462252150121,ESTABILIZADOR,O/C Nº 253,12/11/2007,32.96,1503.020904,ELECTRICIDAD Y ELECTRONICA,R,CDP,RIZ-AVZ1008I,CDP,,150527.0382,,,,,,,,,10/03/2023 10:34:17,,U,,
3524,35,6,462252150129,ESTABILIZADOR,SANEAR,31/12/2021,1,1503.020904,ELECTRICIDAD Y ELECTRONICA,M,CYBERLINK,,,PLOMO,,,,,,,,,,04/03/2023 13:02:56,,U,DELIA RUTH QUISPE SONCCO,4
3525,35,,602240520001,ESTACION TOTAL,O/C Nº 3-00077,18/08/2009,34645,1503.020905,EQUIPOS E INSTRUMENTOS DE MEDICION,B,LEICA,TS02,TYPE GDF11-1,ROJO/VERDE,CH9935 - (TS02),,,,,,,,,,,U,,
3526,35,48,602240520002,ESTACION TOTAL,SANEAR,31/12/2021,1,1503.020905,EQUIPOS E INSTRUMENTOS DE MEDICION,R,LEICA,TSO9 PLUS,TYPE GDF11-1,ROJO/VERDE,748888,,,,,,,,,13/03/2023 13:08:12,,U,KEVIN MIDGUAR ARCE TAIRO,3
3527,35,,602240520005,ESTACION TOTAL,SANEAR,31/12/2021,1,1503.020905,EQUIPOS E INSTRUMENTOS DE MEDICION,R,LEICA,,,,135283,,,,,,,,,,,U,,
3528,35,35,746441180004,ESTANTE DE MADERA,O/C Nº 8-00166,25/05/2010,150,1503.020102,MOBILIARIO DE OFICINA,R,,4 NIVELES,,PLOMO,,,,,,,,,,14/03/2023 10:40:59,,U,,
3529,35,35,746441180008,ESTANTE DE MADERA,SANEAR,31/12/2021,1,1503.020102,MOBILIARIO DE OFICINA,R,,,,CAOBA,,,,,,,,,,14/03/2023 10:26:08,,U,,
3530,35,9,746441180010,ESTANTE DE MADERA,O/C Nº 161,12/04/2013,300,1503.020102,MOBILIARIO DE OFICINA,R,,5 NIVELES,,PLOMO,,,,,,,,,,07/03/2023 02:06:10,,U,user user user,1
3531,35,35,746441180012,ESTANTE DE MADERA,SANEAR,31/12/2021,1,1503.020102,MOBILIARIO DE OFICINA,R,,4 NIVELES,,CAOBA,,1.03x0.29x1.51,,,,,,,,10/03/2023 10:51:48,,U,,
3532,35,35,746441180018,ESTANTE DE MADERA,SANEAR,31/12/2021,1,1503.020102,MOBILIARIO DE OFICINA,R,,3 NIVELES / 2 S,,PLOMO,,,,,,,,,ES PREFABRICADO,14/03/2023 10:02:16,,U,,
3533,35,35,746441180030,ESTANTE DE MADERA,SANEAR,31/12/2021,1,1503.020102,MOBILIARIO DE OFICINA,R,,4 NIVELES,,CAOBA,,,,,,,,,,14/03/2023 10:35:57,,U,,
3534,35,35,746441180040,ESTANTE DE MADERA,SANEAR,31/12/2021,1,1503.020102,MOBILIARIO DE OFICINA,R,,4 NIVELES,,AMARILLO,,,,,,,,,,13/03/2023 12:32:36,,U,,
3535,35,35,746441180041,ESTANTE DE MADERA,SANEAR,31/12/2021,1,1503.020102,MOBILIARIO DE OFICINA,R,,3 NIVELES,,CAOBA,,,,,,,,,,14/03/2023 10:34:49,,U,,
3536,35,35,746441180042,ESTANTE DE MADERA,SANEAR,31/12/2021,1,1503.020102,MOBILIARIO DE OFICINA,R,,2 DIVISIONES,,,,,,,,,,,,13/03/2023 12:50:25,,U,,
3537,35,35,746441180043,ESTANTE DE MADERA,SANEAR,31/12/2021,1,1503.020102,MOBILIARIO DE OFICINA,M,,,,,,,,,,,,,BAJA-PREFABRICADO,13/03/2023 12:51:30,,U,,
3538,35,35,746441180044,ESTANTE DE MADERA,SANEAR,31/12/2021,1,1503.020102,MOBILIARIO DE OFICINA,R,,4 NIV 1 DIV,,/AMARILLO,,0.30X1.65X2.00,,,,,,,PREFABRICADO,13/03/2023 12:50:14,,U,,
3539,35,35,746441180045,ESTANTE DE MADERA,SANEAR,31/12/2021,1,1503.020102,MOBILIARIO DE OFICINA,R,,,,AMARILLO,,,,,,,,,PREFABRICADO,13/03/2023 12:50:03,,U,,
3540,35,35,746441180048,ESTANTE DE MADERA,SANEAR,31/12/2021,1,1503.020102,MOBILIARIO DE OFICINA,R,,3 NIV ,,AMARILLO,,0.47X2.04X1.60,,,,,,,,14/03/2023 11:51:28,,U,KEVIN MIDGUAR ARCE TAIRO,3
3541,35,35,746441180049,ESTANTE DE MADERA,SANEAR,31/12/2021,1,1503.020102,MOBILIARIO DE OFICINA,R,,8 NIV 7 DIV,,CAOBA,,,,,,,,,,14/03/2023 10:37:51,,U,,
3542,35,35,746441860050,ESTANTE DE METAL,SANEAR,31/12/2021,1,1503.020102,MOBILIARIO DE OFICINA,M,,3 NIVELES,,PLOMO,,,,,,,,,,14/03/2023 11:47:06,,U,KEVIN MIDGUAR ARCE TAIRO,3
3543,35,48,532262380001,ESTUFA,SANEAR,31/12/2021,1,1503.020402,EQUIPO MEDICO,M,HIVAKY,QH-90B,,BLANCA,,,,,,,,,BAJA,13/03/2023 11:33:33,,U,KEVIN MIDGUAR ARCE TAIRO,3
3544,35,48,532262380002,ESTUFA,O/C Nº 421,17/12/2012,159,1503.020402,EQUIPO MEDICO,R,CONTINENTAL,,,BLANCO,,,,,,,,,ELECTRICO/RECOD,13/03/2023 11:25:07,,U,KEVIN MIDGUAR ARCE TAIRO,3
3545,35,6,322239390004,ESTUFA ELECTRICA,SANEAR,31/12/2021,1,1503.020902,"ASEO, LIMPIEZA Y COCINA",M,IMACO,,,GRIS,,,,,,,,,,06/03/2023 12:52:54,,U,user user user,1
3546,35,35,322239390005,ESTUFA ELECTRICA,O/C Nº 763,15/12/1997,255,1503.020902,"ASEO, LIMPIEZA Y COCINA",M,FAEDI,,,ROJO,,,,,,,,,BAJA,14/03/2023 10:17:51,,U,,
3547,35,48,322239390009,ESTUFA ELECTRICA,O/C Nº 421,17/12/2012,159,1503.020902,"ASEO, LIMPIEZA Y COCINA",M,CONTINENTAL,,,BLANCO,,,,,,,,,,13/03/2023 11:24:47,,U,KEVIN MIDGUAR ARCE TAIRO,3
3548,35,6,882225250003,EXTINTOR,O/C Nº 136,23/06/2015,225,1503.020903,SEGURIDAD INDUSTRIAL,R,,,,,,,,,,,,,,07/03/2023 02:33:10,,U,user user user,1
3549,35,35,952238290002,FILMADORA,O/C Nº 462,29/08/1997,3631,1503.020303,EQUIPOS DE TELECOMUNICACIONES,M,PANASONIC,N-9000,,,E7HB00052,,,,,,,,BAJA,13/03/2023 12:15:54,,U,,
3550,35,35,952238290004,FILMADORA,O/C Nº 243,23/07/2004,1400,1503.020303,EQUIPOS DE TELECOMUNICACIONES,M,PANASONIC,NV-VJ83PN,,,D31A11463,,,,,,,,BAJA,13/03/2023 11:53:53,,D,,
3551,35,35,952238290008,FILMADORA,SANEAR,31/12/2021,1,1503.020303,EQUIPOS DE TELECOMUNICACIONES,M,PANASONIC,NV-3000PN,,NEGRO,J3HB03579,,,,,,,,BAJA,13/03/2023 12:12:41,,D,,
3552,35,35,952238290010,FILMADORA,O/C Nº 43,25/03/2014,7989,1503.020303,EQUIPOS DE TELECOMUNICACIONES,M,CANON,,,NEGRO,,,,,,,,,BAJA,10/03/2023 15:54:13,,D,,
3553,35,35,952238470001,FILMADORA PROCESADORA DE MICROFICHAS,O/C Nº 3-00132,3/11/2009,3750,1503.020303,EQUIPOS DE TELECOMUNICACIONES,M,PANASONIC,PV-GS320,,PLOMO/NEGRO,,,,,,,,,BAJA,10/03/2023 15:38:46,,D,,
3554,35,35,742227260013,FOTOCOPIADORA EN GENERAL,SANEAR,31/12/2021,1,1503.020101,MAQUINAS Y EQUIPOS DE OFICINA,B,KYOCERA,FS-6525MFP ECOS,MULTIFUNCIONAL,BLANCO,M5Q006219661,,,,,,,,,10/03/2023 10:06:43,,U,,
3555,35,6,462256460001,FUENTE DE ALIMENTACION,SANEAR,31/12/2021,1,1503.020904,ELECTRICIDAD Y ELECTRONICA,M,YEASU FP 700,,,BLANCO,,,,,,,,,,07/03/2023 01:14:38,,U,user user user,1
3556,35,6,462260760004,FUENTE DE PODER,SANEAR,31/12/2021,1,1503.020904,ELECTRICIDAD Y ELECTRONICA,M,MR,PS1220,,NEGRO,,,,,,,,,,20/03/2023 17:41:43,,D,DELIA RUTH QUISPE SONCCO,4
3557,35,6,462260760005,FUENTE DE PODER,SANEAR,31/12/2021,1,1503.020904,ELECTRICIDAD Y ELECTRONICA,M,,11-9215,,,,,,,,,,,,04/03/2023 13:02:05,,U,DELIA RUTH QUISPE SONCCO,4
3558,35,6,462260760006,FUENTE DE PODER,SANEAR,31/12/2021,1,1503.020904,ELECTRICIDAD Y ELECTRONICA,M,,11-9215,,,,,,,,,,,,07/03/2023 01:15:05,,U,user user user,1
3559,35,,462260760012,FUENTE DE PODER,SANEAR,31/12/2021,1,1503.020904,ELECTRICIDAD Y ELECTRONICA,R,ALTRON,,,PLOMO,PK-200,,,,,,,,,,,U,,
3560,35,,462260760013,FUENTE DE PODER,462260760011,23/11/2022,10,1503.020904,ELECTRICIDAD Y ELECTRONICA,M,,,,,,,,,,,,,,,,U,,
3561,35,6,952240180001,GENERADOR DE CARACTERES,SANEAR,31/12/2021,1,1503.020303,EQUIPOS DE TELECOMUNICACIONES,M,VIDEONICS,TM-2000-NTSC,,NEGRO,238746,,,,,,,,,07/03/2023 02:38:10,,U,user user user,1
3562,35,35,952245840001,GRABADORA PARA CINTA DE SONIDO (CASSETE),SANEAR,31/12/2021,1,1503.020303,EQUIPOS DE TELECOMUNICACIONES,M,SONY,,,NEGRO,,,,,,,,,BAJA,10/03/2023 15:44:00,,D,,
3563,35,35,742229930006,GUILLOTINA,O/C Nª 3-00061,10/08/2009,140,1503.020101,MAQUINAS Y EQUIPOS DE OFICINA,M,,,,BLANCO,,,,,,,,,BAJA,10/03/2023 13:01:59,,D,,
3564,35,35,742229930009,GUILLOTINA,SANEAR,31/12/2021,1,1503.020101,MAQUINAS Y EQUIPOS DE OFICINA,M,TOWER,,METALICO,PLOMO/NEGRO,,,,,,,,,BAJA,10/03/2023 13:00:06,,D,,
3565,35,6,322250000002,HERVIDOR ELECTRICO,O/C Nª 240,21/08/2015,105,1503.020902,"ASEO, LIMPIEZA Y COCINA",M,,,,NEGRO,,,,,,,,,,04/03/2023 13:07:12,,U,DELIA RUTH QUISPE SONCCO,4
3566,35,6,322250000004,HERVIDOR ELECTRICO,SANEAR,31/12/2021,1,1503.020902,"ASEO, LIMPIEZA Y COCINA",M,POMEZZA,,,BLANCO/MORADO,,,,,,,,,,20/03/2023 15:54:02,,D,DELIA RUTH QUISPE SONCCO,4
3567,35,6,322250000005,HERVIDOR ELECTRICO,SANEAR,31/12/2021,1,1503.020902,"ASEO, LIMPIEZA Y COCINA",M,INTER NATIONAL,,,BLANCO,,,,,,,,,,04/03/2023 12:35:41,,U,DELIA RUTH QUISPE SONCCO,4
3568,35,6,322250000006,HERVIDOR ELECTRICO,SANEAR,31/12/2021,1,1503.020902,"ASEO, LIMPIEZA Y COCINA",M,CONTINENTAL,,,BLANCO,,,,,,,,,,04/03/2023 12:54:11,,U,DELIA RUTH QUISPE SONCCO,4
3569,35,6,322250000007,HERVIDOR ELECTRICO,SANEAR,31/12/2021,1,1503.020902,"ASEO, LIMPIEZA Y COCINA",M,RECORD,,,NEGRO,,,,,,,,,,04/03/2023 12:54:02,,U,DELIA RUTH QUISPE SONCCO,4
3570,35,35,740832000010,IMPRESORA (OTRAS),O/C Nª 368,27/10/2005,715.12,1503.020301,EQUIPOS COMPUTACIONALES Y PERIFERICOS,M,HP,LASERJET 1020,,CREMA,CNC2G28739,,,,,,,,RAEE - BAJA,10/03/2023 10:28:07,,U,,
3571,35,35,740832000016,IMPRESORA (OTRAS),O/C Nª 10,19/05/2008,450,1503.020301,EQUIPOS COMPUTACIONALES Y PERIFERICOS,R,HP,Q5911A,,BLANCO,BRBS76BHBUK,,,,,,,,,10/03/2023 10:13:34,,U,,
3572,35,48,740832000019,IMPRESORA (OTRAS),O/C Nº 6-00002,25/09/2009,340,1503.020301,EQUIPOS COMPUTACIONALES Y PERIFERICOS,M,HP,LASERJET P1006,,NEGRO/PLOMO,VNESR20104,,,,,,,,,13/03/2023 11:08:02,,U,KEVIN MIDGUAR ARCE TAIRO,3
3573,35,35,740832000021,IMPRESORA (OTRAS),O/C Nª 0-00038,22/02/2010,475,1503.020301,EQUIPOS COMPUTACIONALES Y PERIFERICOS,M,HP,LASERJET P1006,PROD N CB411A,NEGRO/PLOMO,VNF5214067,,,,,,,,BAJA,10/03/2023 12:40:50,,D,,
3574,35,35,740832000025,IMPRESORA (OTRAS),O/C Nª 3-00060,10/08/2009,410,1503.020301,EQUIPOS COMPUTACIONALES Y PERIFERICOS,M,HP,LASERJET P1006,,PLOMO,VNF3844127,,,,,,,,BAJA,10/03/2023 12:14:09,,D,,
3575,35,35,740832000033,IMPRESORA (OTRAS),O/C Nª 9-00084,14/07/2010,609.58,1503.020301,EQUIPOS COMPUTACIONALES Y PERIFERICOS,M,HP,LASERJET P1102W,,NEGRO,BRBSB4DG8W,,,,,,,,,10/03/2023 12:57:59,,U,,
3576,35,35,740832000037,IMPRESORA (OTRAS),SANEAR,31/12/2021,1,1503.020301,EQUIPOS COMPUTACIONALES Y PERIFERICOS,M,HP,LASERJET 1025NW,,BLANCO/NEGRO,BRBFC7FZ05,,,,,,,,BAJA,10/03/2023 12:46:49,,D,,
3577,35,35,740832000041,IMPRESORA (OTRAS),O/C Nª 000305,14/11/2012,750,1503.020301,EQUIPOS COMPUTACIONALES Y PERIFERICOS,M,HP,LASERJET MFP12F,,NEGRO,BBRGSD672NP,,,,,,,,BAJA,10/03/2023 12:22:08,,D,,
3578,35,48,740832000045,IMPRESORA (OTRAS),SANEAR,31/12/2021,1,1503.020301,EQUIPOS COMPUTACIONALES Y PERIFERICOS,M,HP,LASERJET PRO,M1536DNFMF,NEGRO,CNF9DCXF9B,,,,,,,,,13/03/2023 13:17:48,,U,KEVIN MIDGUAR ARCE TAIRO,3
3579,35,35,740832000046,IMPRESORA (OTRAS),SANEAR,31/12/2021,1,1503.020301,EQUIPOS COMPUTACIONALES Y PERIFERICOS,M,HP,LASERJET 153DNF,,NEGRO,CNF9DCXF9B,,,,,,,,BAJA,10/03/2023 12:47:32,,D,,
3580,35,35,740832000049,IMPRESORA (OTRAS),O/C Nª 000666,17/09/2013,724,1503.020301,EQUIPOS COMPUTACIONALES Y PERIFERICOS,M,EPSON,L355,C962H,NEGRO,Q8DK014057,,,,,,,,BAJA,10/03/2023 12:49:51,,D,,
3581,35,35,740832000051,IMPRESORA (OTRAS),SANEAR,31/12/2021,1,1503.020301,EQUIPOS COMPUTACIONALES Y PERIFERICOS,M,EPSON,L355,C962H,NEGRO,S42K074173,,,,,,,,BAJA,10/03/2023 12:50:46,,D,,
3582,35,35,740832000055,IMPRESORA (OTRAS),O/C Nª 000360,5/12/2012,1182,1503.020301,EQUIPOS COMPUTACIONALES Y PERIFERICOS,M,HP,LASERJET PRO MP,IMPRESORA A TIR,NEGRO,CE538A,,,,,,,,,10/03/2023 12:16:30,,D,,
3583,35,35,740832000065,IMPRESORA (OTRAS),O/C Nª 00273,7/10/2014,840,1503.020301,EQUIPOS COMPUTACIONALES Y PERIFERICOS,R,ARGOX,OS 2140,COD. D BARRAS,BLANCO ,40166310,,,,,,,,,10/03/2023 10:35:48,,U,,
3584,35,35,740832000076,IMPRESORA (OTRAS),O/C Nª 00177,8/07/2011,385,1503.020301,EQUIPOS COMPUTACIONALES Y PERIFERICOS,M,HP,LASERJET P1102W,CE657A-1102,NEGRO,BRBFC63MZW,,,,,,,,,10/03/2023 12:12:29,,D,,
3585,35,45,740832000078,IMPRESORA (OTRAS),O/C Nº 98,2/05/2016,1090,1503.020301,EQUIPOS COMPUTACIONALES Y PERIFERICOS,R,EPSON,L-575,C463C - MULTIFL,NEGRO,W9AY005671,,,,,,,,,09/03/2023 11:51:33,,U,KEVIN MIDGUAR ARCE TAIRO,3
3586,35,35,740832000083,IMPRESORA (OTRAS),O/C Nº 190,17/07/2015,2450,1503.020301,EQUIPOS COMPUTACIONALES Y PERIFERICOS,M,KYOCERA,FS 2035,,BLANCO,1102PM4USOLZJ5404111,,,,,,,,BAJA,14/03/2023 11:09:24,,U,,
3587,35,35,740832000089,IMPRESORA (OTRAS),O/C Nº 0000065,10/02/2022,1118.56,1503.020301,EQUIPOS COMPUTACIONALES Y PERIFERICOS,B,EPSON,L4160,L4160,NEGRO,95H046855,,,,,,,,,10/03/2023 10:38:28,,U,,
3588,35,35,740841000002,IMPRESORA LASER,O/C Nª 3-00059,10/08/2009,410,1503.020301,EQUIPOS COMPUTACIONALES Y PERIFERICOS,M,HP,LASERJET P1006,PRO N CB411A,PLOMO,VNF3T68193,,,,,,,,,10/03/2023 12:13:04,,D,,
3589,35,32,740841000004,IMPRESORA LASER,O/C Nª 0-00032,22/02/2010,475,1503.020301,EQUIPOS COMPUTACIONALES Y PERIFERICOS,M,HP,LASERJET P1006,PROD. CB411A,NEGRO,VNF3T68515,,,,,,,,,05/03/2023 15:19:58,,U,,
3590,35,35,740841000006,IMPRESORA LASER,SANEAR,31/12/2021,1,1503.020301,EQUIPOS COMPUTACIONALES Y PERIFERICOS,M,HP,LASERJET P1102,,PLOMO,BRBSG76F9J,,,,,,,,,10/03/2023 12:13:41,,D,,
3591,35,48,740841000008,IMPRESORA LASER,O/C 000156,5/07/2012,350,1503.020301,EQUIPOS COMPUTACIONALES Y PERIFERICOS,M,HP,LASERJET P1102W,18 RPM 600/600A,NEGRO,BRBFD2GWQB,,,,,,,,,13/03/2023 10:49:28,,U,KEVIN MIDGUAR ARCE TAIRO,3
3592,35,48,740841000009,IMPRESORA LASER,O/C Nª 000156,5/07/2012,350,1503.020301,EQUIPOS COMPUTACIONALES Y PERIFERICOS,M,HP,LASERJET P1102A,,NEGRO,BRBFD26MSK,,,,,,,,,13/03/2023 10:54:24,,U,KEVIN MIDGUAR ARCE TAIRO,3
3593,35,35,740841000012,IMPRESORA LASER,O/C Nª 000280,31/05/2013,359.22,1503.020301,EQUIPOS COMPUTACIONALES Y PERIFERICOS,R,HP,CE658A,,NEGRO,BRBSF3FNLX,,,,,,,,,10/03/2023 10:33:36,,U,,
3594,35,45,740841000015,IMPRESORA LASER,O/C Nª 000759,7/11/2013,383.54,1503.020301,EQUIPOS COMPUTACIONALES Y PERIFERICOS,M,HP,LASERJET 1020,,BLANCO,BRCS787G2Q,,,,,,,,,09/03/2023 11:48:53,,U,KEVIN MIDGUAR ARCE TAIRO,3
3595,35,35,740841000016,IMPRESORA LASER,O/C Nª 000759,7/11/2013,383.54,1503.020301,EQUIPOS COMPUTACIONALES Y PERIFERICOS,M,HP,CE658A,,NEGRO,BRBSF744MRP,,,,,,,,BAJA,10/03/2023 12:39:11,,D,,
3596,35,48,740841000023,IMPRESORA LASER,O/C Nª 00242,22/08/2014,412.82,1503.020301,EQUIPOS COMPUTACIONALES Y PERIFERICOS,M,HP,P1102,,NEGRO,BRBSG2TG1S,,,,,,,,,13/03/2023 10:54:10,,U,KEVIN MIDGUAR ARCE TAIRO,3
3597,35,48,740841000025,IMPRESORA LASER,O/C Nª00242,22/08/2014,412.82,1503.020301,EQUIPOS COMPUTACIONALES Y PERIFERICOS,M,HP,LASERJET P1102,HP,NEGRO,BRBSG76F9J,,,,,,,,,13/03/2023 10:54:30,,U,KEVIN MIDGUAR ARCE TAIRO,3
3598,35,,740841000028,IMPRESORA LASER,O/C Nª 00242,22/08/2014,412.84,1503.020301,EQUIPOS COMPUTACIONALES Y PERIFERICOS,R,HP,NEGRO,,NEGRO,BRBSG76F9S,,,,,,,,,,,U,,
3599,35,35,740841000029,IMPRESORA LASER,O/C Nª 278,14/10/2016,1096,1503.020301,EQUIPOS COMPUTACIONALES Y PERIFERICOS,M,HP,LASER JET PRO,,BLANCO,BRCSJ4G6XR,,,,,,,,BAJA,10/03/2023 12:46:17,,D,,
3600,35,35,740841000030,IMPRESORA LASER,O/C N° 463,23/12/2016,496.56,1503.020301,EQUIPOS COMPUTACIONALES Y PERIFERICOS,R,HP,P1102W,MONOCROMATICO,NEGRO,BRCSJ8PLBK,,,,,,,,,10/03/2023 10:34:56,,U,,
3601,35,35,602249150001,INCLINOMETRO,SANEAR,31/12/2021,1,1503.020905,EQUIPOS E INSTRUMENTOS DE MEDICION,M,,JJX-3,1CAJA ADICIONAL,,513-C-4,,,,,,,,,13/03/2023 12:23:09,,U,,
3602,35,6,952246980002,INTERCOMUNICADOR,SANEAR,31/12/2021,1,1503.020303,EQUIPOS DE TELECOMUNICACIONES,M,COMMAX,,,BLANCO,,,,,,,,,,04/03/2023 13:23:15,,U,DELIA RUTH QUISPE SONCCO,4
3603,35,6,952246980011,INTERCOMUNICADOR,SANEAR,31/12/2021,1,1503.020303,EQUIPOS DE TELECOMUNICACIONES,M,,TC50 PREMIO,1 UNIDAD,NEGRO,TF12042000150,,,,,,,,,04/03/2023 11:45:59,,U,DELIA RUTH QUISPE SONCCO,4
3604,35,6,672269180001,LAMPARA TIPO PETROMAX,O/C Nº 322,30/06/1995,485,1503.020906,EQUIPOS PARA VEHICULOS,M,,,,PLOMO,,,,,,,,,,04/03/2023 15:30:12,,U,DELIA RUTH QUISPE SONCCO,4
3605,35,6,672269180008,LAMPARA TIPO PETROMAX,SANEAR,31/12/2021,1,1503.020906,EQUIPOS PARA VEHICULOS,M,MADE IN CHINA,,,PLOMO,,,,,,,,,,04/03/2023 15:26:26,,U,DELIA RUTH QUISPE SONCCO,4
3606,35,32,252235860001,LUSTRADORA ELECTRICA DOMESTICA,SANEAR,31/12/2021,1,1503.020902,"ASEO, LIMPIEZA Y COCINA",M,PHILIPS,,,PLOMO,922712,,,,,,,,,06/03/2023 12:51:57,,U,user user user,1
3607,35,6,742232610001,MAQUINA ANILLADORA PERFORADORA,O/C Nª 0-00034,22/02/2010,700,1503.020101,MAQUINAS Y EQUIPOS DE OFICINA,M,RENZ,SUPER COMBI,,ANARANJADO,,,,,,,,,,07/03/2023 01:47:00,,D,user user user,1
3608,35,35,742232610002,MAQUINA ANILLADORA PERFORADORA,SANEAR,31/12/2021,1,1503.020101,MAQUINAS Y EQUIPOS DE OFICINA,M,IBICO,,,ANARANJADO,,,,,,,,,,10/03/2023 12:01:14,,D,,
3609,35,6,742232610006,MAQUINA ANILLADORA PERFORADORA,SANEAR,31/12/2021,1,1503.020101,MAQUINAS Y EQUIPOS DE OFICINA,M,ESPIRAMATIC,,,PLOMO/NEGRO,,,,,,,,,,20/03/2023 17:51:43,,D,DELIA RUTH QUISPE SONCCO,4
3610,35,35,952253400001,MEGAFONO,SANEAR,31/12/2021,1,1503.020303,EQUIPOS DE TELECOMUNICACIONES,M,ATK,JS-853,,CELESTE/BLANCO,,,,,,,,,,10/03/2023 17:58:21,,U,,
3611,35,35,952253400002,MEGAFONO,SANEAR,31/12/2021,1,1503.020303,EQUIPOS DE TELECOMUNICACIONES,M,ATK,JS-85B,,BLANCO,,,,,,,,,,10/03/2023 18:04:24,,U,,
3612,35,35,952253400003,MEGAFONO,SANEAR,31/12/2021,1,1503.020303,EQUIPOS DE TELECOMUNICACIONES,M,ATK,JS-85B,,BLANCO,,,,,,,,,,10/03/2023 17:59:04,,U,,
3613,35,35,746454580003,MESITA DE MADERA,SANEAR,31/12/2021,1,1503.020102,MOBILIARIO DE OFICINA,R,,,,MADERA/AMARILLO,,0.44X0.75X0.72,,,,,,,,10/03/2023 11:19:00,,U,,
3614,35,35,746454580009,MESITA DE MADERA,SANEAR,31/12/2021,1,1503.020102,MOBILIARIO DE OFICINA,R,,,,AMARILLO,,0.39X0.59X0.73,,,,,,,,10/03/2023 11:16:30,,U,,
3615,35,3,746456780008,MESITA DE METAL PARA MAQUINA DE ESCRIBIR,SANEAR,31/12/2021,1,1503.020102,MOBILIARIO DE OFICINA,R,,3 GAVETAS,,MADERA/AMARILLO,,0.40X0.84X0.72,,,,,,,,07/03/2023 02:14:35,,U,user user user,1
3616,35,35,952254720002,MEZCLADORA DIGITAL DE SONIDO,SANEAR,31/12/2021,1,1503.020303,EQUIPOS DE TELECOMUNICACIONES,M,BEHRINGER,X1622,,PLOMO,C1016683A0J,,,,,,,,BAJA,10/03/2023 12:51:52,,D,,
3617,35,35,952254910001,MICROFONO (OTROS),SANEAR,31/12/2021,1,1503.020303,EQUIPOS DE TELECOMUNICACIONES,R,SHURE,,,NEGRO,,,,,,,,,,10/03/2023 18:01:20,,U,,
3618,35,35,952254910003,MICROFONO (OTROS),O/C Nª 000352,4/12/2012,350,1503.020303,EQUIPOS DE TELECOMUNICACIONES,M,DINAMIC,,2 MICROFONOS,NEGRO/AMARILLO,,,,,,,,,,10/03/2023 18:02:14,,U,,
3619,35,35,46436500003,MIRA TOPOGRAFICA,O/C N° 288,30/05/1995,716.8,1503.020501,MOBILIARIO DE USO AGRICOLA Y PESQUERO,M,,,,,,,,,,,,,BAJA,10/03/2023 17:08:52,,D,,
3620,35,35,46436500005,MIRA TOPOGRAFICA,O/C N° 288,30/05/1995,716.8,1503.020501,MOBILIARIO DE USO AGRICOLA Y PESQUERO,M,,,,AZUL,,,,,,,,,BAJA,10/03/2023 17:06:43,,D,,
3621,35,35,46436500008,MIRA TOPOGRAFICA,O/C N°000342,12/06/2013,138,1503.020501,MOBILIARIO DE USO AGRICOLA Y PESQUERO,R,,,,PLOMO,,,,,,,,,,10/03/2023 17:30:38,,U,,
3622,35,35,46436500032,MIRA TOPOGRAFICA,O/C N°000149,28/06/2012,1158.19,1503.020501,MOBILIARIO DE USO AGRICOLA Y PESQUERO,M,,,,AZUL,,,,,,,,,BAJA,10/03/2023 17:10:08,,D,,
3623,35,35,46436500033,MIRA TOPOGRAFICA,O/C N°254,16/08/2004,562.28,1503.020501,MOBILIARIO DE USO AGRICOLA Y PESQUERO,M,,,,AZUL,,,,,,,,,BAJA,10/03/2023 17:09:36,,D,,
3624,35,35,46436500034,MIRA TOPOGRAFICA,O/C N°254,16/08/2004,562.28,1503.020501,MOBILIARIO DE USO AGRICOLA Y PESQUERO,M,,,,AZUL,,,,,,,,,BAJA,10/03/2023 17:07:35,,D,,
3625,35,35,46436500035,MIRA TOPOGRAFICA,O/C N°254,16/08/2004,562.28,1503.020501,MOBILIARIO DE USO AGRICOLA Y PESQUERO,M,,,,AZUL,,,,,,,,,BAJA,10/03/2023 17:08:20,,D,,
3626,35,35,46436500043,MIRA TOPOGRAFICA,O/C N°170,24/09/2007,550,1503.020501,MOBILIARIO DE USO AGRICOLA Y PESQUERO,R,,,,PLOMO,,,,,,,,,,10/03/2023 17:32:31,,U,,
3627,35,35,46436500046,MIRA TOPOGRAFICA,O/C N°0-00074,26/02/2010,2,1503.020501,MOBILIARIO DE USO AGRICOLA Y PESQUERO,M,KOLIDA,AGR5,,,,,,,,,,,BAJA,10/03/2023 17:24:10,,D,,
3628,35,35,46436500051,MIRA TOPOGRAFICA,O/C N°00216,22/07/2011,921.14,1503.020501,MOBILIARIO DE USO AGRICOLA Y PESQUERO,R,KOLIDA,AGRS,,PLOMO,,,,,,,,,,10/03/2023 17:31:20,,U,,
3629,35,35,46436500055,MIRA TOPOGRAFICA,O/C N°000123,11/06/2012,1,1503.020501,MOBILIARIO DE USO AGRICOLA Y PESQUERO,R,,,,PLOMO,,,,,,,,,,10/03/2023 17:26:48,,U,,
3630,35,57,46436500056,MIRA TOPOGRAFICA,O/C N°000128,15/06/2012,1100,1503.020501,MOBILIARIO DE USO AGRICOLA Y PESQUERO,R,,,,PLOMO,,,,,,,,,,13/03/2023 09:41:49,,U,,
3631,35,35,46436500057,MIRA TOPOGRAFICA,O/C N°000133,20/06/2012,1366.67,1503.020501,MOBILIARIO DE USO AGRICOLA Y PESQUERO,R,,,,PLOMO,,,,,,,,,,10/03/2023 17:24:33,,U,,
3632,35,48,46436500060,MIRA TOPOGRAFICA,O/C N°000204,7/08/2012,1366.67,1503.020501,MOBILIARIO DE USO AGRICOLA Y PESQUERO,R,,,,BLANCO,,,,,,,,,,10/03/2023 17:43:10,,U,,
3633,35,,46436500061,MIRA TOPOGRAFICA,O/C N°00317,19/11/2012,1450,1503.020501,MOBILIARIO DE USO AGRICOLA Y PESQUERO,R,,,,PLOMO,,,,,,,,,,,,U,,
3634,35,35,46436500063,MIRA TOPOGRAFICA,O/C N°000066,15/02/2013,179.99,1503.020501,MOBILIARIO DE USO AGRICOLA Y PESQUERO,R,,,,PLOMO,,430,,,,,,,,10/03/2023 17:27:39,,U,,
3635,35,35,46436500064,MIRA TOPOGRAFICA,O/C N°000066,15/02/2013,2,1503.020501,MOBILIARIO DE USO AGRICOLA Y PESQUERO,R,,,,PLOMO/BLANCO,,430,,,,,,,,10/03/2023 17:21:56,,U,,
3636,35,35,46436500067,MIRA TOPOGRAFICA,O/C N°000206,2/05/2013,404.8,1503.020501,MOBILIARIO DE USO AGRICOLA Y PESQUERO,M,,,,PLOMO/BLANCO,,,,,,,,,BAJA,10/03/2023 17:35:33,,D,,
3637,35,35,46436500068,MIRA TOPOGRAFICA,O/C N°000206,2/05/2013,404.8,1503.020501,MOBILIARIO DE USO AGRICOLA Y PESQUERO,R,,,,PLOMO,,,,,,,,,,10/03/2023 17:25:23,,U,,
3638,35,35,46436500069,MIRA TOPOGRAFICA,O/C N°000207,2/05/2013,120,1503.020501,MOBILIARIO DE USO AGRICOLA Y PESQUERO,R,,,,PLOMO,,,,,,,,,,10/03/2023 17:24:59,,U,,
3639,35,48,46436500070,MIRA TOPOGRAFICA,O/C N°000302,6/06/2013,139,1503.020501,MOBILIARIO DE USO AGRICOLA Y PESQUERO,R,,,,PLOMO,,,,,,,,,,10/03/2023 17:37:11,,U,,
3640,35,35,46436500071,MIRA TOPOGRAFICA,O/C N°000303,6/06/2013,138,1503.020501,MOBILIARIO DE USO AGRICOLA Y PESQUERO,R,,,,PLOMO,,,,,,,,,,10/03/2023 17:30:17,,U,,
3641,35,35,46436500072,MIRA TOPOGRAFICA,O/C N°000310,7/06/2013,138,1503.020501,MOBILIARIO DE USO AGRICOLA Y PESQUERO,R,,,,PLOMO,,,,,,,,,,10/03/2023 17:37:04,,U,,
3642,35,35,46436500073,MIRA TOPOGRAFICA,O/C N°000310,7/06/2013,138,1503.020501,MOBILIARIO DE USO AGRICOLA Y PESQUERO,R,,,,PLOMO,,,,,,,,,,10/03/2023 17:23:42,,U,,
3643,35,,46436500074,MIRA TOPOGRAFICA,O/C N°000312,10/06/2013,190,1503.020501,MOBILIARIO DE USO AGRICOLA Y PESQUERO,R,,ALUMINIO,,PLOMO,,ESTUCHE ROJO,,,,,,,,,,U,,
3644,35,48,46436500075,MIRA TOPOGRAFICA,O/C N°000312,10/06/2013,190,1503.020501,MOBILIARIO DE USO AGRICOLA Y PESQUERO,R,,,,PLOMO,,,,,,,,,,10/03/2023 17:40:59,,U,,
3645,35,48,46436500076,MIRA TOPOGRAFICA,O/C N°000312,10/06/2013,190,1503.020501,MOBILIARIO DE USO AGRICOLA Y PESQUERO,R,,,,PLOMO,,,,,,,,,,10/03/2023 17:37:39,,U,,
3646,35,35,46436500078,MIRA TOPOGRAFICA,O/C N°000312,10/06/2013,190,1503.020501,MOBILIARIO DE USO AGRICOLA Y PESQUERO,R,,,,PLOMO,,,,,,,,,,10/03/2023 17:29:31,,U,,
3647,35,35,46436500079,MIRA TOPOGRAFICA,O/C N°000312,10/06/2013,190,1503.020501,MOBILIARIO DE USO AGRICOLA Y PESQUERO,R,,,,PLOMO,,,,,,,,,,10/03/2023 17:23:12,,U,,
3648,35,35,46436500080,MIRA TOPOGRAFICA,O/C N°000312,10/06/2013,190,1503.020501,MOBILIARIO DE USO AGRICOLA Y PESQUERO,R,,,,PLOMO,,,,,,,,,,10/03/2023 17:36:45,,U,,
3649,35,35,46436500081,MIRA TOPOGRAFICA,O/C N°000066,15/02/2013,179.99,1503.020501,MOBILIARIO DE USO AGRICOLA Y PESQUERO,R,,,,PLOMO,,,,,,,,,,10/03/2023 17:26:27,,U,,
3650,35,35,46436500082,MIRA TOPOGRAFICA,O/C N°000066,15/02/2013,2,1503.020501,MOBILIARIO DE USO AGRICOLA Y PESQUERO,R,,,,PLOMO,,,,,,,,,,10/03/2023 17:25:50,,U,,
3651,35,35,46436500083,MIRA TOPOGRAFICA,O/C N°000388,21/06/2013,138,1503.020501,MOBILIARIO DE USO AGRICOLA Y PESQUERO,R,,,,PLOMO,,,,,,,,,,10/03/2023 17:34:56,,U,,
3652,35,,46436500084,MIRA TOPOGRAFICA,O/C N°000388,21/06/2013,138,1503.020501,MOBILIARIO DE USO AGRICOLA Y PESQUERO,R,,,,PLOMO,,,,,,,,,,,,U,,
3653,35,35,46436500086,MIRA TOPOGRAFICA,O/C N°000424,5/07/2013,138,1503.020501,MOBILIARIO DE USO AGRICOLA Y PESQUERO,R,,,,PLOMO/ALUMINIO,,,,,,,,,,10/03/2023 17:36:18,,U,,
3654,35,35,46436500087,MIRA TOPOGRAFICA,O/C N°000424,5/07/2013,138,1503.020501,MOBILIARIO DE USO AGRICOLA Y PESQUERO,R,,,,PLOMO,,,,,,,,,,10/03/2023 17:37:29,,U,,
3655,35,48,46436500096,MIRA TOPOGRAFICA,O/C N°3-00048,22/07/2009,1074.83,1503.020501,MOBILIARIO DE USO AGRICOLA Y PESQUERO,R,,,,PLOMO,,,,,,,,,,10/03/2023 17:34:23,,U,,
3656,35,48,46436500097,MIRA TOPOGRAFICA,O/C N°000066,15/02/2013,2,1503.020501,MOBILIARIO DE USO AGRICOLA Y PESQUERO,R,,,,PLOMO,,,,,,,,,,10/03/2023 17:36:42,,U,,
3657,35,48,46436500098,MIRA TOPOGRAFICA,O/C N°000066,15/02/2013,2,1503.020501,MOBILIARIO DE USO AGRICOLA Y PESQUERO,R,,,,PLOMO,,,,,,,,,,10/03/2023 17:20:49,,U,,
3658,35,48,46436500100,MIRA TOPOGRAFICA,SANEAR,31/12/2021,1,1503.020501,MOBILIARIO DE USO AGRICOLA Y PESQUERO,R,,ALUMINIO,,PLOMO,,,,,,,,,,10/03/2023 17:42:28,,U,,
3659,35,48,46436500102,MIRA TOPOGRAFICA,O/C N°175,17/06/2016,373.82,1503.020501,MOBILIARIO DE USO AGRICOLA Y PESQUERO,M,,,,,,,,,,,,,,10/03/2023 17:45:16,,U,,
3660,35,48,46436500104,MIRA TOPOGRAFICA,O/C N°175,17/06/2016,373.82,1503.020501,MOBILIARIO DE USO AGRICOLA Y PESQUERO,R,,GEOTOP,,PLOMO,,5 MTS.,,,,,,,,10/03/2023 17:43:33,,U,,
3661,35,48,46436500109,MIRA TOPOGRAFICA,SANEAR,31/12/2021,1,1503.020501,MOBILIARIO DE USO AGRICOLA Y PESQUERO,M,,ALUMINIO,,PLOMO,,5 MTS,,,,,,,,10/03/2023 17:35:03,,U,,
3662,35,48,46436500110,MIRA TOPOGRAFICA,SANEAR,31/12/2021,1,1503.020501,MOBILIARIO DE USO AGRICOLA Y PESQUERO,R,,ALUMINIO,,PLOMO,,5 MTS,,,,,,,,10/03/2023 17:41:59,,U,,
3663,35,48,46436500111,MIRA TOPOGRAFICA,SANEAR,31/12/2021,1,1503.020501,MOBILIARIO DE USO AGRICOLA Y PESQUERO,R,,ALUMINIO,,PLOMO,,5 MTS,,,,,,,,10/03/2023 17:44:46,,U,,
3664,35,48,46436500112,MIRA TOPOGRAFICA,SANEAR,31/12/2021,1,1503.020501,MOBILIARIO DE USO AGRICOLA Y PESQUERO,R,,ALUMINIO,,PLOMO,,5 MTS,,,,,,,,14/03/2023 10:26:45,,U,KEVIN MIDGUAR ARCE TAIRO,3
3665,35,6,740872500002,MODEM EXTERNO,SANEAR,31/12/2021,1,1503.020301,EQUIPOS COMPUTACIONALES Y PERIFERICOS,M,ZMULTIMODEN,MT3834ZDXB_U,,NEGRO,5044952,,,,,,,,,07/03/2023 01:30:13,,U,user user user,1
3666,35,6,740872500008,MODEM EXTERNO,SANEAR,31/12/2021,1,1503.020301,EQUIPOS COMPUTACIONALES Y PERIFERICOS,M,ROBOTICH,,,BLANCO,,,,,,,,,,04/03/2023 13:19:51,,U,DELIA RUTH QUISPE SONCCO,4
3667,35,35,746459830007,MODULO DE COMPUTO (OTROS),O/C N°00144,7/07/2014,498,1503.020102,MOBILIARIO DE OFICINA,B,MELAMINA,,,CEDRO/NEGRO,,1.11 X0.48X1.80,,,,,,,,10/03/2023 10:39:12,,U,,
3668,35,,746460850012,MODULO DE MADERA PARA MICROCOMPUTADORA,SANEAR,31/12/2021,1,1503.020102,MOBILIARIO DE OFICINA,B,,,,BLANCO,,0.48X0.98X0.70,,,,,,,,,,U,,
3669,35,35,746460980003,MODULO DE MELAMINA,O/C N°000199,1/08/2012,350,1503.020102,MOBILIARIO DE OFICINA,R,,,,CEDRO/NEGRO,,0.48X1.13X1.80,,,,,,,,10/03/2023 10:40:33,,U,,
3670,35,35,746460980004,MODULO DE MELAMINA,O/C N°000199,1/08/2012,350,1503.020102,MOBILIARIO DE OFICINA,M,,,,CEDRO/NEGRO,,0.49X1.13X1.80,,,,,,,BAJA ,10/03/2023 10:47:37,,U,,
3671,35,35,746460980022,MODULO DE MELAMINA,O/C N°00143,7/07/2014,498,1503.020102,MOBILIARIO DE OFICINA,R,,3 DIVISIONES,,NEGRO/CAFE,,1.80X1.11X0.40,,,,,,,,14/03/2023 12:37:47,,U,KEVIN MIDGUAR ARCE TAIRO,3
3672,35,35,952258120002,MONITOR (OTROS),O/C N°68,5/08/2008,742.8,1503.020303,EQUIPOS DE TELECOMUNICACIONES,R,LG,L 177WSB,LCD,NEGRO,807NDYG4H546,,,,,,,,,10/03/2023 10:49:18,,U,,
3673,35,35,952258120009,MONITOR (OTROS),O/C N°3-0060,10/08/2009,766.15,1503.020303,EQUIPOS DE TELECOMUNICACIONES,M,LG,LCD,,NEGRO,904NDYGGK586,,,,,,,,,10/03/2023 11:59:19,,D,,
3674,35,35,952258120022,MONITOR (OTROS),O/C N°8-00002,24/02/2010,1197,1503.020303,EQUIPOS DE TELECOMUNICACIONES,M,SAMSUNG,L520CHZKFVA/PE,PLASMA LCD,NEGRO,CM20H9LSB162278H,,,,,,,,,10/03/2023 12:00:22,,D,,
3675,35,35,952258120030,MONITOR (OTROS),O/C N°8-00110,23/04/2010,662.23,1503.020303,EQUIPOS DE TELECOMUNICACIONES,M,HYUNDAI,V96W,,NEGRO,V96WDSCR9B00552,,,,,,,,,10/03/2023 11:54:26,,D,,
3676,35,35,952258120032,MONITOR (OTROS),O/C N°3-00043,25/05/2010,590,1503.020303,EQUIPOS DE TELECOMUNICACIONES,M,LG,L177WSBS,,NEGRO,711NOQA5U212,,,,,,,,,10/03/2023 11:56:17,,D,,
3677,35,35,952258120037,MONITOR (OTROS),O/C N°00239,9/08/2011,848.16,1503.020303,EQUIPOS DE TELECOMUNICACIONES,M,LG,E1941ST,19´´,NEGRO,106TPHGOT585,,,,,,,,,10/03/2023 10:45:21,,U,,
3678,35,35,952258120052,MONITOR (OTROS),O/C N°000279,31/05/2013,995.57,1503.020303,EQUIPOS DE TELECOMUNICACIONES,R,AOC,215LM00032,"LCD""",NEGRO,AXBCCC9A000668,,,,,,,,,10/03/2023 10:51:13,,U,,
3679,35,35,952258120055,MONITOR (OTROS),O/C N°000533,23/07/2013,754.32,1503.020303,EQUIPOS DE TELECOMUNICACIONES,R,LG,22EA53VA,,NEGRO,303NDSK5F814,,,,,,,,,10/03/2023 10:41:45,,U,,
3680,35,35,952258120059,MONITOR (OTROS),O/C N°000352,13/10/2011,806.4,1503.020303,EQUIPOS DE TELECOMUNICACIONES,M,LG,E1960ST,,NEGRO,104LTMDOV259,,,,,,,,,10/03/2023 11:55:37,,D,,
3681,35,35,952258120064,MONITOR (OTROS),O/C N°3-00125,30/10/2009,720,1503.020303,EQUIPOS DE TELECOMUNICACIONES,R,SAMSUNG,2233SN,,NEGRO,CM22H9L5318897P,,,,,,,,,10/03/2023 11:02:32,,U,,
3682,35,35,952258120074,MONITOR (OTROS),SANEAR,31/12/2021,1,1503.020303,EQUIPOS DE TELECOMUNICACIONES,M,SONY,,SF350,NEGRO,,,,,,,,,BAJA,10/03/2023 10:30:31,,D,,
3683,35,35,952258120076,MONITOR (OTROS),SANEAR,31/12/2021,1,1503.020303,EQUIPOS DE TELECOMUNICACIONES,M,LG,20M47A,,NEGRO,604NTJJGB268,,,,,,,,,10/03/2023 11:57:04,,D,,
3684,35,47,952258120077,MONITOR (OTROS),SANEAR,31/12/2021,1,1503.020303,EQUIPOS DE TELECOMUNICACIONES,B,LG,20M47A,,NEGRO,507NTCZD6723,,,,,,,,,09/03/2023 12:57:53,,U,KEVIN MIDGUAR ARCE TAIRO,3
3685,35,35,740881870011,MONITOR PLANO,O/C 000532,23/07/2013,754.32,1503.020301,EQUIPOS COMPUTACIONALES Y PERIFERICOS,M,LG,22EA51UVA,,NEGRO,303NDCR5D595,,,,,,,,,10/03/2023 11:55:09,,D,,
3686,35,44,740882240011,MOUSE INALAMBRICO,SANEAR,31/12/2021,1,1503.020301,EQUIPOS COMPUTACIONALES Y PERIFERICOS,M,,,CABLEADO,,,,,,,,,,,09/03/2023 16:26:24,,U,,
3687,35,,740882240016,MOUSE INALAMBRICO,SANEAR,31/12/2021,1,1503.020301,EQUIPOS COMPUTACIONALES Y PERIFERICOS,M,CYBERTEL,,CON CABLE,NEGRO,,,,,,,,,,,,U,,
3688,35,,740882240017,MOUSE INALAMBRICO,SANEAR,31/12/2021,1,1503.020301,EQUIPOS COMPUTACIONALES Y PERIFERICOS,R,CYBERTEL,CIB-M203,CABLEADO,NEGRO,1944M203P1115,,,,,,,,,,,U,,
3689,35,,740882240044,MOUSE INALAMBRICO,O/C N°3-00048,28/05/2010,30,1503.020301,EQUIPOS COMPUTACIONALES Y PERIFERICOS,R,MICROSOFT,,,NEGRO,,,,,,,,,,,,U,,
3690,35,,740882240058,MOUSE INALAMBRICO,SANEAR,31/12/2021,1,1503.020301,EQUIPOS COMPUTACIONALES Y PERIFERICOS,R,GENIUS,,,NEGRO,WV13SS3B4725,,,,,,,,,,,U,,
3691,35,48,952258500002,NAVEGADOR DE SATELITE,O/C N°6-00031,25/11/2009,2400,1503.020303,EQUIPOS DE TELECOMUNICACIONES,M,GARMIN,COLORADO,GPS,NEGRO,18Z036628,,,,,,,,,13/03/2023 12:06:39,,U,KEVIN MIDGUAR ARCE TAIRO,3
3692,35,35,602264990001,NIVEL TOPOGRAFICO,O/C N°291,30/05/1995,5263.99,1503.020905,EQUIPOS E INSTRUMENTOS DE MEDICION,M,KARL ZEISS,JEAN NI-020A,,AMARILLO,015856,,,,,,,,BAJA,10/03/2023 16:19:25,,D,,
3693,35,35,602264990002,NIVEL TOPOGRAFICO,O/C N°071.,30/03/1995,4407,1503.020905,EQUIPOS E INSTRUMENTOS DE MEDICION,M,KARL ZEISS,NI050,,AMARILLO,547274,,,,,,,,BAJA,10/03/2023 16:11:52,,D,,
3694,35,35,602264990003,NIVEL TOPOGRAFICO,SANEAR,31/12/2021,1,1503.020905,EQUIPOS E INSTRUMENTOS DE MEDICION,M,KERN LEVEL,,,AMARILLO,360679,,,,,,,,BAJA,14/03/2023 10:42:08,,U,,
3695,35,35,602264990004,NIVEL TOPOGRAFICO,SANEAR,31/12/2021,1,1503.020905,EQUIPOS E INSTRUMENTOS DE MEDICION,M,KERN SWISS,GK1-A,,VERDE OSCURO,269606,,,,,,,,BAJA,14/03/2023 10:51:20,,D,,
3696,35,35,602264990005,NIVEL TOPOGRAFICO,SANEAR,31/12/2021,1,1503.020905,EQUIPOS E INSTRUMENTOS DE MEDICION,M,WILD NA2,,,VERDE/OSCURO,520961,,,,,,,,,10/03/2023 16:08:33,,U,,
3697,35,35,602264990006,NIVEL TOPOGRAFICO,SANEAR,31/12/2021,1,1503.020905,EQUIPOS E INSTRUMENTOS DE MEDICION,M,WILD HEERBRUGG,,,VERDE/OSCURO,121325,,,,,,,,BAJA,10/03/2023 16:24:15,,D,,
3698,35,35,602264990008,NIVEL TOPOGRAFICO,SANEAR,31/12/2021,1,1503.020905,EQUIPOS E INSTRUMENTOS DE MEDICION,M,WILD HEERBRUG,NAK1,,VERDE/OSCURO,344272,,,,,,,,BAJA,10/03/2023 16:19:13,,D,,
3699,35,35,602264990009,NIVEL TOPOGRAFICO,SANEAR,31/12/2021,1,1503.020905,EQUIPOS E INSTRUMENTOS DE MEDICION,M,KERN,,,VERDE/OSCURO,,,,,,,,,BAJA,10/03/2023 16:25:16,,D,,
3700,35,35,602264990010,NIVEL TOPOGRAFICO,SANEAR,31/12/2021,1,1503.020905,EQUIPOS E INSTRUMENTOS DE MEDICION,M,KERN SWISS,GK 1-A,,VERDE/OSCURO,161572,,,,,,,,BAJA,10/03/2023 16:22:31,,D,,
3701,35,35,602264990011,NIVEL TOPOGRAFICO,O/C N°253,16/08/2004,3632,1503.020905,EQUIPOS E INSTRUMENTOS DE MEDICION,M,SECO,,,ANARANJADO,66106,,,,,,,,BAJA,10/03/2023 16:12:36,,D,,
3702,35,35,602264990012,NIVEL TOPOGRAFICO,O/C N°85,21/06/2007,5000.5,1503.020905,EQUIPOS E INSTRUMENTOS DE MEDICION,M,KERNSWISS,4811-32,,ANARANJADO,66106,,,,,,,,BAJA,10/03/2023 16:07:29,,D,,
3703,35,35,602264990014,NIVEL TOPOGRAFICO,O/C N°170,24/09/2007,4840,1503.020905,EQUIPOS E INSTRUMENTOS DE MEDICION,M,TOPCON,AT_G6,,VERDE/AMARILLO,8F 7570,,,,,,,,,13/03/2023 11:31:09,,U,,
3704,35,35,602264990015,NIVEL TOPOGRAFICO,O/C N°0-00074,26/02/2010,1553,1503.020905,EQUIPOS E INSTRUMENTOS DE MEDICION,M,TOPCON,AT_G6,,AMARILLO,8F 7547,,,,,,,,,13/03/2023 10:58:40,,U,,
3705,35,35,602264990016,NIVEL TOPOGRAFICO,O/C N° 00030,18/04/2011,951.73,1503.020905,EQUIPOS E INSTRUMENTOS DE MEDICION,M,LEICA ,NA721,ESTUCHE ROJO,ROJO/PLOMO,422327,,,,,,,,,13/03/2023 11:23:51,,D,,
3706,35,35,602264990017,NIVEL TOPOGRAFICO,O/C N°00042,20/04/2011,951.73,1503.020905,EQUIPOS E INSTRUMENTOS DE MEDICION,R,LEICA,NA720,,BLANCO/ROJO,5600813,,,,,,,,,13/03/2023 10:45:41,,U,,
3707,35,35,602264990019,NIVEL TOPOGRAFICO,O/C N°00278,15/09/2011,727.77,1503.020905,EQUIPOS E INSTRUMENTOS DE MEDICION,R,LEICA,NA724,,ROJO,5600909,,,,,,,,,13/03/2023 10:44:21,,U,,
3708,35,35,602264990021,NIVEL TOPOGRAFICO,O/C N°000391,27/10/2012,1644.12,1503.020905,EQUIPOS E INSTRUMENTOS DE MEDICION,R,LEICA,RUNNER 24,,AMARILLO,430639,,,,,,,,,13/03/2023 10:46:56,,U,,
3709,35,35,602264990022,NIVEL TOPOGRAFICO,SANEAR,31/12/2021,1,1503.020905,EQUIPOS E INSTRUMENTOS DE MEDICION,M,LEICA,NA 720,,AMARILLO,428959,,,,,,,,,13/03/2023 10:57:29,,U,,
3710,35,35,602264990023,NIVEL TOPOGRAFICO,O/C N°000133,20/06/2012,1366.67,1503.020905,EQUIPOS E INSTRUMENTOS DE MEDICION,R,LEICA,,ESTUCHE ROJO,ROJO/MANTECA,433390,,,,,,,,,14/03/2023 10:58:28,,U,,
3711,35,35,602264990024,NIVEL TOPOGRAFICO,O/C N°000204,7/08/2012,1366.67,1503.020905,EQUIPOS E INSTRUMENTOS DE MEDICION,R,LEICA,NA730,,ROJO/MANTEC,5655347,,,,,,,,,13/03/2023 10:50:51,,U,,
3712,35,35,602264990026,NIVEL TOPOGRAFICO,O/C N°000066,15/02/2013,1399.99,1503.020905,EQUIPOS E INSTRUMENTOS DE MEDICION,M,PENTAX,AP 281,,ROJO,603845,,,,,,,,,13/03/2023 11:40:46,,U,,
3713,35,35,602264990027,NIVEL TOPOGRAFICO,O/C 000066,15/02/2013,1399.99,1503.020905,EQUIPOS E INSTRUMENTOS DE MEDICION,M,PENTAX,AP 281,,ROJO/PLOMO,603845,,,,,,,,,13/03/2023 10:52:54,,U,,
3714,35,35,602264990028,NIVEL TOPOGRAFICO,O/C N°000066,15/02/2013,1399.99,1503.020905,EQUIPOS E INSTRUMENTOS DE MEDICION,M,PENTAX,AP 282,,ROJO/PLOMO,603769,,,,,,,,,13/03/2023 10:48:32,,U,,
3715,35,35,602264990029,NIVEL TOPOGRAFICO,O/C N°000206,2/05/2013,404.8,1503.020905,EQUIPOS E INSTRUMENTOS DE MEDICION,M,PENTAX,AP 283,,ROJO,603871,,,,,,,,,13/03/2023 11:25:02,,U,,
3716,35,35,602264990030,NIVEL TOPOGRAFICO,O/C N°000206,2/05/2013,404.8,1503.020905,EQUIPOS E INSTRUMENTOS DE MEDICION,M,PENTAX,AP 281,,PLOMO/ROJO,601010,,,,,,,,,13/03/2023 10:55:16,,U,,
3717,35,35,602264990034,NIVEL TOPOGRAFICO,SANEAR,31/12/2021,1,1503.020905,EQUIPOS E INSTRUMENTOS DE MEDICION,R,PENTAX,AP 282,SOLO ESTUCHE,PLOMO/ROJO,710105,,,,,,,,,13/03/2023 11:33:02,,U,,
3718,35,48,602264990035,NIVEL TOPOGRAFICO,O/C N°342,12/06/2013,985,1503.020905,EQUIPOS E INSTRUMENTOS DE MEDICION,R,PENTAX,,,PLOMO/ROJO,610207,,,,,,,,,13/03/2023 11:39:04,,U,KEVIN MIDGUAR ARCE TAIRO,3
3719,35,35,602264990036,NIVEL TOPOGRAFICO,O/C N°388,21/06/2013,985,1503.020905,EQUIPOS E INSTRUMENTOS DE MEDICION,R,PENTAX,AP 281,,PLOMO/ROJO,610207,,,,,,,,,13/03/2023 10:56:15,,U,,
3720,35,48,602264990037,NIVEL TOPOGRAFICO,O/C N° 424,5/07/2013,985,1503.020905,EQUIPOS E INSTRUMENTOS DE MEDICION,R,PENTAX,AP 281,,PLOMO/ROJO,610231,,,,,,,,CAJA ANARANJADA ROTO,13/03/2023 12:19:52,,U,KEVIN MIDGUAR ARCE TAIRO,3
3721,35,51,602264990038,NIVEL TOPOGRAFICO,O/C N°424,5/07/2013,985,1503.020905,EQUIPOS E INSTRUMENTOS DE MEDICION,R,PENTAX,AP 281,,PLOMO/ROJO,610214 - (610284),,,,,,,,,13/03/2023 16:51:23,,U,,
3722,35,35,602264990040,NIVEL TOPOGRAFICO,SANEAR,31/12/2021,1,1503.020905,EQUIPOS E INSTRUMENTOS DE MEDICION,M,KERN,GK 0-A,,VERDE/OSCURO,268460,,,,,,,,BAJA,10/03/2023 16:13:36,,D,,
3723,35,35,602264990042,NIVEL TOPOGRAFICO,O/C Nº 97,2/05/2016,11000,1503.020905,EQUIPOS E INSTRUMENTOS DE MEDICION,M,LEICA,,,ROJO/PLOMO,,,,,,,,,,13/03/2023 11:28:22,,U,,
3724,35,35,602264990043,NIVEL TOPOGRAFICO,O/C N°97,2/05/2016,11000,1503.020905,EQUIPOS E INSTRUMENTOS DE MEDICION,M,PENTAX,AP 228,TRIPODE,PLOMO/ROJO,622896,,,,,,,,,13/03/2023 11:48:01,,U,,
3725,35,48,602264990044,NIVEL TOPOGRAFICO,O/C N°398,2/12/2016,3180,1503.020905,EQUIPOS E INSTRUMENTOS DE MEDICION,R,TOPCON,AT -B2,,AMARILLO,MS 3124,,,,,,,,,13/03/2023 11:09:32,,U,KEVIN MIDGUAR ARCE TAIRO,3
3726,35,35,602266690001,OSCILOSCOPIO,SANEAR,31/12/2021,1,1503.020905,EQUIPOS E INSTRUMENTOS DE MEDICION,M,,ST-16,,AZUL,601391,,,,,,,,,13/03/2023 11:52:40,,U,,
3727,35,35,742258690002,PANTOGRAFO,SANEAR,31/12/2021,1,1503.020101,MAQUINAS Y EQUIPOS DE OFICINA,M,CHINA,9 036,,AMARILLO,,,,,,,,,,13/03/2023 12:36:45,,U,,
3728,35,35,952260390001,PARLANTE AMPLIFICADOR PORTATIL,O/C N°374,30/12/2003,31.42,1503.020303,EQUIPOS DE TELECOMUNICACIONES,M,,,,BLANCO,,,,,,,,,ES PARLANTE DE COMPUTADORA - ELIMINAR,10/03/2023 11:20:11,,U,,
3729,35,48,952260390002,PARLANTE AMPLIFICADOR PORTATIL,O/C N°3-00059,10/08/2009,38.31,1503.020303,EQUIPOS DE TELECOMUNICACIONES,M,GENIUS,,,NEGRO,,,,,,,,,PARLANTES DE ESCRITORIO,13/03/2023 12:23:12,,U,KEVIN MIDGUAR ARCE TAIRO,3
3730,35,48,952260390003,PARLANTE AMPLIFICADOR PORTATIL,O/C N°3-00060,10/08/2009,38.31,1503.020303,EQUIPOS DE TELECOMUNICACIONES,M,MICRONICS,,,NEGRO,,,,,,,,,PARLANTES DE ESCRITORIO,13/03/2023 12:22:12,,U,KEVIN MIDGUAR ARCE TAIRO,3
3731,35,48,952260390004,PARLANTE AMPLIFICADOR PORTATIL,O/C 3-00060,10/08/2009,38.31,1503.020303,EQUIPOS DE TELECOMUNICACIONES,M,HALION,,,NEGRO,,,,,,,,,DE ESCRITORIO,13/03/2023 12:46:14,,U,KEVIN MIDGUAR ARCE TAIRO,3
3732,35,6,952260390005,PARLANTE AMPLIFICADOR PORTATIL,O/C 3-00060,10/08/2009,38.31,1503.020303,EQUIPOS DE TELECOMUNICACIONES,M,SUPER TEC,,,BLANCO,,,,,,,,,,07/03/2023 02:38:37,,U,user user user,1
3733,35,6,952260390006,PARLANTE AMPLIFICADOR PORTATIL,O/C 3-00060,10/08/2009,38.31,1503.020303,EQUIPOS DE TELECOMUNICACIONES,M,FUJIYAMA,,,PLOMO/NEGRO,,,,,,,,,,07/03/2023 02:38:57,,U,user user user,1
3734,35,6,952260390008,PARLANTE AMPLIFICADOR PORTATIL,SANEAR,31/12/2021,1,1503.020303,EQUIPOS DE TELECOMUNICACIONES,M,DELUX,,,PLOMO,22108031136,,,,,,,,,07/03/2023 02:39:15,,U,user user user,1
3735,35,6,952260390009,PARLANTE AMPLIFICADOR PORTATIL,O/C N° 3-00048,28/05/2010,120,1503.020303,EQUIPOS DE TELECOMUNICACIONES,M,CYBERLINK,,,NEGRO,ZCEZA2601414,,,,,,,,,07/03/2023 02:39:31,,U,user user user,1
3736,35,48,952260390014,PARLANTE AMPLIFICADOR PORTATIL,O/C N°3-00043,25/05/2010,80,1503.020303,EQUIPOS DE TELECOMUNICACIONES,M,MICRONICS,MIC -5360,,NEGRO,1.67554E+11,,,,,,,,DE ESCRITORIO,13/03/2023 12:46:26,,U,KEVIN MIDGUAR ARCE TAIRO,3
3737,35,,952260580001,PARLANTES EN GENERAL (MAYOR A 1/8 UIT),O/C N°178,11/07/2000,27.72,1503.020303,EQUIPOS DE TELECOMUNICACIONES,M,MICRONICS,,,BLANCO,1.23457E+14,,,,,,,,,,,U,,
3738,35,35,952260580003,PARLANTES EN GENERAL (MAYOR A 1/8 UIT),SANEAR,31/12/2021,1,1503.020303,EQUIPOS DE TELECOMUNICACIONES,R,RLIP-EXTREME,K55600,,NEGRO,100226631,,,,,,,,,10/03/2023 18:16:04,,U,,
3739,35,35,952260580004,PARLANTES EN GENERAL (MAYOR A 1/8 UIT),O/C N°547,31/12/2001,40.74,1503.020303,EQUIPOS DE TELECOMUNICACIONES,M,,,,BLANCO,,,,,,,,,MENOR A 1/8 UIT - ELIMINAR,10/03/2023 11:21:29,,U,,
3740,35,28,952260580005,PARLANTES EN GENERAL (MAYOR A 1/8 UIT),O/C N°67,21/06/2003,33.93,1503.020303,EQUIPOS DE TELECOMUNICACIONES,R,CYBERLINK,,,NEGRO,,,,,,,,,ELIMINAR,10/03/2023 11:32:14,,U,KEVIN MIDGUAR ARCE TAIRO,3
3741,35,35,952260580006,PARLANTES EN GENERAL (MAYOR A 1/8 UIT),SANEAR,31/12/2021,1,1503.020303,EQUIPOS DE TELECOMUNICACIONES,M,OMEGA,,,NEGRO,2.00706E+12,,,,,,,,MENOR A 1/8 UIT - ELIMINAR,10/03/2023 12:03:00,,D,,
3742,35,6,952260580009,PARLANTES EN GENERAL (MAYOR A 1/8 UIT),SANEAR,31/12/2021,1,1503.020303,EQUIPOS DE TELECOMUNICACIONES,R,ALTRON,MS-898,WOOFER,BLANCO,,,,,,,,,,07/03/2023 02:39:47,,U,user user user,1
3743,35,6,952260580010,PARLANTES EN GENERAL (MAYOR A 1/8 UIT),O/C N°66,30/01/2004,30.06,1503.020303,EQUIPOS DE TELECOMUNICACIONES,R,OMEGA,MS-898,,NEGRO,2.01001E+12,,,,,,,,,07/03/2023 02:40:03,,U,user user user,1
3744,35,35,952260580014,PARLANTES EN GENERAL (MAYOR A 1/8 UIT),O/C N°68,5/08/2008,37.14,1503.020303,EQUIPOS DE TELECOMUNICACIONES,R,AVATEC,AVS45,,PLOMO,705000125,,,,,,,,,10/03/2023 11:05:14,,U,,
3745,35,48,952260580015,PARLANTES EN GENERAL (MAYOR A 1/8 UIT),O/C Nº 95,19/09/2008,37.14,1503.020303,EQUIPOS DE TELECOMUNICACIONES,M,MIC,AVS45,,NEGRO,1.67554E+11,,,,,,,,DE ESCRITORIO,13/03/2023 12:46:33,,U,KEVIN MIDGUAR ARCE TAIRO,3
3746,35,6,952260580016,PARLANTES EN GENERAL (MAYOR A 1/8 UIT),O/C Nº 101,24/09/2008,37.14,1503.020303,EQUIPOS DE TELECOMUNICACIONES,M,OMEGA,AVS45,,NEGRO,2.00706E+12,,,,,,,,,07/03/2023 02:40:26,,U,user user user,1
3747,35,48,952260580019,PARLANTES EN GENERAL (MAYOR A 1/8 UIT),O/C Nº 6-00046,27/11/2009,39.36,1503.020303,EQUIPOS DE TELECOMUNICACIONES,R,GENIUS,,,NEGRO,,,,,,,,,,13/03/2023 12:21:08,,U,KEVIN MIDGUAR ARCE TAIRO,3
3748,35,35,952260580022,PARLANTES EN GENERAL (MAYOR A 1/8 UIT),O/C Nº 0-00032,22/02/2010,38.64,1503.020303,EQUIPOS DE TELECOMUNICACIONES,R,MICRONICS,MIC S11S5,,NEGRO,1386S1155095,,,,,,,,MENOR 1/8 UIT - ELIMINAR,10/03/2023 10:31:57,,U,,
3749,35,,952260580024,PARLANTES EN GENERAL (MAYOR A 1/8 UIT),O/C Nº 0-00033,22/02/2010,38.64,1503.020303,EQUIPOS DE TELECOMUNICACIONES,M,CYBERLINK,MICSIIS5,,NEGRO,9.061E+11,,,,,,,,,,,U,,
3750,35,35,952260580029,PARLANTES EN GENERAL (MAYOR A 1/8 UIT),SANEAR,31/12/2021,1,1503.020303,EQUIPOS DE TELECOMUNICACIONES,M,MICRONICS,,,,,,,,,,,,,10/03/2023 12:02:27,,U,,
3751,35,45,952260580030,PARLANTES EN GENERAL (MAYOR A 1/8 UIT),O/C Nº 8-00107,23/04/2010,32.44,1503.020303,EQUIPOS DE TELECOMUNICACIONES,R,GENIUS,,3 UNIDADES,NEGRO,,,,,,,,,ELIMINAR,09/03/2023 15:24:37,,U,KEVIN MIDGUAR ARCE TAIRO,3
3752,35,48,952260580039,PARLANTES EN GENERAL (MAYOR A 1/8 UIT),O/C Nº 000155,23/07/2013,38.3,1503.020303,EQUIPOS DE TELECOMUNICACIONES,R,GENIUS,,,NEGRO,WK111EC90893,,,,,,,,,13/03/2023 12:39:03,,U,KEVIN MIDGUAR ARCE TAIRO,3
3753,35,48,952260580040,PARLANTES EN GENERAL (MAYOR A 1/8 UIT),O/C Nº 000298,6/11/2012,43.32,1503.020303,EQUIPOS DE TELECOMUNICACIONES,M,MICRONICS,,,NEGRO/PLOMO,2.48553E+11,,,,,,,,DE ESCRITORIO,13/03/2023 12:46:53,,U,KEVIN MIDGUAR ARCE TAIRO,3
3754,35,6,952260580042,PARLANTES EN GENERAL (MAYOR A 1/8 UIT),O/C Nº 000298,6/11/2012,43.32,1503.020303,EQUIPOS DE TELECOMUNICACIONES,M,MICRONICS,,,NEGRO,,,,,,,,,,04/03/2023 12:11:55,,U,DELIA RUTH QUISPE SONCCO,4
3755,35,48,952260580049,PARLANTES EN GENERAL (MAYOR A 1/8 UIT),O/C Nº 000175,19/04/2013,43.92,1503.020303,EQUIPOS DE TELECOMUNICACIONES,M,GENIUS,,,NEGRO,ZCE293002878,,,,,,,,DE ESCRITORIO,13/03/2023 12:46:05,,U,KEVIN MIDGUAR ARCE TAIRO,3
3756,35,22,952260580050,PARLANTES EN GENERAL (MAYOR A 1/8 UIT),O/C Nº 000175,19/04/2013,43.92,1503.020303,EQUIPOS DE TELECOMUNICACIONES,R,GENIUS,,,NEGRO,ZEC270501376,,,,,,,,MENOR A 1/8 UIT,09/03/2023 12:42:10,,U,,
3757,35,6,952260580051,PARLANTES EN GENERAL (MAYOR A 1/8 UIT),SANEAR,31/12/2021,1,1503.020303,EQUIPOS DE TELECOMUNICACIONES,M,GENIUS,,,NEGRO,ZEC270501376,,,,,,,,,04/03/2023 12:10:02,,U,DELIA RUTH QUISPE SONCCO,4
3758,35,48,952260580053,PARLANTES EN GENERAL (MAYOR A 1/8 UIT),SANEAR,31/12/2021,1,1503.020303,EQUIPOS DE TELECOMUNICACIONES,R,HALION,HAS2050,,NEGRO,,,,,,,,,,13/03/2023 12:22:48,,U,KEVIN MIDGUAR ARCE TAIRO,3
3759,35,35,952260580057,PARLANTES EN GENERAL (MAYOR A 1/8 UIT),O/C Nº 000532,23/07/2013,37.72,1503.020303,EQUIPOS DE TELECOMUNICACIONES,R,CYBERTEL,CYB S213,,NEGRO,2497,,,,,,,,MENOR A 1/8 DE UIT - ELIMINAR,10/03/2023 10:19:26,,U,,
3760,35,6,952260580058,PARLANTES EN GENERAL (MAYOR A 1/8 UIT),O/C Nº 000532,23/07/2013,37.72,1503.020303,EQUIPOS DE TELECOMUNICACIONES,M,CYBERTEL,CYB S213,,NEGRO,,,,,,,,,,07/03/2023 02:41:01,,U,user user user,1
3761,35,6,952260580060,PARLANTES EN GENERAL (MAYOR A 1/8 UIT),O/C Nº 000821,20/11/2013,36.57,1503.020303,EQUIPOS DE TELECOMUNICACIONES,B,MICRONICS,S317B,,NEGRO,2662S317B1447,,,,,,,,,07/03/2023 02:41:25,,U,user user user,1
3762,35,6,952260580077,PARLANTES EN GENERAL (MAYOR A 1/8 UIT),O/C Nº 175,17/12/2008,37.08,1503.020303,EQUIPOS DE TELECOMUNICACIONES,M,MICRONICS,,,NEGRO,1.67554E+11,,,,,,,,,04/03/2023 12:16:26,,U,DELIA RUTH QUISPE SONCCO,4
3763,35,6,952260580082,PARLANTES EN GENERAL (MAYOR A 1/8 UIT),O/C Nº 364,29/10/2004,33.47,1503.020303,EQUIPOS DE TELECOMUNICACIONES,R,,,,BLANCO,,,,,,,,,,07/03/2023 02:41:51,,U,user user user,1
3764,35,6,952260580083,PARLANTES EN GENERAL (MAYOR A 1/8 UIT),O/C Nº 9-00084,14/07/2010,21.6,1503.020303,EQUIPOS DE TELECOMUNICACIONES,M,OMEGA,,,NEGRO,,,,,,,,,,07/03/2023 02:42:43,,D,user user user,1
3765,35,6,952260580084,PARLANTES EN GENERAL (MAYOR A 1/8 UIT),O/C Nº 6-00066,16/07/2010,95,1503.020303,EQUIPOS DE TELECOMUNICACIONES,M,,,,PLOMO,,,,,,,,,,07/03/2023 02:42:54,,U,user user user,1
3766,35,6,952260580086,PARLANTES EN GENERAL (MAYOR A 1/8 UIT),O/C Nº 000279,15/07/2013,48.77,1503.020303,EQUIPOS DE TELECOMUNICACIONES,R,CAMBRIDGE,,,,,,,,,,,,,07/03/2023 02:43:03,,U,user user user,1
3767,35,,952260580087,PARLANTES EN GENERAL (MAYOR A 1/8 UIT),O/C Nº 000348,13/06/2013,35.4,1503.020303,EQUIPOS DE TELECOMUNICACIONES,R,RILP EXTREME,,,NEGRO,,,,,,,,,,,,U,,
3768,35,6,952260580089,PARLANTES EN GENERAL (MAYOR A 1/8 UIT),O/C Nº 000348,13/06/2013,35.4,1503.020303,EQUIPOS DE TELECOMUNICACIONES,M,CREATIVE,,,BLANCO,,,,,,,,,,07/03/2023 02:43:12,,U,user user user,1
3769,35,6,952260580090,PARLANTES EN GENERAL (MAYOR A 1/8 UIT),O/C Nº 166,10/07/2015,53.24,1503.020303,EQUIPOS DE TELECOMUNICACIONES,M,,,,BLANCO,,,,,,,,,,07/03/2023 02:43:21,,U,user user user,1
3770,35,6,952260580091,PARLANTES EN GENERAL (MAYOR A 1/8 UIT),O/C Nº 381,30/10/2004,32.76,1503.020303,EQUIPOS DE TELECOMUNICACIONES,M,,,,BLANCO,,,,,,,,,,07/03/2023 02:43:30,,U,user user user,1
3771,35,6,952260580092,PARLANTES EN GENERAL (MAYOR A 1/8 UIT),O/C Nº 000131,18/06/2012,36.28,1503.020303,EQUIPOS DE TELECOMUNICACIONES,M,CYBERLINK,,,NEGRO,,,,,,,,,,07/03/2023 02:43:43,,U,user user user,1
3772,35,22,952260580093,PARLANTES EN GENERAL (MAYOR A 1/8 UIT),O/C Nº 6-00002,25/09/2009,45.6,1503.020303,EQUIPOS DE TELECOMUNICACIONES,M,CYBERLINK,,,NEGRO,,,,,,,,,MENOR A 1/8 DE LA UIT,09/03/2023 12:42:42,,D,,
3773,35,48,952260580095,PARLANTES EN GENERAL (MAYOR A 1/8 UIT),O/C Nº 3-00125,30/10/2009,36,1503.020303,EQUIPOS DE TELECOMUNICACIONES,M,CYBERTEL,NEWTON,,NEGRO,,,,,,,,,DE ESCRITORIO,13/03/2023 12:46:43,,U,KEVIN MIDGUAR ARCE TAIRO,3
3774,35,35,602267820001,PEACHIMETRO,O/C Nº 000131,26/03/2013,300,1503.020905,EQUIPOS E INSTRUMENTOS DE MEDICION,R,PH-009 (III) -C,S10PHMETER,LAPICERO,PLOMO,,,,,,,,,,13/03/2023 11:16:18,,U,,
3775,35,35,602268100001,PENETROMETRO,SANEAR,31/12/2021,1,1503.020905,EQUIPOS E INSTRUMENTOS DE MEDICION,M,,,,VERDE,,,,,,,,,BAJA,10/03/2023 16:00:59,,U,,
3776,35,48,532290990003,PERFORADOR MANUAL,VERIFICAR,31/12/2021,1,1503.020402,EQUIPO MEDICO,M,KW-TRIO,,150 HOJAS,PLOMO,,,,,,,,,RECOD,13/03/2023 12:15:48,,U,KEVIN MIDGUAR ARCE TAIRO,3
3777,35,48,532290990005,PERFORADOR MANUAL,VERIFICAR,31/12/2021,1,1503.020402,EQUIPO MEDICO,M,KW TRIO,POWER PUNCH,952,NEGRO,,,,,,,,,RECOD,13/03/2023 12:16:53,,U,KEVIN MIDGUAR ARCE TAIRO,3
3778,35,35,746473050020,PIZARRA ACRILICA,SANEAR,31/12/2021,1,1503.020102,MOBILIARIO DE OFICINA,R,,,,BLANCO,,0.70X1.20,,,,,,,,14/03/2023 12:46:42,,U,KEVIN MIDGUAR ARCE TAIRO,3
3779,35,35,602269520001,PLANCHETA AUTOREDUCTORA,SANEAR,31/12/2021,1,1503.020905,EQUIPOS E INSTRUMENTOS DE MEDICION,M,WILD,RK1-86395,,VERDE,RKY-86395,,,,,,,,BAJA,13/03/2023 12:26:49,,U,,
3780,35,35,602270080001,PLANCHETA TOPOGRAFICA,SANEAR,31/12/2021,1,1503.020905,EQUIPOS E INSTRUMENTOS DE MEDICION,M,KERN,,,VERDE,144543,,,,,,,,BAJA,10/03/2023 16:36:08,,D,,
3781,35,35,602273050001,PRISMA CIRCULAR,SANEAR,31/12/2021,1,1503.020905,EQUIPOS E INSTRUMENTOS DE MEDICION,M,,,,PLOMO,,,,,,,,,BAJA- ES BALIZA O JALON TOPOGRAFICO,10/03/2023 17:17:18,,D,,
3782,35,35,602273050003,PRISMA CIRCULAR,SANEAR,31/12/2021,1,1503.020905,EQUIPOS E INSTRUMENTOS DE MEDICION,M,,,,ROJO,,,,,,,,,BAJA,14/03/2023 10:49:35,,D,,
3783,35,48,602273050006,PRISMA CIRCULAR,O/C Nº 000152,2/07/2012,577,1503.020905,EQUIPOS E INSTRUMENTOS DE MEDICION,M,,,,AMARILLO/NEGRO,4185006,,,,,,,,,10/03/2023 17:58:51,,U,,
3784,35,48,602273050007,PRISMA CIRCULAR,O/C Nº 000152,2/07/2012,577,1503.020905,EQUIPOS E INSTRUMENTOS DE MEDICION,M,,,,NARANJA/NEGRO,4185009,,,,,,,,ROTO,13/03/2023 11:36:55,,U,KEVIN MIDGUAR ARCE TAIRO,3
3785,35,48,602273050008,PRISMA CIRCULAR,O/C Nº 000001,10/01/2013,682,1503.020905,EQUIPOS E INSTRUMENTOS DE MEDICION,M,LEICA,S/M,,ROJO,8742287,,,,,,,,,10/03/2023 17:14:26,,U,,
3786,35,48,602273050009,PRISMA CIRCULAR,O/C Nº 000031,6/02/2013,486,1503.020905,EQUIPOS E INSTRUMENTOS DE MEDICION,M,LEICA,GPR 111,,BEIGE/NEGRO,618157,,,,,,,,,14/03/2023 10:34:13,,U,KEVIN MIDGUAR ARCE TAIRO,3
3787,35,,602273050010,PRISMA CIRCULAR,SANEAR,31/12/2021,1,1503.020905,EQUIPOS E INSTRUMENTOS DE MEDICION,R,LEICA,GPR111,PRISMA CIRCULAR,,618198,,,,,,,,,,,U,,
3788,35,48,602273050011,PRISMA CIRCULAR,O/C Nº 000031,6/02/2013,486,1503.020905,EQUIPOS E INSTRUMENTOS DE MEDICION,R,LEICA,GPR 111,CE658A,AMARILLO/NEGRO,618198,,,,,,,,,13/03/2023 12:08:54,,U,KEVIN MIDGUAR ARCE TAIRO,3
3789,35,48,602273050012,PRISMA CIRCULAR,O/C Nº 346,18/11/2015,450,1503.020905,EQUIPOS E INSTRUMENTOS DE MEDICION,R,,,,ROJO,,,,,,,,,,10/03/2023 18:01:05,,U,,
3790,35,48,602273050014,PRISMA CIRCULAR,O/C Nº 000031,6/02/2013,486,1503.020905,EQUIPOS E INSTRUMENTOS DE MEDICION,B,LEICA,GPR 111,,,618200,,,,,,,,,10/03/2023 17:32:36,,U,,
3791,35,35,602273050015,PRISMA CIRCULAR,O/C Nº 3-00077,18/08/2009,2,1503.020905,EQUIPOS E INSTRUMENTOS DE MEDICION,M,LEICA,GPR 111,,ROJO,,,,,,,,,BAJA,13/03/2023 11:41:58,,U,,
3792,35,48,602273050017,PRISMA CIRCULAR,377,23/11/2015,520,1503.020905,EQUIPOS E INSTRUMENTOS DE MEDICION,R,LEICA,GPR 111,,ROJO,16180909,,,,,,,,,10/03/2023 17:11:26,,U,,
3793,35,,602273050018,PRISMA CIRCULAR,377,23/11/2015,520,1503.020905,EQUIPOS E INSTRUMENTOS DE MEDICION,B,LEICA,GPR 111,,,16180908,,,,,,,,,,,U,,
3794,35,48,602273050019,PRISMA CIRCULAR,O/C Nº 377,23/11/2015,520,1503.020905,EQUIPOS E INSTRUMENTOS DE MEDICION,R,LEICA,GPR 111,,,16180907,,,,,,,,,10/03/2023 17:10:27,,U,,
3795,35,48,602273050020,PRISMA CIRCULAR,O/C Nº 377,23/11/2015,520,1503.020905,EQUIPOS E INSTRUMENTOS DE MEDICION,R,LEICA,GPR 111,,,16180906,,,,,,,,,10/03/2023 17:08:38,,U,,
3796,35,48,602273050021,PRISMA CIRCULAR,O/C Nº 377,23/11/2015,520,1503.020905,EQUIPOS E INSTRUMENTOS DE MEDICION,R,LEICA,GPR 111,,,16180905,,,,,,,,,10/03/2023 17:14:01,,U,,
3797,35,48,602273050022,PRISMA CIRCULAR,O/C Nº 377,23/11/2015,520,1503.020905,EQUIPOS E INSTRUMENTOS DE MEDICION,B,LEICA,GPR 111,,,16180904,,,,,,,,,10/03/2023 17:12:23,,U,,
3798,35,48,602273050024,PRISMA CIRCULAR,O/C Nº 377,23/11/2015,520,1503.020905,EQUIPOS E INSTRUMENTOS DE MEDICION,R,LEICA,GPR 111,,,16180903,,,,,,,,,10/03/2023 17:16:16,,U,,
3799,35,48,602273050026,PRISMA CIRCULAR,O/C Nº 377,23/11/2015,520,1503.020905,EQUIPOS E INSTRUMENTOS DE MEDICION,B,LEICA,GPR 111,,,16180901,,,,,,,,,10/03/2023 17:11:04,,U,,
3800,35,48,602273050027,PRISMA CIRCULAR,O/C Nº 377,23/11/2015,520,1503.020905,EQUIPOS E INSTRUMENTOS DE MEDICION,R,LEICA,GPR 111,,,16180900,,,,,,,,,10/03/2023 17:12:01,,U,,
3801,35,48,602273050031,PRISMA CIRCULAR,O/C Nº 346,18/11/2015,520,1503.020905,EQUIPOS E INSTRUMENTOS DE MEDICION,R,LEICA,GLS 111,,ROJO,7309127,,,,,,,,,10/03/2023 18:05:47,,U,,
3802,35,48,602273050033,PRISMA CIRCULAR,O/C Nº 000031,6/02/2013,486,1503.020905,EQUIPOS E INSTRUMENTOS DE MEDICION,R,LEICA,GLS 111,346,ROJO,7311126,,,,,,,,,10/03/2023 17:09:28,,U,,
3803,35,48,602273050037,PRISMA CIRCULAR,SANEAR,31/12/2021,1,1503.020905,EQUIPOS E INSTRUMENTOS DE MEDICION,R,LEICA,,ESTUCHE Nº 6,ROJO BLANCO,,,,,,,,,,14/03/2023 10:35:51,,U,KEVIN MIDGUAR ARCE TAIRO,3
3804,35,48,602273050038,PRISMA CIRCULAR,SANEAR,31/12/2021,1,1503.020905,EQUIPOS E INSTRUMENTOS DE MEDICION,R,LEICA,,,ROJO BLANCO,,,,,,,,,,14/03/2023 10:35:58,,U,KEVIN MIDGUAR ARCE TAIRO,3
3805,35,48,602273050039,PRISMA CIRCULAR,SANEAR,31/12/2021,1,1503.020905,EQUIPOS E INSTRUMENTOS DE MEDICION,R,LEICA,,,ROJO BLANCO,,,,,,,,,,14/03/2023 10:36:09,,U,KEVIN MIDGUAR ARCE TAIRO,3
3806,35,48,602273050040,PRISMA CIRCULAR,SANEAR,31/12/2021,1,1503.020905,EQUIPOS E INSTRUMENTOS DE MEDICION,R,LEICA,,,ROJO BLANCO,,,,,,,,,,14/03/2023 10:36:17,,U,KEVIN MIDGUAR ARCE TAIRO,3
3807,35,48,602273050041,PRISMA CIRCULAR,SANEAR,31/12/2021,1,1503.020905,EQUIPOS E INSTRUMENTOS DE MEDICION,R,LEICA,,ESTUCHE Nº 4,ROJO BLANCO,,,,,,,,,,10/03/2023 17:10:04,,U,,
3808,35,48,602273050042,PRISMA CIRCULAR,SANEAR,31/12/2021,1,1503.020905,EQUIPOS E INSTRUMENTOS DE MEDICION,R,LEICA,,ESTUCHE Nº 2,ROJO BLANCO,,,,,,,,,,10/03/2023 17:51:33,,U,,
3809,35,48,602273050045,PRISMA CIRCULAR,SANEAR,31/12/2021,1,1503.020905,EQUIPOS E INSTRUMENTOS DE MEDICION,R,LEICA,,ESTUCHE Nº 9,NEGRO,,,,,,,,,,14/03/2023 10:39:35,,U,KEVIN MIDGUAR ARCE TAIRO,3
3810,35,48,602273050046,PRISMA CIRCULAR,SANEAR,31/12/2021,1,1503.020905,EQUIPOS E INSTRUMENTOS DE MEDICION,R,LEICA,,ESTUCHE Nº 1,ROJO BLANCO,,,,,,,,,,10/03/2023 17:12:46,,U,,
3811,35,48,602273050047,PRISMA CIRCULAR,SANEAR,31/12/2021,1,1503.020905,EQUIPOS E INSTRUMENTOS DE MEDICION,R,LEICA,,,ROJO BLANCO,,,,,,,,,,10/03/2023 17:15:21,,U,,
3812,35,48,602273050048,PRISMA CIRCULAR,SANEAR,31/12/2021,1,1503.020905,EQUIPOS E INSTRUMENTOS DE MEDICION,R,LEICA,,ESTUCHE Nº 7,ROJO BLANCO,,,,,,,,,,10/03/2023 17:16:40,,U,,
3813,35,,602273050049,PRISMA CIRCULAR,SANEAR,31/12/2021,1,1503.020905,EQUIPOS E INSTRUMENTOS DE MEDICION,R,LEICA,,,ROJO BLANCO,,,,,,,,,,,,U,,
3814,35,,602273050050,PRISMA CIRCULAR,SANEAR,31/12/2021,1,1503.020905,EQUIPOS E INSTRUMENTOS DE MEDICION,R,LEICA,,ESTUCHE Nº 13,ROJO BLANCO,,,,,,,,,,,,U,,
3815,35,35,952266440001,PROYECTOR,O/C Nº 3,30/03/2006,4220,1503.020303,EQUIPOS DE TELECOMUNICACIONES,R,EPSON,H284A,DATA DISPLAY,BLANCO,L.5F932351L,,,,,,,,,13/03/2023 11:55:52,,U,,
3816,35,35,952268140002,RADIO RECEPTOR,O/C Nº 3-00050,22/07/2009,139.74,1503.020303,EQUIPOS DE TELECOMUNICACIONES,M,MOTOROLA,,1 UNIDAD,NEGRO,,,,,,,,,BAJA - SOLO TIENE UN COMPONENTE,10/03/2023 15:28:30,,D,,
3817,35,35,952269650009,RADIO TRANSMISOR RECEPTOR,SANEAR,31/12/2021,1,1503.020303,EQUIPOS DE TELECOMUNICACIONES,M,MOTOROLA,,,AZUL,,,,,,,,,,14/03/2023 12:27:53,,U,KEVIN MIDGUAR ARCE TAIRO,3
3818,35,35,952269650011,RADIO TRANSMISOR RECEPTOR,SANEAR,31/12/2021,1,1503.020303,EQUIPOS DE TELECOMUNICACIONES,M,MOTOROLA,EP-450,1 UNIDAD,NEGRO,,,,,,,,,BAJA-SOLO TIENE UN COMPONENTE,10/03/2023 15:27:32,,D,,
3819,35,35,952269650012,RADIO TRANSMISOR RECEPTOR,SANEAR,31/12/2021,1,1503.020303,EQUIPOS DE TELECOMUNICACIONES,M,MOTOROLA,,1 UNIDAD,NEGRO,K7GMRCEJ,,,,,,,,BAJA - 1 TRANSMISOR,10/03/2023 15:33:10,,D,,
3820,35,35,952269650013,RADIO TRANSMISOR RECEPTOR,SANEAR,31/12/2021,1,1503.020303,EQUIPOS DE TELECOMUNICACIONES,M,MOTOROLA,,1 UNIDAD,NEGRO,,,,,,,,,BAJA - 1 TRANSMISOR,10/03/2023 15:34:05,,D,,
3821,35,35,952269650014,RADIO TRANSMISOR RECEPTOR,SANEAR,31/12/2021,1,1503.020303,EQUIPOS DE TELECOMUNICACIONES,M,MOTOROLA,K7GMRCEJ,,NEGRO,,,,,,,,,BAJA - 1 TRASMISOR,10/03/2023 15:35:34,,D,,
3822,35,35,952269650015,RADIO TRANSMISOR RECEPTOR,SANEAR,31/12/2021,1,1503.020303,EQUIPOS DE TELECOMUNICACIONES,R,MOTOROLA,KGGMRCEJ,1 UNIDAD,NEGRO,,,,,,,,,BAJA - SOLO TIENE UN COMPONENTE,10/03/2023 15:29:09,,D,,
3823,35,35,952269650016,RADIO TRANSMISOR RECEPTOR,SANEAR,31/12/2021,1,1503.020303,EQUIPOS DE TELECOMUNICACIONES,M,MOTOROLA,,1 UNIDAD,NEGRO,,,,,,,,,BAJA - 1 TRANSMISOR,10/03/2023 15:33:37,,D,,
3824,35,35,952269650017,RADIO TRANSMISOR RECEPTOR,SANEAR,31/12/2021,1,1503.020303,EQUIPOS DE TELECOMUNICACIONES,M,MOTOROLA,K7GMDBJJPR,1 UNIDAD,NEGRO,,,,,,,,,BAJA - SOLO TIENE UN COMPONENTE ( 1 TRANSMISOR),10/03/2023 15:29:56,,D,,
3825,35,35,952269650018,RADIO TRANSMISOR RECEPTOR,SANEAR,31/12/2021,1,1503.020303,EQUIPOS DE TELECOMUNICACIONES,M,MOTOROLA,K7GMDBJJPR,1 UNIDAD,NEGRO,,,,,,,,,BAJA - SOLO 1 TRANSMISOR,10/03/2023 15:31:26,,D,,
3826,35,35,952269650019,RADIO TRANSMISOR RECEPTOR,SANEAR,31/12/2021,1,1503.020303,EQUIPOS DE TELECOMUNICACIONES,M,MOTOROLA,EP450,1 UNIDAD,NEGRO,,,,,,,,,BAJA,10/03/2023 15:23:34,,D,,
3827,35,35,952269650020,RADIO TRANSMISOR RECEPTOR,SANEAR,31/12/2021,1,1503.020303,EQUIPOS DE TELECOMUNICACIONES,M,MOTOROLA,K7GMRCEJ,1 UNIDAD,NEGRO,,,,,,,,,BAJA 1 TRANSMISOR,10/03/2023 15:34:52,,D,,
3828,35,35,952269650021,RADIO TRANSMISOR RECEPTOR,SANEAR,31/12/2021,1,1503.020303,EQUIPOS DE TELECOMUNICACIONES,M,MOTOROLA,K7GMRCEJ,1 UNIDAD,NEGRO,,,,,,,,,BAJA,10/03/2023 15:25:28,,D,,
3829,35,35,952269650022,RADIO TRANSMISOR RECEPTOR,SANEAR,31/12/2021,1,1503.020303,EQUIPOS DE TELECOMUNICACIONES,M,MOTOROLA,K7GMRCEE,,NEGRO,K7GMRCEJ,,,,,,,,BAJA,10/03/2023 15:20:11,,D,,
3830,35,35,952269650023,RADIO TRANSMISOR RECEPTOR,SANEAR,31/12/2021,1,1503.020303,EQUIPOS DE TELECOMUNICACIONES,M,MOTOROLA,K7GMRCEJ,,NEGRO,,,,,,,,,BAJA,10/03/2023 15:22:59,,D,,
3831,35,35,952269650024,RADIO TRANSMISOR RECEPTOR,SANEAR,31/12/2021,1,1503.020303,EQUIPOS DE TELECOMUNICACIONES,M,MOTOROLA,K7GMJBGJ,,NEGRO,,,,,,,,,BAJA,10/03/2023 15:22:31,,D,,
3832,35,35,952269650025,RADIO TRANSMISOR RECEPTOR,SANEAR,31/12/2021,1,1503.020303,EQUIPOS DE TELECOMUNICACIONES,M,MIDLAND,X-TALKER,,NEGRO,,,,,,,,,BAJA,10/03/2023 15:19:41,,D,,
3833,35,35,952269650026,RADIO TRANSMISOR RECEPTOR,SANEAR,31/12/2021,1,1503.020303,EQUIPOS DE TELECOMUNICACIONES,R,MOTOROLA,,,AZUL,,,,,,,,,,14/03/2023 12:30:12,,U,KEVIN MIDGUAR ARCE TAIRO,3
3834,35,35,952269650027,RADIO TRANSMISOR RECEPTOR,SANEAR,31/12/2021,1,1503.020303,EQUIPOS DE TELECOMUNICACIONES,M,MOTOROLA,,,NEGRO,,,,,,,,,BAJA,10/03/2023 15:14:24,,D,,
3835,35,35,952269650028,RADIO TRANSMISOR RECEPTOR,SANEAR,31/12/2021,1,1503.020303,EQUIPOS DE TELECOMUNICACIONES,M,MOTOROLA,,,AZUL,,,,,,,,,BAJA,10/03/2023 15:14:52,,D,,
3836,35,35,952269650029,RADIO TRANSMISOR RECEPTOR,SANEAR,31/12/2021,1,1503.020303,EQUIPOS DE TELECOMUNICACIONES,M,MOTOROLA,,,NEGRO,,,,,,,,,BAJA,10/03/2023 15:26:42,,D,,
3837,35,35,952269650030,RADIO TRANSMISOR RECEPTOR,SANEAR,31/12/2021,1,1503.020303,EQUIPOS DE TELECOMUNICACIONES,M,MOTOROLA,,,NEGRO,K7GMDBJJPR,,,,,,,,BAJA,10/03/2023 15:18:45,,D,,
3838,35,35,952269650031,RADIO TRANSMISOR RECEPTOR,SANEAR,31/12/2021,1,1503.020303,EQUIPOS DE TELECOMUNICACIONES,M,MOTOROLA,,,NEGRO,,,,,,,,,BAJA,10/03/2023 15:17:36,,D,,
3839,35,35,952269650032,RADIO TRANSMISOR RECEPTOR,SANEAR,31/12/2021,1,1503.020303,EQUIPOS DE TELECOMUNICACIONES,M,MOTOROLA,,,NEGRO,K7GMDBJJPR,,,,,,,,BAJA,10/03/2023 15:11:51,,D,,
3840,35,35,952269650033,RADIO TRANSMISOR RECEPTOR,SANEAR,31/12/2021,1,1503.020303,EQUIPOS DE TELECOMUNICACIONES,M,MOTOROLA,,,NEGRO,K7GMJBGJ,,,,,,,,BAJA,10/03/2023 15:26:00,,D,,
3841,35,35,952269650034,RADIO TRANSMISOR RECEPTOR,SANEAR,31/12/2021,1,1503.020303,EQUIPOS DE TELECOMUNICACIONES,M,MOTOROLA,,,NEGRO,,,,,,,,,BAJA,10/03/2023 15:12:55,,D,,
3842,35,35,952269650035,RADIO TRANSMISOR RECEPTOR,SANEAR,31/12/2021,1,1503.020303,EQUIPOS DE TELECOMUNICACIONES,M,MOTOROLA,,,NEGRO,,,,,,,,,BAJA,10/03/2023 15:18:10,,D,,
3843,35,35,952269650036,RADIO TRANSMISOR RECEPTOR,SANEAR,31/12/2021,1,1503.020303,EQUIPOS DE TELECOMUNICACIONES,M,MOTOROLA,,,NEGRO,K7GMRCEJ,,,,,,,,BAJA,10/03/2023 15:24:29,,D,,
3844,35,35,952269650037,RADIO TRANSMISOR RECEPTOR,SANEAR,31/12/2021,1,1503.020303,EQUIPOS DE TELECOMUNICACIONES,M,MOTOROLA,,,NEGRO,,,,,,,,,BAJA,10/03/2023 15:16:31,,D,,
3845,35,35,952269650038,RADIO TRANSMISOR RECEPTOR,SANEAR,31/12/2021,1,1503.020303,EQUIPOS DE TELECOMUNICACIONES,M,MOTOROLA TOLKAT,MC-220,,NEGRO,,,,,,,,,BAJA,10/03/2023 15:22:02,,D,,
3846,35,35,952269650043,RADIO TRANSMISOR RECEPTOR,SANEAR,31/12/2021,1,1503.020303,EQUIPOS DE TELECOMUNICACIONES,M,MOTOROLA,,,NEGRO/PLOMO,,,,,,,,,,14/03/2023 12:13:32,,U,KEVIN MIDGUAR ARCE TAIRO,3
3847,35,35,952269650044,RADIO TRANSMISOR RECEPTOR,SANEAR,31/12/2021,1,1503.020303,EQUIPOS DE TELECOMUNICACIONES,M,MOTOROLA,,,NEGRO,,,,,,,,,BAJA,10/03/2023 15:17:01,,D,,
3848,35,35,952269650045,RADIO TRANSMISOR RECEPTOR,SANEAR,31/12/2021,1,1503.020303,EQUIPOS DE TELECOMUNICACIONES,M,MOTOROLA,,1 UNIDAD,NEGRO,,,,,,,,,BAJA- SOLO 1TRANSMISOR ,10/03/2023 15:30:53,,M,,
3849,35,35,952269650046,RADIO TRANSMISOR RECEPTOR,SANEAR,31/12/2021,1,1503.020303,EQUIPOS DE TELECOMUNICACIONES,M,MOTOROLA,,1 UNIDAD,NEGRO,,,,,,,,,BAJA - 1 TRANSMISOR,10/03/2023 15:32:42,,D,,
3850,35,35,952269650047,RADIO TRANSMISOR RECEPTOR,SANEAR,31/12/2021,1,1503.020303,EQUIPOS DE TELECOMUNICACIONES,M,MOTOROLA,,,NEGRO,,,,,,,,,BAJA,10/03/2023 15:30:32,,D,,
3851,35,35,952269650048,RADIO TRANSMISOR RECEPTOR,SANEAR,31/12/2021,1,1503.020303,EQUIPOS DE TELECOMUNICACIONES,M,MOTOROLA,,,AZUL,,,,,,,,,BAJA,10/03/2023 15:15:33,,D,,
3852,35,35,952269650050,RADIO TRANSMISOR RECEPTOR,SANEAR,31/12/2021,1,1503.020303,EQUIPOS DE TELECOMUNICACIONES,R,MOTOROLA,,,NEGRO/VERDE,,,,,,,,,,14/03/2023 12:21:50,,U,KEVIN MIDGUAR ARCE TAIRO,3
3853,35,35,952269650051,RADIO TRANSMISOR RECEPTOR,SANEAR,31/12/2021,1,1503.020303,EQUIPOS DE TELECOMUNICACIONES,R,MOTOROLA,,,NEGRO/VERDE,,,,,,,,,,14/03/2023 12:22:50,,U,KEVIN MIDGUAR ARCE TAIRO,3
3854,35,35,952269650052,RADIO TRANSMISOR RECEPTOR,SANEAR,31/12/2021,1,1503.020303,EQUIPOS DE TELECOMUNICACIONES,R,MOTOROLA,,,NEGRO/VERDE,,,,,,,,,,14/03/2023 12:23:42,,U,KEVIN MIDGUAR ARCE TAIRO,3
3855,35,35,952269650053,RADIO TRANSMISOR RECEPTOR,SANEAR,31/12/2021,1,1503.020303,EQUIPOS DE TELECOMUNICACIONES,R,MOTOROLA,,,NEGRO/VERDE,,,,,,,,,,14/03/2023 12:23:48,,U,KEVIN MIDGUAR ARCE TAIRO,3
3856,35,35,952269650054,RADIO TRANSMISOR RECEPTOR,SANEAR,31/12/2021,1,1503.020303,EQUIPOS DE TELECOMUNICACIONES,R,MOTOROLA,,,NEGRO/VERDE,,,,,,,,,,14/03/2023 12:24:00,,U,KEVIN MIDGUAR ARCE TAIRO,3
3857,35,35,952269650055,RADIO TRANSMISOR RECEPTOR,SANEAR,31/12/2021,1,1503.020303,EQUIPOS DE TELECOMUNICACIONES,R,MOTOROLA,,,NEGRO/VERDE,,,,,,,,,,14/03/2023 12:24:07,,U,KEVIN MIDGUAR ARCE TAIRO,3
3858,35,35,952269650056,RADIO TRANSMISOR RECEPTOR,SANEAR,31/12/2021,1,1503.020303,EQUIPOS DE TELECOMUNICACIONES,M,MOTOROLA,,,AZUL,,,,,,,,,,14/03/2023 12:25:58,,U,KEVIN MIDGUAR ARCE TAIRO,3
3859,35,35,952269650057,RADIO TRANSMISOR RECEPTOR,SANEAR,31/12/2021,1,1503.020303,EQUIPOS DE TELECOMUNICACIONES,M,MOTOROLA,,,AZUL,,,,,,,,,,14/03/2023 12:32:18,,U,KEVIN MIDGUAR ARCE TAIRO,3
3860,35,35,952269650058,RADIO TRANSMISOR RECEPTOR,SANEAR,31/12/2021,1,1503.020303,EQUIPOS DE TELECOMUNICACIONES,M,MOTOROLA,,,AZUL,,,,,,,,,SIN PAR,14/03/2023 12:33:01,,U,KEVIN MIDGUAR ARCE TAIRO,3
3861,35,35,952269650059,RADIO TRANSMISOR RECEPTOR,SANEAR,31/12/2021,1,1503.020303,EQUIPOS DE TELECOMUNICACIONES,M,MOTOROLA,TALKABDUT,,NEGRO/VERDE,,,,,,,,,,14/03/2023 12:34:02,,U,KEVIN MIDGUAR ARCE TAIRO,3
3862,35,35,952269650060,RADIO TRANSMISOR RECEPTOR,SANEAR,31/12/2021,1,1503.020303,EQUIPOS DE TELECOMUNICACIONES,M,MOTOROLA,TALKABDUT,,NEGRO/VERDE,,,,,,,,,,14/03/2023 12:34:05,,U,KEVIN MIDGUAR ARCE TAIRO,3
3863,35,35,952269650061,RADIO TRANSMISOR RECEPTOR,SANEAR,31/12/2021,1,1503.020303,EQUIPOS DE TELECOMUNICACIONES,R,MOTOROLA,,,AZUL,,,,,,,,,,14/03/2023 12:26:28,,U,KEVIN MIDGUAR ARCE TAIRO,3
3864,35,35,952269650062,RADIO TRANSMISOR RECEPTOR,SANEAR,31/12/2021,1,1503.020303,EQUIPOS DE TELECOMUNICACIONES,M,MOTOROLA,,,AZUL,,,,,,,,,BAJA,10/03/2023 15:21:36,,D,,
3865,35,35,952270030003,RADIOGRABADORA,O/C Nº 0300,29/04/1996,815.1,1503.020303,EQUIPOS DE TELECOMUNICACIONES,M,SONY,KW3005,AMS KARAOKE,NEGRO,1103350 - CFS,,,,,,,,,10/03/2023 11:40:22,,U,,
3866,35,6,952271540001,REBOBINADOR DE CINTA MAGNETICA,SANEAR,31/12/2021,1,1503.020303,EQUIPOS DE TELECOMUNICACIONES,M,BHC-VIDEO-CASSE,OK303,,NEGRO,,,,,,,,,,07/03/2023 02:45:53,,U,user user user,1
3867,35,35,462282280002,REFLECTOR,SANEAR,31/12/2021,1,1503.020904,ELECTRICIDAD Y ELECTRONICA,R,LIGH TECH,33-FAL189,,NEGRO,,,,,,,,,,14/03/2023 10:28:40,,U,,
3868,35,35,742288800001,RELOJ DE MESA,SANEAR,31/12/2021,1,1503.020101,MAQUINAS Y EQUIPOS DE OFICINA,M,,,,VERDE/AZUL,,,,,,,,,BAJA,10/03/2023 16:06:14,,D,,
3869,35,6,742294150001,RELOJ MARCADOR FECHADOR ELECTRONICO,SANEAR,31/12/2021,1,1503.020101,MAQUINAS Y EQUIPOS DE OFICINA,M,SEMPLEX,,,,,,,,,,,,,07/03/2023 01:53:42,,U,user user user,1
3870,35,6,742296820001,RELOJ MARCADOR FECHADOR MECANICO,SANEAR,31/12/2021,1,1503.020101,MAQUINAS Y EQUIPOS DE OFICINA,M,,LH102331BB,,BLANCO,,,,,,,,,,07/03/2023 01:54:05,,D,user user user,1
3871,35,,742296820003,RELOJ MARCADOR FECHADOR MECANICO,SANEAR,31/12/2021,1,1503.020101,MAQUINAS Y EQUIPOS DE OFICINA,M,,,EQUIPO DE CONTO,,,,,,,,,,,,,U,,
3872,35,35,952274870001,REPRODUCTOR DE DVD/CD/VCD/SVCD/MP3 Y OTROS,O/C Nº 000168,17/04/2013,199,1503.020303,EQUIPOS DE TELECOMUNICACIONES,M,PHILIPS,BP125-N.DPENLLK,BLU-RAY,NEGRO,302HZGZ028119,,,,,,,,BAJA,10/03/2023 15:54:55,,D,,
3873,35,35,952274870002,REPRODUCTOR DE DVD/CD/VCD/SVCD/MP3 Y OTROS,SANEAR,31/12/2021,1,1503.020303,EQUIPOS DE TELECOMUNICACIONES,R,SONY,BVTSR370,,NEGRO,,,,,,,,,,10/03/2023 17:54:26,,U,,
3874,35,35,746483900026,SILLA GIRATORIA DE METAL,O/C Nº 000352,14/06/2013,180,1503.020102,MOBILIARIO DE OFICINA,R,,,,NEGRO,,0.46X0.65X0.88,,,,,,,,10/03/2023 10:44:02,,U,,
3875,35,35,746483900078,SILLA GIRATORIA DE METAL,O/C Nº 000047,7/02/2013,200,1503.020102,MOBILIARIO DE OFICINA,B,,,,NEGRO,,,,,,,,,,07/03/2023 16:09:28,,U,KEVIN MIDGUAR ARCE TAIRO,3
3876,35,35,746483900086,SILLA GIRATORIA DE METAL,O/C Nº 000047,7/02/2013,200,1503.020102,MOBILIARIO DE OFICINA,R,,,,NEGRO,,,,,,,,,,10/03/2023 10:24:22,,U,,
3877,35,35,746483900117,SILLA GIRATORIA DE METAL,O/C Nº 000346,13/06/2013,220,1503.020102,MOBILIARIO DE OFICINA,R,,,,NEGRO,,0.44X0.63X0.95,,,,,,,,10/03/2023 10:53:21,,U,,
3878,35,35,746488310001,SILLON GIRATORIO (OTROS),O/C Nº 000520,24/07/2013,280,1503.020102,MOBILIARIO DE OFICINA,M,,TAPIZ MARROQUIN,,CAFÉ,,0.70X0.60X1.20,,,,,,,BAJA,10/03/2023 10:31:07,,U,,
3879,35,32,746488310007,SILLON GIRATORIO (OTROS),O/C Nº 6-00127,30/09/2010,290,1503.020102,MOBILIARIO DE OFICINA,M,PRINCIPE,,,CAFÉ,,,,,,,,,,07/03/2023 02:32:10,,U,user user user,1
3880,35,35,746489330014,SILLON GIRATORIO DE METAL,O/C Nº 266,8/09/2015,498,1503.020102,MOBILIARIO DE OFICINA,R,,,,NEGRO,,0.62X0.65X1.14,,,,,,,,10/03/2023 11:04:10,,U,,
3881,35,35,42289980001,SONDA PARA POZO,SANEAR,31/12/2021,1,1503.020502,EQUIPO DE USO AGRICOLA Y PESQUERO,M,,DWS-3,,,87-11021,,,,,,,,BAJA,10/03/2023 16:05:17,,D,,
3882,35,35,42289980002,SONDA PARA POZO,SANEAR,31/12/2021,1,1503.020502,EQUIPO DE USO AGRICOLA Y PESQUERO,M,,JFS-1,,,361,,,,,,,,,13/03/2023 12:38:53,,U,,
3883,35,35,42289980003,SONDA PARA POZO,SANEAR,31/12/2021,1,1503.020502,EQUIPO DE USO AGRICOLA Y PESQUERO,M,CHINA MOD JJW,,,,807,,,,,,,,BAJA,13/03/2023 12:42:35,,U,,
3884,35,35,42289980004,SONDA PARA POZO,SANEAR,31/12/2021,1,1503.020502,EQUIPO DE USO AGRICOLA Y PESQUERO,M,,JJX-3,,,4267,,,,,,,,,13/03/2023 12:40:45,,U,,
3885,35,35,42289980005,SONDA PARA POZO,SANEAR,31/12/2021,1,1503.020502,EQUIPO DE USO AGRICOLA Y PESQUERO,M,,JJX-3,,,5276,,,,,,,,BAJA,13/03/2023 12:40:36,,U,,
3886,35,35,42289980006,SONDA PARA POZO,SANEAR,31/12/2021,1,1503.020502,EQUIPO DE USO AGRICOLA Y PESQUERO,M,CHINA MOD. JJY1,,,,966-5,,,,,,,,BAJA,13/03/2023 12:40:52,,U,,
3887,35,35,42289980007,SONDA PARA POZO,SANEAR,31/12/2021,1,1503.020502,EQUIPO DE USO AGRICOLA Y PESQUERO,M,CHINA MOD. JJY1,JMZ-1,,,S4S,,,,,,,,BAJA,13/03/2023 12:42:02,,U,,
3888,35,35,42289980008,SONDA PARA POZO,SANEAR,31/12/2021,1,1503.020502,EQUIPO DE USO AGRICOLA Y PESQUERO,M,,JM2-1,,,964,,,,,,,,BAJA,10/03/2023 17:53:28,,D,,
3889,35,35,952281170001,SWITCH PARA RED,SANEAR,31/12/2021,1,1503.020303,EQUIPOS DE TELECOMUNICACIONES,M,D LINK,,,NEGRO,,,,,,,,,,14/03/2023 12:40:37,,U,KEVIN MIDGUAR ARCE TAIRO,3
3890,35,6,952281170002,SWITCH PARA RED,SANEAR,31/12/2021,1,1503.020303,EQUIPOS DE TELECOMUNICACIONES,M,VCTNET,SOHO-3080FP,,NEGRO,CXC02802165,,,,,,,,,07/03/2023 02:46:31,,U,user user user,1
3891,35,6,952281170003,SWITCH PARA RED,SANEAR,31/12/2021,1,1503.020303,EQUIPOS DE TELECOMUNICACIONES,M,VCTNET,,,NEGRO,CXCO2801854,,,,,,,,,07/03/2023 02:46:51,,U,user user user,1
3892,35,6,952281170005,SWITCH PARA RED,SANEAR,31/12/2021,1,1503.020303,EQUIPOS DE TELECOMUNICACIONES,M,VCTNET,,,BLANCO,,,,,,,,,,07/03/2023 02:47:12,,U,user user user,1
3893,35,6,952281170006,SWITCH PARA RED,SANEAR,31/12/2021,1,1503.020303,EQUIPOS DE TELECOMUNICACIONES,M,DINAMIC,84399A,,NEGRO,7816V6VEC857,,,,,,,,,07/03/2023 02:47:37,,U,user user user,1
3894,35,6,952281170007,SWITCH PARA RED,SANEAR,31/12/2021,1,1503.020303,EQUIPOS DE TELECOMUNICACIONES,M,TP-LINK,TD-W89O1G,,BLANCO,6470029FC336,,,,,,,,,07/03/2023 02:47:51,,U,user user user,1
3895,35,6,952281170008,SWITCH PARA RED,SANEAR,31/12/2021,1,1503.020303,EQUIPOS DE TELECOMUNICACIONES,M,MULTIMODEM,MT2834ZOXBM,MODEM,BLANCO,5044952,,,,,,,,,04/03/2023 11:47:35,,U,DELIA RUTH QUISPE SONCCO,4
3896,35,6,952281170009,SWITCH PARA RED,SANEAR,31/12/2021,1,1503.020303,EQUIPOS DE TELECOMUNICACIONES,M,D-LINK,DES-1024A,MODEM,NEGRO,QB3T2C9000640,,,,,,,,,04/03/2023 13:21:47,,U,DELIA RUTH QUISPE SONCCO,4
3897,35,48,952281170011,SWITCH PARA RED,SANEAR,31/12/2021,1,1503.020303,EQUIPOS DE TELECOMUNICACIONES,M,D-LINK,DES-1008A,,NEGRO,,,,,,,,,,13/03/2023 12:12:56,,U,KEVIN MIDGUAR ARCE TAIRO,3
3898,35,6,462290890002,TABLERO DE CONTROL,SANEAR,31/12/2021,1,1503.020904,ELECTRICIDAD Y ELECTRONICA,M,,JDC-2,,VERDE,516-3-C-3,,,,,,,,,04/03/2023 13:07:55,,U,DELIA RUTH QUISPE SONCCO,4
3899,35,35,462290890003,TABLERO DE CONTROL,SANEAR,31/12/2021,1,1503.020904,ELECTRICIDAD Y ELECTRONICA,M,,JDC-2,,VERDE,516-3-C-4,,,,,,,,BAJA,14/03/2023 10:47:04,,U,,
3900,35,35,672295930002,TALADRO ELECTRICO PORTATIL,SANEAR,31/12/2021,1,1503.020906,EQUIPOS PARA VEHICULOS,R,BLACK DEEKER,20354,,PLOMO/NEGRO,705070,,,,,,,,,13/03/2023 11:46:13,,U,,
3901,35,35,676466670006,TANQUE DE POLIETILENO PARA AGUA,SANEAR,31/12/2021,1,1503.020102,MOBILIARIO DE OFICINA,M,,,,BLANCO,,275 GLS.,,,,,,,,14/03/2023 11:42:00,,U,KEVIN MIDGUAR ARCE TAIRO,3
3902,35,35,740895000032,TECLADO - KEYBOARD,O/C Nº 67,21/06/2003,48.08,1503.020301,EQUIPOS COMPUTACIONALES Y PERIFERICOS,M,GENIUS,K639,,NEGRO,ZM6602042991,,,,,,,,BAJA,10/03/2023 12:33:34,,D,,
3903,35,35,740895000049,TECLADO - KEYBOARD,O/C Nº 67,21/06/2003,48.08,1503.020301,EQUIPOS COMPUTACIONALES Y PERIFERICOS,M,GENIUS,KU-0138,,NEGRO,,,,,,,,,BAJA,10/03/2023 12:26:33,,D,,
3904,35,35,740895000068,TECLADO - KEYBOARD,O/C Nº 375,30/12/2003,41.89,1503.020301,EQUIPOS COMPUTACIONALES Y PERIFERICOS,M,BTC,5199,,BLANCO,GO9332000238,,,,,,,,BAJA,10/03/2023 12:30:18,,M,,
3905,35,35,740895000086,TECLADO - KEYBOARD,O/C Nº 0-00033,22/02/2010,51.52,1503.020301,EQUIPOS COMPUTACIONALES Y PERIFERICOS,M,CYBERTEL,K238,,NEGRO/PLOMO,,,,,,,,,BAJA,10/03/2023 12:37:02,,D,,
3906,35,35,740895000087,TECLADO - KEYBOARD,SANEAR,31/12/2021,1,1503.020301,EQUIPOS COMPUTACIONALES Y PERIFERICOS,M,CYBERTEL,CYB K238,,NEGRO,WE150WD37783,,,,,,,,BAJA,10/03/2023 12:28:10,,D,,
3907,35,35,740895000100,TECLADO - KEYBOARD,O/C Nº 000298,6/11/2012,57.76,1503.020301,EQUIPOS COMPUTACIONALES Y PERIFERICOS,M,ADVANCE,GTKB08CM,,NEGRO,WE27920C6860,,,,,,,,BAJA,10/03/2023 12:25:51,,D,,
3908,35,35,740895000104,TECLADO - KEYBOARD,O/C Nº 000306,14/11/2012,42.34,1503.020301,EQUIPOS COMPUTACIONALES Y PERIFERICOS,R,GENIUS,KU-03138,,NEGRO,ZCE99E900567,,,,,,,,,10/03/2023 11:01:06,,U,,
3909,35,35,740895000113,TECLADO - KEYBOARD,SANEAR,31/12/2021,1,1503.020301,EQUIPOS COMPUTACIONALES Y PERIFERICOS,M,GENIUS,GK-100015,,NEGRO,XEC507025760,,,,,,,,BAJA,10/03/2023 12:27:20,,D,,
3910,35,35,740895000117,TECLADO - KEYBOARD,O/C Nº 000533,23/07/2013,47.14,1503.020301,EQUIPOS COMPUTACIONALES Y PERIFERICOS,R,CYBERTEL,CYB K238,,NEGRO/PLOMO,,,,,,,,,,10/03/2023 10:53:54,,U,,
3911,35,35,740895000122,TECLADO - KEYBOARD,SANEAR,31/12/2021,1,1503.020301,EQUIPOS COMPUTACIONALES Y PERIFERICOS,R,HP,KU0316,,NEGRO/PLOMO,BBAVL0MGA4D1IV,,,,,,,,,10/03/2023 10:42:19,,U,,
3912,35,35,740895000123,TECLADO - KEYBOARD,O/C Nº 000821,20/11/2013,48.75,1503.020301,EQUIPOS COMPUTACIONALES Y PERIFERICOS,M,CYBERTEL,K238,,NEGRO,,,,,,,,,BAJA,10/03/2023 12:36:16,,D,,
3913,35,35,740895000124,TECLADO - KEYBOARD,O/C Nº 000352,13/10/2011,53.76,1503.020301,EQUIPOS COMPUTACIONALES Y PERIFERICOS,M,ECOTREND,ECO-581,,NEGRO,,,,,,,,,BAJA,10/03/2023 12:37:57,,D,,
3914,35,35,740895000142,TECLADO - KEYBOARD,O/C Nº 000219,27/08/2012,29,1503.020301,EQUIPOS COMPUTACIONALES Y PERIFERICOS,R,GENIUS,GK-100015,,NEGRO,XEC507004421,,,,,,,,,10/03/2023 10:23:18,,U,,
3915,35,35,740895000151,TECLADO - KEYBOARD,O/C Nº 000155,4/07/2012,54.26,1503.020301,EQUIPOS COMPUTACIONALES Y PERIFERICOS,M,GENIUS,L645,,NEGRO,ZM7607010452,,,,,,,,BAJA,10/03/2023 12:31:35,,D,,
3916,35,35,740895000159,TECLADO - KEYBOARD,O/C Nº 000219,27/08/2012,29,1503.020301,EQUIPOS COMPUTACIONALES Y PERIFERICOS,M,GENIUS,KU0138,,NEGRO,ZCE99I502947,,,,,,,,BAJA,10/03/2023 12:32:35,,D,,
3917,35,35,740895000161,TECLADO - KEYBOARD,SANEAR,31/12/2021,1,1503.020301,EQUIPOS COMPUTACIONALES Y PERIFERICOS,M,GENIUS,K645,,NEGRO,ZM9707004286,,,,,,,,BAJA,10/03/2023 12:29:35,,D,,
3918,35,47,740895000165,TECLADO - KEYBOARD,O/C Nº 000219,27/08/2012,29,1503.020301,EQUIPOS COMPUTACIONALES Y PERIFERICOS,M,GENIUS,KU-0138,,NEGRO,,,,,,,,,,09/03/2023 12:57:21,,U,KEVIN MIDGUAR ARCE TAIRO,3
3919,35,35,740895000169,TECLADO - KEYBOARD,SANEAR,31/12/2021,1,1503.020301,EQUIPOS COMPUTACIONALES Y PERIFERICOS,M,GENIUS,K639,,NEGRO,WE27920CE6860,,,,,,,,BAJA,10/03/2023 12:28:48,,D,,
3920,35,33,740895000193,TECLADO - KEYBOARD,SANEAR,31/12/2021,1,1503.020301,EQUIPOS COMPUTACIONALES Y PERIFERICOS,R,GENIUS,KU-03138,,NEGRO,ZCE991502943,,,,,,,,,10/03/2023 12:09:12,,U,,
3921,35,35,740895000196,TECLADO - KEYBOARD,SANEAR,31/12/2021,1,1503.020301,EQUIPOS COMPUTACIONALES Y PERIFERICOS,B,DATAONE,DAT-425C,,NEGRO,,,,,,,,,,10/03/2023 10:32:24,,U,,
3922,35,35,740895560003,TECLADO INALAMBRICO,O/C Nº 3-00125,30/10/2009,48,1503.020301,EQUIPOS COMPUTACIONALES Y PERIFERICOS,M,CYBERTEL,K138,CON CABLE,NEGRO/PLOMO,1680K8130107,,,,,,,,,10/03/2023 12:34:52,,D,,
3923,35,6,952282870002,TELEFONO,SANEAR,31/12/2021,1,1503.020303,EQUIPOS DE TELECOMUNICACIONES,R,CLARO,ITC-6009,,BLANCO,20150810622,,,,,,,,,20/03/2023 16:32:16,,U,DELIA RUTH QUISPE SONCCO,4
3924,35,6,952282870020,TELEFONO,SANEAR,31/12/2021,1,1503.020303,EQUIPOS DE TELECOMUNICACIONES,M,CLARO,ITC-6009,,BLANCO,20150810620,,,,,,,,,20/03/2023 16:31:29,,D,DELIA RUTH QUISPE SONCCO,4
3925,35,6,952282870021,TELEFONO,SANEAR,31/12/2021,1,1503.020303,EQUIPOS DE TELECOMUNICACIONES,M,KEO,K 302,,NEGRO,ZP12052116968,,,,,,,,,21/03/2023 10:45:28,,D,DELIA RUTH QUISPE SONCCO,4
3926,35,6,952282870022,TELEFONO,SANEAR,31/12/2021,1,1503.020303,EQUIPOS DE TELECOMUNICACIONES,M,VISUATEL,,TELEFONICA,BLANCO,7.61176E+12,,,,,,,,,04/03/2023 11:46:18,,U,DELIA RUTH QUISPE SONCCO,4
3927,35,6,952282870024,TELEFONO,SANEAR,31/12/2021,1,1503.020303,EQUIPOS DE TELECOMUNICACIONES,M,INTELBRAS,CIP ITC-6009,CLARO,BLANCO,2015081021,,,,,,,,,20/03/2023 16:34:22,,U,DELIA RUTH QUISPE SONCCO,4
3928,35,6,952282870025,TELEFONO,SANEAR,31/12/2021,1,1503.020303,EQUIPOS DE TELECOMUNICACIONES,M,PHILLIPS,CIP ITC-6009,,BLANCO,20150810627,,,,,,,,,20/03/2023 16:30:13,,U,DELIA RUTH QUISPE SONCCO,4
3929,35,32,952282870026,TELEFONO,SANEAR,31/12/2021,1,1503.020303,EQUIPOS DE TELECOMUNICACIONES,M,,HAMBER,TELEFONICA,NEGRO,BH2010TOO78691,,,,,,,,,13/03/2023 18:02:29,,U,KEVIN MIDGUAR ARCE TAIRO,3
3930,35,6,952282870027,TELEFONO,SANEAR,31/12/2021,1,1503.020303,EQUIPOS DE TELECOMUNICACIONES,M,INTELBRAS,TC.60.IO,TELEFONICA,NEGRO,ZR12071908850,,,,,,,,,07/03/2023 02:49:41,,U,user user user,1
3931,35,6,952282870030,TELEFONO,SANEAR,31/12/2021,1,1503.020303,EQUIPOS DE TELECOMUNICACIONES,M,BEETEL,BEETEL-3055,,NEGRO,BH2012TO195341,,,,,,,,,07/03/2023 02:50:32,,U,user user user,1
3932,35,6,952282870038,TELEFONO,SANEAR,31/12/2021,1,1503.020303,EQUIPOS DE TELECOMUNICACIONES,M,CLARO,ITC-6009,,BLANCO,2015-08-01,,,,,,,,,04/03/2023 11:42:01,,U,DELIA RUTH QUISPE SONCCO,4
3933,35,6,952282870039,TELEFONO,SANEAR,31/12/2021,1,1503.020303,EQUIPOS DE TELECOMUNICACIONES,M,TELEFONICA,,,BLANCO,,,,,,,,,,04/03/2023 11:40:26,,U,DELIA RUTH QUISPE SONCCO,4
3934,35,6,952282870040,TELEFONO,SANEAR,31/12/2021,1,1503.020303,EQUIPOS DE TELECOMUNICACIONES,M,INTELBLAS,TC 50600MS,,NEGRO,,,,,,,,,,04/03/2023 11:41:23,,U,DELIA RUTH QUISPE SONCCO,4
3935,35,35,952283250003,TELEFONO CELULAR,O/C Nº 63,30/01/1997,727.1,1503.020303,EQUIPOS DE TELECOMUNICACIONES,M,SAMSUNG,OKI-PHONE,,NEGRO,17609951093,,,,,,,,BAJA,10/03/2023 15:08:13,,D,,
3936,35,35,952283250004,TELEFONO CELULAR,O/C Nº 380,31/07/1997,585.5,1503.020303,EQUIPOS DE TELECOMUNICACIONES,M,SAMSUNG,SH770B SAM,MOVILINE,NEGRO,M42765,,,,,,,,BAJA,10/03/2023 15:05:30,,D,,
3937,35,35,952283250005,TELEFONO CELULAR,O/C Nº 513,30/09/1997,1739.32,1503.020303,EQUIPOS DE TELECOMUNICACIONES,M,ERICSON,AF-738,,NEGRO,,,,,,,,,BAJA,10/03/2023 15:09:15,,D,,
3938,35,35,952283250006,TELEFONO CELULAR,SANEAR,31/12/2021,1,1503.020303,EQUIPOS DE TELECOMUNICACIONES,M,MORLLINEE,187-182-213,,NEGRO,AAO72079,,,,,,,,BAJA,10/03/2023 15:21:08,,D,,
3939,35,6,952285140004,TELEVISOR A COLORES,O/C Nº 002,30/12/1996,1291.33,1503.020303,EQUIPOS DE TELECOMUNICACIONES,M,SONY,KV-21R20,,NEGRO,8030237,,,,,,,,,07/03/2023 02:51:09,,U,user user user,1
3940,35,35,952285860001,TELEVISOR LED,O/C Nº 000168,17/04/2013,969,1503.020303,EQUIPOS DE TELECOMUNICACIONES,M,LG,32253450,,NEGRO,211SRVGC9551,,,,,,,,BAJA,14/03/2023 10:12:26,,D,,
3941,35,35,952285860002,TELEVISOR LED,O/C Nº 000246,22/05/2013,3299,1503.020303,EQUIPOS DE TELECOMUNICACIONES,R,LG,47LM6200,,NEGRO,210KC2P82077,,,,,,,,,14/03/2023 10:10:23,,U,,
3942,35,35,602288190002,TEODOLITO DE MICROMETRO OPTICO,SANEAR,31/12/2021,1,1503.020905,EQUIPOS E INSTRUMENTOS DE MEDICION,M,KERN SWISS,K1-M,,VERDE/CLARO,344724,,,,,,,,BAJA,13/03/2023 12:06:17,,U,,
3943,35,32,602288190003,TEODOLITO DE MICROMETRO OPTICO,O/C Nº 071,30/03/1995,8475,1503.020905,EQUIPOS E INSTRUMENTOS DE MEDICION,M,CARL  ZEISS,,,AMARILLO,202804,,,,,,,,,05/03/2023 15:14:47,,U,,
3944,35,35,602288190004,TEODOLITO DE MICROMETRO OPTICO,SANEAR,31/12/2021,1,1503.020905,EQUIPOS E INSTRUMENTOS DE MEDICION,M,KERN AARAU,DKM1,,VERDE,188277,,,,,,,,BAJA,10/03/2023 16:20:36,,D,,
3945,35,35,602288190006,TEODOLITO DE MICROMETRO OPTICO,SANEAR,31/12/2021,1,1503.020905,EQUIPOS E INSTRUMENTOS DE MEDICION,M,KERN SWISS,K1-M,,VERDE,318849,,,,,,,,BAJA,10/03/2023 16:34:26,,D,,
3946,35,,602288750002,TEODOLITO DE VERNIER,SANEAR,31/12/2021,1,1503.020905,EQUIPOS E INSTRUMENTOS DE MEDICION,M,WILD,T1A,,VERDE,95690,,,,,,,,,,,U,,
3947,35,35,602288750003,TEODOLITO DE VERNIER,SANEAR,31/12/2021,1,1503.020905,EQUIPOS E INSTRUMENTOS DE MEDICION,M,PAGODA,2T-30,,PLOMO/CLARO,3521,,,,,,,,,10/03/2023 16:14:11,,U,,
3948,35,35,602289320002,TEODOLITO ELECTRONICO,O/C Nº 00043,20/04/2011,2674.86,1503.020905,EQUIPOS E INSTRUMENTOS DE MEDICION,M,WILD,T1A9569,,AMARILLO/NEGRO,139687,,,,,,,,BAJA,13/03/2023 12:08:20,,U,,
3949,35,35,602289320004,TEODOLITO ELECTRONICO,O/C Nº 000135,26/06/2012,1100,1503.020905,EQUIPOS E INSTRUMENTOS DE MEDICION,M,LEICA,DTS,,,119275,,,,,,,,,13/03/2023 10:38:59,,U,,
3950,35,35,602289320005,TEODOLITO ELECTRONICO,O/C Nº 000317,19/11/2012,1450,1503.020905,EQUIPOS E INSTRUMENTOS DE MEDICION,R,PENTAX,ETH.332,ESTUCHE CELESTE,ROJO/PLOMO,501531,,,,,,,,,14/03/2023 10:03:33,,U,,
3951,35,35,602289320007,TEODOLITO ELECTRONICO,O/C Nº 000207,2/05/2013,3548,1503.020905,EQUIPOS E INSTRUMENTOS DE MEDICION,M,CTS BERGER,DGT2,,AMARILLO/NEGRO,127380,,,,,,,,,13/03/2023 11:51:07,,U,,
3952,35,35,602289320008,TEODOLITO ELECTRONICO,O/C Nº 000303,6/06/2013,3435,1503.020905,EQUIPOS E INSTRUMENTOS DE MEDICION,R,CTS BERGER,DGT2,,AMARILLO/NEGRO,128324,,,,,,,,,13/03/2023 11:59:43,,U,,
3953,35,35,602289320011,TEODOLITO ELECTRONICO,SANEAR,12/06/2013,3435,1503.020905,EQUIPOS E INSTRUMENTOS DE MEDICION,R,CST/BERGER,DGT2,,AMARILLO/NEGRO,122160,,,,,,,,,13/03/2023 11:49:09,,U,,
3954,35,35,602289320012,TEODOLITO ELECTRONICO,SANEAR,31/12/2021,3435,1503.020905,EQUIPOS E INSTRUMENTOS DE MEDICION,R,CST/BERGER,DGT2,ESTUCHE NEGRO,AMARILLO/PLOMO,121960,,,,,,,,,13/03/2023 12:11:28,,U,,
3955,35,35,602289320015,TEODOLITO ELECTRONICO,O/C Nº 00031,16/04/2011,2674.86,1503.020905,EQUIPOS E INSTRUMENTOS DE MEDICION,R,CARLZEISS,,,AMARILLO,,,,,,,,,,14/03/2023 10:54:14,,U,,
3956,35,6,462299500001,TRANSFORMADOR (MAYOR A 1/8 UIT),VERIFICAR,31/12/2021,1,1503.020904,ELECTRICIDAD Y ELECTRONICA,M,,179228,,,94KZ07L1,,,,,,,,,07/03/2023 01:16:17,,U,user user user,1
3957,35,32,462299500002,TRANSFORMADOR (MAYOR A 1/8 UIT),VERIFICAR,31/12/2021,1,1503.020904,ELECTRICIDAD Y ELECTRONICA,M,SQUARE D,ATS40C48N,,PLOMO,,,,,,,,,,05/03/2023 17:03:41,,U,,
3958,35,6,462299500003,TRANSFORMADOR (MAYOR A 1/8 UIT),VERIFICAR,31/12/2021,1,1503.020904,ELECTRICIDAD Y ELECTRONICA,M,CHINA,,,VERDE,,,,,,,,,,21/03/2023 11:03:17,,D,DELIA RUTH QUISPE SONCCO,4
3959,35,,462299500004,TRANSFORMADOR (MAYOR A 1/8 UIT),VERIFICAR,31/12/2021,1,1503.020904,ELECTRICIDAD Y ELECTRONICA,M,,,,,,,,,,,,,,,,U,,
3960,35,6,462299500005,TRANSFORMADOR (MAYOR A 1/8 UIT),VERIFICAR,31/12/2021,1,1503.020904,ELECTRICIDAD Y ELECTRONICA,M,,,,NEGRO,,,,,,,,,,07/03/2023 01:16:53,,U,user user user,1
3961,35,,462299500006,TRANSFORMADOR (MAYOR A 1/8 UIT),VERIFICAR,31/12/2021,1,1503.020904,ELECTRICIDAD Y ELECTRONICA,M,,,,,,,,,,,,,,,,U,,
3962,35,6,462299500007,TRANSFORMADOR (MAYOR A 1/8 UIT),VERIFICAR,31/12/2021,1,1503.020904,ELECTRICIDAD Y ELECTRONICA,M,,KXA26,,,2KCHA06670,,,,,,,,,07/03/2023 01:17:20,,U,user user user,1
3963,35,,462299500008,TRANSFORMADOR (MAYOR A 1/8 UIT),VERIFICAR,31/12/2021,1,1503.020904,ELECTRICIDAD Y ELECTRONICA,M,,,,,,,,,,,,,,,,U,,
3964,35,35,676473450002,TRIPODE DE MADERA,SANEAR,31/12/2021,1,1503.020102,MOBILIARIO DE OFICINA,M,,,,,,,,,,,,,,10/03/2023 17:02:15,,U,,
3965,35,35,676473450003,TRIPODE DE MADERA,SANEAR,31/12/2021,1,1503.020102,MOBILIARIO DE OFICINA,M,,,,AMARILLO,,,,,,,,,,10/03/2023 17:00:29,,U,,
3966,35,48,676473450005,TRIPODE DE MADERA,SANEAR,31/12/2021,1,1503.020102,MOBILIARIO DE OFICINA,M,,,,AMARILLO/NARANA,,,,,,,,,,10/03/2023 17:46:48,,U,,
3967,35,48,676473450006,TRIPODE DE MADERA,SANEAR,31/12/2021,1,1503.020102,MOBILIARIO DE OFICINA,M,LEICA,,,AMARILLO/ROJO,,,,,,,,,,10/03/2023 17:23:24,,U,,
3968,35,35,676473450008,TRIPODE DE MADERA,O/C Nº 000001,10/01/2013,694,1503.020102,MOBILIARIO DE OFICINA,M,,,,AMARILLO/NARANJA,,,,,,,,,BAJA,10/03/2023 17:46:28,,D,,
3969,35,35,676473450029,TRIPODE DE MADERA,O/C Nº 000424,5/07/2013,277,1503.020102,MOBILIARIO DE OFICINA,M,,,,AMARILLO/NARANA,,,,,,,,,,10/03/2023 17:49:42,,U,,
3970,35,48,676473450032,TRIPODE DE MADERA,SANEAR,31/12/2021,1,1503.020102,MOBILIARIO DE OFICINA,M,LEICA,2771,,AMARILLO/ROJO,,,,,,,,,ROTO,10/03/2023 17:29:46,,U,,
3971,35,35,676478660001,TRIPODE METALICO,O/C Nº 85,21/06/2007,2,1503.020102,MOBILIARIO DE OFICINA,R,,,,PLOMO/AMARILLO,,,,,,,,,,10/03/2023 16:44:47,,U,,
3972,35,35,676478660002,TRIPODE METALICO,SANEAR,31/12/2021,1,1503.020102,MOBILIARIO DE OFICINA,M,,,,PLOMO,,,,,,,,,,10/03/2023 16:45:30,,U,,
3973,35,35,676478660004,TRIPODE METALICO,O/C Nº 00030,18/04/2011,951.73,1503.020102,MOBILIARIO DE OFICINA,R,CST/BERGER,,,PLOMO/NARANJA,,,,,,,,,,13/03/2023 12:47:57,,U,,
3974,35,35,676478660006,TRIPODE METALICO,O/C Nº 00043,20/04/2011,2674.86,1503.020102,MOBILIARIO DE OFICINA,M,CST/BERGER,,,PLOMO/NARANJA,,,,,,,,,,13/03/2023 12:45:06,,U,,
3975,35,,676478660007,TRIPODE METALICO,O/C Nº 00042,20/04/2011,951.73,1503.020102,MOBILIARIO DE OFICINA,R,CST/BERGER,,,PLOMO/NARANJA,,,,,,,,,,,,U,,
3976,35,35,676478660009,TRIPODE METALICO,O/C Nº 000302,25/10/2013,278,1503.020102,MOBILIARIO DE OFICINA,M,LEICA,CTP104,,PLOMO/AMARILLO,,388,,,,,,,,10/03/2023 16:46:07,,U,,
3977,35,35,676478660010,TRIPODE METALICO,O/C Nº 000303,26/06/2013,277,1503.020102,MOBILIARIO DE OFICINA,M,LEICA,CTP104,,PLOMO,,,,,,,,,BAJA,10/03/2023 16:47:23,,D,,
3978,35,35,676478660013,TRIPODE METALICO,O/C Nº 000133,20/06/2012,1366.67,1503.020102,MOBILIARIO DE OFICINA,M,GST BERGER,,,PLOMO/NEGRO,,,,,,,,,,10/03/2023 17:01:16,,U,,
3979,35,35,676478660014,TRIPODE METALICO,O/C Nº 000135,26/06/2012,1100,1503.020102,MOBILIARIO DE OFICINA,R,CON QUICK CLAMP,420 4.50 KG 17M,,,,,,,,,,,,10/03/2023 16:44:14,,U,,
3980,35,35,676478660015,TRIPODE METALICO,O/C Nº 000149,28/06/2012,1158.19,1503.020102,MOBILIARIO DE OFICINA,M,,A420 4.50 KG 1M,,AMARILLO/PLOMO,,,,,,,,,BAJA,10/03/2023 16:48:11,,D,,
3981,35,,676478660016,TRIPODE METALICO,O/C Nº 000204,7/08/2012,1366.67,1503.020102,MOBILIARIO DE OFICINA,R,CST BERGER,A204.50HG 171CM,,PLOMO,,,,,,,,,,,,U,,
3982,35,48,676478660017,TRIPODE METALICO,O/C Nº 000317,19/11/2012,1450,1503.020102,MOBILIARIO DE OFICINA,R,PENTAX,,,PLOMO/ NARANJA,,,,,,,,,,10/03/2023 17:46:15,,U,,
3983,35,35,676478660018,TRIPODE METALICO,O/C Nº 000123,11/06/2012,1,1503.020102,MOBILIARIO DE OFICINA,R,,,,,,,,,,,,,,10/03/2023 17:04:51,,U,,
3984,35,35,676478660019,TRIPODE METALICO,O/C Nº 00031,16/04/2011,2674.86,1503.020102,MOBILIARIO DE OFICINA,R,,,,AMARILLO,,,,,,,,,,10/03/2023 17:49:05,,U,,
3985,35,57,676478660022,TRIPODE METALICO,O/C Nº 000206,2/05/2013,404.8,1503.020102,MOBILIARIO DE OFICINA,M,,,,AMARILLO/NARANJ,,,,,,,,,,13/03/2023 09:44:55,,U,,
3986,35,35,676478660023,TRIPODE METALICO,O/C Nº 000206,2/05/2013,404.8,1503.020102,MOBILIARIO DE OFICINA,M,,,,PLOMO/BLANCO,,,,,,,,,BAJA,10/03/2023 16:43:20,,D,,
3987,35,51,676478660027,TRIPODE METALICO,O/C Nº 000066,15/02/2013,2,1503.020102,MOBILIARIO DE OFICINA,R,,,,NARANJA,,,,,,,,,,13/03/2023 16:38:33,,U,,
3988,35,35,676478660028,TRIPODE METALICO,O/C Nº 000310,7/06/2013,277,1503.020102,MOBILIARIO DE OFICINA,R,CST/BERGER,,,PLOMO/NARANJA,,,,,,,,,,13/03/2023 12:46:34,,U,,
3989,35,48,676478660029,TRIPODE METALICO,O/C Nº 000312,10/06/2013,277,1503.020102,MOBILIARIO DE OFICINA,R,,,,PLOMO/NARANJA,,,,,,,,,,10/03/2023 17:22:48,,U,,
3990,35,35,676478660030,TRIPODE METALICO,O/C Nº 000312,10/06/2013,277,1503.020102,MOBILIARIO DE OFICINA,R,,,,PLOMO,,,,,,,,,,10/03/2023 17:05:41,,U,,
3991,35,35,676478660034,TRIPODE METALICO,O/C Nº 000388,21/06/2013,277,1503.020102,MOBILIARIO DE OFICINA,R,,,,PLOMO,,,,,,,,,,10/03/2023 17:04:09,,U,,
3992,35,48,676478660035,TRIPODE METALICO,O/C Nº 000388,21/06/2013,277,1503.020102,MOBILIARIO DE OFICINA,R,,,,NARANJA/PLOMO,,,,,,,,,,14/03/2023 10:46:15,,U,KEVIN MIDGUAR ARCE TAIRO,3
3993,35,35,676478660037,TRIPODE METALICO,O/C Nº 97,2/05/2016,2,1503.020102,MOBILIARIO DE OFICINA,M,QUICK CLAMP,A20 4.50KG 171M,,PLOMO,,,,,,,,,BAJA,10/03/2023 17:47:09,,D,,
3994,35,35,676478660053,TRIPODE METALICO,O/C Nº 000472,16/07/2013,1283.33,1503.020102,MOBILIARIO DE OFICINA,M,,,,,,SIN CABEZAL,,,,,,,,10/03/2023 16:59:48,,U,,
3995,35,48,676478660054,TRIPODE METALICO,O/C Nº 000066,15/02/2013,2,1503.020102,MOBILIARIO DE OFICINA,R,,,,NARANJA/PLOMO,,,,,,,,,,10/03/2023 17:35:54,,U,,
3996,35,48,676478660055,TRIPODE METALICO,O/C Nº 000066,15/02/2013,2,1503.020102,MOBILIARIO DE OFICINA,R,,,,PLOMO/NARANJA,,,,,,,,,,10/03/2023 17:21:19,,U,,
3997,35,48,676478660057,TRIPODE METALICO,O/C Nº 97,2/05/2016,2,1503.020102,MOBILIARIO DE OFICINA,R,TOPCON,,,PLOMO/NARANJA,,398,,,,,,,,10/03/2023 17:44:00,,U,,
3998,35,35,676478660058,TRIPODE METALICO,SANEAR,31/12/2021,1,1503.020102,MOBILIARIO DE OFICINA,M,,,,PLOMO,,,,,,,,,BAJA,10/03/2023 17:47:36,,U,,
3999,35,35,676478660060,TRIPODE METALICO,SANEAR,31/12/2021,1,1503.020102,MOBILIARIO DE OFICINA,B,PROEL,B032496333937,,NEGRO,,,,,,,,,PARA PARLANTE,10/03/2023 17:45:12,,U,,
4000,35,48,676478660067,TRIPODE METALICO,SANEAR,31/12/2021,1,1503.020102,MOBILIARIO DE OFICINA,R,,2296,,PLOMO/ANARANJAD,,,,,,,,,,10/03/2023 17:33:25,,U,,
4001,35,,746497470001,TRIPODE PARA CAMARA FOTOGRAFICA,SANEAR,31/12/2021,1,1503.020102,MOBILIARIO DE OFICINA,M,,TR-26,,,,,,,,,,,,21/03/2023 16:29:09,,U,DELIA RUTH QUISPE SONCCO,4
4002,35,35,746497470002,TRIPODE PARA CAMARA FOTOGRAFICA,SANEAR,31/12/2021,1,1503.020102,MOBILIARIO DE OFICINA,R,CANON,,,PLOMO,,,,,,,,,,10/03/2023 16:42:05,,U,,
4003,35,35,952291370002,TV LCD DIGITAL PORTATIL,O/C Nº 483,29/12/2016,3500,1503.020303,EQUIPOS DE TELECOMUNICACIONES,B,SAMSUNG,VN60J6300AG,SMART TV LED,NEGRO,044M3CH800390A,,,,,,,,,10/03/2023 11:08:42,,U,,
4004,35,35,740899500035,UNIDAD CENTRAL DE PROCESO - CPU,O/C Nº 374,30/12/2003,1871.87,1503.020301,EQUIPOS COMPUTACIONALES Y PERIFERICOS,R,ALTRON,,,NEGRO,,,,,,,,,,10/03/2023 10:44:25,,U,,
4005,35,35,740899500044,UNIDAD CENTRAL DE PROCESO - CPU,O/C Nº 71,7/08/2007,1421.42,1503.020301,EQUIPOS COMPUTACIONALES Y PERIFERICOS,M,CLK,,,NEGRO,,,,,,,,,,10/03/2023 12:21:22,,D,,
4006,35,35,740899500050,UNIDAD CENTRAL DE PROCESO - CPU,O/C Nº 101,24/09/2008,2212.93,1503.020301,EQUIPOS COMPUTACIONALES Y PERIFERICOS,M,CIBERLINK,INTEL CORE 2 D2,,NEGRO,,,,,,,,,,10/03/2023 12:22:50,,D,,
4007,35,35,740899500053,UNIDAD CENTRAL DE PROCESO - CPU,O/C Nº 3-00060,18/08/2009,2282.5,1503.020301,EQUIPOS COMPUTACIONALES Y PERIFERICOS,R,ALTRON,,,,,,,,,,,,,10/03/2023 10:10:03,,D,,
4008,35,35,740899500058,UNIDAD CENTRAL DE PROCESO - CPU,SANEAR,31/12/2021,1,1503.020301,EQUIPOS COMPUTACIONALES Y PERIFERICOS,R,ALTRON,CORE 2QUAD.DE 2,CPU,NEGRO/ROJO,,,,,,,,,,10/03/2023 10:55:11,,U,,
4009,35,35,740899500063,UNIDAD CENTRAL DE PROCESO - CPU,O/C Nº 0-00032,22/02/2010,2302.3,1503.020301,EQUIPOS COMPUTACIONALES Y PERIFERICOS,M,MICRONICS,,,NEGRO,,,,,,,,,,10/03/2023 11:48:59,,D,,
4010,35,35,740899500064,UNIDAD CENTRAL DE PROCESO - CPU,O/C Nº 0-00033,22/02/2010,2302.3,1503.020301,EQUIPOS COMPUTACIONALES Y PERIFERICOS,M,MICRONICS,,,NEGRO/AZUL,,,,,,,,,,10/03/2023 12:23:54,,D,,
4011,35,48,740899500072,UNIDAD CENTRAL DE PROCESO - CPU,O/C Nº 8-00106,23/04/2010,1962.38,1503.020301,EQUIPOS COMPUTACIONALES Y PERIFERICOS,M,,,,NEGRO,3B1250X08567,,,,,,,,,13/03/2023 11:05:38,,U,KEVIN MIDGUAR ARCE TAIRO,3
4012,35,32,740899500073,UNIDAD CENTRAL DE PROCESO - CPU,SANEAR,31/12/2021,1,1503.020301,EQUIPOS COMPUTACIONALES Y PERIFERICOS,R,ALTRON,,,NEGRO,,,,,,,,,,07/03/2023 01:31:32,,U,user user user,1
4013,35,35,740899500074,UNIDAD CENTRAL DE PROCESO - CPU,O/C Nº 3-00021,23/04/2010,2170.74,1503.020301,EQUIPOS COMPUTACIONALES Y PERIFERICOS,M,ALTRON,,,NEGRO,YTD6TLA7769A500434C,,,,,,,,BAJA,10/03/2023 12:19:04,,D,,
4014,35,45,740899500077,UNIDAD CENTRAL DE PROCESO - CPU,O/C Nº 8-00109,23/04/2010,1962.38,1503.020301,EQUIPOS COMPUTACIONALES Y PERIFERICOS,R,INTEL,CORE 2DUD,,NEGRO,,,,,,,,,,09/03/2023 11:25:08,,U,KEVIN MIDGUAR ARCE TAIRO,3
4015,35,35,740899500082,UNIDAD CENTRAL DE PROCESO - CPU,O/C Nº 9-00084,14/07/2010,2248.62,1503.020301,EQUIPOS COMPUTACIONALES Y PERIFERICOS,M,MEGATECH,,,NEGRO,,,,,,,,,,10/03/2023 11:52:23,,D,,
4016,35,35,740899500086,UNIDAD CENTRAL DE PROCESO - CPU,O/C Nº 000352,13/10/2011,2402.4,1503.020301,EQUIPOS COMPUTACIONALES Y PERIFERICOS,M,DELUXE,CORE I7,,NEGRO,BTB12800LIW,,,,,,,,BAJA,10/03/2023 12:17:35,,D,,
4017,35,35,740899500087,UNIDAD CENTRAL DE PROCESO - CPU,O/C Nº 000460,30/11/2011,2519.57,1503.020301,EQUIPOS COMPUTACIONALES Y PERIFERICOS,R,DELUXE,CORE I7,RSE-T580W,NEGRO,C1103B0328,,,,,,,,,10/03/2023 12:23:28,,U,,
4018,35,6,740899500093,UNIDAD CENTRAL DE PROCESO - CPU,O/C Nº 000298,6/11/2012,2581.15,1503.020301,EQUIPOS COMPUTACIONALES Y PERIFERICOS,M,INTEL,CORE I7,,NEGRO,,,,,,,,,,07/03/2023 01:32:07,,D,user user user,1
4019,35,35,740899500103,UNIDAD CENTRAL DE PROCESO - CPU,O/C Nº 000175,19/04/2013,2598.6,1503.020301,EQUIPOS COMPUTACIONALES Y PERIFERICOS,M,MICRONICS,CORE I7,,NEGRO,,,,,,,,,,10/03/2023 11:49:58,,U,,
4020,35,35,740899500104,UNIDAD CENTRAL DE PROCESO - CPU,O/C Nº 000279,31/05/2013,2950.15,1503.020301,EQUIPOS COMPUTACIONALES Y PERIFERICOS,R,THERMALTAKE,CORE I7,,NEGRO,,,,,,,,,,10/03/2023 10:18:01,,U,,
4021,35,35,740899500109,UNIDAD CENTRAL DE PROCESO - CPU,O/C Nº 000532,23/07/2013,2247.25,1503.020301,EQUIPOS COMPUTACIONALES Y PERIFERICOS,M,INTEL,CORE I7,,NEGRO,,,,,,,,,BAJA,10/03/2023 11:51:08,,D,,
4022,35,35,740899500111,UNIDAD CENTRAL DE PROCESO - CPU,O/C Nº 000533,23/07/2013,2247.25,1503.020301,EQUIPOS COMPUTACIONALES Y PERIFERICOS,R,CYBERTEL,CORE I7,GAB. CYBERTEL,NEGRO,,,,,,,,,,10/03/2023 11:04:23,,U,,
4023,35,35,740899500118,UNIDAD CENTRAL DE PROCESO - CPU,SANEAR,31/12/2021,1,1503.020301,EQUIPOS COMPUTACIONALES Y PERIFERICOS,M,MICRONICS,INTEL,,NEGRO/ROJO,,,,,,,,,,10/03/2023 11:51:44,,D,,
4024,35,48,740899500142,UNIDAD CENTRAL DE PROCESO - CPU,SANEAR,31/12/2021,1,1503.020301,EQUIPOS COMPUTACIONALES Y PERIFERICOS,R,MICRONICS,,,NEGRO/AZUL,,,,,,,,,,13/03/2023 11:06:32,,U,KEVIN MIDGUAR ARCE TAIRO,3
4025,35,6,740899500144,UNIDAD CENTRAL DE PROCESO - CPU,SANEAR,31/12/2021,1,1503.020301,EQUIPOS COMPUTACIONALES Y PERIFERICOS,M,,,,BLANCO,,,,,,,,,,07/03/2023 01:32:32,,D,user user user,1
4026,35,35,740899500148,UNIDAD CENTRAL DE PROCESO - CPU,O/C Nº 495,30/12/2016,3650,1503.020301,EQUIPOS COMPUTACIONALES Y PERIFERICOS,B,HALION,INTEL CORE I 7,6700,NEGRO/VERDE,,,,,,,,,,10/03/2023 10:32:53,,U,,
4027,35,33,740899500151,UNIDAD CENTRAL DE PROCESO - CPU,O/C Nº 495,30/12/2016,2800,1507.0199,"OTROS BIENES AGROPECUARIOS, PESQUEROS Y MINEROS",B,HALION0,I 5,6500,NEGRO,,,,,,,,,,10/03/2023 12:10:20,,U,,
4028,35,48,112287620009,VENTILADOR ELECTRICO PARA TECHO,SANEAR,31/12/2021,1,1503.020901,AIRE ACONDICIONADO Y REFRIGERACION,R,,,,VERDE,,,,,,,,,,13/03/2023 13:02:10,,U,KEVIN MIDGUAR ARCE TAIRO,3
4029,35,35,952299120002,VIDEOGRABADORA,SANEAR,31/12/2021,1,1503.020303,EQUIPOS DE TELECOMUNICACIONES,M,PANASONIC,AG1970,,NEGRO,A5TC00054,,,,,,,,BAJA,10/03/2023 12:53:28,,D,,
4030,35,35,746498820001,VITRINA DE METAL,SANEAR,31/12/2021,1,1503.020102,MOBILIARIO DE OFICINA,R,,ESTANTE,,PLOMO,,,,,,,,,ES ESTANTE - RECODIFICAR,14/03/2023 10:21:25,,U,,
4031,43,43,746403890008,ARCHIVADOR DE METAL,SANEAR,31/12/2021,1,1503.020102,MOBILIARIO DE OFICINA,R,,4 GAVETAS,,CAFÉ/NEGRO,,0.45X0.60X1.34,,,,,,,,09/03/2023 11:35:09,,U,,
4032,43,43,740805000012,COMPUTADORA PERSONAL PORTATIL,O/C Nª 446,14/12/2015,3990,1503.020301,EQUIPOS COMPUTACIONALES Y PERIFERICOS,M,LENOVO,Z50-70,LAPTOP CORE I7,PLOMO,YB08897775,,,,,,,,RAEE - BAJA,09/03/2023 11:19:35,,U,,
4033,43,43,746437120042,ESCRITORIO DE MADERA,SANEAR,31/12/2021,1,1503.020102,MOBILIARIO DE OFICINA,R,,7 GAVETAS,,CAFE,,0.79*1.56*0.74,,,,,,,,09/03/2023 11:23:18,,U,,
4034,43,43,746437790033,ESCRITORIO DE METAL,SANEAR,31/12/2021,1,1503.020102,MOBILIARIO DE OFICINA,R,,4 GAVETAS,,PLOMO,,0.75*0.77*1.20,,,,,,,,09/03/2023 11:27:18,,U,,
4035,43,43,462252150032,ESTABILIZADOR,O/C Nº 175,22/02/2010,54.74,1503.020904,ELECTRICIDAD Y ELECTRONICA,R,AVR OUTLES,ALTRON,6 ENTRADAS,NEGRO,582770005,,,,,,,,,09/03/2023 11:31:46,,U,,
4036,43,43,462252150090,ESTABILIZADOR,SANEAR,31/12/2021,1,1503.020904,ELECTRICIDAD Y ELECTRONICA,M,APC,LE600I,LINE-R 600,BLANCO,5L0843T27665,,,,,,,,,09/03/2023 11:24:45,,U,,
4037,43,43,746441180002,ESTANTE DE MADERA,O/C Nº 8-00166,25/05/2010,150,1503.020102,MOBILIARIO DE OFICINA,M,,3 NIVELES,,CAFÉ/BEIGE,,0.58*0.80*1.40,,,,,,,,09/03/2023 11:35:48,,U,,
4038,43,43,746441860029,ESTANTE DE METAL,O/C Nº 0699A,29/11/1996,240,1503.020102,MOBILIARIO DE OFICINA,R,METAL,6 NIVELES,,BLANCO/PLOMO,,0.60*1.14*2.40,,,,,,,,09/03/2023 11:22:10,,U,,
4039,43,43,742229930007,GUILLOTINA,SANEAR,31/12/2021,1,1503.020101,MAQUINAS Y EQUIPOS DE OFICINA,R,TOWER,PAPER CUTTER,,PLOMO,,,,,,,,,,09/03/2023 11:34:02,,U,,
4040,43,43,740832000067,IMPRESORA (OTRAS),O/C Nª 3-00048,28/05/2010,1070,1503.020301,EQUIPOS COMPUTACIONALES Y PERIFERICOS,R,HP,LASERJET M1319F,,PLOMO,Q2612A,,,,,,,,,09/03/2023 11:37:23,,U,,
4041,43,43,740832000080,IMPRESORA (OTRAS),O/C Nª 488,30/12/2016,836.1,1503.020301,EQUIPOS COMPUTACIONALES Y PERIFERICOS,R,EPSON,L-575,INYECCION DE TA,NEGRO,W9AY003605,,,,,,,,,09/03/2023 11:21:02,,U,,
4042,43,43,740841000005,IMPRESORA LASER,O/C Nª 0-00037,22/02/2010,475,1503.020301,EQUIPOS COMPUTACIONALES Y PERIFERICOS,R,HP,LASERJET P1006,,PLOMO,VNDF3567638,,,,,,,,,09/03/2023 11:28:43,,U,,
4043,43,43,746449320014,MESA DE MADERA,O/C Nª 0699A,29/11/1996,180,1503.020102,MOBILIARIO DE OFICINA,R,,2 PUERTAS,,CAOBA,,0.48X0.50X0.60,,,,,,,,09/03/2023 11:34:22,,U,,
4044,43,,746456780009,MESITA DE METAL PARA MAQUINA DE ESCRIBIR,SANEAR,31/12/2021,1,1503.020102,MOBILIARIO DE OFICINA,R,,,,PLOMO NEGRO,,0.45X0.47X0.84,,,,,,,,,,U,,
4045,43,43,746460170021,MODULO DE MADERA,SANEAR,31/12/2021,1,1503.020102,MOBILIARIO DE OFICINA,R,,PARA COMPUTADOR,,CAFÉ,,0.54X0.85X0.73,,,,,,,,09/03/2023 11:44:40,,U,,
4046,43,31,746460850005,MODULO DE MADERA PARA MICROCOMPUTADORA,SANEAR,31/12/2021,1,1503.020102,MOBILIARIO DE OFICINA,R,,,,MADERA,,0.65X0.84X1.20,,,,,,,,07/03/2023 02:15:00,,U,user user user,1
4047,43,43,740881870004,MONITOR PLANO,SANEAR,31/12/2021,1,1503.020301,EQUIPOS COMPUTACIONALES Y PERIFERICOS,R,SAMSUNG,520B300N,,NEGRO,ZUT7H4LC200764D,,,,,,,,SE APAGA SOLO,09/03/2023 11:39:08,,U,,
4048,43,43,740881870012,MONITOR PLANO,O/C N°000701,10/10/2013,624.43,1503.020301,EQUIPOS COMPUTACIONALES Y PERIFERICOS,R,SAMSUNG,ZUP7HTH0400436P,,NEGRO,,,,,,,,,,09/03/2023 11:28:21,,U,,
4049,43,43,740882240031,MOUSE INALAMBRICO,SANEAR,31/12/2021,1,1503.020301,EQUIPOS COMPUTACIONALES Y PERIFERICOS,M,GENIUS,,CON CABLE,NEGRO,,,,,,,,,NO ES INALAMBRICO,09/03/2023 11:41:46,,U,,
4050,43,43,740882240034,MOUSE INALAMBRICO,SANEAR,31/12/2021,1,1503.020301,EQUIPOS COMPUTACIONALES Y PERIFERICOS,R,GENIUS,,CON CABLE,NEGRO,,,,,,,,,NO ES INALAMBRICO ,09/03/2023 11:43:01,,U,,
4051,43,43,952260580079,PARLANTES EN GENERAL (MAYOR A 1/8 UIT),O/C Nº  8-00110,23/04/2010,32.44,1503.020303,EQUIPOS DE TELECOMUNICACIONES,R,MICRONICS,,,NEGRO,,,,,,,,,MENOR NA 1/8 UIT,09/03/2023 11:41:25,,U,,
4052,43,43,952260580080,PARLANTES EN GENERAL (MAYOR A 1/8 UIT),O/C Nº 8-00109,23/04/2010,32.44,1503.020303,EQUIPOS DE TELECOMUNICACIONES,R,CYBERLING,,,NEGRO,9.081E+11,,,,,,,,MENOR A 1/8 UIT,09/03/2023 11:18:53,,U,,
4053,43,43,742294150002,RELOJ MARCADOR FECHADOR ELECTRONICO,O/C Nº 273,15/09/2015,1430,1503.020101,MAQUINAS Y EQUIPOS DE OFICINA,M,ZTKETO ZK-IND1A,,,NEGRO,20150122034,,,,,,,,,09/03/2023 11:46:11,,U,,
4054,43,43,746485260001,SILLA PLEGABLE DE METAL,SANEAR,31/12/2021,1,1503.020102,MOBILIARIO DE OFICINA,R,,,,ROJO,,,,,,,,,,09/03/2023 11:45:10,,U,,
4055,43,43,746488310004,SILLON GIRATORIO (OTROS),O/C Nº 6-00127,30/09/2010,290,1503.020102,MOBILIARIO DE OFICINA,M,MONTHY,,,CROMADO,,,,,,,,,BAJA,09/03/2023 11:27:48,,U,,
4056,43,43,746488310011,SILLON GIRATORIO (OTROS),O/C Nº 000570,29/12/2011,570,1503.020102,MOBILIARIO DE OFICINA,M,MONTHY,,,NEGRO,,,,,,,,,BAJA,09/03/2023 11:36:54,,U,,
4057,43,43,746489330021,SILLON GIRATORIO DE METAL,O/C Nº 30,4/03/2016,510,1503.020102,MOBILIARIO DE OFICINA,R,,GRADUABLE,,NEGRO/CROMADO,,,,,,,,,,09/03/2023 11:21:42,,U,,
4058,43,43,740895000111,TECLADO - KEYBOARD,SANEAR,31/12/2021,1,1503.020301,EQUIPOS COMPUTACIONALES Y PERIFERICOS,R,BENQ,100-P,HOL KEYS,,,,,,,,,,,09/03/2023 11:40:38,,U,,
4059,43,43,740895000119,TECLADO - KEYBOARD,O/C Nº 000701,10/10/2013,39.57,1503.020301,EQUIPOS COMPUTACIONALES Y PERIFERICOS,R,GENIUS,GK-100012,,NEGRO,WV1355385463,,,,,,,,,09/03/2023 11:42:26,,U,,
4060,43,43,740899500079,UNIDAD CENTRAL DE PROCESO - CPU,O/C Nº 3-00048,28/05/2010,2220,1503.020301,EQUIPOS COMPUTACIONALES Y PERIFERICOS,M,INTEL,CORE I 3,,NEGRO,,,,,,,,,,09/03/2023 11:39:34,,U,,
4061,43,43,740899500113,UNIDAD CENTRAL DE PROCESO - CPU,O/C Nº 000701,10/10/2013,1809,1503.020301,EQUIPOS COMPUTACIONALES Y PERIFERICOS,R,INTEL,CORE I7,,NEGRO,,,,,,,,,PRESENTA DIFICULTADES MEMORIA RAM,09/03/2023 11:30:07,,U,,
4062,44,44,746418810003,CAJA FUERTE,SANEAR,31/12/2021,1,1503.020102,MOBILIARIO DE OFICINA,M,HARMAN SECURITY,,,PLOMO,,0.40X0.40X0.70,,,,,,,,09/03/2023 17:06:50,,U,,
4063,44,44,742203180002,CALCULADORA ELECTRICA,SANEAR,31/12/2021,1,1503.020101,MAQUINAS Y EQUIPOS DE OFICINA,M,SHARP,EL-2607PIII,,BLANCO,7D001465,,,,,,,,,09/03/2023 16:41:04,,U,,
4064,44,44,740805000009,COMPUTADORA PERSONAL PORTATIL,O/C Nª00131,21/06/2011,1800,1503.020301,EQUIPOS COMPUTACIONALES Y PERIFERICOS,R,HP,DV6-2155DX,,NEGRO,4CA001FMNW,,,,,,,,FALTA TECLAS,09/03/2023 16:36:57,,U,,
4065,44,44,742223580001,EQUIPO MULTIFUNCIONAL COPIADORA IMPRESORA SCANNER Y/O FAX,SANEAR,31/12/2021,1,1503.020101,MAQUINAS Y EQUIPOS DE OFICINA,R,HP,LASER JETM1319P,,PLOMO/NEGRO,CNJ89D001D,,,,,,,,,09/03/2023 17:07:30,,U,,
4066,44,44,742223580030,EQUIPO MULTIFUNCIONAL COPIADORA IMPRESORA SCANNER Y/O FAX,O/C Nº 441,11/12/2015,1869,1503.020101,MAQUINAS Y EQUIPOS DE OFICINA,M,EPSON,L850,C541A,NEGRO,UTQY002480,,,,,,,,,09/03/2023 16:06:17,,U,,
4067,44,44,746437120006,ESCRITORIO DE MADERA,O/C Nº 901,30/12/1996,393,1503.020102,MOBILIARIO DE OFICINA,R,,GERENCIAL,,CAFÉ,,1.55X074X0.73,,,,,,,,09/03/2023 17:08:32,,U,,
4068,44,44,462252150009,ESTABILIZADOR,SANEAR,31/12/2021,1,1503.020904,ELECTRICIDAD Y ELECTRONICA,R,POWER,CI-127,4 ENTRADAS,BLANCO,,,,,,,,,,09/03/2023 17:14:56,,U,,
4069,44,34,462252150078,ESTABILIZADOR,SANEAR,31/12/2021,1,1503.020904,ELECTRICIDAD Y ELECTRONICA,R,FORZA,FRV-1221B,8 ENTRADAS,NEGRO,FVR 12218,,,,,,,,,10/03/2023 10:13:39,,U,,
4070,44,44,746441180023,ESTANTE DE MADERA,SANEAR,31/12/2021,1,1503.020102,MOBILIARIO DE OFICINA,R,,2 GAVETAS 5 NIV,,CAFE,,0.31X1.20X2.17,,,,,,,,09/03/2023 16:15:39,,U,,
4071,44,44,746441180024,ESTANTE DE MADERA,SANEAR,31/12/2021,1,1503.020102,MOBILIARIO DE OFICINA,R,,ANDAMIO 5 NIVES,,CAFÉ,,0.28X1.83X1.90,,,,,,,,09/03/2023 16:23:10,,U,,
4072,44,44,746441180025,ESTANTE DE MADERA,SANEAR,31/12/2021,1,1503.020102,MOBILIARIO DE OFICINA,R,,2 GAVETAS 5 NIV,,MADERA,,0.31X1.20X2.15,,,,,,,,09/03/2023 16:32:18,,U,,
4073,44,44,746441860015,ESTANTE DE METAL,SANEAR,31/12/2021,1,1503.020102,MOBILIARIO DE OFICINA,R,INREKA SAC,ANDAMIO 5 NIVES,,BLANCO/PLOMO,,0.30X1.14X2.25,,,,,,,,09/03/2023 16:21:35,,U,,
4074,44,44,746441860018,ESTANTE DE METAL,SANEAR,31/12/2021,1,1503.020102,MOBILIARIO DE OFICINA,R,INREKA SAC,ANDAMIO 5 NIVES,,BLANCO/PLOMO,,0.30X1.14X2.10,,,,,,,,09/03/2023 17:02:34,,U,,
4075,44,44,746441860019,ESTANTE DE METAL,SANEAR,31/12/2021,1,1503.020102,MOBILIARIO DE OFICINA,R,INREKA SAC,ANDAMIO 5 NIVES,,BLANCO/PLOMO,,0.30X1.14X2.25,,,,,,,,09/03/2023 16:22:26,,U,,
4076,44,9,746441860027,ESTANTE DE METAL,SANEAR,31/12/2021,1,1503.020102,MOBILIARIO DE OFICINA,R,INREKA SAC,ANDAMIO 5 NIS,,BLANCO/PLOMO,,0.30X1.14X2.10,,,,,,,,07/03/2023 02:06:41,,U,user user user,1
4077,44,44,746441860028,ESTANTE DE METAL,SANEAR,31/12/2021,1,1503.020102,MOBILIARIO DE OFICINA,R,INREKA SAC,ANDAMIO 5 NIS,,BLANCO/PLOMO,,0.30X1.13X2.25,,,,,,,,09/03/2023 17:04:35,,U,,
4078,44,44,322250000001,HERVIDOR ELECTRICO,O/C Nª 6-00070,26/07/2010,80,1503.020902,"ASEO, LIMPIEZA Y COCINA",M,GIMA STAR,,,CROMADO/NEGRO,,,,,,,,,,09/03/2023 16:24:37,,U,,
4079,44,44,740841000031,IMPRESORA LASER,O/C Nº 0-00059,16/06/2009,412,1503.020301,EQUIPOS COMPUTACIONALES Y PERIFERICOS,M,HP,LASERJET,,PLOMO,VNF5R33784,,,,,,,,,09/03/2023 16:33:02,,U,,
4080,44,44,746460850004,MODULO DE MADERA PARA MICROCOMPUTADORA,SANEAR,31/12/2021,1,1503.020102,MOBILIARIO DE OFICINA,R,ULTRATON,,,CAOBA,,0.65X1.25X0.84,,,,,,,,09/03/2023 16:05:42,,U,,
4081,44,44,746460980021,MODULO DE MELAMINA,O/C N°000346,13/06/2013,340,1503.020102,MOBILIARIO DE OFICINA,R,,3 GAVETAS,,CEDRO/NEGRO,,0.47X1.08X1.80,,,,,,,,09/03/2023 16:38:15,,U,,
4082,44,44,952258120031,MONITOR (OTROS),SANEAR,31/12/2021,1,1503.020303,EQUIPOS DE TELECOMUNICACIONES,R,LG,W2043 SV,PLASMA LCD,NEGRO LC,002INGQ8K607,,,,,,,,,09/03/2023 17:08:59,,U,,
4083,44,44,740881870013,MONITOR PLANO,O/C N°000701,10/10/2013,624.43,1503.020301,EQUIPOS COMPUTACIONALES Y PERIFERICOS,R,SANSUNG,S20B300N,L2020B3H5,NEGRO,ZUP7HTHD400453K,,,,,,,,,09/03/2023 16:09:02,,U,,
4084,44,44,952260580062,PARLANTES EN GENERAL (MAYOR A 1/8 UIT),O/C Nº 54,30/01/2004,30.06,1503.020303,EQUIPOS DE TELECOMUNICACIONES,R,CYBERLINK,TECH FOR SENSES,,NEGRO,9.081E+11,,,,,,,,,09/03/2023 16:20:25,,U,,
4085,44,44,952260580063,PARLANTES EN GENERAL (MAYOR A 1/8 UIT),O/C Nº 54,30/01/2004,30.06,1503.020303,EQUIPOS DE TELECOMUNICACIONES,R,RUP-XTREME,KS-600,,NEGRO,P100226637,,,,,,,,,09/03/2023 16:07:48,,U,,
4086,44,44,532290990002,PERFORADOR MANUAL,VERIFICAR,31/12/2021,1,1503.020402,EQUIPO MEDICO,R,KW TRIO,SUPER COMBI,,PLOMO/NEGRO,952,,,,,,,,,09/03/2023 16:49:47,,U,,
4087,44,44,746481190044,SILLA FIJA DE MADERA,O/C Nº 000295,6/11/2012,94.5,1503.020102,MOBILIARIO DE OFICINA,R,,TAPIZ/MARRON,,CAFÉ,,0.44X0.45X0.84,,,,,,,,09/03/2023 17:00:07,,U,,
4088,44,44,746481870044,SILLA FIJA DE METAL,SANEAR,31/12/2021,1,1503.020102,MOBILIARIO DE OFICINA,R,,TAPIZ/MARRON,,NEGRO,,0.45X0.45X0.90,,,,,,,R,09/03/2023 16:43:32,,U,,
4089,44,44,746481870110,SILLA FIJA DE METAL,SANEAR,31/12/2021,1,1503.020102,MOBILIARIO DE OFICINA,R,,TAPIZ/MARRON,,NEGRO,,0.40X0.40X0.83,,,,,,,,09/03/2023 17:01:05,,U,,
4090,44,44,746483900003,SILLA GIRATORIA DE METAL,O/C Nº 000520,24/07/2013,280,1503.020102,MOBILIARIO DE OFICINA,M,,TAPIZ DE LONA,,NEGRO,,0.45X0.50X0.98,,,,,,,,09/03/2023 17:27:08,,U,user user user,1
4091,44,44,740895000066,TECLADO - KEYBOARD,SANEAR,31/12/2021,1,1503.020301,EQUIPOS COMPUTACIONALES Y PERIFERICOS,R,BENQ,I100DESKTOP,,NEGRO,9JPIMPIU857762430200,,,,,,,,,09/03/2023 16:09:46,,U,,
4092,44,44,740895000149,TECLADO - KEYBOARD,O/C Nº 000701,10/10/2013,39.57,1503.020301,EQUIPOS COMPUTACIONALES Y PERIFERICOS,R,GENIUS,KU-0139,,NEGRO,2LE991502942,,,,,,,,,09/03/2023 17:10:46,,U,,
4093,44,44,952282870018,TELEFONO,SANEAR,31/12/2021,1,1503.020303,EQUIPOS DE TELECOMUNICACIONES,M,AKITA,SUPERTELEPHONE,KX-T2030LMDI,PLOMO,KX-T2030LMDI,,,,,,,,,09/03/2023 16:39:26,,U,,
4094,44,44,740899500051,UNIDAD CENTRAL DE PROCESO - CPU,O/C Nº 175,17/12/2008,2243.34,1503.020301,EQUIPOS COMPUTACIONALES Y PERIFERICOS,R,INTEL CORE 2 DU,PENTIUM DUAL,200GB DISCO DUO,NEGRO,200GB DISCO DURO,,,,,,,,,09/03/2023 17:11:24,,U,,
4095,44,44,740899500114,UNIDAD CENTRAL DE PROCESO - CPU,O/C Nº 000701,10/10/2013,1809,1503.020301,EQUIPOS COMPUTACIONALES Y PERIFERICOS,B,INTEL,XEONCPUES-2407,,NEGRO,159753,,,,,,,,,09/03/2023 17:10:28,,U,,
4096,44,44,112279700012,VENTILADOR ELECTRICO PARA MESA O DE PIE,SANEAR,31/12/2021,1,1503.020901,AIRE ACONDICIONADO Y REFRIGERACION,M,CHRYSANTHEMOM,,,VERDE,,,,,,,,,,09/03/2023 17:12:26,,U,,
