24,200,41,,462200500006,ACUMULADOR DE ENERGIA - EQUIPO DE UPS,R,,,,,,1503.020904,1.00,
25,201,41,,462200500016,ACUMULADOR DE ENERGIA - EQUIPO DE UPS,M,,APC RS 550,BECK UPS 550,3B1250X08593,NEGRO,1503.020904,62.22,
26,202,41,,462200500018,ACUMULADOR DE ENERGIA - EQUIPO DE UPS,M,,APC RS 550,VR-550GI,3B1250X08588,NEGRO,1503.020904,350.00,
27,203,41,,462200500031,ACUMULADOR DE ENERGIA - EQUIPO DE UPS,R,,,,,,1503.020904,1.00,
28,204,41,,462200500033,ACUMULADOR DE ENERGIA - EQUIPO DE UPS,R,,,,,,1503.020904,1.00,
29,205,41,,462200500034,ACUMULADOR DE ENERGIA - EQUIPO DE UPS,R,,,,,,1503.020904,1.00,
30,206,41,,462200500035,ACUMULADOR DE ENERGIA - EQUIPO DE UPS,R,,,,,,1503.020904,1.00,
31,207,41,,462200500036,ACUMULADOR DE ENERGIA - EQUIPO DE UPS,R,,,,,,1503.020904,1.00,
32,208,41,,462200500037,ACUMULADOR DE ENERGIA - EQUIPO DE UPS,R,,APC,,,ANARANJADO,1503.020904,1.00,
606,2044,40,,462200500001,ACUMULADOR DE ENERGIA - EQUIPO DE UPS,M,,,,,,1503.020904,1.00,
607,2045,40,,462200500011,ACUMULADOR DE ENERGIA - EQUIPO DE UPS,R,,,,,,1503.020904,1.00,
608,2046,40,,462200500013,ACUMULADOR DE ENERGIA - EQUIPO DE UPS,R,,,,,,1503.020904,1.00,
609,2047,40,,462200500015,ACUMULADOR DE ENERGIA - EQUIPO DE UPS,R,,,,,,1503.020904,1.00,
610,2048,40,,462200500019,ACUMULADOR DE ENERGIA - EQUIPO DE UPS,M,,,,,,1503.020904,1.00,
611,2049,40,,462200500026,ACUMULADOR DE ENERGIA - EQUIPO DE UPS,M,,,,,,1503.020904,1.00,
612,2050,40,,462200500028,ACUMULADOR DE ENERGIA - EQUIPO DE UPS,R,,,,,,1503.020904,1.00,
613,2051,40,,462200500029,ACUMULADOR DE ENERGIA - EQUIPO DE UPS,R,,,,,,1503.020904,1.00,
1835,1203,22,22,462200500020,ACUMULADOR DE ENERGIA - EQUIPO DE UPS,M,,APC RS 550,BR550Y,3B1250X08582,NEGRO,1503.020904,350.00,RAEE - BAJA
1836,1205,22,22,462200500032,ACUMULADOR DE ENERGIA - EQUIPO DE UPS,M,,APC,BR550Y,3B1116X22805,NEGRO,1503.020904,1.00,RAEE - BAJA
1849,1202,22,22,462200500007,ACUMULADOR DE ENERGIA - EQUIPO DE UPS,M,,APC,550G1.550VA,3B1228X30608,NEGRO,1503.020904,1.00,RAEE- BAJA
1891,1204,22,22,462200500027,ACUMULADOR DE ENERGIA - EQUIPO DE UPS,M,,APC,2109,,NEGRO,1503.020904,1.00,RAEE- BAJA
1920,1544,23,23,462200500021,ACUMULADOR DE ENERGIA - EQUIPO DE UPS,R,,APC RS 550,,130312-1020446,NEGRO,1503.020904,56.57,
2033,1743,27,27,462200500023,ACUMULADOR DE ENERGIA - EQUIPO DE UPS,M,,CDP,,130312-1020445,NEGRO,1503.020904,56.57,
3003,3363,35,35,462200500047,ACUMULADOR DE ENERGIA - EQUIPO DE UPS,B,,APC,325 WATS,9B1640A12357,NEGRO,1503.020904,1.00,
3004,3362,35,35,462200500046,ACUMULADOR DE ENERGIA - EQUIPO DE UPS,B,,APC,325 WATS,9B1640A12360,NEGRO,1503.020904,1.00,
3005,3359,35,35,462200500043,ACUMULADOR DE ENERGIA - EQUIPO DE UPS,B,,APC,325 WATS,9B1640A12605,NEGRO,1503.020904,1.00,
3006,3361,35,35,462200500045,ACUMULADOR DE ENERGIA - EQUIPO DE UPS,B,,APC,325 WATS,9B1640A12358,NEGRO,1503.020904,1.00,
3007,3360,35,35,462200500044,ACUMULADOR DE ENERGIA - EQUIPO DE UPS,B,,APC,325 WATS,9B1640A12596,NEGRO,1503.020904,1.00,
3008,3358,35,35,462200500042,ACUMULADOR DE ENERGIA - EQUIPO DE UPS,B,,APC,325 WATS,9B1640A12607,NEGRO,1503.020904,1.00,
3009,3357,35,35,462200500041,ACUMULADOR DE ENERGIA - EQUIPO DE UPS,B,,APC,325 WATS,9B1640A12359,NEGRO,1503.020904,1.00,
3010,3356,35,35,462200500040,ACUMULADOR DE ENERGIA - EQUIPO DE UPS,B,,APC,325 WATS,9B1640A12608,NEGRO,1503.020904,1.00,
3011,3355,35,35,462200500039,ACUMULADOR DE ENERGIA - EQUIPO DE UPS,B,,APC,325 WATS,9B1640A12606,NEGRO,1503.020904,1.00,
3012,3354,35,35,462200500038,ACUMULADOR DE ENERGIA - EQUIPO DE UPS,B,,APC,325 WATS,9B1640A12595,NEGRO,1503.020904,1.00,
3264,3346,35,35,462200500009,ACUMULADOR DE ENERGIA - EQUIPO DE UPS,M,,APC,560VA,3B1228X31988,NEGRO,1503.020904,1.00,BAJA
3265,3348,35,35,462200500012,ACUMULADOR DE ENERGIA - EQUIPO DE UPS,M,,APC,BR 550GI,3B1220X14370,NEGRO,1503.020904,1.00,
3266,3347,35,35,462200500010,ACUMULADOR DE ENERGIA - EQUIPO DE UPS,M,,APC,BR 550GI,3B1220X14370,NEGRO,1503.020904,1.00,BAJA
3269,3342,35,35,462200500003,ACUMULADOR DE ENERGIA - EQUIPO DE UPS,M,,CDP,BR 55061,3B1122X01837,NEGRO,1503.020904,1.00,BAJA
3313,3351,35,35,462200500024,ACUMULADOR DE ENERGIA - EQUIPO DE UPS,R,,CDP,,1B0312-1020447,NEGRO,1503.020904,56.57,
3367,1414,2,37,462200500022,ACUMULADOR DE ENERGIA - EQUIPO DE UPS,R,,CDP,,130312-1020448,NEGRO,1503.020904,56.57,
3646,3343,35,48,462200500004,ACUMULADOR DE ENERGIA - EQUIPO DE UPS,R,,APC RS 550,BR550G1,3B1149X04980,NEGRO,1503.020904,350.00,
3647,3352,35,48,462200500025,ACUMULADOR DE ENERGIA - EQUIPO DE UPS,M,,APC RS 550,,3B1250X08567,NEGRO,1503.020904,62.22,
3648,3344,35,48,462200500005,ACUMULADOR DE ENERGIA - EQUIPO DE UPS,R,,APC,BR550G1-AS,5B1137TO8013,NEGRO,1503.020904,185.00,
3649,3350,35,48,462200500017,ACUMULADOR DE ENERGIA - EQUIPO DE UPS,M,,AOC RS 550,,3B1250X 08600,NEGRO,1503.020904,62.22,
3650,3345,35,48,462200500008,ACUMULADOR DE ENERGIA - EQUIPO DE UPS,R,,APC,550 VA,3B1228X31948,NEGRO,1503.020904,1.00,
3891,3353,35,6,462200500030,ACUMULADOR DE ENERGIA - EQUIPO DE UPS,M,,APC,AMERICA POWER N,,BLANCO,1503.020904,1.00,
4012,3349,35,6,462200500014,ACUMULADOR DE ENERGIA - EQUIPO DE UPS,M,,,,,,1503.020904,1.00,
4036,785,6,6,462200500002,ACUMULADOR DE ENERGIA - EQUIPO DE UPS,M,,ANVIL,,753-93DE500WT,BLANCO,1503.020904,1.00,
33,209,41,,532201600002,AGITADOR (OTROS),R,,,,,,1503.020402,1.00,
2070,1772,28,28,532201600001,AGITADOR (OTROS),M,,SOILTEST,CL300A82728,,NEGRO,1503.020402,1.00,
34,210,41,,602202760001,ALTIMETRO,M,,SUUNTO,,,PLOMO,1503.020905,748.60,
35,211,41,,602202760002,ALTIMETRO,M,,SUUNTO,,,PLOMO/NEGRO,1503.020905,1.00,
7,212,41,,675001050003,AMOLADORA,R,,,,,,1503.020999,300.00,
3041,3364,35,35,675001050004,AMOLADORA,R,,BLACK DECKER,G720,6720-B2C,NEGRO/ANARANJADO,1503.020999,300.00,
3042,3365,35,35,675001050005,AMOLADORA,R,,TRUPER,ESMA7A2-2,,ANARANJADO/NEGRO,1503.020999,320.00,
3721,1870,39,55,675001050002,AMOLADORA,M,,CROWN,CT15031,12060200177,PLOMO,1503.020999,280.00,
3727,1395,2,55,675001050001,AMOLADORA,M,,TRUPER,,,ANARANJADO,1503.020999,1350.00,
3861,3366,35,6,602203330001,AMPERIMETRO,M,,,,,,1503.020905,1.00,
4007,3367,35,6,602203330002,AMPERIMETRO,M,,,,,LADRILLO,1503.020905,1.00,
36,213,41,,952205030001,ANTENA (OTRAS) (MAYOR A 1/8 UIT),R,,,,,PLOMO,1503.020303,1.00,
37,214,41,,952205030002,ANTENA (OTRAS) (MAYOR A 1/8 UIT),R,,,,,PLOMO,1503.020303,1.00,
38,215,41,,952205030003,ANTENA (OTRAS) (MAYOR A 1/8 UIT),R,,,,,PLOMO,1503.020303,1.00,
39,216,41,,952205030004,ANTENA (OTRAS) (MAYOR A 1/8 UIT),R,,,,,PLOMO,1503.020303,1.00,
40,217,41,,952205030005,ANTENA (OTRAS) (MAYOR A 1/8 UIT),R,,,,,PLOMO,1503.020303,1.00,
41,218,41,,952205030006,ANTENA (OTRAS) (MAYOR A 1/8 UIT),R,,,,,PLOMO,1503.020303,1.00,
42,219,41,,952205030007,ANTENA (OTRAS) (MAYOR A 1/8 UIT),R,,,,,PLOMO,1503.020303,1.00,
2193,13,3,3,673602800005,APISONADORA DE PLANCHA,M,,MASTER PACK,EH 122D ROBIN,H705R110233,NEGRO/AMARILLO,1503.020999,1.00,
2194,9,3,3,673602800001,APISONADORA DE PLANCHA,M,,BENOTTO,GX160-163,GCAAH-2421050,,1503.020999,5450.00,
2255,12,3,3,673602800004,APISONADORA DE PLANCHA,M,,MASTER PACK,EH 132 2D ROBIN,EH12D2314917,,1503.020999,1.00,
2266,10,3,3,673602800002,APISONADORA DE PLANCHA,M,,BENOTTO,GX160-163,GCAAH-2443671,,1503.020999,5450.00,
3761,11,3,58,673602800003,APISONADORA DE PLANCHA,M,,MASTER PACK,EH 122D ROBIN,EH12D2314999,AMARILLO,1503.020999,1.00,
614,2052,40,,42204310001,ARADOS EN GENERAL,R,,,,,,1503.020502,1.00,
2812,2891,32,32,42204310002,ARADOS EN GENERAL,R,,FIA BULS,ARH-428FB,,,1503.020502,22075.00,
615,2053,40,,746403210003,ARCHIVADOR DE MADERA,R,,,,,,1503.020102,1.00,
616,2054,40,,746403210004,ARCHIVADOR DE MADERA,R,,,,,,1503.020102,1.00,
1658,1141,16,16,746403210001,ARCHIVADOR DE MADERA,M,0.45X0.92X1.70,,4 NIVELES 2PUER,,MADERA,1503.020102,1.00,
2903,3246,33,33,746403210002,ARCHIVADOR DE MADERA,R,0.42X1.57X1.80,,4 DIVISIONES,,MADERA,1503.020102,1.00,
2976,3368,35,35,746403210005,ARCHIVADOR DE MADERA,R,1.00X1.60X0.42,,4 DIV. 2 PUERTS,,NOGAL/CAOBA,1503.020102,220.00,
3587,3369,35,48,746403210006,ARCHIVADOR DE MADERA,R,0.46X1.19X1.87,,,,AMARILLO,1503.020102,1.00,
43,220,41,,746403550003,ARCHIVADOR DE MELAMINA,R,,,,,CAFE,1503.020102,1.00,
44,221,41,,746403550004,ARCHIVADOR DE MELAMINA,R,,,,,CAFE,1503.020102,1.00,
493,1415,2,,746403550002,ARCHIVADOR DE MELAMINA,R,0.30X1.00X1.80,,2 PUERTAS,,CAFÉ,1503.020102,550.00,
617,2055,40,,746403550001,ARCHIVADOR DE MELAMINA,R,,,,,,1503.020102,1.00,
45,223,41,,746403890013,ARCHIVADOR DE METAL,R,0.60X0.46X1.34,,4 GAVETAS,,PLOMO/NEGRO,1503.020102,1.00,
46,224,41,,746403890014,ARCHIVADOR DE METAL,M,,,,,,1503.020102,1.00,
2304,14,3,3,746403890007,ARCHIVADOR DE METAL,M,0.45X0.63X1.35,,4 GAVETAS 1 DIV,,PLOMO,1503.020102,1.00,
2306,1888,30,30,746403890010,ARCHIVADOR DE METAL,R,0.49X0.66X1.32,,4 GAVETAS,,PLOMO,1503.020102,1.00,
2484,2893,32,32,746403890005,ARCHIVADOR DE METAL,R,0.47X0.64X1.33,,4 GAVETAS,,PLOMO/NEGRO,1503.020102,1.00,
2516,222,41,32,746403890003,ARCHIVADOR DE METAL,R,0.47X0.64X1.33,,4 GAVETAS,,PLOMO/NEGRO,1503.020102,1.00,
2564,2892,32,32,746403890004,ARCHIVADOR DE METAL,R,0.47X0.64X1.33,,4 GAVETAS,,PLOMO/NEGRO,1503.020102,1.00,
2636,2894,32,32,746403890009,ARCHIVADOR DE METAL,R,0.45X0.60X1.34,,4 GAVETAS,,PLOMO/NEGRO,1503.020102,1.00,
2974,3371,35,35,746403890011,ARCHIVADOR DE METAL,M,0.63X0.48X1.00,,3 GAVETAS,,PLOMO/NEGRO,1503.020102,1.00,
2977,3372,35,35,746403890012,ARCHIVADOR DE METAL,M,0.60X0.46X1.34,,4 NIVELES,,PLOMO/NEGRO,1503.020102,1.00,
3160,3370,35,35,746403890001,ARCHIVADOR DE METAL,M,0.70x0.47x1.35,,4 GAVETAS,,PLOMO/NEGRO,1503.020102,828.74,BAJA
3392,1416,2,37,746403890002,ARCHIVADOR DE METAL,R,0.47X0.64X1.33,,4 GAVETAS,,PLOMO/NEGRO,1503.020102,350.00,RECODIFICAR MELAMINA
3437,4031,43,43,746403890008,ARCHIVADOR DE METAL,R,0.45X0.60X1.34,,4 GAVETAS,,CAFÉ/NEGRO,1503.020102,1.00,
3538,1417,2,47,746403890006,ARCHIVADOR DE METAL,R,0.70X045X0.82,,4 GAVETAS,,PLOMO,1503.020102,1.00,
618,2056,40,,746405920001,ARMARIO DE MADERA,R,,,,,,1503.020102,1.00,
619,2059,40,,746405920009,ARMARIO DE MADERA,R,,,,,,1503.020102,1.00,
620,2060,40,,746405920011,ARMARIO DE MADERA,R,,,,,,1503.020102,1.00,
621,2061,40,,746405920012,ARMARIO DE MADERA,R,,,,,,1503.020102,1.00,
1663,225,41,18,746405920004,ARMARIO DE MADERA,R,0.40X0.97X1.51,,3 NIVELES,,BLANCO,1503.020102,1.00,
1706,2057,40,21,746405920007,ARMARIO DE MADERA,R,1.91X0.90X0.40,,,,NEGRO/CAOBA,1503.020102,1.00,
1712,2058,40,21,746405920008,ARMARIO DE MADERA,R,1.90X0.90X0.40,,,,NEGRO/CAOBA,1503.020102,1.00,
1896,1206,22,22,746405920013,ARMARIO DE MADERA,R,0.45X1.23X1.88,,3 GAVETAS 2PUER,,MADERA,1503.020102,1.00,
1929,1545,23,23,746405920010,ARMARIO DE MADERA,R,0.54X0.87X1.60,,4 NIVELES,,CAFÉ,1503.020102,1.00,
1946,1573,24,24,746405920002,ARMARIO DE MADERA,R,0.40X0.59X1.07,,3 NIVELES 3GAVE,,CAOBA,1503.020102,1.00,
1948,1574,24,24,746405920006,ARMARIO DE MADERA,R,0.40X0.80X1.80,,5 NIVELES 2PUER,,CAOBA/NEGRO,1503.020102,450.00,
2334,1889,30,30,746405920003,ARMARIO DE MADERA,R,0.42X0.80X1.75,,2 PUERTAS,,CAFÉ/AMARILLO,1503.020102,1.00,
3500,1418,2,45,746405920005,ARMARIO DE MADERA,R,0.39X0.59X1.38,,1 PUERTA,,CAFÉ,1503.020102,1.00,
481,1171,21,,746406260007,ARMARIO DE MELAMINA,R,0.90X0.40X1.90,,3 NIV 2 DIV,,NEGRO/CAFE,1503.020102,525.00,
482,1172,21,,746406260008,ARMARIO DE MELAMINA,R,0.90X0.40X1.90,,3 NIV 2 DIV,,NEGRO/CAFE,1503.020102,525.00,
622,2062,40,,746406260002,ARMARIO DE MELAMINA,R,,,,,,1503.020102,1.00,
623,2063,40,,746406260003,ARMARIO DE MELAMINA,R,,,,,,1503.020102,1.00,
624,2064,40,,746406260004,ARMARIO DE MELAMINA,R,,,,,,1503.020102,1.00,
625,2065,40,,746406260005,ARMARIO DE MELAMINA,R,,,,,,1503.020102,1.00,
626,2066,40,,746406260006,ARMARIO DE MELAMINA,R,,,,,,1503.020102,1.00,
2319,1890,30,30,746406260001,ARMARIO DE MELAMINA,R,0.40X0.80X1.83,,2 PUERTAS,,NEGRO/CAFÉ,1503.020102,450.00,
47,226,41,,746406600002,ARMARIO DE METAL,M,,,2 CUERPOS,,,1503.020102,1.00,
48,227,41,,746406600014,ARMARIO DE METAL,M,,,,,,1503.020102,1.00,
562,1727,26,,746406600007,ARMARIO DE METAL,M,,,2 PUERTAS 2NIVE,,,1503.020102,1.00,
1595,988,14,14,746406600001,ARMARIO DE METAL,M,,,,,PLOMO,1503.020102,1.00,
2043,1744,27,27,746406600003,ARMARIO DE METAL,M,0.37X0.86X1.68,,2 PUERTAS,,PLOMO,1503.020102,1.00,
2095,1773,28,28,746406600008,ARMARIO DE METAL,R,0.30X2.30X1.60,ODEXIONO,2 DIVISIONES,,BLANCO/PLOMO,1503.020102,1.00,ELIMINAR
2567,2899,32,32,746406600017,ARMARIO DE METAL,M,0.45X0.89X1.80,,2 PUERTAS 2NIV,,PLOMO/NEGRO,1503.020102,1.00,
2568,2895,32,32,746406600006,ARMARIO DE METAL,M,0.45X0.89X1.80,,2 PUERTAS 2NIVE,,PLOMO/NEGRO,1503.020102,1.00,
2571,2900,32,32,746406600018,ARMARIO DE METAL,R,0.50X2.10X1.00,,2 DIVISIONES 2N,,PLOMO,1503.020102,1.00,
2572,2898,32,32,746406600015,ARMARIO DE METAL,R,0.50X2.10X1.00,,2 DIVISIONES,,PLOMO,1503.020102,1.00,
2684,2896,32,32,746406600009,ARMARIO DE METAL,R,,,2 PUERTAS,,,1503.020102,1.00,
2778,2897,32,32,746406600013,ARMARIO DE METAL,M,0.45X0.88X1.82,,2 PUERTAS,,PLOMO/NEGRO,1503.020102,1.00,
2852,3247,33,33,746406600004,ARMARIO DE METAL,R,0.42X0.87X1.79,,,,PLOMO/NEGRO,1503.020102,1.00,
2926,3317,34,34,746406600010,ARMARIO DE METAL,R,0.45X0.87X1.80,,ANDAMIO,,PLOMO/NEGRO,1503.020102,1.00,
2978,3374,35,35,746406600011,ARMARIO DE METAL,M,0.46X0.89X1.80,,3 NIVELES,,PLOMO,1503.020102,1.00,
2979,3373,35,35,746406600005,ARMARIO DE METAL,R,0.46X0.88X0.76,,3 NIVELES,,PLOMO,1503.020102,1.00,
3415,160,4,4,746406600016,ARMARIO DE METAL,R,1.92X1.14X0.31,,5 NIV RANURADO,,BLANCO,1503.020102,1.00,ELIMINAR
3499,1419,2,45,746406600012,ARMARIO DE METAL,R,0.40X0.88X1.80,,2 PUERTAS,,PLOMO/NEGRO,1503.020102,1.00,
3905,3375,35,6,672202950001,ASPIRADOR MULTIPLE,M,,SHOP VAC,,C915123,PLOMO,1503.020906,325.00,
2995,3376,35,35,252200500001,ASPIRADORA ELECTRICA,M,,PANASONIC,,,GRANATE,1503.020902,1.00,BAJA
1678,1166,19,19,746408640001,ATRIL DE MADERA,M,,,,,CELESTE,1503.020102,1.00,
1486,989,14,14,746410670001,ATRIL MECANICO DE METAL,M,,SPERRY,REMINGTON,,PLOMO,1503.020102,1.00,
49,228,41,,678202750001,AUTOHORMIGONERA,R,,AUSA,X1100RH,,NARANJA,1503.0101,209734.00,
3737,1527,37,57,678202750002,AUTOHORMIGONERA,R,,AUSA,X1100RH,,NARANJA,1503.0101,219000.00,PARA MANTENIMIENTO
1581,990,14,14,602206160003,BALANZA (OTRAS),M,,ESTÁNDAR,,,VERDE,1503.020905,180.00,
3029,3379,35,35,602206160004,BALANZA (OTRAS),M,,JOSVER,,,VERDE,1503.020905,1.00,BAJA
3030,3378,35,35,602206160002,BALANZA (OTRAS),M,,JOSVER,,,VERDE,1503.020905,250.00,BAJA
3044,3377,35,35,602206160001,BALANZA (OTRAS),R,,OHAUS,EB-30,8034161748,,1503.020905,1400.00,
4037,786,6,6,602206720001,BALANZA DE PLATAFORMA,M,,,,,VERDE,1503.020905,1.00,
2097,1774,28,28,602206860001,BALANZA DE PRECISION,R,,A&D,EK-6100I,6A4412883,CREMA,1503.020905,1.00,
2069,229,41,28,602207380001,BALANZA DIGITAL,R,,OHAUS,TAJ 602,7131050173,CREMA,1503.020905,1.00,
1445,3,1,1,602207850007,BALANZA ELECTRONICA,R,S/D,S/M,S/M,S/S,S/C,1503.020905,175.00,
1695,8,1,2,602207850010,BALANZA ELECTRONICA,R,S/D,OHAUS,EB-30,S/S,PLOMO,1503.020905,1750.00,
2045,1777,28,28,602207850003,BALANZA ELECTRONICA,M,,OHASUS,RANGER,,PLOMO,1503.020905,2569.32,
2049,1776,28,28,602207850002,BALANZA ELECTRONICA,B,,,WT60001GF,,BLANCO/CELESTE,1503.020905,2569.32,
2093,1871,39,28,602207850004,BALANZA ELECTRONICA,M,,OHAUS,NVL20000/1,,CREMA,1503.020905,190.00,
2094,1778,28,28,602207850005,BALANZA ELECTRONICA,R,,OHAUS,NVL20000/1,8332326359,BLANCO,1503.020905,1800.00,
2096,1775,28,28,602207850001,BALANZA ELECTRONICA,M,,METLER TOLEDO,PB1502,1114371821,BLANCO,1503.020905,1.00,
2116,1779,28,28,602207850009,BALANZA ELECTRONICA,R,,OHAUS,RANGER 3000 R30,8340220414,PLOMO,1503.020905,1.00,
3045,3380,35,35,602207850008,BALANZA ELECTRONICA,R,,OHAUS,EB-30,8034161746,PLOMO/AZUL,1503.020905,2230.00,
3749,7,1,57,602207850006,BALANZA ELECTRONICA,M,,OHAUS,EB-30,8034131359,PLOMO/AZUL,1503.020905,1750.00,
50,230,41,,602208420004,BALANZA MECANICA,M,,CORONA,,,VERDE,1503.020905,1.00,
51,232,41,,602208420006,BALANZA MECANICA,M,,,,,NEGRO,1503.020905,1.00,
1580,991,14,14,602208420003,BALANZA MECANICA,M,,CORONA,,,VERDE,1503.020905,1.00,
2056,1780,28,28,602208420002,BALANZA MECANICA,M,,OHAUS - SOILTET,HEAVY DIETY,,CREMA,1503.020905,1.00,
2528,2901,32,32,602208420007,BALANZA MECANICA,R,,CONDOR,,,VERDE,1503.020905,1.00,
3227,3381,35,35,602208420001,BALANZA MECANICA,M,,BALPER,,,ROJO/BLANCO,1503.020905,29.50,BAJA
3738,231,41,57,602208420005,BALANZA MECANICA,R,,CAMRY,,,BLANCO,1503.020905,1.00,
52,233,41,,532209720006,BALON INTRA AORTICO,M,,,,,ROJO,1503.020402,1.00,
627,2067,40,,532209720001,BALON INTRA AORTICO,R,,,,,,1503.020402,1.00,
628,2068,40,,532209720002,BALON INTRA AORTICO,R,,,,,,1503.020402,1.00,
629,2069,40,,532209720003,BALON INTRA AORTICO,R,,,,,,1503.020402,1.00,
630,2070,40,,532209720004,BALON INTRA AORTICO,R,,,,,,1503.020402,1.00,
3159,3382,35,35,532209720005,BALON INTRA AORTICO,M,,,,,VERDE,1503.020402,1.00,
563,1728,26,,746411350011,BANCA DE MADERA,R,,,,,BLANCO,1503.020102,1.00,
631,2071,40,,746411350001,BANCA DE MADERA,R,,,,,,1503.020102,1.00,
632,2072,40,,746411350002,BANCA DE MADERA,R,,,,,,1503.020102,1.00,
633,2073,40,,746411350003,BANCA DE MADERA,R,,,,,,1503.020102,1.00,
634,2079,40,,746411350009,BANCA DE MADERA,R,,,,,,1503.020102,1.00,
635,2080,40,,746411350010,BANCA DE MADERA,R,,,,,,1503.020102,1.00,
1596,2078,40,15,746411350008,BANCA DE MADERA,R,,,,,,1503.020102,1.00,
1597,2077,40,15,746411350007,BANCA DE MADERA,R,,,,,,1503.020102,1.00,
1598,2076,40,15,746411350006,BANCA DE MADERA,R,,,,,,1503.020102,1.00,
1599,2075,40,15,746411350005,BANCA DE MADERA,R,,,,,,1503.020102,1.00,
1600,2074,40,15,746411350004,BANCA DE MADERA,R,,,,,,1503.020102,1.00,
636,2081,40,,812215970001,BICICLETA,R,,,,,,1503.020701,1.00,
637,2082,40,,812215970003,BICICLETA,R,,,,,,1503.020701,1.00,
638,2083,40,,812215970004,BICICLETA,R,,,,,,1503.020701,1.00,
639,2084,40,,812215970005,BICICLETA,R,,,,,,1503.020701,1.00,
1639,1093,15,15,812215970002,BICICLETA,M,,,,,ROJO,1503.020701,336.00,
1994,1686,25,25,812215970006,BICICLETA,M,,,,10938,ROJO,1503.020701,336.00,
2405,1937,31,31,672217000003,BOMBA (OTRAS),M,,,,,VERDE,1503.020906,1.00,
3723,2085,40,55,672217000001,BOMBA (OTRAS),M,,TRUPER,EXTRACTOR DE ACEITE,,ANARANJADO,1503.020906,1.00,
3724,2086,40,55,672217000002,BOMBA (OTRAS),M,,HS 25,EXTRACTOR DE ACEITE,,ROJO,1503.020906,1.00,
8,37,3,,602210680025,BOMBA DE SUCCION,M,,FEUING - 10JD17,2135-AN,902725,VERDE,1503.020905,1.00,
2201,31,3,3,602210680019,BOMBA DE SUCCION,M,,,4120ST,S 407264,PLOMO,1503.020905,1.00,
2202,28,3,3,602210680016,BOMBA DE SUCCION,M,,,4120ST,S 407264,CELESTE,1503.020905,1.00,
2203,17,3,3,602210680003,BOMBA DE SUCCION,M,,4130 - PIA (10),6130A8800 - (2),,CELESTE,1503.020905,1.00,
2204,38,3,3,602210680027,BOMBA DE SUCCION,M,,12JD 230X4 CHIA,413SN,S 407268,CELESTE,1503.020905,1.00,
2270,29,3,3,602210680017,BOMBA DE SUCCION,M,,DONG FENG - 12A,4135 N,S 407257,CELESTE,1503.020905,1.00,
2271,27,3,3,602210680015,BOMBA DE SUCCION,M,,CHINA,4120ST,88032240,VERDE,1503.020905,1.00,
2273,24,3,3,602210680010,BOMBA DE SUCCION,M,,CHINA,4120ST 101,8703586,VERDE,1503.020905,1.00,
2274,35,3,3,602210680023,BOMBA DE SUCCION,M,,8JD80X12 CHINA,2135-AN,89602,VERDE,1503.020905,1.00,
2275,36,3,3,602210680024,BOMBA DE SUCCION,M,,8JD80X12 CHINA,2135-AN,884452,VERDE,1503.020905,1.00,
2277,32,3,3,602210680020,BOMBA DE SUCCION,M,,8JD80X10 CHINA,2135 AN,884449,VERDE,1503.020905,1.00,
2278,25,3,3,602210680011,BOMBA DE SUCCION,M,,12JD230X3 CHINA,4120ST 101,8703587,VERDE,1503.020905,1.00,
2279,26,3,3,602210680014,BOMBA DE SUCCION,M,,CHINA,4120ST,88032239,VERDE,1503.020905,1.00,
2280,18,3,3,602210680004,BOMBA DE SUCCION,M,,CHINA,2155,,VERDE,1503.020905,1.00,
2281,16,3,3,602210680002,BOMBA DE SUCCION,M,,CHINA,2135-AN,199044,VERDE,1503.020905,1.00,
2282,19,3,3,602210680005,BOMBA DE SUCCION,M,,CHINA,2135 AN,902728,VERDE,1503.020905,1.00,
2283,20,3,3,602210680006,BOMBA DE SUCCION,M,,CHINA,2135 AN,,VERDE,1503.020905,1.00,
2284,21,3,3,602210680007,BOMBA DE SUCCION,M,,CHINA,,,VERDE,1503.020905,1.00,
2285,22,3,3,602210680008,BOMBA DE SUCCION,M,,CHINA,4120ST 101,89032972,VERDE,1503.020905,1.00,
2286,33,3,3,602210680021,BOMBA DE SUCCION,M,,8JD 80X10 CHINA,2135-AN,902733,VERDE,1503.020905,1.00,
2287,15,3,3,602210680001,BOMBA DE SUCCION,M,,CHINA,2135-AN,902723,VERDE,1503.020905,1.00,
2288,34,3,3,602210680022,BOMBA DE SUCCION,M,,CHINA,2135-AN,902735,VERDE,1503.020905,1.00,
2289,30,3,3,602210680018,BOMBA DE SUCCION,M,,DONG FENG - 12A,4135 N,S 402769,CELESTE,1503.020905,1.00,
2290,23,3,3,602210680009,BOMBA DE SUCCION,M,,CHINA,4120ST 101,8703585,VERDE,1503.020905,1.00,
2781,2903,32,32,602210680013,BOMBA DE SUCCION,M,,CHINO,4120ST,902732,,1503.020905,1.00,
2782,2905,32,32,602210680030,BOMBA DE SUCCION,M,,,,,,1503.020905,1.00,
2783,2902,32,32,602210680012,BOMBA DE SUCCION,M,,2JD230X3CHINA,4120ST,8703595,,1503.020905,1.00,
2784,2904,32,32,602210680028,BOMBA DE SUCCION,M,,,,,PLOMO,1503.020905,1.00,
2970,234,41,35,602210680029,BOMBA DE SUCCION,M,,HS-25,,,PLOMO/ROJO,1503.020905,1.00,
2972,3383,35,35,602210680033,BOMBA DE SUCCION,R,,,MANUAL,,ANARANJADO/NEGRO,1503.020905,1.00,
3739,2906,32,57,602210680031,BOMBA DE SUCCION,M,,UYSTOOLS,,,AMARILLO,1503.020905,1.00,EXTRACTOR DE COMBUSTIBLE
4029,787,6,6,602210680032,BOMBA DE SUCCION,M,,10JD140X7,2135AN,,PLOMO,1503.020905,1.00,
4075,2043,31,65,602210680026,BOMBA DE SUCCION,M,,CLUTCH-INDUSTRL,4120 ST,8703507,VERDE,1503.020905,1.00,
1668,1161,18,18,672208530006,BOMBA FUMIGADORA TIPO MOCHILA,M,,,VOLPI VOTTOLI,6 GLS.,AMARILLO,1503.020906,150.00,CONSTRUCCION INFRA ALMACENAMIE YANAMAYO
1669,1157,18,18,672208530002,BOMBA FUMIGADORA TIPO MOCHILA,M,,,VOLPI VOTTOLI,6 GLS.,AMARILLO,1503.020906,1.00,CONSTRUCCION DE RIEGO TECNIFICADO
1670,1160,18,18,672208530005,BOMBA FUMIGADORA TIPO MOCHILA,M,,,VOLPI VOTTOLI,6 GLS.,AMARILLO,1503.020906,150.00,CONSTRUCCION INFRA ALMACENAMIE YANAMAYO
1671,1159,18,18,672208530004,BOMBA FUMIGADORA TIPO MOCHILA,M,,,VOLPI VOTTOLI,6 GLS.,AMARILLO,1503.020906,150.00,CONSTRUCCION DE RIEGO TECNIFICADO
1672,1158,18,18,672208530003,BOMBA FUMIGADORA TIPO MOCHILA,M,,,VOLPI VOTTOLI,6 GLS.,AMARILLO,1503.020906,150.00,CONSTRUCCION DE RIEGO TECNIFICADO
1673,1156,18,18,672208530001,BOMBA FUMIGADORA TIPO MOCHILA,M,,VOLPI VOTTOLI,,6 GLS.,AMARILLO,1503.020906,1.00,CONSTRUCCION DE RIEGO TECNIFICADO
2969,235,41,35,672208530007,BOMBA FUMIGADORA TIPO MOCHILA,R,,TIHL,,,NARANJA/BLANCO,1503.020906,1.00,
640,2089,40,,42206210003,BRUJULA,M,,,,,,1503.020502,1.00,
641,2090,40,,42206210004,BRUJULA,M,,,,,,1503.020502,1.00,
2051,2088,40,28,42206210002,BRUJULA,R,,THE BRUNTON,,5063118004,PLOMO,1503.020502,1.00,
2052,2087,40,28,42206210001,BRUJULA,B,0.25X0.27XX0.10,ELE INTERNATIONAL,,76-0260-02158,PLATEADO,1503.020502,1.00,EN CAJA
3154,3384,35,35,42206210005,BRUJULA,M,,BRUNTON,F-5006-030,5062512042,PLATEADO,1503.020502,1270.00,BAJA
3627,3385,35,48,42206210006,BRUJULA,R,,BRUNTON,F-5006-030,5062615030,PLOMO,1503.020502,1500.00,
53,236,41,,746417450011,CABINA - CASETA,R,2.70X5.20X2.75,CHINA,,,AMARILLO,1503.020102,1.00,
479,1140,42,,746417450033,CABINA - CASETA,R,,PY. PECSA,PATIO PRORRIDRE,,VERDE,1503.020102,1.00,
642,2091,40,,746417450001,CABINA - CASETA,R,,,,,,1503.020102,1.00,
643,2092,40,,746417450002,CABINA - CASETA,R,,,,,,1503.020102,1.00,
644,2093,40,,746417450003,CABINA - CASETA,R,,,,,,1503.020102,1.00,
645,2094,40,,746417450013,CABINA - CASETA,R,,,,,,1503.020102,1.00,
646,2095,40,,746417450017,CABINA - CASETA,R,,,,,,1503.020102,1.00,
647,2096,40,,746417450020,CABINA - CASETA,R,,,,,,1503.020102,1.00,
648,2097,40,,746417450026,CABINA - CASETA,R,,,,,,1503.020102,1.00,
649,2098,40,,746417450027,CABINA - CASETA,R,,,,,,1503.020102,1.00,
650,2099,40,,746417450032,CABINA - CASETA,R,,,,,,1503.020102,1.00,
1728,1208,22,22,746417450028,CABINA - CASETA,R,5.20X2.70X2.759,CHINA,,,VERDE,1503.020102,1.00,
1752,1207,22,22,746417450016,CABINA - CASETA,R,5.20X2.70X2.75,,CASETA 2,,VERDE/NARANJA,1503.020102,1.00,
1779,1209,22,22,746417450034,CABINA - CASETA,R,5.20X2.70X2.75,CHINA,,,VERDE/NARANJA,1503.020102,1.00,
2371,1953,31,31,746417450025,CABINA - CASETA,R,2.70X5.20X2.75,CHINA,,,VERDE,1503.020102,1.00,
2443,1949,31,31,746417450021,CABINA - CASETA,R,2.70X5.20X2.75,CHINA,,,,1503.020102,1.00,
2444,1956,31,31,746417450031,CABINA - CASETA,R,2.70X5.20X2.75,CHINA,,,VERDE,1503.020102,1.00,
2445,1955,31,31,746417450030,CABINA - CASETA,R,2.70X5.20X2.75,CHINA,,,,1503.020102,1.00,
2446,1946,31,31,746417450015,CABINA - CASETA,R,2.70X5.20X2.75,,CASETA 3,,,1503.020102,1.00,
2447,1943,31,31,746417450009,CABINA - CASETA,R,2.70X5.20X2.75,CHINA,,,,1503.020102,1.00,
2448,1942,31,31,746417450008,CABINA - CASETA,R,2.70X5.20X2.75,CHINA,,,,1503.020102,1.00,
2449,1940,31,31,746417450006,CABINA - CASETA,R,2.70X5.20X2.75,CHINA,,,,1503.020102,1.00,
2450,1944,31,31,746417450010,CABINA - CASETA,R,2.70X5.20X2.75,CHINA,,,VERDE,1503.020102,1.00,
2455,1938,31,31,746417450004,CABINA - CASETA,R,2.70X5.20X2.75,CHINA,,,VERDE,1503.020102,1.00,
2456,1941,31,31,746417450007,CABINA - CASETA,R,2.70X5.20X2.75,CHINA,,,VERDE,1503.020102,1.00,
2457,1947,31,31,746417450018,CABINA - CASETA,R,2.70X5.20X2.75,CHINA,,,VERDE,1503.020102,1.00,
2458,1948,31,31,746417450019,CABINA - CASETA,R,2.70X5.20X2.75,CHINA,,,VERDE,1503.020102,1.00,
2459,1945,31,31,746417450012,CABINA - CASETA,R,2.70X5.20X2.75,CHINA,,,VERDE,1503.020102,1.00,
2465,1939,31,31,746417450005,CABINA - CASETA,R,2.70X5.20X2.75,CHINA,,,,1503.020102,1.00,
2466,1952,31,31,746417450024,CABINA - CASETA,R,2.70X5.20X2.75,CHINA,,,,1503.020102,1.00,
2467,1951,31,31,746417450023,CABINA - CASETA,R,2.70X5.20X2.75,CHINA,,,VERDE,1503.020102,1.00,
2468,1950,31,31,746417450022,CABINA - CASETA,R,2.70X5.20X2.75,CHINA,,,VERDE,1503.020102,1.00,
2469,1954,31,31,746417450029,CABINA - CASETA,R,2.70X5.20X2.75,CHINA,,,,1503.020102,1.00,
3583,3386,35,48,746417450014,CABINA - CASETA,R,5.20X2.70X2.75,,CASETA 3,,AZUL,1503.020102,1.00,
507,1632,38,,952213350002,CAJA ACUSTICA,M,,HARMAN,,0.20X0.37X0.65,PLOMO,1503.020303,1.00,
508,1633,38,,952213350003,CAJA ACUSTICA,R,,HARMAN,,0.40X0.40X0.70,PLOMO,1503.020303,1.00,
509,1634,38,,952213350004,CAJA ACUSTICA,M,,HARMAN,,4953,PLOMO,1503.020303,157.00,
3640,3387,35,48,952213350001,CAJA ACUSTICA,R,,JLS PROFESIONAL,,,NEGRO,1503.020303,1120.00,PARLANTE/RECOD
1665,1163,18,18,746418810004,CAJA FUERTE,M,0.20X0.45X0.65R,,4953,,PLOMO,1503.020102,1.00,CONSTRUCCION INFRA ALMACENAMIE YANAMAYO
1666,1162,18,18,746418810001,CAJA FUERTE,M,0.47X0.50X0.70,,,,VERDE/BLANCO,1503.020102,1.00,CONSTRUCCION INFRA ALMACENAMIE YANAMAYO
3464,4062,44,44,746418810003,CAJA FUERTE,M,0.40X0.40X0.70,HARMAN SECURITY,,,PLOMO,1503.020102,1.00,
3831,39,3,6,746418810002,CAJA FUERTE,M,0.20X0.37X0.65,HARMAN,METAL,,PLOMO,1503.020102,1.00,ACTA 3
54,237,41,,742200500002,CALCULADORA CIENTIFICA,M,,,,,,1503.020101,1.00,
55,238,41,,742200500011,CALCULADORA CIENTIFICA,M,,,,,,1503.020101,1.00,
56,239,41,,742200500018,CALCULADORA CIENTIFICA,M,,,,,,1503.020101,1.00,
651,2100,40,,742200500003,CALCULADORA CIENTIFICA,M,,,,,,1503.020101,1.00,
652,2101,40,,742200500005,CALCULADORA CIENTIFICA,M,,,,,,1503.020101,1.00,
653,2102,40,,742200500006,CALCULADORA CIENTIFICA,M,,,,,,1503.020101,1.00,
654,2103,40,,742200500007,CALCULADORA CIENTIFICA,M,,,,,,1503.020101,1.00,
655,2104,40,,742200500008,CALCULADORA CIENTIFICA,M,,,,,,1503.020101,1.00,
656,2105,40,,742200500009,CALCULADORA CIENTIFICA,M,,,,,,1503.020101,1.00,
657,2107,40,,742200500014,CALCULADORA CIENTIFICA,M,,,,,,1503.020101,1.00,
658,2108,40,,742200500016,CALCULADORA CIENTIFICA,M,,,,,,1503.020101,1.00,
1958,2106,40,24,742200500010,CALCULADORA CIENTIFICA,R,,CATIGA,CD-2449,,PLOMO,1503.020101,1.00,NO ES CIENTIFICA
3847,3396,35,6,742200500021,CALCULADORA CIENTIFICA,M,,CASIO,,,,1503.020101,1.00,
3848,3395,35,6,742200500020,CALCULADORA CIENTIFICA,M,,CASIO,FX-7400G PLUS,,PLOMO/NEGRO,1503.020101,1.00,
3849,3394,35,6,742200500019,CALCULADORA CIENTIFICA,M,,CASIO,FX-3600 P,,PLATEADO,1503.020101,1.00,
3850,3393,35,6,742200500017,CALCULADORA CIENTIFICA,M,,CASIO,FX-3600 P,,PLATEADO,1503.020101,1.00,
3851,3392,35,6,742200500015,CALCULADORA CIENTIFICA,M,,LITIO,,,NEGRO,1503.020101,1.00,
3852,3391,35,6,742200500013,CALCULADORA CIENTIFICA,M,,CASIO,,,,1503.020101,1.00,
3853,3390,35,6,742200500012,CALCULADORA CIENTIFICA,M,,CASIO,FX-7400G PLUS,,PLOMO,1503.020101,1.00,
3854,3389,35,6,742200500004,CALCULADORA CIENTIFICA,M,,CASIO,FX-7400G PLUS,,PLOMO,1503.020101,157.00,
3855,3388,35,6,742200500001,CALCULADORA CIENTIFICA,M,,CASIO,FX-3200 P,,,1503.020101,1.00,
57,241,41,,742203180019,CALCULADORA ELECTRICA,M,,OLIVETTI,31PD,51838853,VERDE,1503.020101,1.00,
468,796,6,,742203180015,CALCULADORA ELECTRICA,M,,FACIT,2263,6460780,BLANCO,1503.020101,1.00,
1402,3401,35,,742203180024,CALCULADORA ELECTRICA,M,,KENKO,KK-3122A,,NEGRO,1503.020101,1.00,
2480,2907,32,32,742203180001,CALCULADORA ELECTRICA,M,,CANON,P3211-D,108731,BLANCO/NEGRO,1503.020101,1.00,
2509,2908,32,32,742203180006,CALCULADORA ELECTRICA,M,,CASIO,DR-120N,6439812,BLANCO/NEGRO,1503.020101,1.00,
3472,4063,44,44,742203180002,CALCULADORA ELECTRICA,M,,SHARP,EL-2607PIII,7D001465,BLANCO,1503.020101,1.00,
3840,242,41,6,742203180026,CALCULADORA ELECTRICA,M,,CASIO,,,NEGRO,1503.020101,1.00,
3841,3402,35,6,742203180025,CALCULADORA ELECTRICA,R,,CASINE,CD-290,,PLOMO,1503.020101,1.00,
3842,3400,35,6,742203180023,CALCULADORA ELECTRICA,M,,CASIO,UR 8TM,,BLANCO/PLOMO,1503.020101,1.00,
3843,3399,35,6,742203180020,CALCULADORA ELECTRICA,M,,OLIVETTI,,1216962,PLOMO,1503.020101,1.00,
3844,240,41,6,742203180007,CALCULADORA ELECTRICA,M,,CASIO,R7,222480,BLANCO,1503.020101,1.00,
3845,3398,35,6,742203180005,CALCULADORA ELECTRICA,M,,CASIO,,,,1503.020101,1.00,
3846,3397,35,6,742203180004,CALCULADORA ELECTRICA,M,,CASIO,F-2,108731,BLANCO,1503.020101,1.00,
3908,801,6,6,742203180022,CALCULADORA ELECTRICA,M,,TOWA,,7189784,BLANCO,1503.020101,1.00,
3927,794,6,6,742203180013,CALCULADORA ELECTRICA,M,,FACIT,2263,6120553,CREMA,1503.020101,1.00,
3928,799,6,6,742203180018,CALCULADORA ELECTRICA,M,,OLIVETTI,H057,A6-61837,PLOMO,1503.020101,1.00,
3929,791,6,6,742203180010,CALCULADORA ELECTRICA,M,,CASIO,F2,9032397,BLANCO,1503.020101,1.00,
3930,789,6,6,742203180008,CALCULADORA ELECTRICA,M,,CASIO,F2,62450,BLANCO,1503.020101,1.00,
3934,798,6,6,742203180017,CALCULADORA ELECTRICA,M,,OLIVETTI,NEW LOGOCART 40,S1821536,VERDE,1503.020101,1.00,
3935,788,6,6,742203180003,CALCULADORA ELECTRICA,M,,OLIVETTI,7189787,6460780,PLOMO/VERDE,1503.020101,1.00,
3936,795,6,6,742203180014,CALCULADORA ELECTRICA,M,,FACIT,2263,6120690,CREMA,1503.020101,1.00,
3937,792,6,6,742203180011,CALCULADORA ELECTRICA,M,,CASIO,FR-1211,6312944,AMARILLO,1503.020101,1.00,
3938,800,6,6,742203180021,CALCULADORA ELECTRICA,M,,TOWA,121MAP,3240493,PLOMO/BLANCO,1503.020101,1.00,
3939,790,6,6,742203180009,CALCULADORA ELECTRICA,M,,CASIO,F2,90322393,BLANCO,1503.020101,1.00,
3940,797,6,6,742203180016,CALCULADORA ELECTRICA,M,,FACIT,2263,6460809,CREMA,1503.020101,1.00,
3941,793,6,6,742203180012,CALCULADORA ELECTRICA,M,,FACIT,2263,6460797,BLANCO,1503.020101,1.00,
659,2109,40,,112204460003,CALEFACTOR,M,,,,,,1503.020901,1.00,
1403,3403,35,,112204460002,CALEFACTOR,M,,IMACO,OFR7AC,,BLANCO HUMO,1503.020901,1.00,
1943,1575,24,24,112204460001,CALEFACTOR,M,,IMACO,CFR7A0,7.75653E+12,BLANCO,1503.020901,320.00,BAJA
3893,3404,35,6,112204460004,CALEFACTOR,R,,SOLE,,,BLANCO/GRIS,1503.020901,320.00,
660,2110,40,,672217740001,CALIBRADOR DE DILUCION DE GAS,R,,,,,,1503.020906,1.00,
661,2111,40,,672217740002,CALIBRADOR DE DILUCION DE GAS,R,,,,,,1503.020906,1.00,
2079,1781,28,28,672217740003,CALIBRADOR DE DILUCION DE GAS,R,,SOILTEST,RAD 80/CT-320,,DORADO,1503.020906,1.00,
1629,1094,15,15,746419490001,CAMA CUNA DE MADERA,M,,,,,,1503.020102,1.00,
1503,243,41,14,746421520001,CAMA DE MADERA,M,,,,,MADERA,1503.020102,1.00,
1584,992,14,14,746421520002,CAMA DE MADERA,M,,,,,AMARILLO,1503.020102,1.00,
1585,993,14,14,746421520003,CAMA DE MADERA,M,,,,,NARANA,1503.020102,1.00,ROTO
1627,1096,15,15,746421520005,CAMA DE MADERA,M,,,,,CAFÉ,1503.020102,1.00,
1628,1095,15,15,746421520004,CAMA DE MADERA,M,,,,,CAFÉ,1503.020102,1.00,
564,1729,26,,536417630009,CAMA DE METAL,M,,,,,CAFÉ,1503.020401,1.00,
662,2112,40,,536417630005,CAMA DE METAL,M,,,,,,1503.020401,1.00,
663,2113,40,,536417630006,CAMA DE METAL,M,,,,,,1503.020401,1.00,
1622,1101,15,15,536417630008,CAMA DE METAL,M,,,,,CELESTE,1503.020401,1.00,
1623,1100,15,15,536417630007,CAMA DE METAL,M,,,,,GRANATE,1503.020401,1.00,
1624,1099,15,15,536417630004,CAMA DE METAL,M,,,,,CELESTE/AZUL MO,1503.020401,1.00,
1625,1098,15,15,536417630003,CAMA DE METAL,M,,,,,CELESTE/AZUL MO,1503.020401,1.00,
1626,1097,15,15,536417630002,CAMA DE METAL,M,,,,,AZUL,1503.020401,1.00,
1999,1687,25,25,536417630001,CAMA DE METAL,M,,,,,ROJO,1503.020401,1.00,
1582,994,14,14,536419540008,CAMA DE METAL PLEGABLE,M,,,,,ROJO,1503.020401,1.00,
1611,1117,15,15,536419540017,CAMA DE METAL PLEGABLE,M,,,,,ROJO,1503.020401,1.00,
1612,1116,15,15,536419540016,CAMA DE METAL PLEGABLE,M,,,,,AZUL,1503.020401,1.00,
1613,1115,15,15,536419540015,CAMA DE METAL PLEGABLE,M,,,,,VERDE,1503.020401,1.00,
1614,1114,15,15,536419540014,CAMA DE METAL PLEGABLE,M,,,,,VERDE,1503.020401,1.00,
1615,1113,15,15,536419540013,CAMA DE METAL PLEGABLE,M,,,,,VERDE CLARO,1503.020401,1.00,
1616,1112,15,15,536419540012,CAMA DE METAL PLEGABLE,M,,,,,ROJO,1503.020401,1.00,
1617,1110,15,15,536419540010,CAMA DE METAL PLEGABLE,M,,,,,ROJO,1503.020401,1.00,
1618,1109,15,15,536419540009,CAMA DE METAL PLEGABLE,M,,,,,ROJO,1503.020401,1.00,
1619,1108,15,15,536419540007,CAMA DE METAL PLEGABLE,M,,,,,ROJO,1503.020401,1.00,
1620,1106,15,15,536419540005,CAMA DE METAL PLEGABLE,M,,,,,CAFÉ,1503.020401,1.00,
1621,1104,15,15,536419540003,CAMA DE METAL PLEGABLE,M,,,,,AZUL,1503.020401,1.00,
1630,1121,15,15,536419540021,CAMA DE METAL PLEGABLE,M,2*1/2,,,,ROJO,1503.020401,1.00,
1636,1105,15,15,536419540004,CAMA DE METAL PLEGABLE,M,,,,,ROJO,1503.020401,1.00,
1637,1120,15,15,536419540020,CAMA DE METAL PLEGABLE,M,,,,,AZUL,1503.020401,1.00,
1638,1107,15,15,536419540006,CAMA DE METAL PLEGABLE,M,,,,,ROJO,1503.020401,1.00,
1641,1119,15,15,536419540019,CAMA DE METAL PLEGABLE,M,,,,,NEGRO,1503.020401,1.00,
1642,1118,15,15,536419540018,CAMA DE METAL PLEGABLE,M,,,,,GRANATE,1503.020401,1.00,
1643,1103,15,15,536419540002,CAMA DE METAL PLEGABLE,M,,,,,NEGRO,1503.020401,1.00,
1644,1102,15,15,536419540001,CAMA DE METAL PLEGABLE,M,,,,,AZUL,1503.020401,1.00,
1645,1111,15,15,536419540011,CAMA DE METAL PLEGABLE,M,,,,,ANARANJADO,1503.020401,1.00,
58,244,41,,952214670001,CAMARA DE VIDEO,R,,,,,,1503.020303,1.00,
59,245,41,,952214700001,CAMARA DE VIDEO DIGITAL,B,,HIKVISION,DS-2CE16DTTT-A3,528315922,BLANCO,1503.020303,1000.00,
1404,3405,35,,952214700002,CAMARA DE VIDEO DIGITAL,B,,HIKVISION,DS-2CE16DTTT-A3,528316344,BLANCO,1503.020303,1000.00,
1405,3407,35,,952214700004,CAMARA DE VIDEO DIGITAL,R,,HIK VISION,OS-7204HGHI-SH,531352050,NEGRO,1503.020303,1.00,
3074,3406,35,35,952214700003,CAMARA DE VIDEO DIGITAL,B,,HIK-VISION,DS-7200,624018037,NEGRO624018037,1503.020303,4000.00,
664,2114,40,,742208530002,CAMARA FOTOGRAFICA,M,,,,,,1503.020101,1.00,
665,2115,40,,742208530006,CAMARA FOTOGRAFICA,M,,,,,,1503.020101,1.00,
666,2116,40,,742208530007,CAMARA FOTOGRAFICA,M,,,,,,1503.020101,1.00,
667,2117,40,,742208530009,CAMARA FOTOGRAFICA,M,,,,,,1503.020101,1.00,
668,2118,40,,742208530012,CAMARA FOTOGRAFICA,M,,,,,,1503.020101,1.00,
669,2119,40,,742208530014,CAMARA FOTOGRAFICA,M,,,,,,1503.020101,1.00,
670,2120,40,,742208530016,CAMARA FOTOGRAFICA,M,,,,,,1503.020101,1.00,
671,2121,40,,742208530018,CAMARA FOTOGRAFICA,R,,,,,,1503.020101,1.00,
672,2122,40,,742208530019,CAMARA FOTOGRAFICA,R,,,,,,1503.020101,1.00,
2026,1745,27,27,742208530017,CAMARA FOTOGRAFICA,M,,NIKON,D3000,8232628,NEGRO,1503.020101,1930.00,RAEE- BAJA
3167,3415,35,35,742208530015,CAMARA FOTOGRAFICA,M,,SONY CYBER,,6581004,NEGRO,1503.020101,980.00,BAJA
3169,3416,35,35,742208530020,CAMARA FOTOGRAFICA,M,,OLYMPUS,,,PLOMO,1503.020101,1.00,BAJA
3171,3411,35,35,742208530005,CAMARA FOTOGRAFICA,M,,CANON,MB-301D,,NEGRO,1503.020101,415.00,BAJA
3172,3412,35,35,742208530010,CAMARA FOTOGRAFICA,M,,CANON,CAMEO ZOOM,,NEGRO,1503.020101,1.00,BAJA
3173,3414,35,35,742208530013,CAMARA FOTOGRAFICA,M,,CANON,,,PLOMO,1503.020101,1.00,BAJA
3174,3410,35,35,742208530004,CAMARA FOTOGRAFICA,M,,CANON,,,NEGRO,1503.020101,95.00,BAJA
3177,3417,35,35,742208530021,CAMARA FOTOGRAFICA,M,,CANON,PRIMA BF-800,,PLOMO,1503.020101,1.00,BAJA
3178,3409,35,35,742208530003,CAMARA FOTOGRAFICA,M,,CANON,,,PLOMO,1503.020101,1.00,BAJA
3179,3413,35,35,742208530011,CAMARA FOTOGRAFICA,M,,ZENIT,122,91018373 DE 19ESP,NEGRO,1503.020101,1.00,BAJA
3217,3408,35,35,742208530001,CAMARA FOTOGRAFICA,M,,ZENIT,,,NEGRO,1503.020101,155.00,BAJA
3945,802,6,6,742208530008,CAMARA FOTOGRAFICA,M,,,,6120553,NEGRO,1503.020101,1.00,
593,1891,30,,742208970015,CAMARA FOTOGRAFICA DIGITAL,R,,SONY,DC-H400,148285,NEGRO,1503.020101,1650.00,
673,2123,40,,742208970001,CAMARA FOTOGRAFICA DIGITAL,R,,,,,,1503.020101,1.00,
674,2124,40,,742208970002,CAMARA FOTOGRAFICA DIGITAL,R,,,,,,1503.020101,1.00,
675,2125,40,,742208970003,CAMARA FOTOGRAFICA DIGITAL,R,,,,,,1503.020101,1.00,
676,2126,40,,742208970004,CAMARA FOTOGRAFICA DIGITAL,R,,,,,,1503.020101,1.00,
677,2127,40,,742208970006,CAMARA FOTOGRAFICA DIGITAL,M,,,,,,1503.020101,1.00,
678,2128,40,,742208970009,CAMARA FOTOGRAFICA DIGITAL,R,,,,,,1503.020101,1.00,
679,2129,40,,742208970010,CAMARA FOTOGRAFICA DIGITAL,R,,,,,,1503.020101,1.00,
680,2130,40,,742208970011,CAMARA FOTOGRAFICA DIGITAL,R,,,,,,1503.020101,1.00,
3164,3423,35,35,742208970014,CAMARA FOTOGRAFICA DIGITAL,B,,NIKON,S 9502,31102185,NEGRO,1503.020101,1125.00,
3165,3425,35,35,742208970017,CAMARA FOTOGRAFICA DIGITAL,M,,SONY,DSC-WX350,1033200,NEGRO,1503.020101,1190.00,BAJA
3166,3418,35,35,742208970005,CAMARA FOTOGRAFICA DIGITAL,M,,SONY,DSC W310,195936,NEGRO,1503.020101,908.00,BAJA
3168,3426,35,35,742208970018,CAMARA FOTOGRAFICA DIGITAL,M,,PANASONIC LUMIX,DMC-SZ10,UP5GB005342,NEGRO,1503.020101,799.00,BAJA
3170,3419,35,35,742208970007,CAMARA FOTOGRAFICA DIGITAL,M,,OLYMPUS,,U4YB53515,,1503.020101,297.00,
3176,3424,35,35,742208970016,CAMARA FOTOGRAFICA DIGITAL,M,,SONY,DSC-WX350,1032357,NEGRO,1503.020101,1190.00,BAJA
3180,3420,35,35,742208970008,CAMARA FOTOGRAFICA DIGITAL,M,,CANON,E05 5D,DS126201,NEGRO,1503.020101,9800.00,BAJA
3623,3422,35,48,742208970013,CAMARA FOTOGRAFICA DIGITAL,R,,NIKON,COOLPIX - S 951,31166415,NEGRO,1503.020101,1125.00,
3624,3421,35,48,742208970012,CAMARA FOTOGRAFICA DIGITAL,R,,NIKON,COOLPIX - S 950,31107259,NEGRO,1503.020101,1125.00,
60,246,41,,746422200001,CAMAROTE DE MADERA,M,,,CAMA DE METAL,,,1503.020102,1.00,
1610,1122,15,15,746422880001,CAMAROTE DE METAL,M,,,,,CELESTE,1503.020102,1.00,
2195,4,1,3,536424060001,CAMILLA (OTRAS),R,,,,,NARANJA,1503.020401,370.00,
3021,3427,35,35,536424300001,CAMILLA DE MADERA,R,,,,,AMARILLO,1503.020401,1.00,
3635,3428,35,48,536425250001,CAMILLA DE METAL,R,1.80X0.77X0.58,,,,NEGRO/BLANCO,1503.020401,1.00,
2375,1959,31,31,678209500003,CAMION (OTROS),M,,,JN-150,,CELESTE,1503.0101,1.00,
2402,1961,31,31,678209500005,CAMION (OTROS),M,,RIO AMARILLO,JN-150,,ANARANJADO,1503.0101,1.00,
2411,1957,31,31,678209500001,CAMION (OTROS),M,,DODGE,D-300,,AZUL NOCTURNO,1503.0101,1.00,
2433,1960,31,31,678209500004,CAMION (OTROS),M,,RIO AMARILLO,JN-150,,ANARANJADO,1503.0101,1.00,
2439,1958,31,31,678209500002,CAMION (OTROS),M,,PRASTER,JN-150,,AMARILLO,1503.0101,1.00,
2376,1964,31,31,678214000003,CAMION CISTERNA,M,,RIO AMARILLO,JN-150,,VERDE AZUL,1503.0101,1.00,
2394,1962,31,31,678214000001,CAMION CISTERNA,M,,DODGE,D-500,,BEIGE MARFIL RO,1503.0101,15820.00,
2398,1963,31,31,678214000002,CAMION CISTERNA,M,,RIO AMARILLO,JN-150,,PLOMO/VERDE,1503.0101,1.00,
2403,1965,31,31,678214000004,CAMION CISTERNA,M,,,EQ-140,,PLOMO CREMA,1503.0101,1.00,
2399,1967,31,31,678227500002,CAMION GRUA,M,,RIO AMARILLO,JN-150,,CELESTE,1503.0101,1.00,
2401,1966,31,31,678227500001,CAMION GRUA,M,,RIO AMARILLO,INQ28,,CELESTE,1503.0101,1.00,
2440,1968,31,31,678227500003,CAMION GRUA,M,,RIO AMARILLO,INQ84,,CELESTE,1503.0101,1.00,
600,1973,31,,678245500005,CAMION VOLQUETE,R,,VOLVO,FMX 6X4 R,,VERDE/PLOMO,1503.0101,528000.00,
2392,1972,31,31,678245500004,CAMION VOLQUETE,M,,RIO AMARILLO,D-500,,CELESTE,1503.0101,1.00,
2393,1970,31,31,678245500002,CAMION VOLQUETE,M,,RIO AMARILLO,CD-352,,NARANJA/AMARILR,1503.0101,1.00,
2395,1974,31,31,678245500006,CAMION VOLQUETE,M,,,N-86,,ANARANJADO,1503.0101,1.00,
2396,1975,31,31,678245500007,CAMION VOLQUETE,M,,,,,ROJO,1503.0101,1.00,
2397,1971,31,31,678245500003,CAMION VOLQUETE,M,,RIO AMARILLO,,,AMARILLO,1503.0101,1.00,
2432,1969,31,31,678245500001,CAMION VOLQUETE,M,,VOLVO,F-12 (4X2),,VERDE/NEGRO/PLO,1503.0101,1.00,
494,1420,2,,678250000022,CAMIONETA,R,,TOYOTA,HILUX,,DORADO METALICO,1503.0101,107450.00,
681,2131,40,,678250000015,CAMIONETA,M,,,,,,1503.0101,1.00,
1406,3429,35,,678250000017,CAMIONETA,R,,NISSAN,NAVARA,,PLATA,1503.0101,90900.00,
1407,3430,35,,678250000018,CAMIONETA,R,,NISSAN,NAVARA,,GRIS PERLADO MO,1503.0101,90900.00,
1408,3431,35,,678250000019,CAMIONETA,R,,TOYOTA,HILUX (4X4),,PLATA METALICO,1503.0101,108112.50,
1409,3432,35,,678250000021,CAMIONETA,R,,TOYOTA,HILUX,,PLATA METALICO,1503.0101,107500.00,
1410,3433,35,,678250000023,CAMIONETA,R,,TOYOTA,HILUX 4X4,,ROJO VINO,1503.0101,1.00,
1732,1210,22,22,678250000020,CAMIONETA,R,,TOYOTA,HILUX,,PLATA METALICO,1503.0101,108066.00,
2378,1988,31,31,678250000025,CAMIONETA,M,,NISSAN,,,ROJO,1503.0101,1.00,
2380,1982,31,31,678250000010,CAMIONETA,M,,RURAL JEEP,BJ2120,,VERDE,1503.0101,1.00,
2381,1980,31,31,678250000008,CAMIONETA,M,,NISSAN,NLMD21SF,,VIOLETA CLARO,1503.0101,1.00,
2382,1981,31,31,678250000009,CAMIONETA,M,,NISSAN,2400CC,,CREMA,1503.0101,1.00,
2383,1990,31,31,678250000027,CAMIONETA,M,,TOYOTA,RN46L-KRP,,BLANCO/CREMA(A),1503.0101,1.00,
2384,1986,31,31,678250000014,CAMIONETA,M,,TOYOTA,HILUX,,ROJO,1503.0101,1.00,
2385,1983,31,31,678250000011,CAMIONETA,M,,JEEP,CHEROKE,,VERDE CLARO,1503.0101,1.00,
2386,1985,31,31,678250000013,CAMIONETA,M,,JEEP,BJ212A,,VERDE CLARO,1503.0101,1.00,
2387,1978,31,31,678250000006,CAMIONETA,M,,DODGE,D-100-114,,BLANCO,1503.0101,1.00,
2388,1979,31,31,678250000007,CAMIONETA,M,,DODGE,D-100,,AZUL MEDIANO,1503.0101,1.00,
2389,1989,31,31,678250000026,CAMIONETA,M,,TOYOTA,,,ANARANJADO,1503.0101,1.00,
2390,1987,31,31,678250000024,CAMIONETA,M,,TOYOTA,YN-571-KRP,,CREMA,1503.0101,1.00,
2391,1984,31,31,678250000012,CAMIONETA,M,,JEEP,CHEROKE,,VERDE CLARO,1503.0101,1.00,
2409,1992,31,31,678250000029,CAMIONETA,M,,TOYOTA,HILUX,,CREMA,1503.0101,1.00,
2416,1976,31,31,678250000001,CAMIONETA,M,,TOYOTA,STOUT,,BLANCO,1503.0101,1.00,
2434,1991,31,31,678250000028,CAMIONETA,M,,NISSAN,UNLM 21 SF,,NARANJA (COFRE),1503.0101,1.00,
2435,1977,31,31,678250000002,CAMIONETA,M,,TOYOTA,2000,,BLANCO,1503.0101,1.00,
2483,2909,32,32,678250000003,CAMIONETA,M,,TOYOTA,HILUX 4X4,,AZUL OSCURO,1503.0101,1.00,
2531,2912,32,32,678250000030,CAMIONETA,M,,JEEP,CHEROKE,,PLOMO PLATEADO,1503.0101,1.00,
2815,2911,32,32,678250000005,CAMIONETA,R,,TOYOTA,HILUX 4X4,,GRIS METALICO,1503.0101,1.00,
2816,2910,32,32,678250000004,CAMIONETA,M,,TOYOTA,HILUX 4X4,,ROJO VINO,1503.0101,1.00,
3733,1410,2,56,678250000016,CAMIONETA,R,,NISSAN,NAVARA,,PLATA TITANIO METALICO,1503.0101,91000.00,PARA MANTENIMIENTO
1390,2913,32,,740800500002,CAPTURADOR DE IMAGEN - SCANNER,M,,ACER,6696-OQL,911675240QL143002030,BLANCO,1503.020301,1.00,
2518,3434,35,32,740800500001,CAPTURADOR DE IMAGEN - SCANNER,R,,HP,SCANJET 2400,CN6BVSR2XR,PLOMO/BLANCO,1503.020301,330.00,
2830,2914,32,32,675003310001,CARGADOR APILADOR MANUAL - MANUAL STACKER,M,,JOYON,KCH-1000,1224,,1503.020999,1.00,
61,247,41,,462213410001,CARGADOR DE BATERIA EN GENERAL,M,,TEUNIN,420,1256381,ROJO,1503.020904,1.00,
62,248,41,,462213410002,CARGADOR DE BATERIA EN GENERAL,M,,,GCA301072TH,DOBLECON1689,VERDE,1503.020904,1.00,
63,249,41,,462213410003,CARGADOR DE BATERIA EN GENERAL,M,,NI-NH,DE-RB,,AMARILLO,1503.020904,1.00,
64,250,41,,462213410004,CARGADOR DE BATERIA EN GENERAL,R,,OKI TELECOM,RP9070,,NEGRO,1503.020904,1.00,
65,251,41,,462213410006,CARGADOR DE BATERIA EN GENERAL,M,,,,,,1503.020904,1.00,
66,252,41,,462213410007,CARGADOR DE BATERIA EN GENERAL,M,,,,,,1503.020904,1.00,
67,253,41,,462213410008,CARGADOR DE BATERIA EN GENERAL,M,,,,,,1503.020904,1.00,
68,254,41,,462213410009,CARGADOR DE BATERIA EN GENERAL,M,,,,,,1503.020904,1.00,
69,255,41,,462213410010,CARGADOR DE BATERIA EN GENERAL,M,,,,,,1503.020904,1.00,
70,256,41,,462213410011,CARGADOR DE BATERIA EN GENERAL,M,,,,,,1503.020904,1.00,
71,257,41,,462213410012,CARGADOR DE BATERIA EN GENERAL,M,,,,,,1503.020904,1.00,
72,258,41,,462213410013,CARGADOR DE BATERIA EN GENERAL,M,,,,,,1503.020904,1.00,
73,259,41,,462213410014,CARGADOR DE BATERIA EN GENERAL,M,,,,,,1503.020904,1.00,
74,260,41,,462213410015,CARGADOR DE BATERIA EN GENERAL,M,,,,,,1503.020904,1.00,
75,261,41,,462213410016,CARGADOR DE BATERIA EN GENERAL,M,,,,,,1503.020904,1.00,
76,262,41,,462213410017,CARGADOR DE BATERIA EN GENERAL,M,,,,,,1503.020904,1.00,
77,263,41,,462213410018,CARGADOR DE BATERIA EN GENERAL,M,,,,,,1503.020904,1.00,
78,264,41,,462213410019,CARGADOR DE BATERIA EN GENERAL,M,,,,,,1503.020904,1.00,
79,265,41,,462213410020,CARGADOR DE BATERIA EN GENERAL,M,,,,,,1503.020904,1.00,
80,266,41,,462213410021,CARGADOR DE BATERIA EN GENERAL,M,,,,,,1503.020904,1.00,
81,267,41,,462213410022,CARGADOR DE BATERIA EN GENERAL,M,,,,,,1503.020904,1.00,
82,268,41,,462213410023,CARGADOR DE BATERIA EN GENERAL,M,,,,,,1503.020904,1.00,
83,269,41,,462213410024,CARGADOR DE BATERIA EN GENERAL,B,,LEICA,TS 06,,NEGRO,1503.020904,1.00,
682,2132,40,,462213410005,CARGADOR DE BATERIA EN GENERAL,R,,,,,,1503.020904,1.00,
683,2133,40,,952215610001,CENTRAL TELEFONICA,M,,,,,,1503.020303,1.00,
2773,2915,32,32,952215610002,CENTRAL TELEFONICA,M,,PANASONIC,,3HBVD010922,BLANCO,1503.020303,1.00,
2228,42,3,3,675003800003,CENTRIFUGA,M,,,180,63111,,1503.020999,1.00,
2229,41,3,3,675003800002,CENTRIFUGA,M,,,2836,,,1503.020999,1.00,
2230,40,3,3,675003800001,CENTRIFUGA,M,,,180,63055,,1503.020999,1.00,
2791,2916,32,32,672224420001,CEPILLADORA ELECTRICA PORTATIL,M,,,BC6063,1024,,1503.020906,1.00,
1480,981,13,13,322216410001,COCINA (OTRAS),M,,HOGAS,4 HORNILLAS A E,,PLOMO,1503.020902,480.00,
2047,270,41,28,322218180001,COCINA A GAS,R,1.21X0.43X0.69,OROGAS,3 ORNILLAS,,PLOMO,1503.020902,1.00,
480,1155,17,,322221710009,COCINA A KEROSENE,M,,SURGE,,,BLANCO/ROJO,1503.020902,200.00,CONSTRUCCION DE RIEGO TECNIFICADO
1483,982,13,13,322221710008,COCINA A KEROSENE,M,,SURGE,,,BLANCO,1503.020902,200.00,
1632,1125,15,15,322221710010,COCINA A KEROSENE,M,,SURGE,,,BLANCO/NEGRO,1503.020902,1.00,
1634,1123,15,15,322221710001,COCINA A KEROSENE,M,,SURGE,3 HORNILLAS,,VERDE,1503.020902,190.00,
1635,1124,15,15,322221710006,COCINA A KEROSENE,M,,SURGE,,,BLANCO/NEGRO/VE,1503.020902,1.00,
1652,1142,16,16,322221710002,COCINA A KEROSENE,M,,,2 HORNILLAS,,VERDE,1503.020902,180.00,
1654,1143,16,16,322221710007,COCINA A KEROSENE,M,,PRIMUS,1 HORNILLA,,DORADO,1503.020902,1.00,1
2831,2918,32,32,322221710004,COCINA A KEROSENE,M,,SURGE,,,VERDE,1503.020902,200.00,
2832,2917,32,32,322221710003,COCINA A KEROSENE,M,,,,,VERDE,1503.020902,650.00,
2835,2919,32,32,322221710005,COCINA A KEROSENE,M,,,,,,1503.020902,1.00,
84,271,41,,322225250003,COCINA ELECTRICA,R,,PREMIER,,,,1503.020902,1.00,
2081,1783,28,28,322225250002,COCINA ELECTRICA,M,,PREMIER,,,BLANCO,1503.020902,1.00,
2082,1782,28,28,322225250001,COCINA ELECTRICA,R,,PREMIER,,,BLANCO,1503.020902,1.00,
585,1880,39,,673615470001,COMPACTADOR,,,HONDA,,,,,4100.00,
85,272,41,,673616620005,COMPACTADOR VIBRATORIO TIPO PLANCHA,M,,KOHLER,MAGNUM 8,3924000539,,1503.020999,4200.00,
86,273,41,,673616620017,COMPACTADOR VIBRATORIO TIPO PLANCHA,R,,HONDA,XG270CC,QH**JH177F,,1503.020999,1.00,
87,275,41,,673616620022,COMPACTADOR VIBRATORIO TIPO PLANCHA,R,,DYNAMIC KOHLER,CH395T,PO-397-13 - (423240),,1503.020999,1.00,
88,277,41,,673616620024,COMPACTADOR VIBRATORIO TIPO PLANCHA,R,,DYNAMIC KOHLER,CH395T,4232405738,,1503.020999,1.00,
89,279,41,,673616620032,COMPACTADOR VIBRATORIO TIPO PLANCHA,R,,MASALTA,MSH160-4,K1604121289,,1503.020999,1.00,
684,2134,40,,673616620006,COMPACTADOR VIBRATORIO TIPO PLANCHA,M,,,,,,1503.020999,1.00,
685,2135,40,,673616620007,COMPACTADOR VIBRATORIO TIPO PLANCHA,M,,,,,,1503.020999,1.00,
686,2136,40,,673616620008,COMPACTADOR VIBRATORIO TIPO PLANCHA,M,,,,,,1503.020999,1.00,
687,2137,40,,673616620010,COMPACTADOR VIBRATORIO TIPO PLANCHA,M,,,,,,1503.020999,1.00,
2180,59,3,3,673616620029,COMPACTADOR VIBRATORIO TIPO PLANCHA,M,,DYNAMIC KOHLER,CH395T,43055018448,,1503.020999,3024.00,
2181,55,3,3,673616620021,COMPACTADOR VIBRATORIO TIPO PLANCHA,M,,DYNAMIC KOHLER,KOHLER COMAND 5,PC 387 13 - (423202),,1503.020999,1.00,
2182,49,3,3,673616620012,COMPACTADOR VIBRATORIO TIPO PLANCHA,M,,DYNAMIC KOHLER,8CHP4500V8OHPMF,4006000019PC162-10,,1503.020999,4545.00,
2210,61,3,3,673616620031,COMPACTADOR VIBRATORIO TIPO PLANCHA,M,,HONDA,GX 160,4121298,,1503.020999,4450.00,
2245,51,3,3,673616620015,COMPACTADOR VIBRATORIO TIPO PLANCHA,M,,DYNAMIC KOHLER,KOHLER MAGNUM 8,P 272 - (37110089),,1503.020999,4545.00,
2251,54,3,3,673616620020,COMPACTADOR VIBRATORIO TIPO PLANCHA,M,,DYNAMIC KOHLER,CH395T,4232407128,,1503.020999,1.00,
2252,52,3,3,673616620016,COMPACTADOR VIBRATORIO TIPO PLANCHA,M,,DYNAMIC KOHLER,KOHLER COMAND 5,PC 162 10 - (393220),,1503.020999,4545.00,
2253,57,3,3,673616620026,COMPACTADOR VIBRATORIO TIPO PLANCHA,M,,DYNAMIC KOHLER,CH395T,4232406988,,1503.020999,3096.00,
2254,53,3,3,673616620019,COMPACTADOR VIBRATORIO TIPO PLANCHA,M,,DYNAMIC KOHLER,KOHLER COMAND 5,PC 339 13 - (423406),,1503.020999,1.00,
2256,45,3,3,673616620003,COMPACTADOR VIBRATORIO TIPO PLANCHA,M,,KOHLER,CIH -13,139610047,BLANCO,1503.020999,1.00,
2257,46,3,3,673616620004,COMPACTADOR VIBRATORIO TIPO PLANCHA,M,,KOHLER,CIH -13,831336,,1503.020999,1.00,
2258,60,3,3,673616620030,COMPACTADOR VIBRATORIO TIPO PLANCHA,M,,KOHLER,IMETSA,12155768,,1503.020999,1.00,
2259,44,3,3,673616620002,COMPACTADOR VIBRATORIO TIPO PLANCHA,M,,KOHLER,CIH -13,139610048,,1503.020999,1.00,
2260,58,3,3,673616620027,COMPACTADOR VIBRATORIO TIPO PLANCHA,M,,DYNAMIC KOHLER,CH395T,4232407588,,1503.020999,3096.00,
2261,50,3,3,673616620014,COMPACTADOR VIBRATORIO TIPO PLANCHA,M,,DYNAMIC KOHLER,KOHLER PCFF MB,3931000239,,1503.020999,4545.00,
2262,47,3,3,673616620009,COMPACTADOR VIBRATORIO TIPO PLANCHA,M,,HONDA,GX270,PO-90308,,1503.020999,3410.00,
2263,56,3,3,673616620025,COMPACTADOR VIBRATORIO TIPO PLANCHA,M,,DYNAMIC KOHLER,CH395T,4232407178,,1503.020999,3096.00,
2264,43,3,3,673616620001,COMPACTADOR VIBRATORIO TIPO PLANCHA,M,,KOHLER,CIH -13,3335100379,,1503.020999,1.00,
2265,48,3,3,673616620011,COMPACTADOR VIBRATORIO TIPO PLANCHA,M,,DYNAMIC KOHLER,,PC-302-10 - (341490),,1503.020999,4500.00,
3720,278,41,51,673616620028,COMPACTADOR VIBRATORIO TIPO PLANCHA,R,,DYNAMIC KOHLER,CH395T,4232407148,AMARILLO ,1503.020999,3096.00,
3732,274,41,56,673616620018,COMPACTADOR VIBRATORIO TIPO PLANCHA,M,,HONDA,GX 270,JH177FGCADH0094830,ROJO/AMARILLO,1503.020999,1.00,PARA MANTENIMIENTO
3759,1528,37,57,673616620013,COMPACTADOR VIBRATORIO TIPO PLANCHA,R,,DYNAMIC KOHLER,DYNAMIC,PC-453-10,NARANJA,1503.020999,4545.00,PARA MANTENIMIENTO
3772,276,41,58,673616620023,COMPACTADOR VIBRATORIO TIPO PLANCHA,M,,DYNAMIC KOHLER,CH395T,PC-441-13 - (423202),AMARILLO/NEGRO,1503.020999,1.00,
11,62,3,,672227260006,COMPRESORA DE AIRE,R,,CAMPBELL-HAUSFD,VT640401,KB090312-00149,NEGRO,1503.020906,1392.00,
90,280,41,,672227260010,COMPRESORA DE AIRE,M,,KAILY,KL-7101,3560 RPM,AZUL,1503.020906,1.00,
688,2138,40,,672227260008,COMPRESORA DE AIRE,R,,TRUPER,201V,,,1503.020906,450.00,
1446,5,1,1,672227260002,COMPRESORA DE AIRE,B,S/D,RONCH,S/M,S/S,S/C,1503.020906,450.00,
2177,64,3,3,672227260011,COMPRESORA DE AIRE,M,,WORK TOOL,AC60/220/20,,NEGRO/CELESTE,1503.020906,1.00,
2247,63,3,3,672227260009,COMPRESORA DE AIRE,M,,TRUPPER,MB-ACF50,115PS,NARANJA/PLOMO,1503.020906,620.00,
2377,1995,31,31,672227260007,COMPRESORA DE AIRE,M,,DONGFELG,6135K-1,S608686,AMARILLO,1503.020906,1.00,
2412,1994,31,31,672227260004,COMPRESORA DE AIRE,M,,,6135K-1,5608684,AMARILLO CATERR,1503.020906,1.00,
2413,1993,31,31,672227260001,COMPRESORA DE AIRE,M,,,,72-251,AMARILLO CATERR,1503.020906,2386.80,
2474,2920,32,32,672227260003,COMPRESORA DE AIRE,M,,JK-HP250,ZB-012/P,,NEGRO,1503.020906,1.00,
3002,3435,35,35,672227260005,COMPRESORA DE AIRE,R,,DENTALAIR,JYK50A,,BLANCO,1503.020906,875.00,
3223,3436,35,35,672227260012,COMPRESORA DE AIRE,R,,TRUPER,150 PSI,,NEGRO/AMARILLO,1503.020906,1.00,
3289,3437,35,35,672227260013,COMPRESORA DE AIRE,M,,,1HP/220-50-HZ-3,,PLOMO NEGRO,1503.020906,1.00,
91,281,41,,740805000016,COMPUTADORA PERSONAL PORTATIL,B,,HP,HP 240 G5,5CG62743D3,NEGRO,1503.020301,1.00,
92,282,41,,740805000017,COMPUTADORA PERSONAL PORTATIL,B,,HP,PROBOOK 640 G2,A5CG6150KMW,NEGRO,1503.020301,1.00,
93,283,41,,740805000018,COMPUTADORA PERSONAL PORTATIL,B,,HP,PROBOOK 450 G3,5CD6390DJ2,NEGRO,1503.020301,1.00,
689,2139,40,,740805000001,COMPUTADORA PERSONAL PORTATIL,R,,,,,,1503.020301,1.00,
690,2140,40,,740805000003,COMPUTADORA PERSONAL PORTATIL,R,,,,,,1503.020301,1.00,
691,2141,40,,740805000004,COMPUTADORA PERSONAL PORTATIL,R,,,,,,1503.020301,1.00,
692,2143,40,,740805000007,COMPUTADORA PERSONAL PORTATIL,R,,,,,,1503.020301,1.00,
693,2144,40,,740805000010,COMPUTADORA PERSONAL PORTATIL,R,,,,,,1503.020301,1.00,
1411,3441,35,,740805000015,COMPUTADORA PERSONAL PORTATIL,R,,HP,DV6,4CA 9090SQR,NEGRO,1503.020301,1.00,
1888,1212,22,22,740805000014,COMPUTADORA PERSONAL PORTATIL,M,,QOSMIO TOSHIBA,CORE I7,MP12TC5R,NEGRO,1503.020301,3150.00,INOPERATIVO
1889,1211,22,22,740805000011,COMPUTADORA PERSONAL PORTATIL,M,,HP,CORE I7,2CE3052CKC,NEGRO,1503.020301,4284.88,RAEE - BAJA
1984,2142,40,24,740805000005,COMPUTADORA PERSONAL PORTATIL,R,,,,,,1503.020301,1.00,
2943,1576,24,35,740805000006,COMPUTADORA PERSONAL PORTATIL,M,,HP,DV6,4CA9133YSO,NEGRO,1503.020301,3200.00,BAJA
3163,3438,35,35,740805000002,COMPUTADORA PERSONAL PORTATIL,M,,COMPAC EVO,EVO N610C,,NEGRO,1503.020301,1.00,BAJA
3301,3440,35,35,740805000013,COMPUTADORA PERSONAL PORTATIL,R,,LENOVO,Z50-70,705070,PLOMO/NEGRO,1503.020301,1.00,
3345,3439,35,35,740805000008,COMPUTADORA PERSONAL PORTATIL,M,,HP,,5CG11003XY,NEGRO,1503.020301,1800.00,RAEE-BAJA
3453,4032,43,43,740805000012,COMPUTADORA PERSONAL PORTATIL,M,,LENOVO,Z50-70,YB08897775,PLOMO,1503.020301,3990.00,RAEE - BAJA
3475,4064,44,44,740805000009,COMPUTADORA PERSONAL PORTATIL,R,,HP,DV6-2155DX,4CA001FMNW,NEGRO,1503.020301,1800.00,FALTA TECLAS
94,284,41,,532222990002,CONCENTRADOR DE OXIGENO,R,,,,846251,,1503.020402,1.00,
95,285,41,,532222990004,CONCENTRADOR DE OXIGENO,M,,,,237943,,1503.020402,1.00,
96,286,41,,532222990005,CONCENTRADOR DE OXIGENO,R,,,,,,1503.020402,1.00,
97,287,41,,532222990006,CONCENTRADOR DE OXIGENO,R,,,,,,1503.020402,1.00,
510,1635,38,,532222990007,CONCENTRADOR DE OXIGENO,M,,,,,,1503.020402,1.00,
694,2145,40,,532222990001,CONCENTRADOR DE OXIGENO,R,,,,,,1503.020402,1.00,
2828,2921,32,32,532222990003,CONCENTRADOR DE OXIGENO,M,,,,237932,,1503.020402,1.00,
3151,3443,35,35,602219170002,CONDUCTIMETRO - CONDUCTIVIMETRO,M,,HACH,CO-150,50150,BLANCO/NEGRO,1503.020905,3473.28,BAJA
3222,3442,35,35,602219170001,CONDUCTIMETRO - CONDUCTIVIMETRO,M,,,LFTD,34501,,1503.020905,1.00,
3629,3444,35,48,602219170003,CONDUCTIMETRO - CONDUCTIVIMETRO,M,,LUTRON,YK-22CT,AD16487,BEIGE,1503.020905,1.00,NO ENCIENDE
2276,65,3,3,673618920001,CONTENEDOR,M,,,,,,1503.020999,1.00,
2370,1997,31,31,673618920003,CONTENEDOR,R,,,,,,1503.020999,1.00,
2441,1998,31,31,673618920004,CONTENEDOR,R,,,,,,1503.020999,1.00,
2442,1996,31,31,673618920002,CONTENEDOR,R,,CHINA,,,,1503.020999,1.00,
2451,2000,31,31,673618920006,CONTENEDOR,R,,,,,,1503.020999,1.00,
2452,2001,31,31,673618920007,CONTENEDOR,R,,,,,,1503.020999,1.00,
2453,2002,31,31,673618920008,CONTENEDOR,R,,,,,,1503.020999,1.00,
2454,2003,31,31,673618920009,CONTENEDOR,R,,,,,,1503.020999,1.00,
2460,1999,31,31,673618920005,CONTENEDOR,R,,,,,,1503.020999,1.00,
2461,2007,31,31,673618920013,CONTENEDOR,R,,,,,,1503.020999,1.00,
2462,2006,31,31,673618920012,CONTENEDOR,R,,,,,,1503.020999,1.00,
2463,2005,31,31,673618920011,CONTENEDOR,R,,,,,,1503.020999,2100.00,
2464,2004,31,31,673618920010,CONTENEDOR,R,,,,,,1503.020999,2100.00,
2507,2922,32,32,952219770001,CONTROL DEL TRANSMISOR Y AUDIO,M,,PANASONIC,AG-A96,A5B9383K,NEGRO,1503.020303,1.00,
469,803,6,,462234930002,CONVERTIDOR DE CORRIENTE,M,,ELEKTRA,GAMA-30M-3055,,PLOMO,1503.020904,1.00,
695,2146,40,,462234930001,CONVERTIDOR DE CORRIENTE,R,,,,,,1503.020904,1.00,
2048,2147,40,28,602223970003,COPA DE CASA GRANDE - LIMITE LIQUIDO,R,,INSIZE,TC POOS,106,DORADO,1503.020905,1.00,
2068,288,41,28,602223970002,COPA DE CASA GRANDE - LIMITE LIQUIDO,M,,SOILTEST-TAMISA,TCPOO5,950,PLOMO,1503.020905,952.00,
2098,1784,28,28,602223970001,COPA DE CASA GRANDE - LIMITE LIQUIDO,M,,SOILTEST,CL-206,,NEGRO,1503.020905,1.00,FALTA RANURADOR
2099,1785,28,28,602223970004,COPA DE CASA GRANDE - LIMITE LIQUIDO,M,,,TCPOO5,,NEGRO,1503.020905,114.50,FALTA RANURADOR
2100,1786,28,28,602223970005,COPA DE CASA GRANDE - LIMITE LIQUIDO,M,,ORION,COP 02 - (AASH),15012108FALTA CENSOR,NEGRO,1503.020905,2448.00,
1412,3446,35,,602224260002,CORRENTOMETRO,M,,,D-8950,65013,,1503.020905,1.00,
3061,3447,35,35,602224260003,CORRENTOMETRO,R,,STORM-CASE,CMC3,09-10,AZUL,1503.020905,67800.00,
3138,3445,35,35,602224260001,CORRENTOMETRO,M,,,792,65013,,1503.020905,1.00,
3621,3448,35,48,602224830001,CORRENTOMETRO ELECTRICO,R,,OTT,MF PRO,299699,PLATEADO,1503.020905,27500.00,
565,1730,26,,746432370001,CREDENZA DE MADERA,M,,,,,MADERA,1503.020102,1.00,
1655,1144,16,16,746432370002,CREDENZA DE MADERA,M,0.60X2.00X1.10,,,,CAFÉ,1503.020102,1.00,
1715,1173,21,21,746433050003,CREDENZA DE METAL,R,1.70X0.50X0.75,,NIV 3 GAV,,NEGRO/CAOBA,1503.020102,1.00,ESCRITORIO DE METAL
1810,1213,22,22,746433050002,CREDENZA DE METAL,R,0.75x0.54x0.45,,2 NIVELES,,PLOMO,1503.020102,1.00,
3302,3449,35,35,746433050001,CREDENZA DE METAL,R,0.47X1.20X1.26,,3 NIVELES,,PLOMO,1503.020102,1.00,
3220,3450,35,35,602225960001,CRONOMETRO,M,,,,52444,BLANCO,1503.020905,1.00,BAJA
696,2148,40,,672231040001,DEPURADOR NEUTRALIZADOR DE VAPORES ACIDOS,R,,,,,,1503.020906,1.00,
2415,2011,31,31,672231040005,DEPURADOR NEUTRALIZADOR DE VAPORES ACIDOS,M,,,,,AMARILLO,1503.020906,1.00,
2418,2010,31,31,672231040004,DEPURADOR NEUTRALIZADOR DE VAPORES ACIDOS,M,,CHINA,,,,1503.020906,1.00,
2419,2008,31,31,672231040002,DEPURADOR NEUTRALIZADOR DE VAPORES ACIDOS,M,,,,100392,AMARILLO,1503.020906,1.00,
2420,2009,31,31,672231040003,DEPURADOR NEUTRALIZADOR DE VAPORES ACIDOS,M,,,,,AMARILLO,1503.020906,1.00,
98,291,41,,602230480006,DETERMINADOR DE DENSIDAD,R,,,,,,1503.020905,1.00,
500,1512,37,,602230480004,DETERMINADOR DE DENSIDAD,R,,FORNEY,EB-30,101,PLOMO/BLANCO,1503.020905,595.00,
511,1636,38,,602230480014,DETERMINADOR DE DENSIDAD,R,,ORION,,,BLANCO/PLATA,1503.020905,1.00,
697,2149,40,,602230480001,DETERMINADOR DE DENSIDAD,R,,,,,,1503.020905,1.00,
698,2150,40,,602230480007,DETERMINADOR DE DENSIDAD,R,,,,,,1503.020905,1.00,
699,2151,40,,602230480008,DETERMINADOR DE DENSIDAD,R,,,,,,1503.020905,1.00,
700,2152,40,,602230480009,DETERMINADOR DE DENSIDAD,R,,,,,,1503.020905,1.00,
2066,290,41,28,602230480003,DETERMINADOR DE DENSIDAD,R,,FORNEY,,101,COBRE/BLANCO/NO,1503.020905,400.00,
2067,289,41,28,602230480002,DETERMINADOR DE DENSIDAD,R,,FORNEY,,734,COBRE,1503.020905,490.00,
2101,1788,28,28,602230480012,DETERMINADOR DE DENSIDAD,R,,ORION,,,BLANCO/PLATA,1503.020905,1.00,
2102,1787,28,28,602230480011,DETERMINADOR DE DENSIDAD,R,,ORION,CONO DE ARENA,,BLANCO/PLATA,1503.020905,1.00,
2103,1789,28,28,602230480013,DETERMINADOR DE DENSIDAD,R,,ORION,,,BLANCO/PLATA,1503.020905,1.00,
3035,3452,35,35,602230480010,DETERMINADOR DE DENSIDAD,M,,PYS,,102,BLANCO,1503.020905,400.00,
3036,3451,35,35,602230480005,DETERMINADOR DE DENSIDAD,M,,PYS,,110,PLOMO,1503.020905,400.00,
2054,1513,37,28,602231050002,DETERMINADOR DE HUMEDAD,R,,BAUKER,SPEEDY,331,PLOMO,1503.020905,8300.00,
3748,292,41,57,602231050001,DETERMINADOR DE HUMEDAD,R,,PALIO - LEICA,NA 730,5655347,AZUL,1503.020905,2500.00,
3943,804,6,6,602232750001,DISCO DE PLATINO,M,,NEC,FD-1231H,,BLANCO/PLOMO,1503.020905,1.00,
3944,805,6,6,602232750002,DISCO DE PLATINO,M,,EPSON,SD-600,P0041261,BLANCO/PLOMO,1503.020905,1.00,
3620,3453,35,48,602233310001,DISTANCIOMETRO ELECTRONICO,R,,LEICA,D810-200M,5041540061,ROJO/NEGRO,1503.020905,2650.00,
3628,3454,35,48,602233310002,DISTANCIOMETRO ELECTRONICO,R,,LEICA,D810-200M,5041410628,ROJO/NEGRO,1503.020905,2650.00,
701,2153,40,,602233450001,DISTANCIOMETRO LASER,R,,,,,,1503.020905,1.00,
3362,1421,2,37,602233450002,DISTANCIOMETRO LASER,R,,BOSCH GLM,250,504250125,AZUL,1503.020905,2599.00,
99,293,41,,675008200001,DOBLADORA DE TUBOS,R,,TRUPPER,,,,1503.020999,1.00,
100,294,41,,602234440002,ECLIMETRO,M,,,,,,1503.020905,1.00,
3155,3455,35,35,602234440001,ECLIMETRO,M,,,,,AMARILLO,1503.020905,1.00,BAJA
702,2154,40,,672235280003,ELECTROBOMBA,M,,,,,,1503.020906,1.00,
1413,3457,35,,672235280002,ELECTROBOMBA,M,,MYERS,HP1-3NFL102-20,289622379-2379,PLATEADO,1503.020906,1269.60,
2534,2923,32,32,672235280004,ELECTROBOMBA,M,,DELPROSA30HP,,128030M2,AMARILLO,1503.020906,2050.00,
3013,3456,35,35,672235280001,ELECTROBOMBA,M,,PENTAX,C5-200/2,CENTRIFUGA PENTAX,AZUL-PLATEADO,1503.020906,1021.20,BAJA
101,295,41,,675009340001,EMPACADORA DE FORRAJE,M,,BAMFORD,SUPÉR 95,7403-0571,,1503.020999,1.00,
2269,66,3,3,675009340002,EMPACADORA DE FORRAJE,M,,BAMFORD,SUPÉR 95,7403-0571,,1503.020999,34684.12,
583,1878,39,,672237960001,ENGRAPADOR INDUSTRIAL,,,,,,,1503.020999,320.00,
587,1882,39,,672237960002,ENGRAPADOR INDUSTRIAL,,,,,,,1503.020999,190.00,
590,1885,39,,672237960003,ENGRAPADOR INDUSTRIAL,,,,,,,1503.020999,220.00,
591,1886,39,,672237960004,ENGRAPADOR INDUSTRIAL,,,,,,,1503.020999,220.00,
592,1887,39,,672237960005,ENGRAPADOR INDUSTRIAL,,,,,,,,220.00,
703,2156,40,,672238180003,ENGRAPADORA DE TENAZA NEUMATICA,B,,,,,,1503.020906,1.00,
1966,1577,24,24,672238180005,ENGRAPADORA DE TENAZA NEUMATICA,M,,,,,PLOMO/NEGRO,1503.020906,1.00,RECODIFICAR
3325,3459,35,35,672238180004,ENGRAPADORA DE TENAZA NEUMATICA,M,,KW-TRIO,50SAN,,PLOMO,1503.020906,1.00,ENGRAMPADORA 
3469,2155,40,44,672238180002,ENGRAPADORA DE TENAZA NEUMATICA,M,,,,,,1503.020906,1.00,
3860,3458,35,6,672238180001,ENGRAPADORA DE TENAZA NEUMATICA,M,,,,,,1503.020906,1.00,
1858,1214,22,22,675009350001,"ENGRAPADORA, DOBLADORA Y GUILLOTINA",R,,,,,,1503.020999,1.00,RECODIFICAR SOLO ES ENGRAMPADORA
1859,1215,22,22,675009350002,"ENGRAPADORA, DOBLADORA Y GUILLOTINA",R,,DL -130,,,,1503.020999,1.00,RECODIFICAR - ENGRAMPADORA
3077,296,41,35,462243540002,EQUIPO DE ALARMA Y PROTECCION,B,,LONGHORN SISTEA,,,BLANCO/PLOMO,1503.020904,1459.00,
3890,3460,35,6,462243540001,EQUIPO DE ALARMA Y PROTECCION,B,,LONGHORN SISTEA,,,BLANCO/PLOMO,1503.020905,1459.00,
704,2157,40,,672244200002,EQUIPO DE CARBURO,M,,,,,,1503.020906,1.00,
2829,2925,32,32,672244200003,EQUIPO DE CARBURO,M,,,,MOD.Q3-1,ROJO,1503.020906,1.00,
2834,2924,32,32,672244200001,EQUIPO DE CARBURO,M,,DYNAMIC,,3186482,NEGRO,1503.020906,1.00,
2840,2926,32,32,672244200004,EQUIPO DE CARBURO,M,,,,,VERDE AZUL,1503.020906,1.00,
705,2158,40,,602236920001,EQUIPO DE NIVELACION DE SUELOS,R,,,.,,,1503.020905,1.00,
2125,1790,28,28,602236920002,EQUIPO DE NIVELACION DE SUELOS,R,1.25X0.55X1.29,ELEINTERNATIONA,,1885-1-3230,PLOMO,1503.020905,1.00,
102,297,41,,952231860008,EQUIPO DE POSICIONAMIENTO - GPS,B,,GARMIN,MONTERA,2TG024968,,1503.020303,1.00,
103,299,41,,952231860015,EQUIPO DE POSICIONAMIENTO - GPS,B,,GARMIN,,,NEGRO,1503.020303,1.00,
104,300,41,,952231860016,EQUIPO DE POSICIONAMIENTO - GPS,B,,GARMIN,,,NEGRO,1503.020303,1.00,
503,1524,37,,952231860012,EQUIPO DE POSICIONAMIENTO - GPS,B,,GARMIN,MONTERRA,2TG024568,NEGRO,1503.020303,3150.00,
706,2159,40,,952231860001,EQUIPO DE POSICIONAMIENTO - GPS,R,,,,,,1503.020303,1.00,
707,2160,40,,952231860002,EQUIPO DE POSICIONAMIENTO - GPS,R,,,,,,1503.020303,1.00,
708,2161,40,,952231860003,EQUIPO DE POSICIONAMIENTO - GPS,R,,,,,,1503.020303,1.00,
709,2162,40,,952231860004,EQUIPO DE POSICIONAMIENTO - GPS,R,,,,,,1503.020303,1.00,
710,2164,40,,952231860011,EQUIPO DE POSICIONAMIENTO - GPS,B,,,,,,1503.020303,1.00,
2949,298,41,35,952231860014,EQUIPO DE POSICIONAMIENTO - GPS,R,,GARMIN,OREGON 650T,,NEGRO/PLOMO,1503.020303,1.00,
2964,3464,35,35,952231860010,EQUIPO DE POSICIONAMIENTO - GPS,B,,GARMIN,OREGÓN 650-T,30D057956,NEGRO/PLOMO,1503.020303,2250.00,
2965,3463,35,35,952231860009,EQUIPO DE POSICIONAMIENTO - GPS,B,,GARMIN,OREGÓN 650-T,30D057917,NEGRO,1503.020303,2250.00,
3625,3465,35,48,952231860013,EQUIPO DE POSICIONAMIENTO - GPS,R,,MAGELLAN,SPORTRAK MAP,,NEGRO/DORADO,1503.020303,1.00,
3630,3462,35,48,952231860007,EQUIPO DE POSICIONAMIENTO - GPS,R,,LEICA,,2899788,VERDE/BLANCO,1503.020303,11550.00,EN CAJA ROJA
3645,2163,40,48,952231860005,EQUIPO DE POSICIONAMIENTO - GPS,R,,ASTECH,ASH111660,6681,AZUL,1503.020303,1.00,
3655,3461,35,48,952231860006,EQUIPO DE POSICIONAMIENTO - GPS,R,,ASHTECH,ASH111660,6572,AZUL,1503.020303,1.00,
105,301,41,,42234770001,EQUIPO DE RIEGO POR ASPERSION,M,,,,,,1503.020502,1.00,
711,2165,40,,672249550001,EQUIPO DE SOLDADURA,M,,,,,,1503.020906,1.00,
712,2166,40,,672249550002,EQUIPO DE SOLDADURA,M,,,,,,1503.020906,1.00,
2529,302,41,32,672249550003,EQUIPO DE SOLDADURA,M,,,,,ROJO,1503.020906,1.00,
1414,3466,35,,952233750001,EQUIPO DE SONIDO,B,,PHONIC,ISK15,#PBJ1060195,NEGRO,1503.020303,1.00,
106,303,41,,742223580022,EQUIPO MULTIFUNCIONAL COPIADORA IMPRESORA SCANNER Y/O FAX,M,,CANON,MG-2410,,BLANCO,1503.020101,1.00,
107,304,41,,742223580029,EQUIPO MULTIFUNCIONAL COPIADORA IMPRESORA SCANNER Y/O FAX,B,,,,,,1503.020101,1.00,
108,305,41,,742223580035,EQUIPO MULTIFUNCIONAL COPIADORA IMPRESORA SCANNER Y/O FAX,M,,KYOCERA,FS-6525MFP,,NEGRO,1503.020101,1.00,
512,1637,38,,742223580027,EQUIPO MULTIFUNCIONAL COPIADORA IMPRESORA SCANNER Y/O FAX,B,,EPSON,L565,S4XY068584,NEGRO,1503.020101,1.00,
513,1638,38,,742223580034,EQUIPO MULTIFUNCIONAL COPIADORA IMPRESORA SCANNER Y/O FAX,R,,,,,,1503.020101,1.00,
713,2167,40,,742223580004,EQUIPO MULTIFUNCIONAL COPIADORA IMPRESORA SCANNER Y/O FAX,R,,,,,,1503.020101,1.00,
714,2168,40,,742223580005,EQUIPO MULTIFUNCIONAL COPIADORA IMPRESORA SCANNER Y/O FAX,R,,,,,,1503.020101,1.00,
715,2169,40,,742223580006,EQUIPO MULTIFUNCIONAL COPIADORA IMPRESORA SCANNER Y/O FAX,R,,,,,,1503.020101,1.00,
716,2170,40,,742223580007,EQUIPO MULTIFUNCIONAL COPIADORA IMPRESORA SCANNER Y/O FAX,R,,,,,,1503.020101,1.00,
717,2171,40,,742223580008,EQUIPO MULTIFUNCIONAL COPIADORA IMPRESORA SCANNER Y/O FAX,R,,,,,,1503.020101,1.00,
718,2172,40,,742223580009,EQUIPO MULTIFUNCIONAL COPIADORA IMPRESORA SCANNER Y/O FAX,R,,,,,,1503.020101,1.00,
719,2173,40,,742223580010,EQUIPO MULTIFUNCIONAL COPIADORA IMPRESORA SCANNER Y/O FAX,R,,,,,,1503.020101,1.00,
720,2174,40,,742223580011,EQUIPO MULTIFUNCIONAL COPIADORA IMPRESORA SCANNER Y/O FAX,R,,,,,,1503.020101,1.00,
721,2175,40,,742223580012,EQUIPO MULTIFUNCIONAL COPIADORA IMPRESORA SCANNER Y/O FAX,R,,,,,,1503.020101,1.00,
722,2176,40,,742223580013,EQUIPO MULTIFUNCIONAL COPIADORA IMPRESORA SCANNER Y/O FAX,R,,,,,,1503.020101,1.00,
723,2177,40,,742223580014,EQUIPO MULTIFUNCIONAL COPIADORA IMPRESORA SCANNER Y/O FAX,R,,,,,,1503.020101,1.00,
724,2178,40,,742223580015,EQUIPO MULTIFUNCIONAL COPIADORA IMPRESORA SCANNER Y/O FAX,R,,,,,,1503.020101,1.00,
725,2179,40,,742223580016,EQUIPO MULTIFUNCIONAL COPIADORA IMPRESORA SCANNER Y/O FAX,R,,,,,,1503.020101,1.00,
726,2180,40,,742223580017,EQUIPO MULTIFUNCIONAL COPIADORA IMPRESORA SCANNER Y/O FAX,R,,,,,,1503.020101,1.00,
727,2181,40,,742223580018,EQUIPO MULTIFUNCIONAL COPIADORA IMPRESORA SCANNER Y/O FAX,R,,,,,,1503.020101,1.00,
728,2182,40,,742223580019,EQUIPO MULTIFUNCIONAL COPIADORA IMPRESORA SCANNER Y/O FAX,R,,,,,,1503.020101,1.00,
729,2183,40,,742223580020,EQUIPO MULTIFUNCIONAL COPIADORA IMPRESORA SCANNER Y/O FAX,R,,,,,,1503.020101,1.00,
730,2184,40,,742223580021,EQUIPO MULTIFUNCIONAL COPIADORA IMPRESORA SCANNER Y/O FAX,R,,,,,,1503.020101,1.00,
731,2185,40,,742223580023,EQUIPO MULTIFUNCIONAL COPIADORA IMPRESORA SCANNER Y/O FAX,R,,,,,,1503.020101,1.00,
732,2186,40,,742223580024,EQUIPO MULTIFUNCIONAL COPIADORA IMPRESORA SCANNER Y/O FAX,R,,,,,,1503.020101,1.00,
733,2187,40,,742223580028,EQUIPO MULTIFUNCIONAL COPIADORA IMPRESORA SCANNER Y/O FAX,B,,,,,,1503.020101,1.00,
734,2188,40,,742223580031,EQUIPO MULTIFUNCIONAL COPIADORA IMPRESORA SCANNER Y/O FAX,R,,,,,,1503.020101,1.00,
1865,1216,22,22,742223580037,EQUIPO MULTIFUNCIONAL COPIADORA IMPRESORA SCANNER Y/O FAX,R,,EPSON,L3210,XAGC019293,NEGRO,1503.020101,1.00,
1986,1578,24,24,742223580025,EQUIPO MULTIFUNCIONAL COPIADORA IMPRESORA SCANNER Y/O FAX,M,,EPSON,L565,VJFY004796,NEGRO,1503.020101,1120.00,
2917,3318,34,34,742223580003,EQUIPO MULTIFUNCIONAL COPIADORA IMPRESORA SCANNER Y/O FAX,R,,HP LASER JET,M1319FMFP,C1598365FC,PLOMO,1503.020101,1075.00,
3355,3468,35,35,742223580032,EQUIPO MULTIFUNCIONAL COPIADORA IMPRESORA SCANNER Y/O FAX,R,,EPSON,L375,NA6Y043914,NEGRO,1503.020101,850.00,IMPRESORA
3375,1422,2,37,742223580038,EQUIPO MULTIFUNCIONAL COPIADORA IMPRESORA SCANNER Y/O FAX,B,,EPSON,L6171,,NEGRO,1503.020101,1.00,
3386,1892,30,37,742223580026,EQUIPO MULTIFUNCIONAL COPIADORA IMPRESORA SCANNER Y/O FAX,R,,EPSON,L 555,S4XY068584,NEGRO,1503.020101,1087.00,
3463,4065,44,44,742223580001,EQUIPO MULTIFUNCIONAL COPIADORA IMPRESORA SCANNER Y/O FAX,R,,HP,LASER JETM1319P,CNJ89D001D,PLOMO/NEGRO,1503.020101,1.00,
3490,4066,44,44,742223580030,EQUIPO MULTIFUNCIONAL COPIADORA IMPRESORA SCANNER Y/O FAX,M,,EPSON,L850,UTQY002480,NEGRO,1503.020101,1869.00,
3564,3469,35,47,742223580033,EQUIPO MULTIFUNCIONAL COPIADORA IMPRESORA SCANNER Y/O FAX,R,,EPSON,L220,UGQK276460,NEGRO,1503.020101,771.39,
3618,3470,35,48,742223580036,EQUIPO MULTIFUNCIONAL COPIADORA IMPRESORA SCANNER Y/O FAX,M,,HP,M1536DNFM,CNF9DCXF8J,NEGRO,1503.020101,1.00,BAJA
3656,3467,35,48,742223580002,EQUIPO MULTIFUNCIONAL COPIADORA IMPRESORA SCANNER Y/O FAX,R,,HP LASER JET,M1319FMFP,CH389D00A2,PLOMO,1503.020101,1.00,
109,308,41,,42240480010,EQUIPO PARA ANALISIS DE SUELOS,R,,,,,BLANCO,1503.020502,1.00,
110,309,41,,42240480011,EQUIPO PARA ANALISIS DE SUELOS,R,,FORNEY,TAMIZ Nª 200,200BS8F6250570,BRONCE,1503.020502,1.00,
111,310,41,,42240480012,EQUIPO PARA ANALISIS DE SUELOS,R,,FORNEY,TAMIZ Nª 200,,PLATEDO,1503.020502,1.00,
112,311,41,,42240480020,EQUIPO PARA ANALISIS DE SUELOS,B,,ORION,5.5LBS,,,1503.020502,1.00,
113,312,41,,42240480021,EQUIPO PARA ANALISIS DE SUELOS,M,,,,,,1503.020502,1.00,
114,313,41,,42240480028,EQUIPO PARA ANALISIS DE SUELOS,R,,,PROBETA 25ML,,,1503.020502,1.00,
735,2189,40,,42240480013,EQUIPO PARA ANALISIS DE SUELOS,B,,,,,,1503.020502,1.00,
1447,945,10,10,42240480004,EQUIPO PARA ANALISIS DE SUELOS,M,,,,,PLOMO,1503.020502,1.00,
2065,307,41,28,42240480002,EQUIPO PARA ANALISIS DE SUELOS,R,,FORNEY,TAMIZ-200,,PLATEADO,1503.020502,1.00,ELIMINAR/PROCTOR
2085,1802,28,28,42240480022,EQUIPO PARA ANALISIS DE SUELOS,R,,,MEDIANO,,TRANSPARENTE,1503.020502,1.00,
2086,1798,28,28,42240480016,EQUIPO PARA ANALISIS DE SUELOS,R,,ORION,"DIAMETRO 4 ½ N,",16AF17,TRANSPARENTE,1503.020905,485.00,
2087,1797,28,28,42240480015,EQUIPO PARA ANALISIS DE SUELOS,R,,ORION,"DIAMETRO 4 ½ N,",16AF16,TRANSPARENTE,1503.020502,485.00,
2088,1796,28,28,42240480009,EQUIPO PARA ANALISIS DE SUELOS,R,,,,,TRANSPARENTE,1503.020502,1.00,
2089,1793,28,28,42240480006,EQUIPO PARA ANALISIS DE SUELOS,R,,IRIS INSTRUMENT,EQUIPO GEOFISI.,1168782184-358,TRANSPARENTE,1503.020502,1.00,
2090,1791,28,28,42240480003,EQUIPO PARA ANALISIS DE SUELOS,B,,,PROCTOR MODIFIC,STANDAR,TRANSPARENTE,1503.020502,1.00,
2091,1794,28,28,42240480007,EQUIPO PARA ANALISIS DE SUELOS,R,,NORMAX,PORTUGAL - BOR3,7 UNIDADES,TRANSPARENTE,1503.020502,1.00,
2104,1792,28,28,42240480005,EQUIPO PARA ANALISIS DE SUELOS,R,,BOROSILICATE,W-GERMANY,,PLOMO,1503.020502,1.00,
2105,1806,28,28,42240480026,EQUIPO PARA ANALISIS DE SUELOS,M,,TECNICAS CP,1000ML,,TRANSPARENTE,1503.020502,1.00,BAJA
2106,1795,28,28,42240480008,EQUIPO PARA ANALISIS DE SUELOS,R,,NORMAX,PORTUGAL,,TRANSPARENTE,1503.020502,1.00,FALTA TAPA
2107,1807,28,28,42240480027,EQUIPO PARA ANALISIS DE SUELOS,R,,BOECO,GERMANY,,TRANSPARENTE,1503.020502,1.00,FALTA TAPA
2108,1800,28,28,42240480018,EQUIPO PARA ANALISIS DE SUELOS,B,,GERMANY,500ML,,TRANSPARENTE,1503.020502,1.00,
2109,1801,28,28,42240480019,EQUIPO PARA ANALISIS DE SUELOS,M,,GERMANY,500ML,,TRANSPARENTE,1503.020502,1.00,
2110,1799,28,28,42240480017,EQUIPO PARA ANALISIS DE SUELOS,M,,GERMANY,500ML,FIOLA,TRANSPARENTE,1503.020502,1.00,BAJA
2113,1805,28,28,42240480025,EQUIPO PARA ANALISIS DE SUELOS,R,,TECNICAS CP,1000ML,,TRANSPARENTE,1503.020502,1.00,
2114,1803,28,28,42240480023,EQUIPO PARA ANALISIS DE SUELOS,R,,TECNICAS CP,1000ML,,TRANSPARENTE,1503.020502,1.00,
2115,1804,28,28,42240480024,EQUIPO PARA ANALISIS DE SUELOS,M,,TECNICAS CP,1000ML,,TRANSPARENTE,1503.020502,1.00,
2991,306,41,35,42240480001,EQUIPO PARA ANALISIS DE SUELOS,M,,,,,PLOMO,1503.020502,172571.48,BAJA
3157,3471,35,35,42240480014,EQUIPO PARA ANALISIS DE SUELOS,B,,ESTWING,E3-23LP,96621102,PLOMO,1503.020502,270.00,
2092,1808,28,28,602237420001,EQUIPO PARA DETERMINAR EQUIVALENTE DE ARENA,R,,FORNEY,,1629,CAFÉ,1503.020905,1586.00,LAB.
115,314,41,,602237550001,EQUIPO PARA PRUEBA CBR,R,,FORNEY,,110,PLOMO,1503.020905,1.00,
1601,1127,15,15,746434400002,ESCALERA DE MADERA,M,,,4 PELDAÑOS,,CAFE,1503.020102,1.00,
2470,1126,15,32,746434400001,ESCALERA DE MADERA,M,,,3 PELDAÑOS,,MADERA,1503.020102,1.00,ELIMINAR
2173,67,3,3,746435760004,ESCALERA METALICA,M,8 PELDAÑOS,,,,ALUMINIO,1503.020102,880.00,
2360,315,41,31,746435760003,ESCALERA METALICA,M,8 PELDAÑOS,,,,ALUMINIO,1503.020102,880.00,
2530,2928,32,32,746435760002,ESCALERA METALICA,R,15 PELDAÑOS,,,,ALUMINIO,1503.020102,1.00,
2533,2927,32,32,746435760001,ESCALERA METALICA,R,15 PELDAÑOS,,,,ALUMINIO,1503.020102,1.00,
2891,3249,33,33,952236860003,ESCANER DE RED,M,,HP,SCANER,62410,BLANCO/PLOMO,1503.020303,1.00,
2892,3248,33,33,952236860002,ESCANER DE RED,M,,HP,SCANJET,63110,BLANCO,1503.020303,1.00,
3964,806,6,6,952236860001,ESCANER DE RED,M,,EPSON,G54A,1CZ0008848,BLANCO,1503.020303,1.00,
116,316,41,,602238120002,ESCLEROMETRO PARA PRUEBA DE CONCRETO,R,,INTERNATIONAL,,1M0903,,1503.020905,3800.00,
736,2190,40,,602238120001,ESCLEROMETRO PARA PRUEBA DE CONCRETO,R,,,,,,1503.020905,1.00,
12,69,3,,746437120055,ESCRITORIO DE MADERA,R,,,,,,1503.020102,720.00,
117,318,41,,746437120007,ESCRITORIO DE MADERA,M,,,1 PUERTA,,,1503.020102,1.00,
118,319,41,,746437120009,ESCRITORIO DE MADERA,R,,,,,CAFÉ,1503.020102,1.00,
119,320,41,,746437120010,ESCRITORIO DE MADERA,R,,,,,CAFÉ,1503.020102,1.00,
120,321,41,,746437120012,ESCRITORIO DE MADERA,M,,,,,,1503.020102,1.00,
121,322,41,,746437120017,ESCRITORIO DE MADERA,M,,,,,,1503.020102,1.00,
122,323,41,,746437120026,ESCRITORIO DE MADERA,M,,,,,,1503.020102,1.00,
123,324,41,,746437120028,ESCRITORIO DE MADERA,M,,,,,,1503.020102,1.00,
124,326,41,,746437120038,ESCRITORIO DE MADERA,M,,,,,,1503.020102,1.00,
125,327,41,,746437120039,ESCRITORIO DE MADERA,M,,,,,,1503.020102,1.00,
126,328,41,,746437120044,ESCRITORIO DE MADERA,M,,,,,,1503.020102,1.00,
127,329,41,,746437120059,ESCRITORIO DE MADERA,R,,,,,MADERA,1503.020102,720.00,
470,808,6,,746437120022,ESCRITORIO DE MADERA,R,,,,,CAOBA,1503.020102,1.00,
474,976,12,,746437120019,ESCRITORIO DE MADERA,R,,,7 GAVETAS,,CAFÉ,1503.020102,1.00,
483,1174,21,,746437120004,ESCRITORIO DE MADERA,R,0.74*0.75*1.54,,6 GAVETAS,,CAOBA,1503.020102,1.00,
558,1695,25,,746437120029,ESCRITORIO DE MADERA,M,,,,,MADERA,1503.020102,1.00,
559,1696,25,,746437120030,ESCRITORIO DE MADERA,M,,,,,CAFE,1503.020102,1.00,
566,1731,26,,746437120011,ESCRITORIO DE MADERA,M,,,,,CAFÉ,1503.020102,1.00,
737,2191,40,,746437120001,ESCRITORIO DE MADERA,B,,,,,,1503.020102,1.00,
738,2192,40,,746437120032,ESCRITORIO DE MADERA,M,,,,,,1503.020102,1.00,
739,2193,40,,746437120034,ESCRITORIO DE MADERA,M,,,,,,1503.020102,1.00,
740,2194,40,,746437120040,ESCRITORIO DE MADERA,M,,,,,,1503.020102,1.00,
741,2195,40,,746437120041,ESCRITORIO DE MADERA,M,,,,,,1503.020102,1.00,
742,2196,40,,746437120052,ESCRITORIO DE MADERA,M,,,,,,1503.020102,1.00,
743,2197,40,,746437120056,ESCRITORIO DE MADERA,R,,,,,,1503.020102,1.00,
744,2198,40,,746437120057,ESCRITORIO DE MADERA,R,,,,,,1503.020102,1.00,
1571,995,14,14,746437120050,ESCRITORIO DE MADERA,M,,,,,PLOMO,1503.020102,1.00,ROTO
1872,1217,22,22,746437120058,ESCRITORIO DE MADERA,R,0.70X1.20X0.78,,4 GAVETAS,,CAFÉ,1503.020102,1.00,
1953,1579,24,24,746437120045,ESCRITORIO DE MADERA,R,0.66X1.24X0.78,,3 GAVETAS,,BEIGE,1503.020102,370.00,
1995,1689,25,25,746437120015,ESCRITORIO DE MADERA,M,,,3 GAVETAS,,CAFE,1503.020102,1.00,
1997,1688,25,25,746437120008,ESCRITORIO DE MADERA,M,,,,,,1503.020102,1.00,
1998,1690,25,25,746437120018,ESCRITORIO DE MADERA,M,,,2 GAVETAS,,CAFÉ,1503.020102,1.00,
2000,1697,25,25,746437120031,ESCRITORIO DE MADERA,M,,,,,CAOBA,1503.020102,1.00,FALTA IMPRIMIR STICKERS POR BATERIA BAJA
2004,1700,25,25,746437120051,ESCRITORIO DE MADERA,M,,,4 GAVETAS,,CAOBA,1503.020102,300.00,
2008,1699,25,25,746437120037,ESCRITORIO DE MADERA,M,,,3 GAVETAS,,CAFÉ,1503.020102,1.00,
2299,68,3,3,746437120035,ESCRITORIO DE MADERA,M,,,6 GAVETAS,,PLOMO,1503.020102,1.00,
2310,1893,30,30,746437120016,ESCRITORIO DE MADERA,M,1.45X0.68X0.75,,4 GAVETAS,,CAFE,1503.020102,1.00,
2355,1698,25,31,746437120036,ESCRITORIO DE MADERA,M,0.80x1.22x0.78,,,,CAFÉ,1503.020102,1.00,
2356,1694,25,31,746437120027,ESCRITORIO DE MADERA,M,0.60X0.90.X0.75,,,,,1503.020102,1.00,
2357,1693,25,31,746437120025,ESCRITORIO DE MADERA,M,,,,,CAOBA,1503.020102,1.00,
2358,1692,25,31,746437120024,ESCRITORIO DE MADERA,M,0.75x1x0.76,,,,CAOBA,1503.020102,1.00,
2359,1691,25,31,746437120020,ESCRITORIO DE MADERA,M,,,,,CAFÉ,1503.020102,1.00,
2566,2930,32,32,746437120014,ESCRITORIO DE MADERA,M,0.62x0.76x1.06,,,,CAFE,1503.020102,1.00,
2635,2931,32,32,746437120047,ESCRITORIO DE MADERA,M,,,GERENCIAL,,NARANJA,1503.020102,430.00,
2777,2929,32,32,746437120013,ESCRITORIO DE MADERA,M,0.55x0.75x1.02,,,,CAFE,1503.020102,1.00,
2905,3250,33,33,746437120021,ESCRITORIO DE MADERA,R,0.65X1.26X0.83,,,,MADERA,1503.020102,1.00,
3315,3472,35,35,746437120048,ESCRITORIO DE MADERA,R,1.24x0.63x0.76,,3 GAVETAS,,AMARILLO,1503.020102,430.00,
3398,325,41,4,746437120033,ESCRITORIO DE MADERA,M,1.26X0.74X0.75,,,,CAFE,1503.020102,1.00,
3399,317,41,4,746437120003,ESCRITORIO DE MADERA,M,1.01X0.40X0.7,,,,CAFE,1503.020102,230.00,DUPLICADO 23 /SUELOS
3449,4033,43,43,746437120042,ESCRITORIO DE MADERA,R,0.79*1.56*0.74,,7 GAVETAS,,CAFE,1503.020102,1.00,
3462,4067,44,44,746437120006,ESCRITORIO DE MADERA,R,1.55X074X0.73,,GERENCIAL,,CAFÉ,1503.020102,393.00,
3501,1423,2,45,746437120005,ESCRITORIO DE MADERA,R,0.75X1.57X0.76,,5 GAVETAS,,CEDRO,1503.020102,210.00,
3513,1425,2,45,746437120054,ESCRITORIO DE MADERA,R,0.76X1.30X0.80,,3 GAVETAS,,AMARILLO,1503.020102,720.00,
3531,1894,30,45,746437120046,ESCRITORIO DE MADERA,R,,,3 GAVETAS,,MADERA,1503.020102,370.00,
3542,1525,37,47,746437120053,ESCRITORIO DE MADERA,M,,,3 GAVETAS,,,1503.020102,1.00,
3552,1424,2,47,746437120043,ESCRITORIO DE MADERA,R,,,,,,1503.020102,1.00,
3637,3473,35,48,746437120060,ESCRITORIO DE MADERA,R,1.20X0.80X0.77,,,,CAOBA,1503.020102,1.00,
3712,186,5,5,746437120049,ESCRITORIO DE MADERA,R,0.70X1.20X0.80,,4 GAVETAS,,CAOBA,1503.020102,300.00,
4044,807,6,6,746437120002,ESCRITORIO DE MADERA,M,,,,,CAFÉ,1503.020102,212.40,
4046,161,4,6,746437120023,ESCRITORIO DE MADERA,M,,,,,CAFE,1503.020102,1.00,
128,330,41,,746437450022,ESCRITORIO DE MELAMINA,B,,,,,,1503.020102,1.00,
745,2199,40,,746437450001,ESCRITORIO DE MELAMINA,R,,,,,,1503.020102,1.00,
746,2200,40,,746437450002,ESCRITORIO DE MELAMINA,R,,,,,,1503.020102,1.00,
747,2201,40,,746437450003,ESCRITORIO DE MELAMINA,R,,,,,,1503.020102,1.00,
748,2202,40,,746437450004,ESCRITORIO DE MELAMINA,R,,,,,,1503.020102,1.00,
749,2203,40,,746437450005,ESCRITORIO DE MELAMINA,R,,,,,,1503.020102,1.00,
750,2204,40,,746437450006,ESCRITORIO DE MELAMINA,R,,,,,,1503.020102,1.00,
751,2205,40,,746437450007,ESCRITORIO DE MELAMINA,R,,,,,,1503.020102,1.00,
752,2206,40,,746437450008,ESCRITORIO DE MELAMINA,R,,,,,,1503.020102,1.00,
753,2207,40,,746437450021,ESCRITORIO DE MELAMINA,R,,,,,,1503.020102,1.00,
1711,1175,21,21,746437450014,ESCRITORIO DE MELAMINA,R,1.30*0.58*0.76,,3 GAVETAS,,NEGRO/CAFE,1503.020102,280.00,
1724,1219,22,22,746437450025,ESCRITORIO DE MELAMINA,B,0.75X1.50X0.75,,6 GAVETAS,,NEGRO/CAOBA,1503.020102,990.00,
1867,1218,22,22,746437450020,ESCRITORIO DE MELAMINA,R,0.79X3.20X1.58,,"FORMA ""L""",,CAFÉ/NEGRO,1503.020102,1.00,
1961,1580,24,24,746437450009,ESCRITORIO DE MELAMINA,R,,,GERENCIAL,,NEGRO/AMARILLO,1503.020102,1460.00,CIRCULAR
2120,1809,28,28,746437450023,ESCRITORIO DE MELAMINA,B,1.43X0.70X0.77,,GERENCIAL,,NEGRO/BEIGE,1503.020102,990.00,LAB SUELOS
2842,3255,33,33,746437450017,ESCRITORIO DE MELAMINA,R,,,,,CAFÉ,1503.020102,1.00,
2850,3251,33,33,746437450010,ESCRITORIO DE MELAMINA,R,0.71X1.50X0.76,,,,CEDRO NEGRO,1503.020102,390.00,SIN CAJONES TESORERIA
2854,3253,33,33,746437450015,ESCRITORIO DE MELAMINA,R,0.58X1.32X0.72,,,,CEDRO/NEGRO,1503.020102,280.00,
2863,3254,33,33,746437450016,ESCRITORIO DE MELAMINA,R,055X1.30X0.76,,,,CAOBA/NEGRO,1503.020102,280.00,
2902,3252,33,33,746437450013,ESCRITORIO DE MELAMINA,R,0.59X1.30X0.76,,,,CEDRO/NEGRO,1503.020102,280.00,
3306,3474,35,35,746437450024,ESCRITORIO DE MELAMINA,B,1.42x0.70x0.77,MELAMINE,,,NEGRO/BEIGE,1503.020102,990.00,
3370,1426,2,37,746437450011,ESCRITORIO DE MELAMINA,R,1.56X1.60X0.76,,"FORMA ""L"" 6 GAV",,CAFÉ/NEGRO,1503.020102,500.00,
3376,1428,2,37,746437450018,ESCRITORIO DE MELAMINA,R,,,3 GAVETAS,,CAFÉ/NEGRO,1503.020102,280.00,
3380,1427,2,37,746437450012,ESCRITORIO DE MELAMINA,R,1.17X1.56X0.76,,"FORMA ""L"" 6 GAV",,CAFÉ/NEGRO,1503.020102,500.00,
3382,1429,2,37,746437450019,ESCRITORIO DE MELAMINA,R,0.58X1.30X0.86,,3 GAVETAS,,CAFÉ/NEGRO,1503.020102,280.00,
3509,1430,2,45,746437450026,ESCRITORIO DE MELAMINA,R,0.58X1.50X0.75,,GERENCIAL,,PLOMO/NEGRO,1503.020102,990.00,
129,334,41,,746437790051,ESCRITORIO DE METAL,M,,,,,NEGRO/CAFÉ,1503.020102,1.00,
560,1707,25,,746437790021,ESCRITORIO DE METAL,M,,,3 GAVETAS,,PLOMO/NEGRO,1503.020102,1.00,
561,1708,25,,746437790023,ESCRITORIO DE METAL,M,,,3 GAVETAS,,PLOMO/NEGRO,1503.020102,1.00,
754,2208,40,,746437790003,ESCRITORIO DE METAL,M,,,,,,1503.020102,1.00,
755,2209,40,,746437790006,ESCRITORIO DE METAL,M,,,,,,1503.020102,1.00,
756,2210,40,,746437790008,ESCRITORIO DE METAL,M,,,3 GAVETAS,,,1503.020102,1.00,
1481,983,13,13,746437790011,ESCRITORIO DE METAL,M,,,3 GAVETAS,,PLOMO/NEGRO,1503.020102,1.00,
1485,984,13,13,746437790037,ESCRITORIO DE METAL,M,,,,,PLOMO/NEGRO,1503.020102,1.00,
1515,996,14,14,746437790024,ESCRITORIO DE METAL,M,,,,,NEGRO,1503.020102,1.00,
1559,997,14,14,746437790025,ESCRITORIO DE METAL,M,,,,,BEIGE/NEGRO,1503.020102,1.00,
1573,1001,14,14,746437790046,ESCRITORIO DE METAL,M,,,,,PLOMO/NEGRO,1503.020102,1.00,
1574,1000,14,14,746437790039,ESCRITORIO DE METAL,M,,,,,PLOMO,1503.020102,1.00,
1578,999,14,14,746437790034,ESCRITORIO DE METAL,M,,,,,PLOMO,1503.020102,1.00,
1716,1176,21,21,746437790004,ESCRITORIO DE METAL,R,180*0.75*0.76,,,,PLOMO/NEGRO,1503.020102,240.00,
1914,1546,23,23,746437790031,ESCRITORIO DE METAL,R,0.80X1.80X0.74,,7 GAVETAS,,PLOMO,1503.020102,1.00,
1991,998,14,25,746437790030,ESCRITORIO DE METAL,M,,,,,BEIGE/NEGRO,1503.020102,1.00,
1993,1713,25,25,746437790038,ESCRITORIO DE METAL,M,,,3 GAVETAS,,PLOMO/NEGRO,1503.020102,1.00,
1996,1702,25,25,746437790002,ESCRITORIO DE METAL,M,,,,,PLOMO/NEGRO,1503.020102,250.00,
2001,1701,25,25,746437790001,ESCRITORIO DE METAL,M,,,3 GAVETAS,,PLOMO/NEGRO,1503.020102,1.00,
2002,1704,25,25,746437790007,ESCRITORIO DE METAL,M,,,3 GAVETAS,,,1503.020102,1.00,
2003,1714,25,25,746437790041,ESCRITORIO DE METAL,M,,,3 GAVETAS,,PLOMO/NEGRO,1503.020102,1.00,
2005,1709,25,25,746437790026,ESCRITORIO DE METAL,M,,,3 GAVETAS,,PLOMO/NEGRO,1503.020102,1.00,
2006,1710,25,25,746437790027,ESCRITORIO DE METAL,M,,,3 GAVETAS,,PLOMO/NEGRO,1503.020102,1.00,
2007,1712,25,25,746437790036,ESCRITORIO DE METAL,M,,,3 GAVETAS,,PLOMO/NEGRO,1503.020102,1.00,
2010,1711,25,25,746437790035,ESCRITORIO DE METAL,M,,,3 GAVETAS,,PLOMO/NEGRO,1503.020102,1.00,
2011,1706,25,25,746437790017,ESCRITORIO DE METAL,M,,,3 GAVETAS,,PLOMO/NEGRO,1503.020102,1.00,
2020,1746,27,27,746437790010,ESCRITORIO DE METAL,R,0.83X1.85X0.75,,4 GAVETAS,,PLOMO/NEGRO/CAF,1503.020102,1.00,
2036,1747,27,27,746437790020,ESCRITORIO DE METAL,R,0.75X0.75X1.20,,4 GAVETAS,,PLOMO/NEGRO,1503.020102,1.00,
2046,333,41,28,746437790048,ESCRITORIO DE METAL,R,1.15X0.72X0.74,,4 GAVETAS,,PLOMO,1503.020102,1.00,CODIGO PEGADO DUPLICADO/ILLPA
2170,1810,28,3,746437790047,ESCRITORIO DE METAL,R,0.73X1.16X0.74,,4 GAVETAS,,PLOMO/NEGRO,1503.020102,1.00,MEJ. RIEGO DE AGUA CALLAZA - HUACULLANI
2205,72,3,3,746437790040,ESCRITORIO DE METAL,M,46X87X68,,3 GAVETAS,,BEIGE/NEGRO,1503.020102,1.00,
2300,70,3,3,746437790013,ESCRITORIO DE METAL,M,,,,,BEIGE/NEGRO,1503.020102,1.00,
2301,73,3,3,746437790044,ESCRITORIO DE METAL,M,,,3 GAVETAS,,BEIGE/NEGRO,1503.020102,461.01,
2302,71,3,3,746437790016,ESCRITORIO DE METAL,M,,,6 GAVETAS,,PLOMO/NEGRO,1503.020102,1.00,
2315,1895,30,30,746437790018,ESCRITORIO DE METAL,R,1.20X0.75X0.75,,,,PLOMO/NEGRO,1503.020102,1.00,
2349,1716,25,31,746437790045,ESCRITORIO DE METAL,M,,,,,PLOMO,1503.020102,270.00,
2350,1715,25,31,746437790042,ESCRITORIO DE METAL,M,,,,,PLOMO/NEGRO,1503.020102,1.00,
2351,331,41,31,746437790028,ESCRITORIO DE METAL,M,,,,,PLOMO/CAFÉ/NEGO,1503.020102,1.00,
2352,1128,15,31,746437790019,ESCRITORIO DE METAL,M,,,4 GAVETAS,,PLOMO/NEGRO,1503.020102,1.00,
2353,1705,25,31,746437790014,ESCRITORIO DE METAL,M,,,,,PLOMO/NEGRO,1503.020102,1.00,
2354,1703,25,31,746437790005,ESCRITORIO DE METAL,M,,,,,PLOMO/CAFÉ/NEGO,1503.020102,240.00,
2798,2933,32,32,746437790050,ESCRITORIO DE METAL,M,,,,,,1503.020102,1.00,
2799,2932,32,32,746437790009,ESCRITORIO DE METAL,M,,,,,PLOMO Y NEGRO,1503.020102,1.00,
2923,3319,34,34,746437790022,ESCRITORIO DE METAL,R,0.72X0.76X1.00,,,,PLOMO/NEGRO,1503.020102,1.00,
3445,4034,43,43,746437790033,ESCRITORIO DE METAL,R,0.75*0.77*1.20,,4 GAVETAS,,PLOMO,1503.020102,1.00,
3497,1431,2,45,746437790012,ESCRITORIO DE METAL,M,0.75X1.20X0.75,,4 GAVETAS,,PLOMO/NEGRO,1503.020102,1.00,
3504,1434,2,45,746437790049,ESCRITORIO DE METAL,R,0.75X1.55X0.76,,4 GAVETAS,,PLOM/CAFÉ,1503.020102,1.00,
3529,1432,2,45,746437790015,ESCRITORIO DE METAL,R,0.75X1.60X0.78,,7 GAVETAS,,MARRON,1503.020102,1.00,
3541,1433,2,47,746437790029,ESCRITORIO DE METAL,R,,,,,PLOMO,1503.020102,1.00,
3565,332,41,47,746437790043,ESCRITORIO DE METAL,M,,,3 GAVETAS,,BEIGE/NEGRO,1503.020102,1.00,
3636,3475,35,48,746437790032,ESCRITORIO DE METAL,R,1.15X0.60X0.73,,,,PLOMO,1503.020102,1.00,
130,335,41,,672254910002,ESMERIL ELECTRICO,R,,KAILI,BENCH GRINGER,PZ0830,VERDE,1503.020906,1.00,
2532,2935,32,32,672254910003,ESMERIL ELECTRICO,M,,GRINDER,,S1M-125,,1503.020906,1.00,
2776,2934,32,32,672254910001,ESMERIL ELECTRICO,M,,,9665H1,PZ0830,AZUL,1503.020906,1.00,
131,336,41,,462252150037,ESTABILIZADOR,M,,DUAL PLUS,600-DP-4,,BLANCO,1503.020904,1.00,
132,341,41,,462252150108,ESTABILIZADOR,B,,,,,,1503.020904,1.00,
133,342,41,,462252150109,ESTABILIZADOR,R,,AVR,AVR OUTLLEAS,1.20926E+15,NEGRO,1503.020904,1.00,
134,343,41,,462252150112,ESTABILIZADOR,R,,,,,,1503.020904,1.00,
135,344,41,,462252150120,ESTABILIZADOR,M,,BELTRON,,,ROJO,1503.020904,1.00,
136,345,41,,462252150122,ESTABILIZADOR,R,,FX EVOLUTION,FXE-1000,,NEGRO,1503.020904,1.00,
137,346,41,,462252150123,ESTABILIZADOR,R,,AVR,OUTLETS,091106*05201619,NEGRO,1503.020904,1.00,
138,347,41,,462252150124,ESTABILIZADOR,R,,,FES-10,12080793,BLANCO,1503.020904,1.00,
139,348,41,,462252150125,ESTABILIZADOR,R,,CDP,AVR OUTLETS,1.20926E+15,NEGRO,1503.020904,1.00,
140,349,41,,462252150127,ESTABILIZADOR,R,,ALLIED,SL8320BTX,,PLOMO,1503.020904,1.00,
141,350,41,,462252150128,ESTABILIZADOR,R,,ALTRON,KY-680ATX,,PLOMO,1503.020904,1.00,
757,2211,40,,462252150001,ESTABILIZADOR,R,,,,,,1503.020904,1.00,
758,2212,40,,462252150003,ESTABILIZADOR,R,,,,,,1503.020904,1.00,
759,2213,40,,462252150026,ESTABILIZADOR,R,,,,,,1503.020904,1.00,
760,2214,40,,462252150028,ESTABILIZADOR,M,,,,,,1503.020904,1.00,
761,2215,40,,462252150042,ESTABILIZADOR,M,,,,,,1503.020904,1.00,
762,2216,40,,462252150044,ESTABILIZADOR,R,,,,,,1503.020904,1.00,
763,2217,40,,462252150048,ESTABILIZADOR,R,,,,,,1503.020904,1.00,
764,2218,40,,462252150059,ESTABILIZADOR,R,,,,,,1503.020904,1.00,
765,2219,40,,462252150064,ESTABILIZADOR,M,,,,,,1503.020904,1.00,
766,2220,40,,462252150065,ESTABILIZADOR,M,,,,,,1503.020904,1.00,
767,2221,40,,462252150066,ESTABILIZADOR,M,,,,,,1503.020904,1.00,
768,2222,40,,462252150067,ESTABILIZADOR,M,,,,,,1503.020904,1.00,
769,2223,40,,462252150069,ESTABILIZADOR,M,,,,,,1503.020904,1.00,
770,2224,40,,462252150070,ESTABILIZADOR,M,,,,,,1503.020904,1.00,
771,2225,40,,462252150071,ESTABILIZADOR,M,,,,,,1503.020904,1.00,
772,2226,40,,462252150073,ESTABILIZADOR,R,,,,,,1503.020904,1.00,
773,2227,40,,462252150074,ESTABILIZADOR,R,,,,,,1503.020904,1.00,
774,2228,40,,462252150075,ESTABILIZADOR,R,,,,,,1503.020904,1.00,
775,2229,40,,462252150076,ESTABILIZADOR,R,,,,,,1503.020904,1.00,
776,2230,40,,462252150081,ESTABILIZADOR,M,,,,,,1503.020904,1.00,
777,2231,40,,462252150084,ESTABILIZADOR,M,,,,,,1503.020904,1.00,
778,2232,40,,462252150085,ESTABILIZADOR,M,,ENERGIT,,,CREMA,1503.020904,1.00,
779,2233,40,,462252150100,ESTABILIZADOR,M,,,,,,1503.020904,1.00,
780,2234,40,,462252150106,ESTABILIZADOR,R,,,,,,1503.020904,1.00,
781,2235,40,,462252150111,ESTABILIZADOR,M,,,,,,1503.020904,1.00,
1415,3518,35,,462252150103,ESTABILIZADOR,R,,,,,NEGRO,1503.020904,165.00,
1685,1437,2,2,462252150019,ESTABILIZADOR,R,,CAP,,,NEGRO,1503.020904,1.00,
1686,1439,2,2,462252150091,ESTABILIZADOR,R,,APC,R - 600,5L0843T27665,PLOMO,1503.020904,44.50,
1708,1178,21,21,462252150047,ESTABILIZADOR,R,,CDP,,110531-052000588,NEGRO,1503.020904,59.91,
1718,1177,21,21,462252150006,ESTABILIZADOR,R,,BELTRON,,,ROJO,1503.020904,308.64,
1802,1220,22,22,462252150033,ESTABILIZADOR,M,,ALTRON,,,NEGRO,1503.020904,54.27,RAEE - BAJA
1803,1226,22,22,462252150062,ESTABILIZADOR,M,,FX EVOLUTION,,13026016,NEGRO,1503.020904,58.56,RAEE - BAJA
1807,1225,22,22,462252150058,ESTABILIZADOR,M,,AVR OUTLES,,1.20926E+14,NEGRO,1503.020904,1.00,RAEE - BAJA
1818,1224,22,22,462252150054,ESTABILIZADOR,M ,,S/M,FES10,12050781,PLOMO,1503.020904,58.56,RAEE - BAJA
1825,1221,22,22,462252150040,ESTABILIZADOR,M,,ALTRON,1000R,,NEGRO,1503.020904,54.27,
1831,1228,22,22,462252150086,ESTABILIZADOR,M,,ENERGIT,ENE1000W,,CREMA/PLOMO,1503.020904,189.00,RAEE - BAJA
1832,1227,22,22,462252150082,ESTABILIZADOR,M,,EVOLUCION,EPXE-100,,NEGRO,1503.020904,222.30,
1833,1222,22,22,462252150041,ESTABILIZADOR,M,,ALTRON,,926000727,NEGRO,1503.020904,64.60,RAEE - BAJA
1834,1231,22,22,462252150117,ESTABILIZADOR,M,,ALTRON,,,NEGRO,1503.020904,1.00,RAEE - BAJA
1857,1233,22,22,462252150119,ESTABILIZADOR,M,,APC,,5L0843T27687,BLANCO,1503.020904,50.15,RAEE- BAJA
1866,1232,22,22,462252150118,ESTABILIZADOR,R,,CDP,B-AVR1006I,090713-0520221,NEGRO,1503.020904,51.80,
1871,1230,22,22,462252150115,ESTABILIZADOR,R,,SUPERTRON,,,BLANCO,1503.020904,61.04,
1887,1229,22,22,462252150114,ESTABILIZADOR,R,,FX EVOLUCION,FXE-1000,,NEGRO,1503.020904,63.00,
1890,337,41,22,462252150052,ESTABILIZADOR,R,,ELISE,FES 10 FASE,12050778,BLANCO,1503.020904,61.37,
1897,1223,22,22,462252150050,ESTABILIZADOR,M,,ELISE,FES 10 FASE,12020324,PLOMO,1503.020904,82.00,RAEE-BAJA
1903,1547,23,23,462252150053,ESTABILIZADOR,R,,AVR OUTLETS,,,NEGRO,1503.020904,60.08,
1938,1582,24,24,462252150105,ESTABILIZADOR,R,,VOLT SYSTEM,,,NEGRO,1503.020904,1.00,
1939,1581,24,24,462252150031,ESTABILIZADOR,R,,ALTRON,,,NEGRO,1503.020904,52.61,
2034,1748,27,27,462252150102,ESTABILIZADOR,M,,LAB POWER,FP102,,PLOMO,1503.020904,1.00,
2121,1811,28,28,462252150126,ESTABILIZADOR,M,,BELTRON,AVR,,ROJO,1503.020904,1.00,MEJ. RIEGO DE AGUA CALLAZA - HUACULLANI
2329,1898,30,30,462252150130,ESTABILIZADOR,R,,,LE601,,BLANCO,1503.020904,1.00,
2332,1897,30,30,462252150046,ESTABILIZADOR,R,,POWER,PU1200,,NEGRO,1503.020904,1.00,
2333,1896,30,30,462252150014,ESTABILIZADOR,R,,ALTRON,,80509673,NEGRO,1503.020904,1.00,
2859,3501,35,33,462252150057,ESTABILIZADOR,R,,CDP,,,NEGRO,1503.020904,1.00,
2869,3258,33,33,462252150056,ESTABILIZADOR,R,,APC,1KVA,12051696,BLANCO,1503.020904,50.15,
2882,3257,33,33,462252150045,ESTABILIZADOR,M,,ALTRON,,92610516,NEGRO,1503.020904,60.08,
2888,3256,33,33,462252150029,ESTABILIZADOR,M,,OMEGA,TECH,142392,NEGRO,1503.020904,1.00,
2889,3259,33,33,462252150079,ESTABILIZADOR,M,,APC,LE600I,4L0938P30830,BLANCO,1503.020904,54.74,
2916,3320,34,34,462252150018,ESTABILIZADOR,R,,BELTRON,AVR,,ROJO/CREMA,1503.020904,80.00,
2937,4069,44,34,462252150078,ESTABILIZADOR,R,,FORZA,FRV-1221B,FVR 12218,NEGRO,1503.020904,1.00,
2938,3321,34,34,462252150077,ESTABILIZADOR,R,,APC,BACK UPS,5B1135T21088,NEGRO,1503.020904,63.00,
3267,3511,35,35,462252150092,ESTABILIZADOR,M,,APC,LE600I,4L0938P30920,BLANCO,1503.020904,44.50,
3268,3510,35,35,462252150089,ESTABILIZADOR,M,,APC,LE600I,5L0843T27665,BLANCO,1503.020904,67.83,BAJA
3270,3505,35,35,462252150072,ESTABILIZADOR,M,,APC,LE600I,,BLANCO,1503.020904,54.74,RAEE - BAJA
3271,3517,35,35,462252150099,ESTABILIZADOR,M,,NIPPON AMERICA,,,PLOMO,1503.020904,1.00,
3272,338,41,35,462252150055,ESTABILIZADOR,M,,FES,FES10,12051696,BLANCO,1503.020904,58.56,
3297,3512,35,35,462252150094,ESTABILIZADOR,R,,CDP,,,BLANCO / PLOMO,1503.020904,57.12,RECOD- ES CALEFACTOR
3303,3506,35,35,462252150080,ESTABILIZADOR,R,,CBP,AVR,5827700052,NEGRO,1503.020904,1.00,
3314,3494,35,35,462252150035,ESTABILIZADOR,R,,AVRALTRON,S/M,92608724,NEGRO,1503.020904,54.27,
3337,3523,35,35,462252150121,ESTABILIZADOR,R,,CDP,RIZ-AVZ1008I,150527.0382,,1503.020904,32.96,
3358,1440,2,37,462252150104,ESTABILIZADOR,M,,HANSLYDER,SVC-1500W,,MARRON/BLANCO,1503.020904,1.00,
3378,1436,2,37,462252150010,ESTABILIZADOR,R,,STABYTRON,,,BLANCO,1503.020904,1.00,
3440,4035,43,43,462252150032,ESTABILIZADOR,R,,AVR OUTLES,ALTRON,582770005,NEGRO,1503.020904,54.74,
3448,4036,43,43,462252150090,ESTABILIZADOR,M,,APC,LE600I,5L0843T27665,BLANCO,1503.020904,1.00,
3456,4068,44,44,462252150009,ESTABILIZADOR,R,,POWER,CI-127,,BLANCO,1503.020904,1.00,
3494,1438,2,45,462252150025,ESTABILIZADOR,R,,LALI POWER,FP102,,NEGRO/BLANCO,1503.020904,33.79,
3518,1435,2,45,462252150005,ESTABILIZADOR,R,,BELTRON,,,ROJO,1503.020905,335.94,
3524,340,41,45,462252150101,ESTABILIZADOR,M,,SOLE,NSB200D1,,BLANCO,1503.020904,1.00,
3589,3521,35,48,462252150113,ESTABILIZADOR,M,,SUPERTRON,,,BLANCO,1503.020904,46.41,
3590,3522,35,48,462252150116,ESTABILIZADOR,M,,QUASAR,,,NEGRO,1503.020904,51.00,
3591,339,41,48,462252150063,ESTABILIZADOR,M,,CDP,,,NEGRO,1503.020904,1.00,
3592,3508,35,48,462252150087,ESTABILIZADOR,M,,ALTRON,,,NEGRO,1503.020904,52.61,
3593,3499,35,48,462252150049,ESTABILIZADOR,M,,FES10,FASE ESOLIDO,12025930,BLANCO,1503.020904,1.00,
3594,3496,35,48,462252150038,ESTABILIZADOR,M,,ALTRON,,92608726,NEGRO,1503.020904,640.00,
3595,3509,35,48,462252150088,ESTABILIZADOR,M,,APC,LINER-R 600,,CREMA,1503.020904,598.50,
3596,3483,35,48,462252150015,ESTABILIZADOR,M,,STABY TRON,,,BLANCO,1503.020904,1.00,
3597,3500,35,48,462252150051,ESTABILIZADOR,M,,ELISE,FES 10 FASE,12020317,PLOMO,1503.020904,82.00,
3598,3488,35,48,462252150022,ESTABILIZADOR,M,,LAB POWER,Y2,,BLANCO,1503.020904,200.00,
3707,187,5,5,462252150093,ESTABILIZADOR,R,,AVR,AVR-10006I,091106-05201620,NEGRO,1503.020904,1.00,
3787,3492,35,6,462252150030,ESTABILIZADOR,M,,OMEGA,TECH,142371,NEGRO,1503.020904,52.61,
3793,3497,35,6,462252150039,ESTABILIZADOR,M,,AVR ALTRON,S/M,92608724,NEGRO,1503.020904,1.00,
3867,3520,35,6,462252150110,ESTABILIZADOR,M,,POWER LITE,EXCEL SR 1004,1.20926E+15,NEGRO,1503.020904,1.00,
3868,3519,35,6,462252150107,ESTABILIZADOR,M,,HIGH POWER,ESTÁNDAR,,BLANCO,1503.020904,219.30,
3869,3516,35,6,462252150098,ESTABILIZADOR,M,,OMEGA,TECH,142368,NEGRO,1503.020904,1.00,
3870,3515,35,6,462252150097,ESTABILIZADOR,M,,BELTRON,POWER,,PLOMO,1503.020904,1.00,
3871,3514,35,6,462252150096,ESTABILIZADOR,M,,BELTRON,AVR,,ROJO/BLANCO,1503.020904,1.00,
3872,3513,35,6,462252150095,ESTABILIZADOR,M,,BELTRON,AVR,,ROJO/BLANCO,1503.020904,1.00,
3873,3507,35,6,462252150083,ESTABILIZADOR,M,,ALTRON,,,NEGRO,1503.020904,222.30,
3874,3503,35,6,462252150061,ESTABILIZADOR,R,,LAB POWER,ESTABY-1994,"""13026022",BLANCO,1503.020904,1.00,
3875,3502,35,6,462252150060,ESTABILIZADOR,M,,FAIRSTONE-POWER,,70422550,NEGRO/BLANCO,1503.020904,1.00,
3876,3495,35,6,462252150036,ESTABILIZADOR,M,,ELECTRONICS,,AC588/94,BLANCO,1503.020904,32.96,
3877,3491,35,6,462252150027,ESTABILIZADOR,R,,FESE,FES10,12028457,PLOMO,1503.020904,1.00,
3878,3490,35,6,462252150024,ESTABILIZADOR,R,,DUAL PLUS,600-DP-4,0294-96,BLANCO,1503.020904,54.27,
3879,3489,35,6,462252150023,ESTABILIZADOR,R,,LALI POWER,FP102,,BLANCO,1503.020904,110.00,
3880,3487,35,6,462252150021,ESTABILIZADOR,M,,LALI POWER,,,PLOMO,1503.020904,1.00,
3881,3486,35,6,462252150020,ESTABILIZADOR,M,,AMERICAN MICRO,DP.500N,S/S,CELESTE/BLANCO,1503.020904,1.00,
3882,3485,35,6,462252150017,ESTABILIZADOR,M,,BELTRON,AVR,,ROJO/BLANCO,1503.020904,1.00,
3883,3484,35,6,462252150016,ESTABILIZADOR,M,,STAR,1000-ST-220,0151/96,BLANCO,1503.020904,1.00,
3884,3482,35,6,462252150013,ESTABILIZADOR,M,,ALTRON,,,NEGRO,1503.020904,1.00,
3885,3481,35,6,462252150012,ESTABILIZADOR,M,,DINA POWER,,,PLOMO,1503.020904,1.00,
3886,3480,35,6,462252150011,ESTABILIZADOR,M,,HOME-POWER,600-HPC-220,78084,BLANCO,1503.020904,1.00,
3887,3479,35,6,462252150008,ESTABILIZADOR,M,,STABY TRON,ST-01,,BLANCO,1503.020904,1.00,
3888,3478,35,6,462252150007,ESTABILIZADOR,M,,BELTRON,HP-1000A,23902-979,PLOMO,1503.020904,134.99,
3889,3477,35,6,462252150004,ESTABILIZADOR,R,,BELTRON,AVR,,ROJO/BLANCO,1503.020904,1.00,
3904,3498,35,6,462252150043,ESTABILIZADOR,M,,ALTRON,,92606694,NEGRO,1503.020904,55.76,
3920,3524,35,6,462252150129,ESTABILIZADOR,M,,CYBERLINK,,,PLOMO,1503.020904,1.00,
3922,3493,35,6,462252150034,ESTABILIZADOR,M,,ALTRON,,,NEGRO,1503.020904,54.27,
3926,3504,35,6,462252150068,ESTABILIZADOR,M,,STABY TRON,ST-01,0100 5081,BLANCO,1503.020904,1.00,
4009,3476,35,6,462252150002,ESTABILIZADOR,M,,LALI POWER,SV 1004,,PLOMO,1503.020904,1.00,
1416,3525,35,,602240520001,ESTACION TOTAL,B,,LEICA,TS02,CH9935 - (TS02),ROJO/VERDE,1503.020905,34645.00,
1417,3527,35,,602240520005,ESTACION TOTAL,R,,LEICA,,135283,,1503.020905,1.00,
3585,352,41,48,602240520004,ESTACION TOTAL,R,,LEICA,2440-12,1314379,,1503.020905,1.00,CAJA ROJA
3586,3526,35,48,602240520002,ESTACION TOTAL,R,,LEICA,TSO9 PLUS,748888,ROJO/VERDE,1503.020905,1.00,
3631,351,41,48,602240520003,ESTACION TOTAL,R,,LEICA,TSO6POWER 2,13527813,VERDE/BLANCO,1503.020905,29237.00,EN CAJA ROJA
142,353,41,,746440330001,ESTANTE ARCHIVADOR DE MELAMINA,R,,,,,CAFÉ/NEGRO,1503.020102,1.00,
3516,1441,2,45,746440330002,ESTANTE ARCHIVADOR DE MELAMINA,R,0.36X0.90X1.92,,ARMARIO,,CAOBA/NEGRO,1503.020102,730.00,
3566,1539,37,47,746440330003,ESTANTE ARCHIVADOR DE MELAMINA,R,,,5 NIVELES,,MADERA/NEGRO,1503.020102,730.00,
143,354,41,,746441180022,ESTANTE DE MADERA,R,,,,,CAFÉ,1503.020102,1.00,
144,355,41,,746441180028,ESTANTE DE MADERA,M,,,4 CUERPOS,,,1503.020102,1.00,
473,942,9,,746441180027,ESTANTE DE MADERA,R,2 PUERTAS,,4 NIVELES,,MADERA,1503.020102,1.00,
514,1639,38,,746441180031,ESTANTE DE MADERA,R,3 DIVISIONES,,4 NIVELES,,CAFÉ,1503.020102,1.00,
515,1640,38,,746441180032,ESTANTE DE MADERA,R,4 DIVISIONES,,4 NIVELES,,CAFÉ,1503.020102,1.00,
516,1641,38,,746441180033,ESTANTE DE MADERA,R,2 DIVISIONES,,5 NIVELES,,CAFÉ,1503.020102,1.00,
517,1642,38,,746441180034,ESTANTE DE MADERA,R,5 DIVISIONES,,5 NIVELES,,CAFÉ,1503.020102,1.00,
518,1643,38,,746441180035,ESTANTE DE MADERA,R,5 DIVISIONES,,5 NIVELES,,CAFÉ,1503.020102,1.00,
519,1644,38,,746441180036,ESTANTE DE MADERA,R,3 DIVISIONES,,5 NIVELES,,CAFÉ,1503.020102,1.00,
520,1645,38,,746441180037,ESTANTE DE MADERA,R,2 DIVISIONES,,5 NIVELES,,CAFÉ,1503.020102,1.00,
521,1646,38,,746441180038,ESTANTE DE MADERA,R,2 DIVISIONES,,5 NIVELES,,CAFÉ,1503.020102,1.00,
522,1647,38,,746441180039,ESTANTE DE MADERA,R,2 DIVISIONES,,5 NIVELES,,CAFÉ,1503.020102,1.00,
523,1648,38,,746441180046,ESTANTE DE MADERA,R,,,,,,1503.020102,1.00,
524,1649,38,,746441180047,ESTANTE DE MADERA,R,,,,,,1503.020102,1.00,
567,1732,26,,746441180029,ESTANTE DE MADERA,M,,,3 NIVELES,,MADERA,1503.020102,1.00,
1594,1002,14,14,746441180011,ESTANTE DE MADERA,M,1.04X1.52X0.50,,,,PLOMO,1503.020102,1.00,ROTO
1870,1234,22,22,746441180019,ESTANTE DE MADERA,R,0.30X1.00X1.80,,4 NIVELES,,MADERA,1503.020102,450.00,
1910,1548,23,23,746441180017,ESTANTE DE MADERA,R,0.40X0.80X1.80,,2 PUERTAS,,CAFÉ,1503.020102,1.00,
1930,1549,23,23,746441180020,ESTANTE DE MADERA,R,0.40X0.84X1.22,,3 DIVISIONES,,NATURAL,1503.020102,1.00,
2009,1717,25,25,746441180005,ESTANTE DE MADERA,M,2 PUERTAS,,3 NIVELES,,CAFÉ,1503.020102,150.00,
2137,1839,29,29,746441180009,ESTANTE DE MADERA,M,,,2 PUERTAS,,PLOMO,1503.020102,1.00,
2368,1718,25,31,746441180007,ESTANTE DE MADERA,M,0.48x1.x0.90,,2 NIVELES,,CAFÉ,1503.020102,1.00,
2855,3260,33,33,746441180014,ESTANTE DE MADERA,M,0.40X0.80X1.80,,MESA 2 NIVELES,,,1503.020102,523.60,
2873,3261,33,33,746441180015,ESTANTE DE MADERA,R,0.40X1.60X1.80,,4 NIVELES,,CAFÉ,1503.020102,868.70,
2971,3540,35,35,746441180048,ESTANTE DE MADERA,R,0.47X2.04X1.60,,3 NIV ,,AMARILLO,1503.020102,1.00,
2987,3528,35,35,746441180004,ESTANTE DE MADERA,R,,,4 NIVELES,,PLOMO,1503.020102,150.00,
2988,3541,35,35,746441180049,ESTANTE DE MADERA,R,,,8 NIV 7 DIV,,CAOBA,1503.020102,1.00,
2989,3533,35,35,746441180030,ESTANTE DE MADERA,R,,,4 NIVELES,,CAOBA,1503.020102,1.00,
2990,3535,35,35,746441180041,ESTANTE DE MADERA,R,,,3 NIVELES,,CAOBA,1503.020102,1.00,
2993,3529,35,35,746441180008,ESTANTE DE MADERA,R,,,,,CAOBA,1503.020102,1.00,
3000,3532,35,35,746441180018,ESTANTE DE MADERA,R,,,3 NIVELES / 2 S,,PLOMO,1503.020102,1.00,ES PREFABRICADO
3014,3537,35,35,746441180043,ESTANTE DE MADERA,M,,,,,,1503.020102,1.00,BAJA-PREFABRICADO
3015,3536,35,35,746441180042,ESTANTE DE MADERA,R,,,2 DIVISIONES,,,1503.020102,1.00,
3016,3538,35,35,746441180044,ESTANTE DE MADERA,R,0.30X1.65X2.00,,4 NIV 1 DIV,,/AMARILLO,1503.020102,1.00,PREFABRICADO
3017,3539,35,35,746441180045,ESTANTE DE MADERA,R,,,,,AMARILLO,1503.020102,1.00,PREFABRICADO
3031,3534,35,35,746441180040,ESTANTE DE MADERA,R,,,4 NIVELES,,AMARILLO,1503.020102,1.00,
3319,3531,35,35,746441180012,ESTANTE DE MADERA,R,1.03x0.29x1.51,,4 NIVELES,,CAOBA,1503.020102,1.00,
3397,164,4,4,746441180013,ESTANTE DE MADERA,M,4x1.90x0.35,,,,CAFÉ,1503.020102,1.00,
3417,163,4,4,746441180006,ESTANTE DE MADERA,R,1.0X0.37X1.58,,VITRINA 2 PUERT 3 DIVS,,CAFÉ,1503.020102,150.00,
3420,162,4,4,746441180003,ESTANTE DE MADERA,R,1.12X0.41X1.48,,,,CAFÉ,1503.020102,150.00,
3436,4037,43,43,746441180002,ESTANTE DE MADERA,M,0.58*0.80*1.40,,3 NIVELES,,CAFÉ/BEIGE,1503.020102,150.00,
3478,4072,44,44,746441180025,ESTANTE DE MADERA,R,0.31X1.20X2.15,,2 GAVETAS 5 NIV,,MADERA,1503.020102,1.00,
3481,4071,44,44,746441180024,ESTANTE DE MADERA,R,0.28X1.83X1.90,,ANDAMIO 5 NIVES,,CAFÉ,1503.020102,1.00,
3486,4070,44,44,746441180023,ESTANTE DE MADERA,R,0.31X1.20X2.17,,2 GAVETAS 5 NIV,,CAFE,1503.020102,1.00,
3547,1442,2,47,746441180021,ESTANTE DE MADERA,R,,,3 NIVELES,,CAFÉ,1503.020102,1.00,
3560,1443,2,47,746441180026,ESTANTE DE MADERA,M,,,3 DIVISIONES,,MARRON,1503.020102,1.00,
3949,809,6,6,746441180001,ESTANTE DE MADERA,M,1 DIVISION,,3 NIVELES,,AMARILLO/CAOBA,1503.020102,150.00,
4058,810,6,6,746441180016,ESTANTE DE MADERA,M,1 DIVISION,MADERA,3 NIVELES,,AMARILLO/CAOBA,1503.020102,1.00,
4094,3530,35,9,746441180010,ESTANTE DE MADERA,R,,,5 NIVELES,,PLOMO,1503.020102,300.00,
145,356,41,,746441520003,ESTANTE DE MELAMINA,B,,,,,,1503.020102,1.00,
146,357,41,,746441520004,ESTANTE DE MELAMINA,B,,,,,,1503.020102,1.00,
147,358,41,,746441520005,ESTANTE DE MELAMINA,M,,,,,,1503.020102,1.00,
1725,1237,22,22,746441520010,ESTANTE DE MELAMINA,B,0.30X1.20X2.00,,5 NIVELES,,NEGRO,1503.020102,950.00,
1862,1236,22,22,746441520009,ESTANTE DE MELAMINA,R,0.30X1.20X2.00,,4 NIVELES,,NEGRO,1503.020102,950.00,
1863,1235,22,22,746441520006,ESTANTE DE MELAMINA,R,038X1.20X2.05,,5 NIVELES/2 DIS,,CAFÉ,1503.020102,720.00,
1945,1583,24,24,746441520002,ESTANTE DE MELAMINA,R,0.38X0.80X2.00,,3 PUERTAS,,CAFÉ CEDRO,1503.020102,2300.00,
2112,1812,28,28,746441520007,ESTANTE DE MELAMINA,B,1.23X0.32X2.01,,5 NIVELES/2 DIS,,NEGRO/BEIGE,1503.020102,950.00,MEJ. RIEGO DE AGUA CALLAZA - HUACULLANI
3396,1444,2,37,746441520001,ESTANTE DE MELAMINA,R,0.35X0.90X1.90,,6 NIVELES,,CAFÉ/NEGRO,1503.020102,495.00,
3515,1445,2,45,746441520008,ESTANTE DE MELAMINA,R,2.00X1.2.X0.30,,5 NIVELES,,CAFÉ/NEGRO,1503.020102,950.00,
148,359,41,,746441860004,ESTANTE DE METAL,R,,,,,,1503.020102,1.00,
149,362,41,,746441860020,ESTANTE DE METAL,R,,,,,PLOMO,1503.020102,1.00,
150,363,41,,746441860021,ESTANTE DE METAL,R,1 DIVISION,,5 NIVELES,,PLOMO,1503.020102,1.00,
151,364,41,,746441860022,ESTANTE DE METAL,M,,,ANDAMIO,,,1503.020102,1.00,
152,365,41,,746441860023,ESTANTE DE METAL,R,,,5 NIVELES,,PLOMO/BLANCO,1503.020102,1.00,
153,366,41,,746441860024,ESTANTE DE METAL,M,,,ANDAMIO,,,1503.020102,1.00,
154,367,41,,746441860025,ESTANTE DE METAL,M,,,ANDAMIO,,,1503.020102,1.00,
155,368,41,,746441860026,ESTANTE DE METAL,M,,,,,PLOMO,1503.020102,1.00,
525,1650,38,,746441860062,ESTANTE DE METAL,M,2 DIVISIONES,,2 NIVELES,,PLOMO,1503.020102,1.00,
526,1651,38,,746441860063,ESTANTE DE METAL,R,2 DIVISIONES,,4 NIVELES,,PLOMO,1503.020102,1.00,
527,1652,38,,746441860064,ESTANTE DE METAL,R,2 DIVISIONES,,4 NIVELES,,PLOMO,1503.020102,1.00,
528,1653,38,,746441860065,ESTANTE DE METAL,R,2 DIVISIONES,,4 NIVELES,,PLOMO,1503.020102,1.00,
529,1654,38,,746441860066,ESTANTE DE METAL,R,3 DIVISIONES,,4 NIVELES,,PLOMO,1503.020102,1.00,
530,1655,38,,746441860067,ESTANTE DE METAL,R,2 DIVISIONES,,4 NIVELES,,PLOMO,1503.020102,1.00,
531,1656,38,,746441860068,ESTANTE DE METAL,R,2 DIVISIONES,,4 NIVELES,,PLOMO,1503.020102,1.00,
532,1657,38,,746441860069,ESTANTE DE METAL,R,2 DIVISIONES,,4 NIVELES,,PLOMO,1503.020102,1.00,
533,1658,38,,746441860070,ESTANTE DE METAL,R,2 DIVISIONES,,4 NIVELES,,PLOMO,1503.020102,1.00,
534,1659,38,,746441860071,ESTANTE DE METAL,R,3 DIVISIONES,,4 NIVELES,,PLOMO,1503.020102,1.00,
535,1660,38,,746441860072,ESTANTE DE METAL,R,2 DIVISIONES,,5 NIVELES,,PLOMO,1503.020102,1.00,
536,1661,38,,746441860073,ESTANTE DE METAL,R,2 DIVISIONES,,5 NIVELES,,PLOMO,1503.020102,1.00,
537,1662,38,,746441860074,ESTANTE DE METAL,R,2 DIVISIONES,,5 NIVELES,,PLOMO,1503.020102,1.00,
538,1663,38,,746441860075,ESTANTE DE METAL,R,,,6 DIVISIONES,,PLOMO/BLANCO,1503.020102,1.00,
539,1664,38,,746441860076,ESTANTE DE METAL,R,,,6 DIVISIONES,,PLOMO/BLANCO,1503.020102,1.00,
782,2236,40,,746441860053,ESTANTE DE METAL,R,,,5 NIVELES,,BLANCO,1503.020102,1.00,
783,2237,40,,746441860054,ESTANTE DE METAL,R,,,,,,1503.020102,1.00,
1662,1145,16,16,746441860002,ESTANTE DE METAL,M,,,3 NIVELES,,BLANCO/PLOMO,1503.020102,1.00,CONSTRUCCION DE RIEGO TECNIFICADO
2320,1904,30,30,746441860044,ESTANTE DE METAL,R,0.30X1.14X2.40,,6 NIV RANURADO,,BLANCO/PLOMO,1503.020102,1.00,
2321,1899,30,30,746441860039,ESTANTE DE METAL,R,0.30X1.14X2.40,,6 NIV RANURADO,,BLANCO/PLOMO,1503.020102,1.00,
2322,1901,30,30,746441860041,ESTANTE DE METAL,R,0.30X1.14X2.40,,6 NIV RANURADO,,BLANCO/NARANJA,1503.020102,1.00,
2323,1902,30,30,746441860042,ESTANTE DE METAL,R,0.30X1.14X2.40,,6 NIV RANURADO,,BLANCO/NARANJA,1503.020102,1.00,
2325,1905,30,30,746441860045,ESTANTE DE METAL,R,0.30X1.14X2.40,,6 NIV RANURADO,,BLANCO/PLOMO,1503.020102,1.00,ELIMINAR
2326,1903,30,30,746441860043,ESTANTE DE METAL,R,0.30X1.14X2.40,,6 NIV RANURADO,,BLANCO/PLOMO,1503.020102,1.00,ELIMINAR
2335,1906,30,30,746441860046,ESTANTE DE METAL,R,2.40X0.30X1.14,,6 DIVI RANURAD,,BLANCO/PLOMO,1503.020102,1.00,
2336,1900,30,30,746441860040,ESTANTE DE METAL,R,0.30X1.14X2.40,,6 NIV RANURADO,,BLANCO/PLOMO,1503.020102,1.00,
2473,2939,32,32,746441860016,ESTANTE DE METAL,R,2.51x0.61x1.83,,ANDAMIO,,PLOMO,1503.020102,1.00,
2546,360,41,32,746441860005,ESTANTE DE METAL,R,RANURADO,,5NIV 1 DIV,,PLOMO,1503.020102,1.00,
2570,2936,32,32,746441860001,ESTANTE DE METAL,M,,,ANDAMIO,,PLOMO,1503.020102,1.00,ELIMINAR
2790,2937,32,32,746441860006,ESTANTE DE METAL,M,,,,,PLOMO,1503.020102,1.00,
2826,2938,32,32,746441860007,ESTANTE DE METAL,M,,,,,PLOMO,1503.020102,1.00,
2845,3262,33,33,746441860012,ESTANTE DE METAL,R,0.29X1.15X2.30,,5 NIVELES1 DIV,,PLOMO/BLANCO,1503.020102,1.00,ELIMINAR
2925,3322,34,34,746441860058,ESTANTE DE METAL,R,030X1.15X2.30,,6 NIV/1DIV,,BLANCO/PLOMO,1503.020102,1.00,ELIMINAR
2967,361,41,35,746441860010,ESTANTE DE METAL,R,ANDAMIO,,5 NIVELES 3DIV,,PLOMO/BLANCO,1503.020102,1.00,HASTA AQUI ALMACEN 2
2968,369,41,35,746441860061,ESTANTE DE METAL,R,ANDAMIO,,4 NIVELES 1 DIV,,PLOMO,1503.020102,1.00,
2973,3542,35,35,746441860050,ESTANTE DE METAL,M,,,3 NIVELES,,PLOMO,1503.020102,1.00,
3364,1447,2,37,746441860037,ESTANTE DE METAL,R,,,6 NIV RANURADO,,BLANCO,1503.020102,1.00,ELIMINAR
3400,181,4,4,746441860057,ESTANTE DE METAL,R,1.14X0.29X2.05,,5 NIVELES/01 DN,,BLANCO/PLOMO,1503.020102,1.00,ELIMINAR
3401,166,4,4,746441860009,ESTANTE DE METAL,R,1.14X0.30X1.92,,4 NIV RANURADO,,BLANCO,1503.020102,1.00,ELIMINAR
3402,168,4,4,746441860013,ESTANTE DE METAL,R,1.14X0.30X1.92,,4 NIV RANURADO,,BLANCO,1503.020102,1.00,ELIMINAR
3403,178,4,4,746441860052,ESTANTE DE METAL,R,1.13X0.30X1.92,,4 NIV RANURADO,,BLANCO,1503.020102,1.00,ELIMINAR
3404,170,4,4,746441860030,ESTANTE DE METAL,R,1.14X0.30X2.20,,6 NIV RANURADO,,PLOMO,1503.020102,280.00,ELIMINAR
3405,173,4,4,746441860033,ESTANTE DE METAL,R,1.14X0.30X2.25,,5 NIV RANURADO,,BLANCO,1503.020102,1.00,ELIMINAR
3406,171,4,4,746441860031,ESTANTE DE METAL,R,1.14X0.30X2.25,,5 NIV RANURADO,,BLANCO,1503.020102,1.00,ELIMINAR
3407,175,4,4,746441860036,ESTANTE DE METAL,R,1.14X0.30X2.25,,6 NIV RANURADO,,PLOMO,1503.020102,280.00,ELIMINAR
3408,172,4,4,746441860032,ESTANTE DE METAL,R,1.14X0.31X2.19,,6 NIV RANURADO,,PLOMO,1503.020102,1.00,ELIMINAR
3409,174,4,4,746441860035,ESTANTE DE METAL,R,1.14X0.31X2.19,,6 NIV RANURADO,,PLOMO,1503.020102,280.00,ELIMINAR
3410,176,4,4,746441860038,ESTANTE DE METAL,R,1.14X0.29X2.39,,6 NIV RANURADO,,BLANCO,1503.020102,1.00,ELIMINAR
3411,182,4,4,746441860059,ESTANTE DE METAL,R,1.92X1.14X0.31,,5 NIV RANURADO,,BLANCO,1503.020102,1.00,ELIMINAR
3412,180,4,4,746441860056,ESTANTE DE METAL,R,1.92X1.14X0.31,,5 NIV RANURADO,,BLANCO,1503.020102,1.00,ELIMINAR
3413,179,4,4,746441860055,ESTANTE DE METAL,R,1.92X1.14X0.31,,5 NIV RANURADO,,BLANCO,1503.020102,1.00,ELIMINAR
3414,177,4,4,746441860051,ESTANTE DE METAL,R,1.92X1.14X0.31,,5 NIV RANURADO,,BLANCO,1503.020102,1.00,ELIMINAR
3416,183,4,4,746441860060,ESTANTE DE METAL,R,0.91X0.30X1.90,,5 NIV RANURADO,,PLOMO,1503.020102,1.00,ELIMINAR
3418,167,4,4,746441860011,ESTANTE DE METAL,R,1.14X0.30X2.40,,RANURADO,,PLOMO,1503.020102,1.00,ELIMINAR
3419,169,4,4,746441860014,ESTANTE DE METAL,R,1.14X0.30X2.40,,5 NIV RANURADO,,PLOMO/BLANCO,1503.020102,1.00,ELIMINAR
3423,165,4,4,746441860008,ESTANTE DE METAL,R,,,5 NIV RANURADO,,PLOMO,1503.020102,1.00,ELIMINAR
3450,4038,43,43,746441860029,ESTANTE DE METAL,R,0.60*1.14*2.40,METAL,6 NIVELES,,BLANCO/PLOMO,1503.020102,240.00,
3465,4077,44,44,746441860028,ESTANTE DE METAL,R,0.30X1.13X2.25,INREKA SAC,ANDAMIO 5 NIS,,BLANCO/PLOMO,1503.020102,1.00,
3466,4074,44,44,746441860018,ESTANTE DE METAL,R,0.30X1.14X2.10,INREKA SAC,ANDAMIO 5 NIVES,,BLANCO/PLOMO,1503.020102,1.00,
3482,4075,44,44,746441860019,ESTANTE DE METAL,R,0.30X1.14X2.25,INREKA SAC,ANDAMIO 5 NIVES,,BLANCO/PLOMO,1503.020102,1.00,
3483,4073,44,44,746441860015,ESTANTE DE METAL,R,0.30X1.14X2.25,INREKA SAC,ANDAMIO 5 NIVES,,BLANCO/PLOMO,1503.020102,1.00,
3543,1450,2,47,746441860049,ESTANTE DE METAL,R,,,5 NIVELES,,PLOMO,1503.020102,1.00,
3544,1449,2,47,746441860048,ESTANTE DE METAL,R,,,5 NIVELES,,PLOMO,1503.020102,1.00,
3554,1448,2,47,746441860047,ESTANTE DE METAL,R,,,5 NIV RANURADO,,PLOMO,1503.020102,1.00,ELIMINAR
3559,1446,2,47,746441860034,ESTANTE DE METAL,R,1 DIVISION,,5 NIV RANURADO,,PLOMO,1503.020102,1.00,ELIMINAR
3710,188,5,5,746441860017,ESTANTE DE METAL,R,0.44X1.14X2.40,INMEKA SAC,5 DIV RANURADO,,BLANCO/PLOMO,1503.020102,1.00,
4090,940,8,8,746441860003,ESTANTE DE METAL,M,2 PUERTAS,,3 NIVELES,,CELESTE,1503.020102,1.00,
4093,4076,44,9,746441860027,ESTANTE DE METAL,R,0.30X1.14X2.10,INREKA SAC,ANDAMIO 5 NIS,,BLANCO/PLOMO,1503.020102,1.00,
156,370,41,,532262380003,ESTUFA,M,,,,,ROJO,1503.020402,1.00,
3634,3543,35,48,532262380001,ESTUFA,M,,HIVAKY,QH-90B,,BLANCA,1503.020402,1.00,BAJA
3638,3544,35,48,532262380002,ESTUFA,R,,CONTINENTAL,,,BLANCO,1503.020402,159.00,ELECTRICO/RECOD
157,371,41,,322239390001,ESTUFA ELECTRICA,M,,DELONGHI,IMACO,,NEGRO,1503.020902,253.00,
158,372,41,,322239390010,ESTUFA ELECTRICA,M,,,,,CAFÉ/BLANCO,1503.020902,1.00,
1493,1003,14,14,322239390011,ESTUFA ELECTRICA,M,,,,,VERDE,1503.020902,1.00,
1494,1004,14,14,322239390012,ESTUFA ELECTRICA,M,,,,,VERDE,1503.020902,1.00,
1928,1550,23,23,322239390002,ESTUFA ELECTRICA,X,,IMACO,05RFR7AC,211241,BLANCO,1503.020902,1.00,
2874,3263,33,33,322239390003,ESTUFA ELECTRICA,R,,IMACO,,,BLANCO,1503.020902,1.00,
2996,3546,35,35,322239390005,ESTUFA ELECTRICA,M,,FAEDI,,,ROJO,1503.020902,255.00,BAJA
3639,3547,35,48,322239390009,ESTUFA ELECTRICA,M,,CONTINENTAL,,,BLANCO,1503.020902,159.00,
3892,3545,35,6,322239390004,ESTUFA ELECTRICA,M,,IMACO,,,GRIS,1503.020902,1.00,
3958,811,6,6,322239390006,ESTUFA ELECTRICA,M,,FAEDI,RAYOMATIC,,ROJO,1503.020902,1.00,
3959,812,6,6,322239390007,ESTUFA ELECTRICA,M,,FAEDI,,,ROJO,1503.020902,1.00,
3960,813,6,6,322239390008,ESTUFA ELECTRICA,M,,,,,ROJO,1503.020902,1.00,
1944,1584,24,24,882225250006,EXTINTOR,R,,KATZE,,,ROJO,1503.020903,1.00,
2062,1813,28,28,882225250001,EXTINTOR,M,,FADEX,,,ROJO,1503.020903,1.00,SIN RECARGA
2174,77,3,3,882225250007,EXTINTOR,M,,ABC,,,ROJO,1503.020903,1.00,
2175,76,3,3,882225250005,EXTINTOR,M,,ZIPAI,POLVO SECO,,GRANATE,1503.020903,1.00,
2176,78,3,3,882225250008,EXTINTOR,M,,ABC,,,ROJO,1503.020903,1.00,ES PEQUEÑO
2196,75,3,3,882225250004,EXTINTOR,M,,ZIPAI,POLVO SECO,,ROJO,1503.020903,1.00,
2197,74,3,3,882225250002,EXTINTOR,M,,,,,ROJO,1503.020903,1.00,
3714,373,41,51,882225250009,EXTINTOR,M,,ABC,,,ROJO,1503.020903,1.00,
3830,3548,35,6,882225250003,EXTINTOR,R,,,,,,1503.020903,225.00,
2493,2940,32,32,952237910001,FACSIMIL,M,,PANASONIC,PANAFAX,1920202252,BLANCO,1503.020303,1.00,
2510,2942,32,32,952237910004,FACSIMIL,M,,PANASONIC,KX-FS80LA,7CBRA031520,NEGRO,1503.020303,1.00,
2578,2941,32,32,952237910003,FACSIMIL,M,,PANASONIC,KX-F750,4JCHB028031,NEGRO,1503.020303,1.00,
2881,3264,33,33,952237910005,FACSIMIL,M,,PANASONIC,KXFT988LS,Z6BWE020029,NEGRO,1503.020303,700.00,
4055,814,6,6,952237910002,FACSIMIL,M,,PANASONIC,KFK-50,2KAHD 306082,NEGRO,1503.020303,1.00,
159,374,41,,952238290006,FILMADORA,M,,SONY,DCR-SR42,950546,PLOMO,1503.020303,1.00,
784,2238,40,,952238290001,FILMADORA,M,,PANASONIC,PV-GS320,,PLOMO/NEGRO,1503.020303,1.00,
785,2239,40,,952238290003,FILMADORA,M,,,,,,1503.020303,1.00,
786,2240,40,,952238290005,FILMADORA,M,,,,,,1503.020303,1.00,
787,2241,40,,952238290007,FILMADORA,M,,,,,,1503.020303,1.00,
788,2242,40,,952238290009,FILMADORA,M,,,,,,1503.020303,1.00,
3034,3549,35,35,952238290002,FILMADORA,M,,PANASONIC,N-9000,E7HB00052,,1503.020303,3631.00,BAJA
3037,3551,35,35,952238290008,FILMADORA,M,,PANASONIC,NV-3000PN,J3HB03579,NEGRO,1503.020303,1.00,BAJA
3047,3550,35,35,952238290004,FILMADORA,M,,PANASONIC,NV-VJ83PN,D31A11463,,1503.020303,1400.00,BAJA
3162,3552,35,35,952238290010,FILMADORA,M,,CANON,,,NEGRO,1503.020303,7989.00,BAJA
3181,3553,35,35,952238470001,FILMADORA PROCESADORA DE MICROFICHAS,M,,PANASONIC,PV-GS320,,PLOMO/NEGRO,1503.020303,3750.00,BAJA
495,1451,2,,742227260005,FOTOCOPIADORA EN GENERAL,M,,MITA ENERGY,AI 3010,,BEIGE/BLANCO,1503.020101,1.00,
1797,1238,22,22,742227260010,FOTOCOPIADORA EN GENERAL,M,,KONICAV MINOLTA,BIZHUB 363,A1UE041,,1503.020101,11549.00,
1949,1585,24,24,742227260011,FOTOCOPIADORA EN GENERAL,R,,KONICA MINOLTA,BZ 283,AIUF011101488,BLANCO/PLOMO,1503.020101,3150.00,
2574,2944,32,32,742227260006,FOTOCOPIADORA EN GENERAL,M,,KYOCERA,KM-1635,PMF 6200251,,1503.020101,1.00,
2575,2943,32,32,742227260001,FOTOCOPIADORA EN GENERAL,M,,,NP1010F1729000,PTG16446,CREMA,1503.020101,1.00,
2774,2946,32,32,742227260008,FOTOCOPIADORA EN GENERAL,M,,KONICA MINOLTA,VISH HUB-350,,BLANCO,1503.020101,3656.00,
2775,2945,32,32,742227260007,FOTOCOPIADORA EN GENERAL,M,,RICOH,AFICIO,,BLANCO,1503.020101,4032.45,
3356,3554,35,35,742227260013,FOTOCOPIADORA EN GENERAL,B,,KYOCERA,FS-6525MFP ECOS,M5Q006219661,BLANCO,1503.020101,1.00,
3363,1452,2,37,742227260012,FOTOCOPIADORA EN GENERAL,R,,KONICA MINOLTA,BIZ HUB 552,A2WV011001824,BLANCO/PLOMO,1503.020101,4950.00,MALOGRADO
3932,1179,21,6,742227260009,FOTOCOPIADORA EN GENERAL,M,,KONICA MINOLTA,1312HUB 920,15SARO7141,PLOMO,1503.020101,8100.00,
3963,816,6,6,742227260003,FOTOCOPIADORA EN GENERAL,M,,PRINCE FAN,UIZAO,46011013,BLANCO/PLOMO,1503.020101,1.00,
4043,817,6,6,742227260004,FOTOCOPIADORA EN GENERAL,M,,ROYAL,28031ZMR,,BLANCO,1503.020101,1.00,
4048,815,6,6,742227260002,FOTOCOPIADORA EN GENERAL,M,,MITA,DC 3055,316958,BLANCO,1503.020101,7402.50,
2794,2947,32,32,675010400001,FRESADORA,M,,,,,,1503.020999,1.00,
3866,3555,35,6,462256460001,FUENTE DE ALIMENTACION,M,,YEASU FP 700,,,BLANCO,1503.020904,1.00,
160,375,41,,462260760007,FUENTE DE PODER,R,,,11-9215,,,1503.020904,1.00,
161,376,41,,462260760008,FUENTE DE PODER,R,,,,,,1503.020904,1.00,
162,377,41,,462260760009,FUENTE DE PODER,R,,CYBERLINK,ATX-580W,,PLOMO,1503.020904,1.00,
163,378,41,,462260760010,FUENTE DE PODER,M,,CYBERTEL,SXZW/500,,PLOMO,1503.020904,1.00,
789,2243,40,,462260760001,FUENTE DE PODER,M,,,,,,1503.020904,1.00,
790,2244,40,,462260760002,FUENTE DE PODER,M,,,,,,1503.020904,1.00,
791,2245,40,,462260760003,FUENTE DE PODER,M,,,,,,1503.020904,1.00,
1418,3559,35,,462260760012,FUENTE DE PODER,R,,ALTRON,,PK-200,PLOMO,1503.020904,1.00,
1419,3560,35,,462260760013,FUENTE DE PODER,M,,,,,,1503.020904,10.00,
3789,3556,35,6,462260760004,FUENTE DE PODER,M,,MR,PS1220,,NEGRO,1503.020904,1.00,
3865,3558,35,6,462260760006,FUENTE DE PODER,M,,,11-9215,,,1503.020904,1.00,
3921,3557,35,6,462260760005,FUENTE DE PODER,M,,,11-9215,,,1503.020904,1.00,
164,379,41,,672263370004,GATA HIDRAULICA DE ALUMINIO PARA RESCATE,R,,,,8511,,1503.020906,1.00,
792,2246,40,,672263370001,GATA HIDRAULICA DE ALUMINIO PARA RESCATE,R,,,,,,1503.020906,1.00,
793,2247,40,,672263370002,GATA HIDRAULICA DE ALUMINIO PARA RESCATE,R,,,,,,1503.020906,1.00,
794,2248,40,,672263370003,GATA HIDRAULICA DE ALUMINIO PARA RESCATE,R,,,,,,1503.020906,1.00,
2199,79,3,3,672263370005,GATA HIDRAULICA DE ALUMINIO PARA RESCATE,M,,CHINA,,8511,VERDE,1503.020906,1.00,
165,380,41,,672263820001,GATAS EN GENERAL,M,,NIKE,,,AZUL,1503.020906,285.00,
166,381,41,,672263820002,GATAS EN GENERAL,M,,TRUPPER,,,ROJO/NARANJA/PO,1503.020906,1850.00,
13,83,3,,462261830012,GENERADOR (OTROS),M,,,,GCAFH-1946299,ROJO,1503.020904,3600.00,
167,382,41,,462261830004,GENERADOR (OTROS),M,,HONDA,GX-140,2566835,ROJO,1503.020904,1.00,
168,383,41,,462261830015,GENERADOR (OTROS),R,,HONDA GX,ED9*JH188F,,AZUL,1503.020904,6850.00,
169,384,41,,462261830016,GENERADOR (OTROS),R,,HONDA GX,EP 2500 CX,4641681,ROJO,1503.020904,3350.00,
795,2249,40,,462261830002,GENERADOR (OTROS),M,,,,,,1503.020904,1.00,
796,2250,40,,462261830007,GENERADOR (OTROS),M,,,,,,1503.020904,1.00,
797,2251,40,,462261830009,GENERADOR (OTROS),R,,,,,,1503.020904,1.00,
798,2252,40,,462261830010,GENERADOR (OTROS),R,,,,,,1503.020904,1.00,
799,2253,40,,462261830011,GENERADOR (OTROS),R,,,,,,1503.020904,1.00,
2059,1814,28,28,462261830013,GENERADOR (OTROS),M,,HONDA,EP 2500 CX,JH168F GCAAH-4491462,ROJO/NEGRO,1503.020904,3350.00,
2188,85,3,3,462261830019,GENERADOR (OTROS),M,,HYUNDAI,HY10000LE,,NEGRO,1503.020904,14000.00,
2189,87,3,3,462261830021,GENERADOR (OTROS),M,,HONDA,EG-5000X,,ROJO/NEGRO,1503.020904,7900.00,
2190,86,3,3,462261830020,GENERADOR (OTROS),M,,HONDA,EG-5000X,20C19,ROJO/NEGRO,1503.020904,7900.00,
2191,84,3,3,462261830018,GENERADOR (OTROS),M,,HONDA,EG6500CXS,,ROJO,1503.020904,5600.00,
2209,80,3,3,462261830003,GENERADOR (OTROS),M,,HONDA,EG2500,GC02-2278782,ROJO,1503.020904,7900.00,
2248,82,3,3,462261830006,GENERADOR (OTROS),M,,HONDA,EP6500CXS,GCAFH-0062051,ROJO/NEGRO,1503.020904,7100.00,
2250,81,3,3,462261830005,GENERADOR (OTROS),M,,VOLTMETER,,188F-D/090600012,AZUL,1503.020904,7770.00,
3725,385,41,55,462261830017,GENERADOR (OTROS),R,,HONDA GX,EG 5000CX,23205,ROJO,1503.020904,4880.00,
3744,6,1,57,462261830001,GENERADOR (OTROS),R,,HONDA,EG5000CX,EU1JH182FGCAEH0040899,ROJO,1503.020904,9600.00,
3758,1529,37,57,462261830022,GENERADOR (OTROS),R,,HONDA,EG-5000X,20T24,ROJO/NEGRO,1503.020904,7900.00,
3765,2948,32,58,462261830014,GENERADOR (OTROS),M,,HONDA,EG 5000CX,,ROJO/NEGRO,1503.020904,1.00,
3781,1518,37,58,462261830008,GENERADOR (OTROS),R,,HONDA,EG6500CXS,GCAFH-0261554,ROJO/NEGRO,1503.020904,6400.00,
3829,3561,35,6,952240180001,GENERADOR DE CARACTERES,M,,VIDEONICS,TM-2000-NTSC,238746,NEGRO,1503.020303,1.00,
170,386,41,,672264720002,GENERADOR EOLICO,M,,HONDA,GX390,ED9X JH188F GCAFH 08,ROJO,1503.020906,1.00,
171,387,41,,672264720004,GENERADOR EOLICO,R,,HONDA,EP2500CX,EAMC3294414,ROJO,1503.020906,2600.00,
800,2254,40,,672264720001,GENERADOR EOLICO,M,,,,,,1503.020906,1.00,
801,2255,40,,672264720003,GENERADOR EOLICO,M,,,,,,1503.020906,1.00,
3175,3562,35,35,952245840001,GRABADORA PARA CINTA DE SONIDO (CASSETE),M,,SONY,,,NEGRO,1503.020303,1.00,BAJA
172,388,41,,462265070004,GRUPO ELECTROGENO,M,,,326431,635935,,1503.020904,1.00,
802,2256,40,,462265070001,GRUPO ELECTROGENO,R,,,,,,1503.020904,1.00,
2016,1722,25,25,462265070002,GRUPO ELECTROGENO,M,,,S135D-3,82028,,1503.020904,1.00,
2017,1723,25,25,462265070003,GRUPO ELECTROGENO,M,,,,,,1503.020904,1.00,
2379,2013,31,31,462265070006,GRUPO ELECTROGENO,M,,VERDE,,8602006,,1503.020904,1.00,
2436,2014,31,31,462265070007,GRUPO ELECTROGENO,M,,,,8602004,VERDE OSCURO,1503.020904,1.00,
2437,2012,31,31,462265070005,GRUPO ELECTROGENO,M,,,,84003,AMARILLO,1503.020904,1.00,
803,2258,40,,742229930002,GUILLOTINA,M,,,,,,1503.020101,1.00,
804,2259,40,,742229930003,GUILLOTINA,M,,,,,,1503.020101,1.00,
1713,1180,21,21,742229930005,GUILLOTINA,M,,TOWER,,,BLANCO,1503.020101,1.00,
1816,1239,22,22,742229930008,GUILLOTINA,R,,IDEAL 1036,,,BLANCO,1503.020101,1.00,
3224,3563,35,35,742229930006,GUILLOTINA,M,,,,,BLANCO,1503.020101,140.00,BAJA
3225,3564,35,35,742229930009,GUILLOTINA,M,,TOWER,,,PLOMO/NEGRO,1503.020101,1.00,BAJA
3393,1453,2,37,742229930004,GUILLOTINA,M,,WARRIOR,SINCE,,PLOMO/BLANCO,1503.020101,1.00,
3439,4039,43,43,742229930007,GUILLOTINA,R,,TOWER,PAPER CUTTER,,PLOMO,1503.020101,1.00,
3790,2257,40,6,742229930001,GUILLOTINA,M,,LOBOGRAPH,,,NEGRO,1503.020101,1.00,
540,1665,38,,322250000008,HERVIDOR ELECTRICO,R,,,,,,1503.020902,1.00,
1487,1005,14,14,322250000003,HERVIDOR ELECTRICO,M,,,,,NEGRO/ALUMINIO,1503.020902,1.00,
3480,4078,44,44,322250000001,HERVIDOR ELECTRICO,M,,GIMA STAR,,,CROMADO/NEGRO,1503.020902,80.00,
3799,3566,35,6,322250000004,HERVIDOR ELECTRICO,M,,POMEZZA,,,BLANCO/MORADO,1503.020902,1.00,
3918,3565,35,6,322250000002,HERVIDOR ELECTRICO,M,,,,,NEGRO,1503.020902,105.00,
3923,3568,35,6,322250000006,HERVIDOR ELECTRICO,M,,CONTINENTAL,,,BLANCO,1503.020902,1.00,
3924,3569,35,6,322250000007,HERVIDOR ELECTRICO,M,,RECORD,,,NEGRO,1503.020902,1.00,
3957,3567,35,6,322250000005,HERVIDOR ELECTRICO,M,,INTER NATIONAL,,,BLANCO,1503.020902,1.00,
805,2261,40,,322257950002,HORNO ELECTRICO,M,,,,,,1503.020902,1.00,
1557,1006,14,14,322257950005,HORNO ELECTRICO,M,,,202-1,85528,VERDE,1503.020902,1.00,
2053,2260,40,28,322257950001,HORNO ELECTRICO,R,,S/M,PT-H76,S/S,PLOMO-AZUL,1503.020902,1.00,
2072,1815,28,28,322257950003,HORNO ELECTRICO,M,,P SELECTA,ZZ0,2A2651,BLANCO,1503.020902,1.00,FALTA CONECTOR
2073,1816,28,28,322257950006,HORNO ELECTRICO,M,,MEMMERT,DIU-4005-1P20,ZTE A302,PLOMO,1503.020902,1.00,LAB.
2724,2950,32,32,322257950007,HORNO ELECTRICO,M,,,601T,290,NEGRO,1503.020902,1.00,
2836,2949,32,32,322257950004,HORNO ELECTRICO,M,,CHINA,,,,1503.020902,1.00,
22,159,4,,740832000004,IMPRESORA (OTRAS),M,,EPSON,,,,1503.020301,1350.00,
173,391,41,,740832000031,IMPRESORA (OTRAS),M,,,,,,1503.020301,1.00,
174,392,41,,740832000036,IMPRESORA (OTRAS),R,,HP,,BRBGFC7DM1V,,1503.020301,1.00,
175,393,41,,740832000056,IMPRESORA (OTRAS),M,,CANON,,KJACO9441,,1503.020301,1.00,
176,394,41,,740832000068,IMPRESORA (OTRAS),M,,HP,LASERJET M1319P,CNJ8B18381,,1503.020301,1035.00,
177,395,41,,740832000081,IMPRESORA (OTRAS),R,,KYOCERA,TASKALFA  3511I,3511I1102RH4US0,NEGRO,1503.020301,1.00,
178,396,41,,740832000084,IMPRESORA (OTRAS),R,,EPSON,L575,14431,NEGRO,1503.020301,1.00,
179,397,41,,740832000087,IMPRESORA (OTRAS),R,,EPSON,ECOTANK L6171,X4ET009353,NEGRO,1503.020301,1241.55,
496,1458,2,,740832000086,IMPRESORA (OTRAS),R,,EPSON,ECOTANK L6171,X4ET009605,NEGRO,1503.020301,1241.55,
594,1907,30,,740832000018,IMPRESORA (OTRAS),M,,HP,LASERJET P1006,VNC4B62020P1006,PLOMO/NEGRO,1503.020301,452.40,
595,1908,30,,740832000024,IMPRESORA (OTRAS),R,,HP,LASERJET P1006,VNF35677,NEGRO/PLOMO,1503.020301,475.00,
806,2262,40,,740832000003,IMPRESORA (OTRAS),,,EPSON,L375,,,1503.020301,850.00,
807,2263,40,,740832000005,IMPRESORA (OTRAS),M,,,,,,1503.020301,1.00,
808,2264,40,,740832000006,IMPRESORA (OTRAS),M,,,,,,1503.020301,1.00,
809,2265,40,,740832000007,IMPRESORA (OTRAS),M,,,,,,1503.020301,1.00,
810,2266,40,,740832000009,IMPRESORA (OTRAS),M,,,,,,1503.020301,1.00,
811,2267,40,,740832000014,IMPRESORA (OTRAS),M,,,,,,1503.020301,1.00,
812,2268,40,,740832000022,IMPRESORA (OTRAS),R,,EPSON,,,,1503.020301,1118.56,
813,2269,40,,740832000026,IMPRESORA (OTRAS),M,,,,,,1503.020301,1.00,
814,2270,40,,740832000027,IMPRESORA (OTRAS),M,,,,,,1503.020301,1.00,
815,2271,40,,740832000029,IMPRESORA (OTRAS),M,,HP,LASERJET 1319,CNL89D003L,PLOMO/NEGRO,1503.020301,1.00,
816,2272,40,,740832000032,IMPRESORA (OTRAS),M,,,,,,1503.020301,1.00,
817,2273,40,,740832000034,IMPRESORA (OTRAS),M,,,,,,1503.020301,1.00,
818,2274,40,,740832000035,IMPRESORA (OTRAS),M,,,,,,1503.020301,1.00,
819,2275,40,,740832000039,IMPRESORA (OTRAS),R,,,,,,1503.020301,1.00,
820,2276,40,,740832000042,IMPRESORA (OTRAS),R,,,,,,1503.020301,1.00,
821,2277,40,,740832000053,IMPRESORA (OTRAS),R,,,,,,1503.020301,1.00,
822,2278,40,,740832000054,IMPRESORA (OTRAS),R,,,,,,1503.020301,1.00,
823,2279,40,,740832000057,IMPRESORA (OTRAS),M,,,,,,1503.020301,1.00,
824,2280,40,,740832000058,IMPRESORA (OTRAS),M,,,,,,1503.020301,1.00,
825,2281,40,,740832000059,IMPRESORA (OTRAS),M,,,,,,1503.020301,1.00,
826,2282,40,,740832000060,IMPRESORA (OTRAS),M,,,,,,1503.020301,1.00,
827,2283,40,,740832000061,IMPRESORA (OTRAS),M,,,,,,1503.020301,1.00,
828,2284,40,,740832000062,IMPRESORA (OTRAS),M,,,,,,1503.020301,1.00,
829,2285,40,,740832000063,IMPRESORA (OTRAS),M,,,,,,1503.020301,1.00,
830,2286,40,,740832000064,IMPRESORA (OTRAS),M,,,,,,1503.020301,1.00,
831,2287,40,,740832000066,IMPRESORA (OTRAS),R,,,,,,1503.020301,1.00,
832,2288,40,,740832000069,IMPRESORA (OTRAS),M,,,,,,1503.020301,1.00,
833,2289,40,,740832000073,IMPRESORA (OTRAS),M,,,,,,1503.020301,1.00,
834,2290,40,,740832000074,IMPRESORA (OTRAS),M,,,,,,1503.020301,1.00,
835,2291,40,,740832000075,IMPRESORA (OTRAS),M,,EPSON,L4260,,,1503.020301,1250.00,
836,2292,40,,740832000085,IMPRESORA (OTRAS),R,,EPSON,ECOTANK L6171,X4ET009769,,1503.020301,1241.55,
1455,949,11,11,740832000071,IMPRESORA (OTRAS),M,,EPSON,STYLUS T-25,ME62099612,NEGRO,1503.020301,1.00,
1465,950,11,11,740832000072,IMPRESORA (OTRAS),M,,HP,LASERJET 1015,CNFB040291,PLOMO/CREMA,1503.020301,1050.00,
1466,948,11,11,740832000070,IMPRESORA (OTRAS),M,,EPSON,STYLUS C41.2A,MDJZ264747,NEGRO,1503.020301,1.00,
1471,946,11,11,740832000028,IMPRESORA (OTRAS),M,,,,,,1503.020301,1.00,
1474,947,11,11,740832000030,IMPRESORA (OTRAS),M,,HP,LASERJET P1006,VNF360584,PLOMO/NEGRO,1503.020301,480.00,
1823,1240,22,22,740832000044,IMPRESORA (OTRAS),M,,EPSON,L350,Q8DK000718,NEGRO,1503.020301,659.00,RAEE - BAJA
1915,1551,23,23,740832000047,IMPRESORA (OTRAS),R,,HP,LASERJET,CNF9DCXF9C,NEGRO,1503.020301,1.00,
1935,1586,24,24,740832000050,IMPRESORA (OTRAS),R,,HP,CE658A,BRBSF7MMQT,NEGRO,1503.020301,383.54,ERROR DE CODIFICACION
2307,1454,2,30,740832000038,IMPRESORA (OTRAS),R,,HP,LASERJET PRO,BRBFC7D25Y,BLANCO/NEGRO,1503.020301,664.00,
2642,2952,32,32,740832000012,IMPRESORA (OTRAS),M,,HP,DESKJET 2420,,AZUL/PLOMO,1503.020301,1.00,
2723,390,41,32,740832000020,IMPRESORA (OTRAS),M,,HP,MULTIFUNCIONAL,,NEGRO,1503.020301,290.00,
2727,2955,32,32,740832000040,IMPRESORA (OTRAS),M,,EPSON,TX220,MFFK0898G0,NEGRO,1503.020301,565.00,
2728,2954,32,32,740832000017,IMPRESORA (OTRAS),M,,HP,LASERJET P1505,BRBS820GVH,PLOMO NEGRO,1503.020301,1.00,
2729,2951,32,32,740832000008,IMPRESORA (OTRAS),M,,HP,LASERJET 1300,,,1503.020301,1914.00,
2772,2953,32,32,740832000013,IMPRESORA (OTRAS),M,,HP,LASERJET 1320,CNHC66Y664,,1503.020301,1550.00,
2866,3267,33,33,740832000048,IMPRESORA (OTRAS),M,,HP,M1212MF,BRJSF3Y398,NEGRO,1503.020301,718.42,
2875,3265,33,33,740832000011,IMPRESORA (OTRAS),M,,HP,LASERJET 1320,JPHC63DH7BHP,BLANCO/GRIS,1503.020301,1.00,
2890,3266,33,33,740832000023,IMPRESORA (OTRAS),M,,HP,LASERJET P1006,VNF3K18773,PLOMO/GRIS,1503.020301,475.00,
2912,3268,33,33,740832000082,IMPRESORA (OTRAS),R,,KYOCERA,FS- 1035MFP,1102MK4US0,BLANCO,1503.020301,2717.36,
2980,3586,35,35,740832000083,IMPRESORA (OTRAS),M,,KYOCERA,FS 2035,1102PM4USOLZJ5404111,BLANCO,1503.020301,2450.00,BAJA
3226,3575,35,35,740832000033,IMPRESORA (OTRAS),M,,HP,LASERJET P1102W,BRBSB4DG8W,NEGRO,1503.020301,609.58,
3230,3581,35,35,740832000051,IMPRESORA (OTRAS),M,,EPSON,L355,S42K074173,NEGRO,1503.020301,1.00,BAJA
3231,3580,35,35,740832000049,IMPRESORA (OTRAS),M,,EPSON,L355,Q8DK014057,NEGRO,1503.020301,724.00,BAJA
3232,3579,35,35,740832000046,IMPRESORA (OTRAS),M,,HP,LASERJET 153DNF,CNF9DCXF9B,NEGRO,1503.020301,1.00,BAJA
3233,3576,35,35,740832000037,IMPRESORA (OTRAS),M,,HP,LASERJET 1025NW,BRBFC7FZ05,BLANCO/NEGRO,1503.020301,1.00,BAJA
3235,389,41,35,740832000015,IMPRESORA (OTRAS),M,,HP,LASER JET 1020,BRCS787G2Q,BLANCO,1503.020301,1.00,BAJA
3236,3573,35,35,740832000021,IMPRESORA (OTRAS),M,,HP,LASERJET P1006,VNF5214067,NEGRO/PLOMO,1503.020301,475.00,BAJA
3255,3577,35,35,740832000041,IMPRESORA (OTRAS),M,,HP,LASERJET MFP12F,BBRGSD672NP,NEGRO,1503.020301,750.00,BAJA
3259,3582,35,35,740832000055,IMPRESORA (OTRAS),M,,HP,LASERJET PRO MP,CE538A,NEGRO,1503.020301,1182.00,
3260,3574,35,35,740832000025,IMPRESORA (OTRAS),M,,HP,LASERJET P1006,VNF3844127,PLOMO,1503.020301,410.00,BAJA
3263,3584,35,35,740832000076,IMPRESORA (OTRAS),M,,HP,LASERJET P1102W,BRBFC63MZW,NEGRO,1503.020301,385.00,
3292,1457,2,35,740832000079,IMPRESORA (OTRAS),M,,EPSON,L220,VGQK117651,NEGRO,1503.020301,690.00,RAEE-BAJA
3312,1541,37,35,740832000091,IMPRESORA (OTRAS),B,,EPSON,L4260,XAEY010182,NEGRO,1503.020301,1250.00,
3333,3587,35,35,740832000089,IMPRESORA (OTRAS),B,,EPSON,L4160,95H046855,NEGRO,1503.020301,1118.56,
3335,3583,35,35,740832000065,IMPRESORA (OTRAS),R,,ARGOX,OS 2140,40166310,BLANCO ,1503.020301,840.00,
3344,3570,35,35,740832000010,IMPRESORA (OTRAS),M,,HP,LASERJET 1020,CNC2G28739,CREMA,1503.020301,715.12,RAEE - BAJA
3352,3571,35,35,740832000016,IMPRESORA (OTRAS),R,,HP,Q5911A,BRBS76BHBUK,BLANCO,1503.020301,450.00,
3365,1456,2,37,740832000077,IMPRESORA (OTRAS),R,,HP,LASERJET P1102W,BRBSB4WG50,NEGRO,1503.020301,1.00,BAJA
3383,1455,2,37,740832000052,IMPRESORA (OTRAS),R,,HP,LASERJET MFP,CNF8F8P2B5,NEGRO,1503.020301,1501.62,
3434,4040,43,43,740832000067,IMPRESORA (OTRAS),R,,HP,LASERJET M1319F,Q2612A,PLOMO,1503.020301,1070.00,
3452,4041,43,43,740832000080,IMPRESORA (OTRAS),R,,EPSON,L-575,W9AY003605,NEGRO,1503.020301,836.10,
3505,3585,35,45,740832000078,IMPRESORA (OTRAS),R,,EPSON,L-575,W9AY005671,NEGRO,1503.020301,1090.00,
3533,1519,37,46,740832000088,IMPRESORA (OTRAS),B,,EPSON,C634F,XAEY060641,NEGRO,1503.020301,1350.00,OBRA VILQUECHICO
3556,1540,37,47,740832000090,IMPRESORA (OTRAS),N,,EPSON,C634F,XAEY011607,NEGRO,1503.020301,1250.00,
3584,3578,35,48,740832000045,IMPRESORA (OTRAS),M,,HP,LASERJET PRO,CNF9DCXF9B,NEGRO,1503.020301,1.00,
3642,3572,35,48,740832000019,IMPRESORA (OTRAS),M,,HP,LASERJET P1006,VNESR20104,NEGRO/PLOMO,1503.020301,340.00,
3716,1514,37,51,740832000043,IMPRESORA (OTRAS),R,,EPSON,L350,Q8DK000707,NEGRO,1503.020301,659.00,
4068,818,6,6,740832000001,IMPRESORA (OTRAS),M,,EPSON,FX 1170 - FX-10,DE10163010,BLANCO,1503.020301,1.00,
4071,819,6,6,740832000002,IMPRESORA (OTRAS),M,,EPSON,FX-1050,DE11362267,BLANCO,1503.020301,1.00,
837,2293,40,,740836500005,IMPRESORA A INYECCION DE TINTA,M,,,,,,1503.020301,1.00,
838,2294,40,,740836500014,IMPRESORA A INYECCION DE TINTA,M,,HP,3550,,,1503.020301,1.00,
839,2295,40,,740836500016,IMPRESORA A INYECCION DE TINTA,R,,,,,,1503.020301,1.00,
840,2296,40,,740836500017,IMPRESORA A INYECCION DE TINTA,R,,,,,,1503.020301,1.00,
841,2297,40,,740836500018,IMPRESORA A INYECCION DE TINTA,R,,,,,,1503.020301,1.00,
842,2298,40,,740836500019,IMPRESORA A INYECCION DE TINTA,R,,,,,,1503.020301,1.00,
843,2299,40,,740836500020,IMPRESORA A INYECCION DE TINTA,R,,,,,,1503.020301,1.00,
844,2300,40,,740836500021,IMPRESORA A INYECCION DE TINTA,R,,,,,,1503.020301,1.00,
845,2301,40,,740836500022,IMPRESORA A INYECCION DE TINTA,R,,,,,,1503.020301,1.00,
846,2302,40,,740836500023,IMPRESORA A INYECCION DE TINTA,R,,,,,,1503.020301,1.00,
847,2303,40,,740836500024,IMPRESORA A INYECCION DE TINTA,R,,,,,,1503.020301,1.00,
848,2304,40,,740836500025,IMPRESORA A INYECCION DE TINTA,R,,,,,,1503.020301,1.00,
849,2305,40,,740836500026,IMPRESORA A INYECCION DE TINTA,R,,,,,,1503.020301,1.00,
850,2306,40,,740836500027,IMPRESORA A INYECCION DE TINTA,R,,,,,,1503.020301,1.00,
851,2307,40,,740836500028,IMPRESORA A INYECCION DE TINTA,R,,,,,,1503.020301,1.00,
852,2308,40,,740836500029,IMPRESORA A INYECCION DE TINTA,R,,,,,,1503.020301,1.00,
853,2309,40,,740836500030,IMPRESORA A INYECCION DE TINTA,R,,,,,,1503.020301,1.00,
1702,1181,21,21,740836500015,IMPRESORA A INYECCION DE TINTA,B,,EPSON,L555,S4XY069527,NEGRO,1503.020301,970.00,
1813,1242,22,22,740836500034,IMPRESORA A INYECCION DE TINTA,M,,EPSON,L 575,W9AY154596,NEGRO,1503.020301,1.00,
1882,1243,22,22,740836500035,IMPRESORA A INYECCION DE TINTA,R,,EPSON,V631C,X5NV010557,NEGRO,1503.020301,1.00,
1898,1241,22,22,740836500033,IMPRESORA A INYECCION DE TINTA,B,,EPSON,L 575,W9AY155174,NEGRO,1503.020301,941.19,
1933,1587,24,24,740836500031,IMPRESORA A INYECCION DE TINTA,R,,EPSON,L575,W9AY014959,NEGRO,1503.020301,1239.00,
2643,2958,32,32,740836500003,IMPRESORA A INYECCION DE TINTA,M,,HP,DESKJET 950C,1X610038/1,BLANCO,1503.020301,1.00,
2644,2959,32,32,740836500004,IMPRESORA A INYECCION DE TINTA,M,,HP,840C,NX12RU10076,BLANCO/PLOMO,1503.020301,1.00,
2645,2957,32,32,740836500002,IMPRESORA A INYECCION DE TINTA,M,,CANON,BJC-10000,FCJ22457,BJC-10000,1503.020301,301.75,
2646,2963,32,32,740836500011,IMPRESORA A INYECCION DE TINTA,M,,HP,DESKJET 1938M-A,,BLANCO,1503.020301,385.00,
2649,2962,32,32,740836500009,IMPRESORA A INYECCION DE TINTA,M,,HP CANON,3820,,,1503.020301,490.00,
2650,398,41,32,740836500010,IMPRESORA A INYECCION DE TINTA,M,,HP,DESKJET 3820,,AZUL/PLOMO,1503.020301,1.00,
2651,2960,32,32,740836500007,IMPRESORA A INYECCION DE TINTA,M,,HP,DESKJET 810C,,BLANCO,1503.020301,1.00,
2652,2961,32,32,740836500008,IMPRESORA A INYECCION DE TINTA,M,,HP,DESKJET 842C,CNDB71P1T7,PLOMO,1503.020301,785.00,
2653,2964,32,32,740836500012,IMPRESORA A INYECCION DE TINTA,M,,HP,DESKJET 3650,,AZUL/PLOMO,1503.020301,455.00,
2683,2956,32,32,740836500001,IMPRESORA A INYECCION DE TINTA,M,,CANON,BJC-10000,FCJ22453,BJC-10000,1503.020301,301.75,
2699,2965,32,32,740836500013,IMPRESORA A INYECCION DE TINTA,M,,HP,3550,,BLANCO,1503.020301,260.00,
3742,399,41,57,740836500032,IMPRESORA A INYECCION DE TINTA,R,,EPSON,L 575,W9AY109973,NEGRO,1503.020301,941.19,
3966,820,6,6,740836500006,IMPRESORA A INYECCION DE TINTA,M,,HP,C2168A,SG420140ZD,BLANCO,1503.020301,1.00,
180,400,41,,740841000001,IMPRESORA LASER,M,,HP,LASERJET 1300,,BLANCO,1503.020301,1656.00,
181,402,41,,740841000032,IMPRESORA LASER,R,,HP,CE658A,BRB5F7PNKT,NEGRO,1503.020301,1.00,
501,1520,37,,740841000033,IMPRESORA LASER,N,,KYOCERA,ECOSYS,MEMORIA: 1024 MB,BLANCO,1503.020301,1350.00,
854,2310,40,,740841000007,IMPRESORA LASER,R,,KYOCERA,ECOSYS,,,1503.020301,4500.00,
855,2311,40,,740841000010,IMPRESORA LASER,R,,,,,,1503.020301,1.00,
856,2312,40,,740841000018,IMPRESORA LASER,R,,,,,,1503.020301,1.00,
857,2313,40,,740841000021,IMPRESORA LASER,M,,,,,,1503.020301,1.00,
1399,3269,33,,740841000019,IMPRESORA LASER,M,,HP,LASERJET P1006,VNF 4412178,PLOMO/GRIS,1503.020301,475.00,
1420,3598,35,,740841000028,IMPRESORA LASER,R,,HP,NEGRO,BRBSG76F9S,NEGRO,1503.020301,412.84,
1453,951,11,11,740841000003,IMPRESORA LASER,M,,XEROX PAS,LASER 9860,HAV401502,BLANCO,1503.020301,7500.00,
1701,1182,21,21,740841000022,IMPRESORA LASER,R,,HP,PRO P1606,BRCSF6VM18,NEGRO,1503.020301,593.96,
1822,1244,22,22,740841000013,IMPRESORA LASER,M,,HP,P1102,BRBSF3GN2Q,NEGRO,1503.020301,359.21,RAEE - BAJA
1860,1245,22,22,740841000014,IMPRESORA LASER,M,,HP,P1102W,BRBSF3FNNS,NEGRO,1503.020301,359.21,RAEE - BAJA
1861,1246,22,22,740841000027,IMPRESORA LASER,M,,HP,P1102,BRBSG76F9R,NEGRO,1503.020301,412.82,INOPERATIVO - BAJA
1916,1552,23,23,740841000017,IMPRESORA LASER,R,,HP,CE658A,BRBSF7MMPP,NEGRO,1503.020301,383.54,
2039,1749,27,27,740841000026,IMPRESORA LASER,R,,HP,P1102W,BRBSG76F9K,NEGRO,1503.020301,412.82,
2634,3589,35,32,740841000004,IMPRESORA LASER,M,,HP,LASERJET P1006,VNF3T68515,NEGRO,1503.020301,475.00,
3234,3599,35,35,740841000029,IMPRESORA LASER,M,,HP,LASER JET PRO,BRCSJ4G6XR,BLANCO,1503.020301,1096.00,BAJA
3237,3595,35,35,740841000016,IMPRESORA LASER,M,,HP,CE658A,BRBSF744MRP,NEGRO,1503.020301,383.54,BAJA
3261,3590,35,35,740841000006,IMPRESORA LASER,M,,HP,LASERJET P1102,BRBSG76F9J,PLOMO,1503.020301,1.00,
3262,3588,35,35,740841000002,IMPRESORA LASER,M,,HP,LASERJET P1006,VNF3T68193,PLOMO,1503.020301,410.00,
3336,3600,35,35,740841000030,IMPRESORA LASER,R,,HP,P1102W,BRCSJ8PLBK,NEGRO,1503.020301,496.56,
3338,3593,35,35,740841000012,IMPRESORA LASER,R,,HP,CE658A,BRBSF3FNLX,NEGRO,1503.020301,359.22,
3442,4042,43,43,740841000005,IMPRESORA LASER,R,,HP,LASERJET P1006,VNDF3567638,PLOMO,1503.020301,475.00,
3477,4079,44,44,740841000031,IMPRESORA LASER,M,,HP,LASERJET,VNF5R33784,PLOMO,1503.020301,412.00,
3510,3594,35,45,740841000015,IMPRESORA LASER,M,,HP,LASERJET 1020,BRCS787G2Q,BLANCO,1503.020301,383.54,
3651,3597,35,48,740841000025,IMPRESORA LASER,M,,HP,LASERJET P1102,BRBSG76F9J,NEGRO,1503.020301,412.82,
3652,3592,35,48,740841000009,IMPRESORA LASER,M,,HP,LASERJET P1102A,BRBFD26MSK,NEGRO,1503.020301,350.00,
3653,3596,35,48,740841000023,IMPRESORA LASER,M,,HP,P1102,BRBSG2TG1S,NEGRO,1503.020301,412.82,
3654,3591,35,48,740841000008,IMPRESORA LASER,M,,HP,LASERJET P1102W,BRBFD2GWQB,NEGRO,1503.020301,350.00,
3705,189,5,5,740841000024,IMPRESORA LASER,M,,HP,PRO P1102,BRBSG76F9H,NEGRO,1503.020301,412.82,
3769,401,41,58,740841000011,IMPRESORA LASER,M,,HP,CE658A,BRBSF1RMOS,NEGRO,1503.020301,680.00,
3965,821,6,6,740841000020,IMPRESORA LASER,M,,EPSON,FX 1170 - L160A,1D50105914,BLANCO,1503.020301,1.00,
2476,2314,40,32,740845500017,IMPRESORA MATRIZ DE PUNTO,M,,EPSON,LQ3070,2YQY006832,BLANCO,1503.020301,1.00,
2485,2967,32,32,740845500003,IMPRESORA MATRIZ DE PUNTO,M,,CANON,MG2410,,BLANCO,1503.020301,1.00,
2577,2976,32,32,740845500024,IMPRESORA MATRIZ DE PUNTO,M,,EPSON,LX-200,1Q6E058222,BLANCO,1503.020301,1.00,
2692,2969,32,32,740845500006,IMPRESORA MATRIZ DE PUNTO,M,,EPSON,FX-1170,,BLANCO,1503.020301,1406.25,
2712,2971,32,32,740845500011,IMPRESORA MATRIZ DE PUNTO,M,,EPSON,FX-1170,1K01024867,BLANCO,1503.020301,1.00,
2713,2975,32,32,740845500022,IMPRESORA MATRIZ DE PUNTO,M,,EPSON,LQ-2070,2YQY0033644,BLANCO,1503.020301,1.00,
2714,2966,32,32,740845500001,IMPRESORA MATRIZ DE PUNTO,M,,EPSON,FX-1170,6211209782,BLANCO,1503.020301,1.00,
2715,2972,32,32,740845500014,IMPRESORA MATRIZ DE PUNTO,M,,EPSON,LQ-2070,C1141700C5417031,BLANCO,1503.020301,1200.00,
2716,2968,32,32,740845500004,IMPRESORA MATRIZ DE PUNTO,M,,EPSON,FX-1170,6211176919,BLANCO,1503.020301,1427.40,
2717,2977,32,32,740845500025,IMPRESORA MATRIZ DE PUNTO,M,,EPSON,FX-1170,6211145930,BLANCO,1503.020301,1.00,
2718,2974,32,32,740845500019,IMPRESORA MATRIZ DE PUNTO,M,,EPSON,LQ-2070,ZYQYDO5112,BLANCO,1503.020301,1.00,
2719,2979,32,32,740845500027,IMPRESORA MATRIZ DE PUNTO,M,,EPSON,FX-P711A,6211056352,BLANCO,1503.020301,1.00,
2720,2973,32,32,740845500018,IMPRESORA MATRIZ DE PUNTO,M,,EPSON,LQ2180,BDXY002549,BLANCO,1503.020301,2585.15,
2721,2978,32,32,740845500026,IMPRESORA MATRIZ DE PUNTO,M,,EPSON,P631B,1X61003871,BLANCO,1503.020301,1.00,
2722,2970,32,32,740845500007,IMPRESORA MATRIZ DE PUNTO,M,,EPSON,FX-1170,6211141617,BLANCO,1503.020301,1406.25,
4061,824,6,6,740845500008,IMPRESORA MATRIZ DE PUNTO,M,,EPSON,LX300,1YLY,BLANCO,1503.020301,494.99,
4062,831,6,6,740845500020,IMPRESORA MATRIZ DE PUNTO,M,,EPSON,FX-1170,6211215322,BLANCO,1503.020301,1.00,
4063,828,6,6,740845500013,IMPRESORA MATRIZ DE PUNTO,M,,EPSON,FX-1170,1KD1034497,BLANCO,1503.020301,1.00,
4064,822,6,6,740845500002,IMPRESORA MATRIZ DE PUNTO,M,,EPSON,FX-1170,6211498273,BLANCO,1503.020301,1.00,
4065,829,6,6,740845500015,IMPRESORA MATRIZ DE PUNTO,M,,EPSON,FX-1170,6211142334,BLANCO,1503.020301,1558.70,
4066,832,6,6,740845500021,IMPRESORA MATRIZ DE PUNTO,M,,EPSON,FX-1170,6211176919,BLANCO,1503.020301,1.00,
4067,825,6,6,740845500009,IMPRESORA MATRIZ DE PUNTO,M,,EPSON,FX-1170,6211498267,BLANCO,1503.020301,1406.25,
4069,826,6,6,740845500010,IMPRESORA MATRIZ DE PUNTO,M,,EPSON,LQ1170,4161213624,BLANCO,1503.020301,1.00,
4070,827,6,6,740845500012,IMPRESORA MATRIZ DE PUNTO,M,,EPSON,FX-1170,1K0104731,BLANCO,1503.020301,1.00,
4072,823,6,6,740845500005,IMPRESORA MATRIZ DE PUNTO,M,,EPSON,LQ-1070,1K210071799,BLANCO,1503.020301,1427.40,
4073,830,6,6,740845500016,IMPRESORA MATRIZ DE PUNTO,M,,EPSON,LQ-1070,S/SERIE,BLANCO,1503.020301,1.00,
4074,833,6,6,740845500023,IMPRESORA MATRIZ DE PUNTO,M,,EPSON,STYLUS,S/S,BLANCO,1503.020301,1.00,
1843,1249,22,22,740850000005,IMPRESORA PARA PLANOS - PLOTTERS,R,,CANON,IPF770,BACG2142,,1503.020301,1.00,
1855,1248,22,22,740850000004,IMPRESORA PARA PLANOS - PLOTTERS,R,,HP,T2500,,NEGRO,1503.020301,1.00,
1886,1247,22,22,740850000003,IMPRESORA PARA PLANOS - PLOTTERS,M,,HEWLETTPA,HP-DESIGNJET,,BLANCO,1503.020301,1.00,RAEE - BAJA
2488,2981,32,32,740850000006,IMPRESORA PARA PLANOS - PLOTTERS,R,,DRI DUPLICATOR,38900,,BLANCO/PLOMO,1503.020301,1.00,
2489,2980,32,32,740850000002,IMPRESORA PARA PLANOS - PLOTTERS,R,,HP,DESIGNJET 230,ESSA5501213,PLOMO/BLANCO,1503.020301,18660.81,
3525,1459,2,45,740850000001,IMPRESORA PARA PLANOS - PLOTTERS,M,,HP,DESINGJET 500-2,SG66TD1004,PLOMO/BLANCO,1503.020301,12314.00,
3553,1460,2,47,740850000007,IMPRESORA PARA PLANOS - PLOTTERS,R,,CANON,IPF770,BACG2144,BLANCO,1503.020301,15426.50,
3033,3601,35,35,602249150001,INCLINOMETRO,M,,,JJX-3,513-C-4,,1503.020905,1.00,
182,403,41,,952246980007,INTERCOMUNICADOR,M,,PANASONIC,RJ-380,1234,NEGRO,1503.020303,1.00,
183,404,41,,952246980008,INTERCOMUNICADOR,M,,PANASONIC,RJ-380,1234,NEGRO,1503.020303,1.00,
184,406,41,,952246980010,INTERCOMUNICADOR,M,,,RJ- 380,1491,,1503.020303,1.00,
185,407,41,,952246980013,INTERCOMUNICADOR,M,,MOTOROLA,,,NEGRO/VERDE,1503.020303,1.00,
2479,405,41,32,952246980009,INTERCOMUNICADOR,M,,COMAX,WI-2CN,,BLANCO,1503.020303,1.00,
2503,2982,32,32,952246980003,INTERCOMUNICADOR,M,,NATIONAL,VL-376,,BLANCO/CAFÉ,1503.020303,1.00,
2504,2983,32,32,952246980004,INTERCOMUNICADOR,M,,NATIONAL,VL-376,,BLANCO/CAFÉ,1503.020303,1.00,
2508,2984,32,32,952246980012,INTERCOMUNICADOR,M,,NATIONAL,VL-376,,BLANCO/CAFÉ,1503.020303,1.00,
3910,3602,35,6,952246980002,INTERCOMUNICADOR,M,,COMMAX,,,BLANCO,1503.020303,1.00,
3946,834,6,6,952246980001,INTERCOMUNICADOR,M,,COMMAX,WI-2CH,,BLANCO,1503.020303,1.00,
3947,836,6,6,952246980006,INTERCOMUNICADOR,M,,PANASONIC,RJ-27,,PLOMO/NEGRO,1503.020303,1.00,
3948,835,6,6,952246980005,INTERCOMUNICADOR,M,,PANASONIC,RJ-27,,PLOMO/NEGRO,1503.020303,1.00,
4051,3603,35,6,952246980011,INTERCOMUNICADOR,M,,,TC50 PREMIO,TF12042000150,NEGRO,1503.020303,1.00,
3740,408,41,57,46427500001,JUEGO DE TAMICES,M,,,,,,1503.020501,1.00,
186,410,41,,672269180003,LAMPARA TIPO PETROMAX,M,,KOLEMAN,,,ALUMINIO/ROJO,1503.020906,485.00,
187,411,41,,672269180010,LAMPARA TIPO PETROMAX,M,,PETROMAX,RAPID,,ALUMINIO/AZUL,1503.020906,1.00,
471,841,6,,672269180009,LAMPARA TIPO PETROMAX,M,,,,,ALUMINIO/AZUL,1503.020906,1.00,
3894,3604,35,6,672269180001,LAMPARA TIPO PETROMAX,M,,,,,PLOMO,1503.020906,485.00,
3895,409,41,6,672269180002,LAMPARA TIPO PETROMAX,M,,,,,PLOMO,1503.020906,485.00,
3896,3605,35,6,672269180008,LAMPARA TIPO PETROMAX,M,,MADE IN CHINA,,,PLOMO,1503.020906,1.00,
3952,838,6,6,672269180005,LAMPARA TIPO PETROMAX,M,,PETROMAX,,,ALUMINIO,1503.020906,1.00,
3953,839,6,6,672269180006,LAMPARA TIPO PETROMAX,M,,,,,ALUMINIO/ROJO,1503.020906,485.00,
3954,837,6,6,672269180004,LAMPARA TIPO PETROMAX,M,,PETROMAX,,,ALIMINIO/AZUL,1503.020906,485.00,
3955,840,6,6,672269180007,LAMPARA TIPO PETROMAX,M,,,,,ALUMINIO/ROJO,1503.020906,485.00,
3956,842,6,6,672269180011,LAMPARA TIPO PETROMAX,M,,KOLEMAN,214700,,VERDE/PETROLEO,1503.020906,485.00,
2521,3606,35,32,252235860001,LUSTRADORA ELECTRICA DOMESTICA,M,,PHILIPS,,922712,PLOMO,1503.020902,1.00,
4017,843,6,6,252235860002,LUSTRADORA ELECTRICA DOMESTICA,M,,ROWENTA,SUMDEUM,,PLATEADO,1503.020902,1.00,
188,412,41,,742232610007,MAQUINA ANILLADORA PERFORADORA,R,,ESPIRAMATIC,,,PLOMO PLATA,1503.020101,700.00,
1815,1250,22,22,742232610003,MAQUINA ANILLADORA PERFORADORA,M,,JAMSA,ESPIRIMATIC,,PLOMO,1503.020101,798.00,BAJA
2075,1817,28,28,742232610004,MAQUINA ANILLADORA PERFORADORA,R,,JAAMSA,ESPIRIMATIC,,PLOMO,1503.020101,798.00,LAB.
2871,3270,33,33,742232610005,MAQUINA ANILLADORA PERFORADORA,M,,ESPIMITIC,SERIE PRATA,,PLOMO/PLATA,1503.020101,420.00,
3275,3608,35,35,742232610002,MAQUINA ANILLADORA PERFORADORA,M,,IBICO,,,ANARANJADO,1503.020101,1.00,
3788,3609,35,6,742232610006,MAQUINA ANILLADORA PERFORADORA,M,,ESPIRAMATIC,,,PLOMO/NEGRO,1503.020101,1.00,
3839,3607,35,6,742232610001,MAQUINA ANILLADORA PERFORADORA,M,,RENZ,SUPER COMBI,,ANARANJADO,1503.020101,700.00,
189,413,41,,675016450001,MAQUINA CORTADORA (OTRAS),M,,,,,,1503.020999,305.00,
190,414,41,,742237960018,MAQUINA DE ESCRIBIR ELECTRICA,M,,ERIKA,128-1266,253530,BLANCO/NEGRO,1503.020101,1.00,
191,415,41,,742237960019,MAQUINA DE ESCRIBIR ELECTRICA,M,,FACIT,1742/6479,619896101,BLANCO/NEGRO,1503.020101,1.00,
192,416,41,,742237960020,MAQUINA DE ESCRIBIR ELECTRICA,M,,OLIVETI,TEKENE-4,6677274 205 ESP,,1503.020101,1.00,
193,417,41,,742237960021,MAQUINA DE ESCRIBIR ELECTRICA,M,,TRIUMPH,ELECTRIC,,BLANCO,1503.020101,1.00,
858,2315,40,,742237960011,MAQUINA DE ESCRIBIR ELECTRICA,M,,,,,,1503.020101,1.00,
859,2316,40,,742237960015,MAQUINA DE ESCRIBIR ELECTRICA,M,,,,.,,1503.020101,1.00,
2576,2985,32,32,742237960005,MAQUINA DE ESCRIBIR ELECTRICA,M,,,ET-111,604880,,1503.020101,1.00,
2732,2986,32,32,742237960009,MAQUINA DE ESCRIBIR ELECTRICA,M,,OLIVETI,TEKENE-4,6677274 205 ESP,,1503.020101,1.00,
3899,856,6,6,742237960017,MAQUINA DE ESCRIBIR ELECTRICA,M,,OLIVETTI,STUDIO 46,.S/SERIE,BLANCO/CAFÉ,1503.020101,1.00,
3900,854,6,6,742237960014,MAQUINA DE ESCRIBIR ELECTRICA,M,,GOLDEN,,15-80599009 DE 140 .,CAFÉ,1503.020101,1.00,
3901,852,6,6,742237960012,MAQUINA DE ESCRIBIR ELECTRICA,M,,OLIMPIA,,M84782056,BLANCO/NEGRO,1503.020101,1.00,
3902,853,6,6,742237960013,MAQUINA DE ESCRIBIR ELECTRICA,M,,OLIMPIA,,N84782056,BLANCO/NEGRO,1503.020101,1.00,
3903,855,6,6,742237960016,MAQUINA DE ESCRIBIR ELECTRICA,M,,FACIT,,0.649936075,BLANCO/NEGRO,1503.020101,1.00,
3909,848,6,6,742237960006,MAQUINA DE ESCRIBIR ELECTRICA,M,,OLIVETTI,TEKNE-3,300159 DE 320 ESP,PLOMO,1503.020101,1.00,
3931,850,6,6,742237960008,MAQUINA DE ESCRIBIR ELECTRICA,M,,OLIVETTI,TEKNE-4,6677252 DE 205ESP,NEGRO,1503.020101,1.00,
3950,847,6,6,742237960004,MAQUINA DE ESCRIBIR ELECTRICA,M,,ERIKA,,710958987,BLANCO/NEGRO,1503.020101,1.00,
4047,851,6,6,742237960010,MAQUINA DE ESCRIBIR ELECTRICA,M,,OLIVETTI,TEKNE-4,M84501321,PLOMO,1503.020101,1.00,
4056,844,6,6,742237960001,MAQUINA DE ESCRIBIR ELECTRICA,M,,OLIVETTI,ET-2300,6153058,BLANCO,1503.020101,1.00,
4057,846,6,6,742237960003,MAQUINA DE ESCRIBIR ELECTRICA,M,,FACIT,1832/4222,710958902,BLANCO/NEGRO,1503.020101,1.00,
4059,845,6,6,742237960002,MAQUINA DE ESCRIBIR ELECTRICA,M,,CORONA,SCM-SMTH - 4EB3,6244598 DE320 ESP,BLANCO/VERDE,1503.020101,1.00,
4060,849,6,6,742237960007,MAQUINA DE ESCRIBIR ELECTRICA,M,,OLIVETTI,TEKNE-4,6654181,BLANCO,1503.020101,1.00,
860,2317,40,,742243310001,MAQUINA DE ESCRIBIR MECANICA,M,,,,,,1503.020101,1.00,
861,2318,40,,742243310003,MAQUINA DE ESCRIBIR MECANICA,M,,,,,,1503.020101,1.00,
862,2320,40,,742243310005,MAQUINA DE ESCRIBIR MECANICA,M,,,,,,1503.020101,1.00,
1656,1146,16,16,742243310007,MAQUINA DE ESCRIBIR MECANICA,M,,FACIT,174276421,619896101,BLANCO/NEGRO,1503.020101,1.00,CONSTRUCCION DE RIEGO TECNIFICADO
1657,1147,16,16,742243310011,MAQUINA DE ESCRIBIR MECANICA,M,,,,62497932 DE 130 ESP.,BLANCO/PLOMO,1503.020101,1.00,CONSTRUCCION DE RIEGO TECNIFICADO
2733,2987,32,32,742243310006,MAQUINA DE ESCRIBIR MECANICA,M,,,,,,1503.020101,1.00,
3835,2322,40,6,742243310010,MAQUINA DE ESCRIBIR MECANICA,M,,,,,,1503.020101,1.00,
3836,2321,40,6,742243310009,MAQUINA DE ESCRIBIR MECANICA,M,,,,,,1503.020101,1.00,
3837,418,41,6,742243310008,MAQUINA DE ESCRIBIR MECANICA,M,,OLYMPIA,,62497932 DE 130 ESP.,BLANCO/PLOMO,1503.020101,1.00,
3838,2319,40,6,742243310004,MAQUINA DE ESCRIBIR MECANICA,M,,,,,,1503.020101,1.00,
3951,857,6,6,742243310002,MAQUINA DE ESCRIBIR MECANICA,M,,OLIVETTI,LINEA 98,4084306,PLOMO,1503.020101,1.00,
194,419,41,,675026900006,MAQUINA DE SOLDAR,M,,,BX3-SHT,868706,,1503.020999,1.00,
195,420,41,,675026900009,MAQUINA DE SOLDAR,R,,TRUPPER,,,,1503.020999,1.00,
863,2323,40,,675026900005,MAQUINA DE SOLDAR,M,,,,,,1503.020999,1.00,
864,2324,40,,675026900008,MAQUINA DE SOLDAR,R,,,,,,1503.020999,1.00,
2542,2988,32,32,675026900001,MAQUINA DE SOLDAR,M,,,BX3-2HT,857575,,1503.020999,1.00,
2543,2991,32,32,675026900004,MAQUINA DE SOLDAR,M,,,BX3 300-2HT,857571,,1503.020999,1.00,
2544,2989,32,32,675026900002,MAQUINA DE SOLDAR,M,,,,,,1503.020999,1.00,
2545,2990,32,32,675026900003,MAQUINA DE SOLDAR,M,,,BX3-2HT,857581,,1503.020999,1.00,
2833,2992,32,32,675026900007,MAQUINA DE SOLDAR,M,,,MASA,499 POTT.DE 25AMP,,1503.020999,1.00,
196,421,41,,675053300001,MAQUINA MOLEDORA DE CARNE,M,,,KM-2,1-1 380V,,1503.020999,1.00,
2077,1819,28,28,675060580002,MAQUINA PARA MOLDEAR,M,,,,,PLOMO,1503.020999,1.00,LAB.
2078,1818,28,28,675060580001,MAQUINA PARA MOLDEAR,M,,,,,PLOMO,1503.020999,1.00,LAB.
3834,422,41,6,742254010001,MAQUINA SUMADORA,M,,REMINGTON 2000,SPERRY RAND,66261,VERDE/AMARILLO,1503.020101,1.00,
197,423,41,,602255230001,MARTILLO DE SCHMIDT,R,,BOSCH,GBH11DE,,VERDE/ OSCURO,1503.020905,1.00,
198,424,41,,602255230002,MARTILLO DE SCHMIDT,R,,BOSCH,GBH11DE,305000724,VERDE/ OSCURO,1503.020905,1.00,
2192,88,3,3,672275090002,MARTILLO DEMOLEDOR ELECTRICO,M,,BOSCH,GSH-27VC,121000057,VERDE/PLOMO,1503.020906,1.00,
3722,1530,37,55,672275090003,MARTILLO DEMOLEDOR ELECTRICO,R,,BOSCH,GSH-27VC,3611C0A0E0902000203,VERDE/PLOMO,1503.020906,7800.00,
3760,425,41,58,672275090004,MARTILLO DEMOLEDOR ELECTRICO,M,,BOSCH,GSH - 27 VC,110232,VERDE/PLOMO,1503.020906,1.00,
3770,2993,32,58,672275090001,MARTILLO DEMOLEDOR ELECTRICO,R,,BOSCH,GBH-11DE,,VERDE OSCURO,1503.020906,3300.00,
541,1668,38,,675079700004,MARTILLO NEUMATICO,R,,ELE INTERNACIOL,,,,1503.020999,1.00,
2165,1669,38,3,675079700005,MARTILLO NEUMATICO,M,,BOSCH,GBH1252D,,PLOMO,1503.020999,1.00,RECODIFICAR
2166,1667,38,3,675079700003,MARTILLO NEUMATICO,M,,BOSCH,GSC27VC,,PLOMO,1503.020999,1.00,RECODIFICAR
3741,1666,38,57,675079700002,MARTILLO NEUMATICO,R,,BOSH,GSH 27 VC,24008280103611C0A0E08011031000033,PLOMO/VERDE,1503.020999,1.00,RECODIFICAR 
4076,1936,31,66,675079700001,MARTILLO NEUMATICO,M,,,C41-75,,VERDE,1503.020999,1.00,OXIDADO
199,426,41,,602255370001,MEDIDOR (OTROS),M,,,PH RANG,6409161,ROJO,1503.020905,1.00,
502,1523,37,,602255370005,MEDIDOR (OTROS),M,,HIWEIGH,315-X8,221315,,1503.020905,1.00,
865,2325,40,,602255370002,MEDIDOR (OTROS),M,,,,,,1503.020905,1.00,
866,2326,40,,602255370003,MEDIDOR (OTROS),M,,,,,,1503.020905,1.00,
2076,1820,28,28,602255370004,MEDIDOR (OTROS),R,,ELE,315-X8,221315,PLATEADO,1503.020905,1.00,LAB.
3078,3611,35,35,952253400002,MEGAFONO,M,,ATK,JS-85B,,BLANCO,1503.020303,1.00,
3081,3612,35,35,952253400003,MEGAFONO,M,,ATK,JS-85B,,BLANCO,1503.020303,1.00,
3082,3610,35,35,952253400001,MEGAFONO,M,,ATK,JS-853,,CELESTE/BLANCO,1503.020303,1.00,
1965,1588,24,24,746448420001,MESA (OTRAS),R,0.77X1.80X0.90,,GERENCIAL /2GVT,,CAFÉ CEDRO,1503.020102,1980.00,
200,427,41,,746449320011,MESA DE MADERA,R,,,,,BLANCO/CAFÉ,1503.020102,1.00,
201,428,41,,746449320015,MESA DE MADERA,R,,,,,BLANCO Y CAFÉ,1503.020102,1.00,
1479,985,13,13,746449320005,MESA DE MADERA,M,,,,,PLOMO,1503.020102,1.00,SIN CUERPO
1484,986,13,13,746449320009,MESA DE MADERA,M,0.55X2.90X0.84,,,,,1503.020102,1.00,
1550,1007,14,14,746449320003,MESA DE MADERA,M,0.80X1.53X0.77,,,,MADERA,1503.020102,1.00,
1558,1008,14,14,746449320006,MESA DE MADERA,M,,,,,CAFÉ,1503.020102,1.00,
1579,1009,14,14,746449320010,MESA DE MADERA,M,0.65X0.90X0.88,,,,PLOMO,1503.020102,1.00,
1951,1589,24,24,746449320012,MESA DE MADERA,R,0.63X0.68X0.84,,,,CAOBA,1503.020102,1.00,
1973,1590,24,24,746449320013,MESA DE MADERA,R,0.35X0.85X0.44,,,,CAOBA,1503.020102,1.00,
2347,1719,25,31,746449320004,MESA DE MADERA,M,0.87X1.35X0.80,,,,CAFÉ,1503.020102,1.00,
2348,1733,26,31,746449320002,MESA DE MADERA,R,0.75X1.25X0.76,,,,CAFÉ,1503.020102,1.00,
2565,2994,32,32,746449320001,MESA DE MADERA,M,0.59X1.46X0.84,,,,CAFÉ,1503.020102,1.00,
2837,2995,32,32,746449320008,MESA DE MADERA,R,1.00X2.00X0.79,,,,AZUL,1503.020102,1.00,
3438,4043,43,43,746449320014,MESA DE MADERA,R,0.48X0.50X0.60,,2 PUERTAS,,CAOBA,1503.020102,180.00,
4095,943,9,9,746449320007,MESA DE MADERA,M,0.61X0.81X1.50,,,,MADERA,1503.020102,1.00,
867,2327,40,,746450000001,MESA DE MADERA PARA DIBUJO,M,,,,,,1503.020102,1.00,
1604,1129,15,15,746450000002,MESA DE MADERA PARA DIBUJO,M,MEDIANO,,,,PLOMO,1503.020102,1.00,
1844,1251,22,22,746450000003,MESA DE MADERA PARA DIBUJO,M,1.00X2.00X0.75,,,,CAFÉ,1503.020102,1.00,
202,429,41,,746450680002,MESA DE METAL,M,,,,,,1503.020102,1.00,
203,430,41,,746450680010,MESA DE METAL,M,1.67X0.41X0.75,,,,PLOMO,1503.020102,1.00,
4096,944,9,9,746450680006,MESA DE METAL,M,0.65X1.56X1.00,,,,PLOMO,1503.020102,1.00,
868,2328,40,,746450680001,MESA DE METAL,M,,,,,,1503.020102,1.00,
869,2331,40,,746450680012,MESA DE METAL,M,,,,,,1503.020102,1.00,
870,2332,40,,746450680013,MESA DE METAL,M,,,,,,1503.020102,1.00,
871,2334,40,,746450680017,MESA DE METAL,M,,,,,,1503.020102,1.00,
1592,1010,14,14,746450680007,MESA DE METAL,M,,,,,ROJO,1503.020102,1.00,
1640,2329,40,15,746450680005,MESA DE METAL,M,,,,,PLOMO,1503.020102,1.00,
1667,1164,18,18,746450680014,MESA DE METAL,M,0.31X0.57X0.62,,,,PLOMO,1503.020102,1.00,
1675,2333,40,19,746450680015,MESA DE METAL,M,,,,,,1503.020102,1.00,
1676,2330,40,19,746450680008,MESA DE METAL,M,,,,,,1503.020102,1.00,
2071,1821,28,28,746450680004,MESA DE METAL,R,0.50X1.80X0.50,,,,CAFÉ/PLOMO,1503.020102,1.00,
2482,431,41,32,746450680016,MESA DE METAL,R,1.22X2.41X0.70,,,,PLOMO,1503.020102,1.00,
2541,2997,32,32,746450680009,MESA DE METAL,M,0.53X1.90X0.86,,,,PLOMO,1503.020102,1.00,
2547,2998,32,32,746450680011,MESA DE METAL,M,,,,,PLOMO,1503.020102,1.00,
2793,2996,32,32,746450680003,MESA DE METAL,R,1.22X2.41X0.70,,,,PLOMO,1503.020102,1.00,
2841,2999,32,32,746450680018,MESA DE METAL,M,,,,,PLOMO,1503.020102,1.00,
204,432,41,,746451360001,MESA DE METAL PARA DIBUJO,M,,,,,,1503.020102,1.00,
1482,987,13,13,746451360002,MESA DE METAL PARA DIBUJO,M,,,,,PLOMO,1503.020102,1.00,
1602,1130,15,15,746451360004,MESA DE METAL PARA DIBUJO,M,MEDIANO,,,,PLOMO,1503.020102,1.00,
1603,1131,15,15,746451360005,MESA DE METAL PARA DIBUJO,M,,,,,PLOMO,1503.020102,1.00,
1648,433,41,16,746451360003,MESA DE METAL PARA DIBUJO,M,0.75X1.20X0.92,,CINEF,,BLANCO,1503.020102,1.00,
1661,1148,16,16,746451360006,MESA DE METAL PARA DIBUJO,M,0.70X1.10X0.88,,,,CELESTE,1503.020102,1.00,CONSTRUCCION DE RIEGO TECNIFICADO
1677,1167,19,19,746451360008,MESA DE METAL PARA DIBUJO,M,1.20X1.50X0.76,,,,PLOMO,1503.020102,1.00,
1679,1168,19,19,746451360009,MESA DE METAL PARA DIBUJO,M,GRANDE,,,,PLOMO,1503.020102,1.00,
1697,1170,20,20,746451360011,MESA DE METAL PARA DIBUJO,M,,,,,BLANCO,1503.020102,1.00,
1698,1169,20,20,746451360010,MESA DE METAL PARA DIBUJO,M,,,,,CREMA,1503.020102,1.00,
2346,1720,25,31,746451360007,MESA DE METAL PARA DIBUJO,M,0.70x0.95.x0.76,,,,,1503.020102,1.00,
205,434,41,,746452030002,MESA DE REUNIONES,R,,,,,ROJO/AMARILLO,1503.020102,1.00,
1974,1591,24,24,746452030001,MESA DE REUNIONES,R,1.20X3.00X7,,,,MADERA,1503.020102,2900.00,
206,435,41,,746453390001,MESA PLEGABLE DE METAL,R,,,,,ROJO/AMARILLO,1503.020102,1.00,
207,437,41,,746454580005,MESITA DE MADERA,M,,,BORDES METALIC,,MADERA,1503.020102,1.00,
872,2335,40,,746454580006,MESITA DE MADERA,M,,,,,,1503.020102,1.00,
873,2336,40,,746454580007,MESITA DE MADERA,M,,,,,,1503.020102,1.00,
2123,1822,28,28,746454580004,MESITA DE MADERA,M,0.50X0.67X0.74,,,,PLOMO,1503.020102,1.00,MEJ. RIEGO DE AGUA VILQUECHICO-HUANCANE
2811,3000,32,32,746454580008,MESITA DE MADERA,B,0.65X0.44X0.74,,GAVETA CON RUED,,MADERA,1503.020102,1.00,
3296,3613,35,35,746454580003,MESITA DE MADERA,R,0.44X0.75X0.72,,,,MADERA/AMARILLO,1503.020102,1.00,
3299,3614,35,35,746454580009,MESITA DE MADERA,R,0.39X0.59X0.73,,,,AMARILLO,1503.020102,1.00,
3485,436,41,44,746454580002,MESITA DE MADERA,R,,,,,MADERA,1503.020102,1.00,
3551,1461,2,47,746454580001,MESITA DE MADERA,M,0.40X0.52X1.12,,,,CAFÉ,1503.020102,1.00,
475,977,12,,746454750003,MESITA DE MADERA PARA MAQUINA DE ESCRIBIR,M,0.62X1.40X0.77,,,,MADERA,1503.020102,1.00,
1590,1011,14,14,746454750001,MESITA DE MADERA PARA MAQUINA DE ESCRIBIR,M,,,,,CAQUI,1503.020102,1.00,PARA MANTENIMIENTO
3962,858,6,6,746454750002,MESITA DE MADERA PARA MAQUINA DE ESCRIBIR,M,,,,,MADERA (BLANCO),1503.020102,1.00,
1987,1592,24,24,746456100001,MESITA DE MADERA PARA TELEFONO,R,0.42X0.49X0.65,,2 NIVELES,,MADERA,1503.020102,90.00,
1985,1593,24,24,746456160001,MESITA DE MELAMINA,R,0.43X0.76X0.65,,,,CAOBA,1503.020102,1.00,
208,438,41,,746456440003,MESITA DE METAL,R,,,3 GAVETAS,,BEIGE/NEGRO,1503.020102,1.00,
209,439,41,,746456440004,MESITA DE METAL,M,,,3 GAVETAS,,BEIGE/NEGRO,1503.020102,1.00,
210,440,41,,746456440005,MESITA DE METAL,M,0.56X0.56X0.31,,,,,1503.020102,1.00,
1391,3002,32,,746456440002,MESITA DE METAL,M,,,,,PLOMO,1503.020102,1.00,
2813,3001,32,32,746456440001,MESITA DE METAL,R,,,,,PLOMO,1503.020102,1.00,
211,441,41,,746456780002,MESITA DE METAL PARA MAQUINA DE ESCRIBIR,R,,,,,PLOMO,1503.020102,1.00,
1443,4044,43,,746456780009,MESITA DE METAL PARA MAQUINA DE ESCRIBIR,R,0.45X0.47X0.84,,,,PLOMO NEGRO,1503.020102,1.00,
2055,1823,28,28,746456780010,MESITA DE METAL PARA MAQUINA DE ESCRIBIR,M,,,RODANTE,,NEGRO/CAFE,1503.020102,1.00,BAJA
2168,3615,35,3,746456780008,MESITA DE METAL PARA MAQUINA DE ESCRIBIR,R,0.40X0.84X0.72,,3 GAVETAS,,MADERA/AMARILLO,1503.020102,1.00,
2169,1462,2,3,746456780003,MESITA DE METAL PARA MAQUINA DE ESCRIBIR,R,0.45X0.84X0.68,3,,,PLOMO,1503.020102,1.00,
2637,3003,32,32,746456780001,MESITA DE METAL PARA MAQUINA DE ESCRIBIR,R,,1,,,PLOMO/MADERA,1503.020102,1.00,
3291,442,41,35,746456780004,MESITA DE METAL PARA MAQUINA DE ESCRIBIR,R,,,,,CAOBA/NEGRO,1503.020102,1.00,
3447,443,41,43,746456780005,MESITA DE METAL PARA MAQUINA DE ESCRIBIR,M,0.40X0.90X0.67,,3 GAVETAS,,BEIGE/NEGRO,1503.020102,1.00,
3498,1750,27,45,746456780006,MESITA DE METAL PARA MAQUINA DE ESCRIBIR,R,0.40X0.86X0.72,6,3 GAVETAS,,NEGRO,1503.020102,1.00,
3562,444,41,47,746456780007,MESITA DE METAL PARA MAQUINA DE ESCRIBIR,R,0.66X1.10X0.74,,3 GAVETAS,,PLOMO/NEGRO,1503.020102,1.00,
1609,1132,15,15,746458140001,MESITA DE METAL PARA TELEFONO,M,0.40X0.86X0.71,,,,PLOMO,1503.020102,1.00,
3377,1463,2,37,746458140002,MESITA DE METAL PARA TELEFONO,R,0.30X0.50X0.77,,5 GAVETAS,,PLOMO,1503.020102,1.00,
3385,445,41,37,746458140003,MESITA DE METAL PARA TELEFONO,R,0.32X0.30X0.70,,5 GAVETAS,,PLOMO,1503.020102,1.00,
2372,2016,31,31,675080800002,MEZCLADOR (OTROS),M,,,NJ-600,125,,1503.020999,1.00,
2373,2015,31,31,675080800001,MEZCLADOR (OTROS),M,,,NJ-600,,,1503.020999,1.00,
874,2337,40,,673638490001,MEZCLADOR DE CONCRETO,M,,,,,,1503.020999,1.00,
875,2338,40,,673638490002,MEZCLADOR DE CONCRETO,M,,,,,,1503.020999,1.00,
876,2339,40,,673638490003,MEZCLADOR DE CONCRETO,M,,,,,,1503.020999,1.00,
877,2340,40,,673638490004,MEZCLADOR DE CONCRETO,M,,,,,,1503.020999,1.00,
878,2341,40,,673638490005,MEZCLADOR DE CONCRETO,M,,,,,,1503.020999,1.00,
879,2342,40,,673638490006,MEZCLADOR DE CONCRETO,M,,,,,,1503.020999,1.00,
880,2343,40,,673638490007,MEZCLADOR DE CONCRETO,M,,,,,,1503.020999,1.00,
881,2344,40,,673638490008,MEZCLADOR DE CONCRETO,M,,,,,,1503.020999,1.00,
882,2345,40,,673638490009,MEZCLADOR DE CONCRETO,M,,,,,,1503.020999,1.00,
883,2346,40,,673638490010,MEZCLADOR DE CONCRETO,M,,,,,,1503.020999,1.00,
884,2347,40,,673638490011,MEZCLADOR DE CONCRETO,M,,,,,,1503.020999,1.00,
885,2348,40,,673638490012,MEZCLADOR DE CONCRETO,M,,,,,,1503.020999,1.00,
886,2349,40,,673638490014,MEZCLADOR DE CONCRETO,M,,,,,,1503.020999,1.00,
887,2350,40,,673638490016,MEZCLADOR DE CONCRETO,M,,,,,,1503.020999,1.00,
888,2351,40,,673638490017,MEZCLADOR DE CONCRETO,M,,,,,,1503.020999,1.00,
889,2352,40,,673638490018,MEZCLADOR DE CONCRETO,M,,,,,,1503.020999,1.00,
890,2353,40,,673638490019,MEZCLADOR DE CONCRETO,M,,,,,,1503.020999,1.00,
891,2354,40,,673638490020,MEZCLADOR DE CONCRETO,M,,,,,,1503.020999,1.00,
892,2355,40,,673638490021,MEZCLADOR DE CONCRETO,M,,,,,,1503.020999,1.00,
893,2356,40,,673638490022,MEZCLADOR DE CONCRETO,M,,,,,,1503.020999,1.00,
894,2357,40,,673638490023,MEZCLADOR DE CONCRETO,M,,,,,,1503.020999,1.00,
895,2358,40,,673638490024,MEZCLADOR DE CONCRETO,M,,,,,,1503.020999,1.00,
896,2359,40,,673638490025,MEZCLADOR DE CONCRETO,M,,,,,,1503.020999,1.00,
897,2360,40,,673638490026,MEZCLADOR DE CONCRETO,M,,,,,,1503.020999,1.00,
898,2361,40,,673638490027,MEZCLADOR DE CONCRETO,M,,,,,,1503.020999,1.00,
899,2362,40,,673638490028,MEZCLADOR DE CONCRETO,M,,,,,,1503.020999,1.00,
2214,90,3,3,673638490015,MEZCLADOR DE CONCRETO,M,,KOHLER,MAGNUM 12,373,,1503.020999,9790.00,
2217,89,3,3,673638490013,MEZCLADOR DE CONCRETO,M,,,MAGNUM 12,,,1503.020999,1.00,
2555,446,41,32,673638490029,MEZCLADOR DE CONCRETO,M,,DYNAMIC,,,,1503.020999,1.00,
14,94,3,,675080890014,MEZCLADORA DE CONCRETO TIPO TROMPO,M,,HONDA,GX390,3622302975 - (MOTOR),,1503.020999,6720.00,
15,98,3,,675080890040,MEZCLADORA DE CONCRETO TIPO TROMPO,M,,KHOLER,L512T,3622302645,,1503.020999,1.00,
16,103,3,,675080890075,MEZCLADORA DE CONCRETO TIPO TROMPO,M,,IMETSA,GX390,389CM3,,1503.020999,8930.00,
212,447,41,,675080890060,MEZCLADORA DE CONCRETO TIPO TROMPO,R,,KOHLER DYNAMIC,CH440T,583,,1503.020999,5416.50,
213,450,41,,675080890087,MEZCLADORA DE CONCRETO TIPO TROMPO,R,,DYNAMIC HONDA,GX390-389 CM2,,,1503.020999,7700.00,
214,452,41,,675080890097,MEZCLADORA DE CONCRETO TIPO TROMPO,M,,BRIGGS KOHLER,MAGNUM 10,,,1503.020999,1.00,
601,2017,31,,675080890003,MEZCLADORA DE CONCRETO TIPO TROMPO,M,,INHOPRESA,MAGNUM 12,3720600689,,1503.020999,1.00,
602,2024,31,,675080890017,MEZCLADORA DE CONCRETO TIPO TROMPO,M,,KHOLER,PRO 12,3622302215,,1503.020999,6720.00,
603,2027,31,,675080890027,MEZCLADORA DE CONCRETO TIPO TROMPO,M,,KOHLER,,789-094003590469,,1503.020999,9430.00,
604,2032,31,,675080890085,MEZCLADORA DE CONCRETO TIPO TROMPO,R,,KHOLER,GX390,,,1503.020999,6040.00,
900,2363,40,,675080890001,MEZCLADORA DE CONCRETO TIPO TROMPO,M,,,,,,1503.020999,1.00,
901,2364,40,,675080890005,MEZCLADORA DE CONCRETO TIPO TROMPO,M,,,,,,1503.020999,1.00,
902,2365,40,,675080890010,MEZCLADORA DE CONCRETO TIPO TROMPO,M,,,,,,1503.020999,1.00,
903,2366,40,,675080890013,MEZCLADORA DE CONCRETO TIPO TROMPO,M,,,,,,1503.020999,1.00,
904,2367,40,,675080890018,MEZCLADORA DE CONCRETO TIPO TROMPO,M,,,,,,1503.020999,1.00,
905,2368,40,,675080890019,MEZCLADORA DE CONCRETO TIPO TROMPO,M,,,,,,1503.020999,1.00,
906,2369,40,,675080890021,MEZCLADORA DE CONCRETO TIPO TROMPO,M,,,,,,1503.020999,1.00,
907,2370,40,,675080890022,MEZCLADORA DE CONCRETO TIPO TROMPO,M,,,,,,1503.020999,1.00,
908,2371,40,,675080890052,MEZCLADORA DE CONCRETO TIPO TROMPO,M,,,,,,1503.020999,1.00,
909,2372,40,,675080890062,MEZCLADORA DE CONCRETO TIPO TROMPO,R,,,,,,1503.020999,1.00,
910,2373,40,,675080890064,MEZCLADORA DE CONCRETO TIPO TROMPO,R,,,,,,1503.020999,1.00,
911,2374,40,,675080890065,MEZCLADORA DE CONCRETO TIPO TROMPO,M,,,,,,1503.020999,1.00,
912,2375,40,,675080890067,MEZCLADORA DE CONCRETO TIPO TROMPO,M,,,,,,1503.020999,1.00,
913,2376,40,,675080890068,MEZCLADORA DE CONCRETO TIPO TROMPO,M,,,,,,1503.020999,1.00,
914,2377,40,,675080890069,MEZCLADORA DE CONCRETO TIPO TROMPO,M,,,,,,1503.020999,1.00,
915,2378,40,,675080890076,MEZCLADORA DE CONCRETO TIPO TROMPO,M,,,,,,1503.020999,1.00,
916,2379,40,,675080890078,MEZCLADORA DE CONCRETO TIPO TROMPO,M,,HONDA,,,,1503.020999,7490.00,
1392,3019,32,,675080890047,MEZCLADORA DE CONCRETO TIPO TROMPO,M,,KOHLER,M12,M11-449-12/420690029,,1503.020999,1.00,
1393,3024,32,,675080890055,MEZCLADORA DE CONCRETO TIPO TROMPO,R,,KOHLER,MDCP/M12,S-02 - (4229618138),,1503.020999,1.00,
2172,2034,31,3,675080890092,MEZCLADORA DE CONCRETO TIPO TROMPO,R,,DYNAMIC HONDA,SUI7OF,1604051015,,1503.020999,4000.00,PERTENECE AL ACTA 31
2207,102,3,3,675080890074,MEZCLADORA DE CONCRETO TIPO TROMPO,M,,HONDA,,,NARANJA,1503.020999,1.00,
2208,101,3,3,675080890073,MEZCLADORA DE CONCRETO TIPO TROMPO,M,,HONDA,,871030,NARANJA,1503.020999,1.00,
2212,99,3,3,675080890046,MEZCLADORA DE CONCRETO TIPO TROMPO,M,,DYNAMIC KOHLER,DYNAMIC KOHLER,M11-368-12/426900289,,1503.020999,6593.00,RECODIFICAR - VIBRADOR
2216,97,3,3,675080890026,MEZCLADORA DE CONCRETO TIPO TROMPO,M,,KOHLER,MAGNUM 12,3919490149,,1503.020999,9430.00,ERROR DE CODIFICACION - VIBRADOR 
2218,100,3,3,675080890070,MEZCLADORA DE CONCRETO TIPO TROMPO,M,,KOHLER,MAGNUM 12,1707,,1503.020999,1.00,ERROR DE MODIFICACION - VIBRADOR
2219,95,3,3,675080890020,MEZCLADORA DE CONCRETO TIPO TROMPO,M,,KOHLER,PRO,,,1503.020999,6040.00,ERROR DE MODIFICIACION - VIBRADOR
2220,96,3,3,675080890024,MEZCLADORA DE CONCRETO TIPO TROMPO,M,,KOHLER,MAGNUM 12,3827500109,,1503.020999,8930.00,ERROR DE CODIFICACION - VIBRADOR
2221,91,3,3,675080890002,MEZCLADORA DE CONCRETO TIPO TROMPO,M,,KOHLER,MAGNUM 12,3720600689,,1503.020999,1.00,ERROR DE CODIFICACION - VIBRADOR 
2223,93,3,3,675080890009,MEZCLADORA DE CONCRETO TIPO TROMPO,M,,,,,,1503.020999,6247.50,ERROR DE CODIFICACIÓN
2361,1399,2,31,675080890091,MEZCLADORA DE CONCRETO TIPO TROMPO,R,,DYNAMIC HONDA,SUI70F,1604051037,,1503.020999,4000.00,
2362,1397,2,31,675080890081,MEZCLADORA DE CONCRETO TIPO TROMPO,R,,DYNAMIC HONDA,GX390-389-CM3,15LX100263,,1503.020999,4600.00,
2363,1532,37,31,675080890079,MEZCLADORA DE CONCRETO TIPO TROMPO,M,,,,,,1503.020999,4600.00,
2364,1396,2,31,675080890072,MEZCLADORA DE CONCRETO TIPO TROMPO,M,,KOHLER,,,,1503.020999,9790.00,
2404,2031,31,31,675080890063,MEZCLADORA DE CONCRETO TIPO TROMPO,M,,HONDA,GX-270,104294,,1503.020999,4985.00,
2408,2033,31,31,675080890088,MEZCLADORA DE CONCRETO TIPO TROMPO,M,,DYNAMIC,GX390-389 CM2,1604050234,,1503.020999,7700.00,
2421,2026,31,31,675080890025,MEZCLADORA DE CONCRETO TIPO TROMPO,M,,KOHLER,MDC9P/M12,KOHLER 4206900269,,1503.020999,9790.00,
2422,2029,31,31,675080890037,MEZCLADORA DE CONCRETO TIPO TROMPO,M,,KOHLER DYNAMIC,GCBDT,4022590069,,1503.020999,8651.00,
2423,2019,31,31,675080890006,MEZCLADORA DE CONCRETO TIPO TROMPO,M,,IMETSA,,861165,,1503.020999,1.00,
2424,2028,31,31,675080890032,MEZCLADORA DE CONCRETO TIPO TROMPO,M,,DYNAMIC KOHLER,MC9P/M12 M9-567,4009890149,,1503.020999,9790.00,
2425,2020,31,31,675080890008,MEZCLADORA DE CONCRETO TIPO TROMPO,M,,DYNAMIC,,,,1503.020999,6247.50,
2426,2021,31,31,675080890011,MEZCLADORA DE CONCRETO TIPO TROMPO,M,,BRIGGS,,,,1503.020999,6247.50,
2427,2030,31,31,675080890041,MEZCLADORA DE CONCRETO TIPO TROMPO,M,,KHOLER,L512T,4029300788,,1503.020999,7100.00,
2428,2022,31,31,675080890015,MEZCLADORA DE CONCRETO TIPO TROMPO,M,,KHOLER,,3622302215,,1503.020999,1.00,PROY MEJORAMIENTO SISTEMA RIEGO LACALACA
2429,2023,31,31,675080890016,MEZCLADORA DE CONCRETO TIPO TROMPO,M,,KHOLER,,,,1503.020999,6720.00,PROY MEJORAMIENTO SISTEMA RIEGO LACALACA
2430,2018,31,31,675080890004,MEZCLADORA DE CONCRETO TIPO TROMPO,M,,INHOPRESA,MAGNUM 12,3720600689,,1503.020999,6247.60,
2431,2025,31,31,675080890023,MEZCLADORA DE CONCRETO TIPO TROMPO,M,,,,,NARANJA,1503.020999,8930.00,
2520,1515,37,32,675080890048,MEZCLADORA DE CONCRETO TIPO TROMPO,R,,DYNAMIC KOHLER,DYNAMIC KOH MD2,M11-368-12/426900299,,1503.020999,6593.00,
2522,3012,32,32,675080890036,MEZCLADORA DE CONCRETO TIPO TROMPO,M,,DYNAMIC HONDA,GCBDT,4022590069,,1503.020999,8651.00,
2548,3034,32,32,675080890083,MEZCLADORA DE CONCRETO TIPO TROMPO,R,,DYNAMIC HONDA,GX390,1511180373,,1503.020999,4600.00,
2549,3025,32,32,675080890056,MEZCLADORA DE CONCRETO TIPO TROMPO,R,,DYNAMIC,MDCP/M12,4225618028,,1503.020999,4920.00,
2550,3006,32,32,675080890029,MEZCLADORA DE CONCRETO TIPO TROMPO,M,,DYMANIC,,,,1503.020999,1.00,
2551,3010,32,32,675080890034,MEZCLADORA DE CONCRETO TIPO TROMPO,M,,DYNAMIC KOHLER,DYNAMIC 9P312.P,3924490339,,1503.020999,9790.00,
2552,3018,32,32,675080890045,MEZCLADORA DE CONCRETO TIPO TROMPO,M,,DYMANIC,DYNAMIC KOHLER2,4203800329,,1503.020999,6495.00,
2553,3027,32,32,675080890058,MEZCLADORA DE CONCRETO TIPO TROMPO,R,,DYNAMIC,MDCP/M12,4223000238,,1503.020999,5350.00,
2554,3033,32,32,675080890080,MEZCLADORA DE CONCRETO TIPO TROMPO,R,,DYNAMIC HONDA,GX390-389-CM3,1511180402-SU188F,,1503.020999,4600.00,
2556,3026,32,32,675080890057,MEZCLADORA DE CONCRETO TIPO TROMPO,M,,DINAMIC,MDCP/M12,4235215398,,1503.020999,4920.00,
2557,3021,32,32,675080890050,MEZCLADORA DE CONCRETO TIPO TROMPO,M,,DYNAMIC KOHLER,DYNAMIC KOHLER,M11-450-121/42069009,,1503.020999,6593.00,
2558,3023,32,32,675080890054,MEZCLADORA DE CONCRETO TIPO TROMPO,M,,HONDA DYNAMIC,MCD 11P/GX390,"M11-969-12, GCAFH-0.",,1503.020999,6600.00,
2559,3005,32,32,675080890028,MEZCLADORA DE CONCRETO TIPO TROMPO,M,,DYNAMIC KOHLER,MDC9P/M12,1024796,,1503.020999,1.00,
2560,3022,32,32,675080890053,MEZCLADORA DE CONCRETO TIPO TROMPO,M,,HONDA DYNAMIC,MDC 11P/GX390,"M11-997-12, GCAHF 02",,1503.020999,6600.00,
2561,3011,32,32,675080890035,MEZCLADORA DE CONCRETO TIPO TROMPO,M,,DYNAMIC KOHLER,M 12,4003590229,,1503.020999,9790.00,
2562,3031,32,32,675080890071,MEZCLADORA DE CONCRETO TIPO TROMPO,M,,HONDA DYNAMIC,GX390,GCAFH-0313765,,1503.020999,5057.00,
2563,3009,32,32,675080890033,MEZCLADORA DE CONCRETO TIPO TROMPO,R,,DYNAMIC KOHLER,DYNAMIC 9P3 120,4003590079,,1503.020999,9790.00,
2779,3020,32,32,675080890049,MEZCLADORA DE CONCRETO TIPO TROMPO,M,,DYNAMIC KOHLER,DYNAMIC KOHLER,42066900269,,1503.020999,6593.00,
2780,3008,32,32,675080890031,MEZCLADORA DE CONCRETO TIPO TROMPO,M,,DYNAMIC KOHLER,M 12,4009890149,,1503.020999,8651.00,
2785,3014,32,32,675080890039,MEZCLADORA DE CONCRETO TIPO TROMPO,M,,DYNAMIC HONDA,GBDT,1015865,,1503.020999,6000.00,
2787,3004,32,32,675080890012,MEZCLADORA DE CONCRETO TIPO TROMPO,M,,DYNAMIC,,,,1503.020999,6040.00,
2788,3016,32,32,675080890043,MEZCLADORA DE CONCRETO TIPO TROMPO,M,,DYNAMIC KHOLER,M 12,40316081981,,1503.020999,7100.00,
2789,3030,32,32,675080890066,MEZCLADORA DE CONCRETO TIPO TROMPO,M,,DYNAMIC KOHLER,CS/2T,3622302555,,1503.020999,6720.00,
2792,3013,32,32,675080890038,MEZCLADORA DE CONCRETO TIPO TROMPO,R,,DYNAMIC KOHLER,MDC9P/M12,,,1503.020999,8651.00,
2795,3017,32,32,675080890044,MEZCLADORA DE CONCRETO TIPO TROMPO,M,,DYNAMIC HONDA,DYNAMIC KOHLER6,4200900239,,1503.020999,18490.00,
2796,3035,32,32,675080890096,MEZCLADORA DE CONCRETO TIPO TROMPO,R,,DYNAMIC HONDA,MDC11P/GX390,"M11-1012-12, GCAFH-0",,1503.020999,6600.00,
2797,3032,32,32,675080890077,MEZCLADORA DE CONCRETO TIPO TROMPO,M,,DYNAMIC HONDA,DYNAMIC KOHLER2,M9-123-12/4135300699,,1503.020999,6495.00,
2802,3029,32,32,675080890061,MEZCLADORA DE CONCRETO TIPO TROMPO,R,,ACIMAC,COMAND PRO 14,,,1503.020999,5400.00,
2803,104,3,32,675080890086,MEZCLADORA DE CONCRETO TIPO TROMPO,R,,DYNAMIC HONDA,GX390,,,1503.020999,7500.00,
2806,3015,32,32,675080890042,MEZCLADORA DE CONCRETO TIPO TROMPO,R,,DYNAMIC KHOLER,M 12,4034732118,,1503.020999,7100.00,
2807,3007,32,32,675080890030,MEZCLADORA DE CONCRETO TIPO TROMPO,M,,DYNAMIC KOHLER,M 12,M12,,1503.020999,8320.00,
2808,3028,32,32,675080890059,MEZCLADORA DE CONCRETO TIPO TROMPO,M,,DYNAMIC HONDA,MDCP/M12,4225620528,,1503.020999,5350.00,
3713,92,3,51,675080890007,MEZCLADORA DE CONCRETO TIPO TROMPO,R,,,,,AMARILLO,1503.020999,6247.50,
3731,451,41,56,675080890089,MEZCLADORA DE CONCRETO TIPO TROMPO,M,,DYNAMIC,GX390-389 CM2,1604050711,,1503.020999,7700.00,
3746,1531,37,57,675080890051,MEZCLADORA DE CONCRETO TIPO TROMPO,R,,DYNAMIC KOHLER,MDCP/M12,M11-551-12/420690039,AMARILLO,1503.020999,6593.00,
3747,448,41,57,675080890082,MEZCLADORA DE CONCRETO TIPO TROMPO,M,,DYNAMIC HONDA,GX390,1511180581,ANANJADO,1503.020999,4600.00,
3762,1398,2,58,675080890090,MEZCLADORA DE CONCRETO TIPO TROMPO,M,,DYNAMIC HONDA,SUI7OF,1604051036,ANARANJADO,1503.020999,4000.00,
3766,107,3,58,675080890095,MEZCLADORA DE CONCRETO TIPO TROMPO,R,,DYNAMIC HONDA,SUI7OF,1604050999,ANARANJADO,1503.020999,4000.00,
3773,449,41,58,675080890084,MEZCLADORA DE CONCRETO TIPO TROMPO,M,,DYNAMIC HONDA,GX390,,AMARILLO,1503.020999,7500.00,
3775,106,3,58,675080890094,MEZCLADORA DE CONCRETO TIPO TROMPO,R,,DYNAMIC HONDA,SUI7OF,1604050869,ANARANJADO,1503.020999,4000.00,
3776,105,3,58,675080890093,MEZCLADORA DE CONCRETO TIPO TROMPO,R,,DYNAMIC HONDA,SUI7OF,1604050971,ANARANJADO,1503.020999,4000.00,
2024,1751,27,27,952254720001,MEZCLADORA DIGITAL DE SONIDO,B,,BEHRINGER XENYB,,1502085A01,NEGRO,1503.020303,1315.00,
3229,3616,35,35,952254720002,MEZCLADORA DIGITAL DE SONIDO,M,,BEHRINGER,X1622,C1016683A0J,PLOMO,1503.020303,1.00,BAJA
2417,2035,31,31,678259000001,MICROBUS,M,,SHANG HAY,EQ-140,,CREMA FRANJA AL,1503.0101,1.00,
2028,1752,27,27,952254910002,MICROFONO (OTROS),R,,BEHRINGER,C-1,S1407786226,NEGRO/PLOMO,1503.020303,228.00,
3079,3618,35,35,952254910003,MICROFONO (OTROS),M,,DINAMIC,,,NEGRO/AMARILLO,1503.020303,350.00,
3080,3617,35,35,952254910001,MICROFONO (OTROS),R,,SHURE,,,NEGRO,1503.020303,1.00,
215,453,41,,46436500009,MIRA TOPOGRAFICA,M,,,,,PLOMO,1503.020501,138.00,
216,454,41,,46436500010,MIRA TOPOGRAFICA,R,,,,,PLOMO/BLANCO,1503.020501,138.00,
217,455,41,,46436500052,MIRA TOPOGRAFICA,R,CON FUNDA,KOLIDA,AGRS,,ROJO/BLANCO,1503.020501,727.77,
218,456,41,,46436500053,MIRA TOPOGRAFICA,R,388,KOMBO LEICA,AGRS,,ROJO/PLOMO,1503.020501,951.73,
219,457,41,,46436500054,MIRA TOPOGRAFICA,M,,LEICA,,,PLOMO,1503.020501,1.00,
220,459,41,,46436500065,MIRA TOPOGRAFICA,R,,,,,PLOMO BLANCO,1503.020501,1.00,
221,460,41,,46436500066,MIRA TOPOGRAFICA,R,,,,,PLOMO/BLANCO,1503.020501,179.99,
222,461,41,,46436500085,MIRA TOPOGRAFICA,R,,,,,PLOMO,1503.020501,1.00,
223,462,41,,46436500101,MIRA TOPOGRAFICA,B,,,,,ROJO / BLANCO,1503.020501,1.00,
224,463,41,,46436500105,MIRA TOPOGRAFICA,R,5 MTS,,,,,1503.020501,1.00,
225,464,41,,46436500106,MIRA TOPOGRAFICA,R,5 MTS,,,,,1503.020501,1.00,
226,465,41,,46436500107,MIRA TOPOGRAFICA,R,5 MTS,,,,,1503.020501,1.00,
227,466,41,,46436500108,MIRA TOPOGRAFICA,R,5 MTS,,,,,1503.020501,1.00,
917,2380,40,,46436500048,MIRA TOPOGRAFICA,M,,,,,,1503.020501,1.00,
918,2381,40,,46436500077,MIRA TOPOGRAFICA,M,,,,,,1503.020501,1.00,
919,2382,40,,46436500088,MIRA TOPOGRAFICA,M,,,,,,1503.020501,1.00,
920,2383,40,,46436500089,MIRA TOPOGRAFICA,M,,,,,,1503.020501,1.00,
921,2384,40,,46436500090,MIRA TOPOGRAFICA,M,,,,,,1503.020501,1.00,
922,2385,40,,46436500092,MIRA TOPOGRAFICA,M,,,,,,1503.020501,1.00,
923,2386,40,,46436500093,MIRA TOPOGRAFICA,M,,,,,,1503.020501,1.00,
924,2387,40,,46436500094,MIRA TOPOGRAFICA,M,,,,,,1503.020501,1.00,
925,2388,40,,46436500095,MIRA TOPOGRAFICA,M,,,,,,1503.020501,1.00,
1421,3633,35,,46436500061,MIRA TOPOGRAFICA,R,,,,,PLOMO,1503.020501,1450.00,
1422,3643,35,,46436500074,MIRA TOPOGRAFICA,R,ESTUCHE ROJO,,ALUMINIO,,PLOMO,1503.020501,190.00,
1423,3652,35,,46436500084,MIRA TOPOGRAFICA,R,,,,,PLOMO,1503.020501,138.00,
1495,1031,14,14,46436500026,MIRA TOPOGRAFICA,M,,,,,BLANCO,1503.020501,1.00,
1496,1043,14,14,46436500050,MIRA TOPOGRAFICA,M,,,,,BLANCO,1503.020501,951.73,
1497,1028,14,14,46436500023,MIRA TOPOGRAFICA,M,,,,,BLANCO,1503.020501,1.00,
1498,1038,14,14,46436500038,MIRA TOPOGRAFICA,M,,,,,BLANCO,1503.020501,605.00,
1500,1022,14,14,46436500017,MIRA TOPOGRAFICA,M,,,,,BLANCO,1503.020501,1.00,
1501,1019,14,14,46436500014,MIRA TOPOGRAFICA,M,,,,,BLANCO,1503.020501,1.00,
1502,1027,14,14,46436500022,MIRA TOPOGRAFICA,M,,,,,BLANCO,1503.020501,190.00,
1504,1023,14,14,46436500018,MIRA TOPOGRAFICA,M,,,,,BLANCO,1503.020501,1.00,
1505,1015,14,14,46436500006,MIRA TOPOGRAFICA,M,,,,,BLANCO,1503.020501,716.80,
1506,1017,14,14,46436500011,MIRA TOPOGRAFICA,M,,,,,BLANCO,1503.020501,716.80,
1507,1020,14,14,46436500015,MIRA TOPOGRAFICA,M,,,,,BLANCO,1503.020501,557.45,
1508,1045,14,14,46436500099,MIRA TOPOGRAFICA,M,,,,,AMARILLO,1503.020501,1283.33,
1509,1024,14,14,46436500019,MIRA TOPOGRAFICA,M,,,,,BLANCO,1503.020501,190.00,
1510,1016,14,14,46436500007,MIRA TOPOGRAFICA,M,,,,,BLANCO,1503.020501,716.80,
1511,1013,14,14,46436500002,MIRA TOPOGRAFICA,M,,,,,BLANCO,1503.020501,716.80,
1512,1040,14,14,46436500040,MIRA TOPOGRAFICA,M,,,,,BLANCO,1503.020501,605.00,
1513,1021,14,14,46436500016,MIRA TOPOGRAFICA,M,,,,,AZUL,1503.020501,1.00,
1516,1029,14,14,46436500024,MIRA TOPOGRAFICA,M,,,,,ANARANJADO,1503.020501,1.00,
1517,1041,14,14,46436500041,MIRA TOPOGRAFICA,M,,,,,AZUL,1503.020501,605.00,
1518,1036,14,14,46436500031,MIRA TOPOGRAFICA,M,,,,,BLANCO,1503.020501,1.00,
1520,1026,14,14,46436500021,MIRA TOPOGRAFICA,M,,,,,BLANCO,1503.020501,1.00,
1521,1042,14,14,46436500047,MIRA TOPOGRAFICA,M,,,,,BLANCO,1503.020501,2674.86,
1522,1030,14,14,46436500025,MIRA TOPOGRAFICA,M,,,,,BLANCO,1503.020501,1.00,
1527,1025,14,14,46436500020,MIRA TOPOGRAFICA,M,,,,,BLANCO,1503.020501,1.00,
1529,1012,14,14,46436500001,MIRA TOPOGRAFICA,M,,,,,BLANCO,1503.020501,828.74,
1530,1014,14,14,46436500004,MIRA TOPOGRAFICA,M,,,,,BLANCO,1503.020501,716.80,
1532,1037,14,14,46436500036,MIRA TOPOGRAFICA,M,,,,,ANARANJADO,1503.020501,562.28,
1533,1018,14,14,46436500012,MIRA TOPOGRAFICA,M,,,,,BLANCO,1503.020501,716.80,
1534,1032,14,14,46436500027,MIRA TOPOGRAFICA,M,,,,,BLANCO,1503.020501,1.00,
1540,1044,14,14,46436500059,MIRA TOPOGRAFICA,M,,,,,BLANCO,1503.020501,716.80,
1541,1039,14,14,46436500039,MIRA TOPOGRAFICA,M,,,,,ANARANJADO,1503.020501,557.45,
1543,1033,14,14,46436500028,MIRA TOPOGRAFICA,M,,,,,BLANCO,1503.020501,1.00,
1544,1035,14,14,46436500030,MIRA TOPOGRAFICA,M,,,,,ANARANJADO,1503.020501,1.00,
1545,1034,14,14,46436500029,MIRA TOPOGRAFICA,M,,,,,BLANCO,1503.020501,1.00,
1680,1400,2,2,46436500062,MIRA TOPOGRAFICA,R,430,,,,PLOMO,1503.020501,145.07,
1681,1401,2,2,46436500103,MIRA TOPOGRAFICA,R,5 MTS.,LEYCA,ALUMINIO,,PLOMO,1503.020501,373.82,
2654,3036,32,32,46436500013,MIRA TOPOGRAFICA,M,,,,,,1503.020501,716.80,
2655,3038,32,32,46436500042,MIRA TOPOGRAFICA,M,,,,,,1503.020501,550.00,
2656,3040,32,32,46436500045,MIRA TOPOGRAFICA,M,,,,,,1503.020501,550.00,
2657,3037,32,32,46436500037,MIRA TOPOGRAFICA,M,,,,,,1503.020501,605.00,
2658,3039,32,32,46436500044,MIRA TOPOGRAFICA,M,,,,,,1503.020501,550.00,
3091,3654,35,35,46436500087,MIRA TOPOGRAFICA,R,,,,,PLOMO,1503.020501,138.00,
3092,3641,35,35,46436500072,MIRA TOPOGRAFICA,R,,,,,PLOMO,1503.020501,138.00,
3093,3648,35,35,46436500080,MIRA TOPOGRAFICA,R,,,,,PLOMO,1503.020501,190.00,
3094,3653,35,35,46436500086,MIRA TOPOGRAFICA,R,,,,,PLOMO/ALUMINIO,1503.020501,138.00,
3095,3636,35,35,46436500067,MIRA TOPOGRAFICA,M,,,,,PLOMO/BLANCO,1503.020501,404.80,BAJA
3096,3651,35,35,46436500083,MIRA TOPOGRAFICA,R,,,,,PLOMO,1503.020501,138.00,
3097,3626,35,35,46436500043,MIRA TOPOGRAFICA,R,,,,,PLOMO,1503.020501,550.00,
3098,3628,35,35,46436500051,MIRA TOPOGRAFICA,R,,KOLIDA,AGRS,,PLOMO,1503.020501,921.14,
3099,3621,35,35,46436500008,MIRA TOPOGRAFICA,R,,,,,PLOMO,1503.020501,138.00,
3100,3640,35,35,46436500071,MIRA TOPOGRAFICA,R,,,,,PLOMO,1503.020501,138.00,
3101,3646,35,35,46436500078,MIRA TOPOGRAFICA,R,,,,,PLOMO,1503.020501,190.00,
3102,3634,35,35,46436500063,MIRA TOPOGRAFICA,R,430,,,,PLOMO,1503.020501,179.99,
3103,3629,35,35,46436500055,MIRA TOPOGRAFICA,R,,,,,PLOMO,1503.020501,1.00,
3104,3649,35,35,46436500081,MIRA TOPOGRAFICA,R,,,,,PLOMO,1503.020501,179.99,
3105,3650,35,35,46436500082,MIRA TOPOGRAFICA,R,,,,,PLOMO,1503.020501,2.00,
3106,3637,35,35,46436500068,MIRA TOPOGRAFICA,R,,,,,PLOMO,1503.020501,404.80,
3107,3638,35,35,46436500069,MIRA TOPOGRAFICA,R,,,,,PLOMO,1503.020501,120.00,
3108,3631,35,35,46436500057,MIRA TOPOGRAFICA,R,,,,,PLOMO,1503.020501,1366.67,
3109,3627,35,35,46436500046,MIRA TOPOGRAFICA,M,,KOLIDA,AGR5,,,1503.020501,2.00,BAJA
3110,3642,35,35,46436500073,MIRA TOPOGRAFICA,R,,,,,PLOMO,1503.020501,138.00,
3111,3647,35,35,46436500079,MIRA TOPOGRAFICA,R,,,,,PLOMO,1503.020501,190.00,
3112,3635,35,35,46436500064,MIRA TOPOGRAFICA,R,430,,,,PLOMO/BLANCO,1503.020501,2.00,
3115,3622,35,35,46436500032,MIRA TOPOGRAFICA,M,,,,,AZUL,1503.020501,1158.19,BAJA
3116,3623,35,35,46436500033,MIRA TOPOGRAFICA,M,,,,,AZUL,1503.020501,562.28,BAJA
3117,3619,35,35,46436500003,MIRA TOPOGRAFICA,M,,,,,,1503.020501,716.80,BAJA
3118,3625,35,35,46436500035,MIRA TOPOGRAFICA,M,,,,,AZUL,1503.020501,562.28,BAJA
3119,3624,35,35,46436500034,MIRA TOPOGRAFICA,M,,,,,AZUL,1503.020501,562.28,BAJA
3120,3620,35,35,46436500005,MIRA TOPOGRAFICA,M,,,,,AZUL,1503.020501,716.80,BAJA
3581,458,41,48,46436500058,MIRA TOPOGRAFICA,R,,,5 MTS,,ALUMINIO,1503.020501,1100.00,
3582,3664,35,48,46436500112,MIRA TOPOGRAFICA,R,5 MTS,,ALUMINIO,,PLOMO,1503.020501,1.00,
3666,3659,35,48,46436500102,MIRA TOPOGRAFICA,M,,,,,,1503.020501,373.82,
3667,3663,35,48,46436500111,MIRA TOPOGRAFICA,R,5 MTS,,ALUMINIO,,PLOMO,1503.020501,1.00,
3669,3660,35,48,46436500104,MIRA TOPOGRAFICA,R,5 MTS.,,GEOTOP,,PLOMO,1503.020501,373.82,
3670,3632,35,48,46436500060,MIRA TOPOGRAFICA,R,,,,,BLANCO,1503.020501,1366.67,
3671,3658,35,48,46436500100,MIRA TOPOGRAFICA,R,,,ALUMINIO,,PLOMO,1503.020501,1.00,
3672,3662,35,48,46436500110,MIRA TOPOGRAFICA,R,5 MTS,,ALUMINIO,,PLOMO,1503.020501,1.00,
3673,3644,35,48,46436500075,MIRA TOPOGRAFICA,R,,,,,PLOMO,1503.020501,190.00,
3674,3645,35,48,46436500076,MIRA TOPOGRAFICA,R,,,,,PLOMO,1503.020501,190.00,
3675,3639,35,48,46436500070,MIRA TOPOGRAFICA,R,,,,,PLOMO,1503.020501,139.00,
3676,3656,35,48,46436500097,MIRA TOPOGRAFICA,R,,,,,PLOMO,1503.020501,2.00,
3678,3661,35,48,46436500109,MIRA TOPOGRAFICA,M,5 MTS,,ALUMINIO,,PLOMO,1503.020501,1.00,
3679,3655,35,48,46436500096,MIRA TOPOGRAFICA,R,,,,,PLOMO,1503.020501,1074.83,
3686,3657,35,48,46436500098,MIRA TOPOGRAFICA,R,,,,,PLOMO,1503.020501,2.00,
3719,1516,37,51,46436500091,MIRA TOPOGRAFICA,R,,,,,BLANCO/ROJO,1503.020501,138.00,
3754,1533,37,57,46436500049,MIRA TOPOGRAFICA,R,,KOLIDA,AGR5,,PLOMO,1503.020501,2674.86,
3756,3630,35,57,46436500056,MIRA TOPOGRAFICA,R,,,,,PLOMO,1503.020501,1100.00,
228,467,41,,740872500001,MODEM EXTERNO,M,,,,28800,,1503.020301,1.00,
229,468,41,,740872500007,MODEM EXTERNO,R,,MEGATECH,,8.39015E+13,BLANCO,1503.020301,1.00,
926,2389,40,,740872500003,MODEM EXTERNO,M,,,,,,1503.020301,1.00,
927,2390,40,,740872500004,MODEM EXTERNO,M,,,,,,1503.020301,1.00,
928,2391,40,,740872500005,MODEM EXTERNO,M,,,,,,1503.020301,1.00,
929,2392,40,,740872500006,MODEM EXTERNO,M,,,,,,1503.020301,1.00,
1902,1553,23,23,740872500010,MODEM EXTERNO,B,,TP - LINK,TDW8960N,2142376004832,AZUL/PLOMO,1503.020301,1.00,
1942,1594,24,24,740872500009,MODEM EXTERNO,M,,MITRASTAR,DSL-2401HY2-E1C,84AA9C751BD,BLANCO/PLOMO/GS,1503.020301,1.00,BAJA
1956,1595,24,24,740872500011,MODEM EXTERNO,M,,ARIS,TN6086,F27BWPCDG901682,NEGRO,1503.020301,1.00,
3859,3665,35,6,740872500002,MODEM EXTERNO,M,,ZMULTIMODEN,MT3834ZDXB_U,5044952,NEGRO,1503.020301,1.00,
3912,3666,35,6,740872500008,MODEM EXTERNO,M,,ROBOTICH,,,BLANCO,1503.020301,1.00,
230,469,41,,746459830001,MODULO DE COMPUTO (OTROS),M,1.10X0.40X0.66,,2 NIVELES 3 DIV,,CEDRO,1503.020102,1.00,
1746,1255,22,22,746459830005,MODULO DE COMPUTO (OTROS),R,0.48X1.11X1.80,MELAMINA,,,CEDRO/CAFÉ,1503.020102,498.00,
1756,1257,22,22,746459830008,MODULO DE COMPUTO (OTROS),M,0.49X1.11X1.80,MELAMINA,,,CEDRO/NEGRO,1503.020102,498.00,BAJA
1772,1254,22,22,746459830004,MODULO DE COMPUTO (OTROS),R,0.48X1.11X1.80,MELAMINA,,,CEDRO/NEGRO,1503.020102,498.00,
1783,1256,22,22,746459830006,MODULO DE COMPUTO (OTROS),M,0.48X1.11X1.80,,,,CEDRO/NEGRO,1503.020102,498.00,
1811,1252,22,22,746459830002,MODULO DE COMPUTO (OTROS),R,0.48X1.11X1.80,MELAMINE,,,CEDRO/NEGRO,1503.020102,498.00,
1845,1253,22,22,746459830003,MODULO DE COMPUTO (OTROS),M,0.48X1.11X1.80,MELAMINA,,,PLOMO,1503.020102,498.00,
3332,3667,35,35,746459830007,MODULO DE COMPUTO (OTROS),B,1.11 X0.48X1.80,MELAMINA,,,CEDRO/NEGRO,1503.020102,498.00,
596,1909,30,,746460170020,MODULO DE MADERA,R,0.30X1.23X0.80,,2 NIVELES,,CAFÉ,1503.020102,1.00,
930,2393,40,,746460170001,MODULO DE MADERA,M,,,,,,1503.020102,1.00,
931,2394,40,,746460170002,MODULO DE MADERA,M,,,,,,1503.020102,1.00,
932,2395,40,,746460170003,MODULO DE MADERA,M,,,,,,1503.020102,1.00,
933,2396,40,,746460170004,MODULO DE MADERA,M,,,,,,1503.020102,1.00,
934,2397,40,,746460170005,MODULO DE MADERA,M,,,,,,1503.020102,1.00,
935,2398,40,,746460170006,MODULO DE MADERA,M,,,,,,1503.020102,1.00,
936,2399,40,,746460170007,MODULO DE MADERA,M,,,,,,1503.020102,1.00,
937,2400,40,,746460170008,MODULO DE MADERA,M,,,,,,1503.020102,1.00,
938,2401,40,,746460170009,MODULO DE MADERA,M,,,,,,1503.020102,1.00,
939,2402,40,,746460170010,MODULO DE MADERA,M,,,,,,1503.020102,1.00,
940,2403,40,,746460170011,MODULO DE MADERA,M,,,,,,1503.020102,1.00,
941,2404,40,,746460170012,MODULO DE MADERA,M,,,,,,1503.020102,1.00,
942,2405,40,,746460170014,MODULO DE MADERA,M,,,,,,1503.020102,1.00,
943,2406,40,,746460170015,MODULO DE MADERA,M,,,,,,1503.020102,1.00,
944,2407,40,,746460170016,MODULO DE MADERA,M,,,,,,1503.020102,1.00,
945,2408,40,,746460170017,MODULO DE MADERA,M,,,,,,1503.020102,1.00,
946,2409,40,,746460170018,MODULO DE MADERA,M,,,,,,1503.020102,1.00,
2305,470,41,30,746460170013,MODULO DE MADERA,M,1.20X0.58X0.77,,,,AMARILLO,1503.020102,1.00,
3426,4045,43,43,746460170021,MODULO DE MADERA,R,0.54X0.85X0.73,,PARA COMPUTADOR,,CAFÉ,1503.020102,1.00,
3550,1464,2,47,746460170019,MODULO DE MADERA,M,0.60X1.35X0.75,,2 NIVELES,,MARRON,1503.020102,1.00,
947,2410,40,,746460850003,MODULO DE MADERA PARA MICROCOMPUTADORA,M,,,,,,1503.020102,1.00,
948,2412,40,,746460850008,MODULO DE MADERA PARA MICROCOMPUTADORA,M,,,,,,1503.020102,1.00,
949,2413,40,,746460850020,MODULO DE MADERA PARA MICROCOMPUTADORA,M,,,,,,1503.020102,1.00,
1424,3668,35,,746460850012,MODULO DE MADERA PARA MICROCOMPUTADORA,B,0.48X0.98X0.70,,,,BLANCO,1503.020102,1.00,
1699,1183,21,21,746460850011,MODULO DE MADERA PARA MICROCOMPUTADORA,R,0.70*0.63*0.84,,,,CAOBA,1503.020102,364.80,
1873,1259,22,22,746460850021,MODULO DE MADERA PARA MICROCOMPUTADORA,R,0.60X0.87X0.78,,,,CAOBA,1503.020102,1.00,
1881,1258,22,22,746460850015,MODULO DE MADERA PARA MICROCOMPUTADORA,R,0..50X0.69X0.75,,,,CAOBA,1503.020102,1.00,
1923,1554,23,23,746460850009,MODULO DE MADERA PARA MICROCOMPUTADORA,R,0.64X1.24X0.83,,,,ROBLE CLARO,1503.020102,1.00,
1969,1596,24,24,746460850019,MODULO DE MADERA PARA MICROCOMPUTADORA,R,0.66X1.25X0.75,,3 GAVETAS,,CAOBA,1503.020102,212.40,
2074,1825,28,28,746460850018,MODULO DE MADERA PARA MICROCOMPUTADORA,R,0.49X1.20X0.79,,,,CAFÉ,1503.020102,1.00,LAB.
2122,1824,28,28,746460850014,MODULO DE MADERA PARA MICROCOMPUTADORA,M,0.54X1.12X0.75,,,,BLANCO,1503.020102,1.00,MEJ. SERV. AGUA DEL SIST. RIEGO TREBOL
2344,978,12,31,746460850016,MODULO DE MADERA PARA MICROCOMPUTADORA,M,,,,,MADERA,1503.020102,1.00,
2345,4046,43,31,746460850005,MODULO DE MADERA PARA MICROCOMPUTADORA,R,0.65X0.84X1.20,,,,MADERA,1503.020102,1.00,
2472,3041,32,32,746460850017,MODULO DE MADERA PARA MICROCOMPUTADORA,M,043x0.40x0.82,,,,CAFE,1503.020102,320.00,
2918,3324,34,34,746460850002,MODULO DE MADERA PARA MICROCOMPUTADORA,R,0.50X0.70X0.72,,,,MADERA,1503.020102,200.00,
2928,3325,34,34,746460850006,MODULO DE MADERA PARA MICROCOMPUTADORA,R,0.56X0.90X0.72,,,,CAOBA,1503.020102,1.00,
2934,3323,34,34,746460850001,MODULO DE MADERA PARA MICROCOMPUTADORA,R,0.46X0.94X0.74,MADERA,,,CAOBA,1503.020102,334.00,
3305,2411,40,35,746460850007,MODULO DE MADERA PARA MICROCOMPUTADORA,R,,,,,BLANCO,1503.020102,1.00,0.98x0.48x0.71
3491,4080,44,44,746460850004,MODULO DE MADERA PARA MICROCOMPUTADORA,R,0.65X1.25X0.84,ULTRATON,,,CAOBA,1503.020102,1.00,
3517,1465,2,45,746460850013,MODULO DE MADERA PARA MICROCOMPUTADORA,M,,,,,,1503.020102,1.00,
3702,190,5,5,746460850010,MODULO DE MADERA PARA MICROCOMPUTADORA,R,0.83X0.64X1.25,,,,MADERA,1503.020102,1.00,
950,2414,40,,746460980011,MODULO DE MELAMINA,R,,,,,,1503.020102,1.00,
1730,1270,22,22,746460980016,MODULO DE MELAMINA,R,0.47X1.08X1.80,,PARA COMPUTADO,,CEDRO/NEGRO,1503.020102,370.00,
1731,1268,22,22,746460980014,MODULO DE MELAMINA,R,0.47X1.08X1.80,,,,CEDRO/AMARILLO,1503.020102,370.00,
1747,1272,22,22,746460980018,MODULO DE MELAMINA,R,0.47X1.08X1.80,,,,CEDRO/NEGRO,1503.020102,340.00,
1754,1269,22,22,746460980015,MODULO DE MELAMINA,M,0.47X1.08X1.80,,,,CEDRO/NEGRO,1503.020102,370.00,
1755,1260,22,22,746460980002,MODULO DE MELAMINA,M,0.50X1.13X1.80,,3 GAVETAS,,CEDRO/NEGRO,1503.020102,350.00,BAJA
1769,1266,22,22,746460980012,MODULO DE MELAMINA,M,0.47X1.08X1.80,,,,CEDRO/NEGRO,1503.020102,370.00,
1770,1265,22,22,746460980010,MODULO DE MELAMINA,M,0.49X1.13X1.80,,,,MARRON,1503.020102,350.00,BAJA
1771,1263,22,22,746460980008,MODULO DE MELAMINA,R,0.49X1.13X1.80,,,,NEGRO/CAFÉ,1503.020102,350.00,
1773,1262,22,22,746460980007,MODULO DE MELAMINA,R,0.49X1.13X1.80,,,,NEGRO/CAFÉ,1503.020102,350.00,
1781,1273,22,22,746460980019,MODULO DE MELAMINA,R,0.47X1.08X1.80,,,,CEDRO/NEGRO,1503.020102,340.00,
1782,1274,22,22,746460980020,MODULO DE MELAMINA,R,0.47X1.08X1.80,,,,CEDRO/NEGRO,1503.020102,340.00,
1793,1267,22,22,746460980013,MODULO DE MELAMINA,R,0.47X1.08X1.80,,,,CEDRO/NEGRO,1503.020102,370.00,
1821,1264,22,22,746460980009,MODULO DE MELAMINA,R,0.49X1.13X1.80,,,,NEGRO/BEIGE,1503.020102,350.00,
1826,1271,22,22,746460980017,MODULO DE MELAMINA,R,0.47X1.08X1.79,,,,CAFÉ/NEGRO,1503.020102,340.00,
1838,1275,22,22,746460980023,MODULO DE MELAMINA,R,0.50X0.574X0.69,,3 GAVETAS,,CAFE/NEGRO,1503.020102,1.00,
2324,1911,30,30,746460980005,MODULO DE MELAMINA,R,0.50X1.13X1.80,,3 GAVETAS,,CEDRO/NEGRO,1503.020102,350.00,
2524,1261,22,32,746460980006,MODULO DE MELAMINA,R,0.49X1.13X1.80,,,,NEGRO/AMARILLO,1503.020102,350.00,
2948,3671,35,35,746460980022,MODULO DE MELAMINA,R,1.80X1.11X0.40,,3 DIVISIONES,,NEGRO/CAFE,1503.020102,498.00,
3324,3670,35,35,746460980004,MODULO DE MELAMINA,M,0.49X1.13X1.80,,,,CEDRO/NEGRO,1503.020102,350.00,BAJA 
3331,3669,35,35,746460980003,MODULO DE MELAMINA,R,0.48X1.13X1.80,,,,CEDRO/NEGRO,1503.020102,350.00,
3474,4081,44,44,746460980021,MODULO DE MELAMINA,R,0.47X1.08X1.80,,3 GAVETAS,,CEDRO/NEGRO,1503.020102,340.00,
3532,1910,30,45,746460980001,MODULO DE MELAMINA,R,0.50X1.13X1.80,,3 GAVETAS,,CEDRO/NEGRO,1503.020102,350.00,
951,2415,40,,746461240008,MODULO DE MELAMINA PARA COMPUTADORA,M,,,,,,1503.020102,1.00,
952,2416,40,,746461240009,MODULO DE MELAMINA PARA COMPUTADORA,M,,,,,,1503.020102,1.00,
953,2417,40,,746461240010,MODULO DE MELAMINA PARA COMPUTADORA,M,,,,,,1503.020102,1.00,
1729,1282,22,22,746461240011,MODULO DE MELAMINA PARA COMPUTADORA,R,0.47X1.18X1.80,,,,NEGRO/AMARILLO,1503.020102,370.00,
1745,1281,22,22,746461240007,MODULO DE MELAMINA PARA COMPUTADORA,R,0.47X1.08X1.80,,,,CEDRO/NEGRO,1503.020102,370.00,
1794,1280,22,22,746461240006,MODULO DE MELAMINA PARA COMPUTADORA,R,0.49X1.13X1.80,,,,AMARILLO,1503.020102,340.00,
1799,1278,22,22,746461240003,MODULO DE MELAMINA PARA COMPUTADORA,R,0.49X1.13X1.80,,,,CEDRO/NEGRO,1503.020102,340.00,
1812,1276,22,22,746461240001,MODULO DE MELAMINA PARA COMPUTADORA,R,0.49X1.13X1.80,,,,CEDRO/NEGRO,1503.020102,370.00,
1851,1277,22,22,746461240002,MODULO DE MELAMINA PARA COMPUTADORA,R,0.49X1.13X1.80,,,,CEDRO/NEGRO,1503.020102,340.00,
1926,1555,23,23,746461240005,MODULO DE MELAMINA PARA COMPUTADORA,B,0.54X1.08X1.80,,,,CEDRO/CAFÉ,1503.020102,340.00,
2523,1279,22,32,746461240004,MODULO DE MELAMINA PARA COMPUTADORA,B,0.50X1.23X1.80,,,,AMARILLO,1503.020102,340.00,
2858,3271,33,33,746461530001,MODULO DE METAL,R,0.35X0.96X0.47,SNAP,,,ROJO,1503.020102,1.00,
231,472,41,,952258120007,MONITOR (OTROS),M,,LG,W20435V,904MDSK6Q542,NEGRO,1503.020303,766.20,
232,473,41,,952258120014,MONITOR (OTROS),M,,BENQ,,ETXA801231026,,1503.020303,787.20,
233,474,41,,952258120015,MONITOR (OTROS),M,,SAMSUNG,PLASMA LCD,SM20H9LSP17423,NEGRO,1503.020303,772.80,
234,476,41,,952258120035,MONITOR (OTROS),M,,SAMSUNG,,YC56H9LZ501199N,NEGRO,1503.020303,550.00,
235,478,41,,952258120057,MONITOR (OTROS),R,,,,,,1503.020303,1.00,
236,479,41,,952258120061,MONITOR (OTROS),R,,SAMSUNG,,ZWQ1HTJC700708J,NEGRO,1503.020303,1.00,
237,480,41,,952258120068,MONITOR (OTROS),M,,,,,,1503.020303,1.00,
238,481,41,,952258120069,MONITOR (OTROS),M,,LG,STUDIO WORKS,,BLANCO,1503.020303,1.00,
239,482,41,,952258120070,MONITOR (OTROS),M,,SAMSUNG,,,BLANCO,1503.020303,883.20,
954,2418,40,,952258120001,MONITOR (OTROS),M,,,,,,1503.020303,1.00,
955,2419,40,,952258120005,MONITOR (OTROS),R,,,,,,1503.020303,1.00,
956,2420,40,,952258120013,MONITOR (OTROS),M,,,,,,1503.020303,1.00,
957,2421,40,,952258120024,MONITOR (OTROS),M,,,,,,1503.020303,1.00,
958,2422,40,,952258120038,MONITOR (OTROS),M,,,,,,1503.020303,1.00,
959,2423,40,,952258120039,MONITOR (OTROS),M,,,,,,1503.020303,1.00,
960,2424,40,,952258120048,MONITOR (OTROS),M,,,,,,1503.020303,1.00,
961,2425,40,,952258120066,MONITOR (OTROS),R,,,,,,1503.020303,1.00,
1400,3273,33,,952258120017,MONITOR (OTROS),R,,SAMSUNG,L520CM2KRVA/PLS,CM20H9LS938203Y,NEGRO,1503.020303,957.60,
1401,3326,34,,952258120018,MONITOR (OTROS),R,,SAMSUNG,LCD,CM20H9LSB13320D,NEGRO,1503.020303,772.80,
1704,1185,21,21,952258120065,MONITOR (OTROS),R,,ASUS,,C2LMTF166058,NEGRO,1503.020303,1.00,
1757,1285,22,22,952258120040,MONITOR (OTROS),R,,LG,E2051ST-BN,109LTSS01M046,NEGRO,1503.020303,877.45,
1759,1283,22,22,952258120011,MONITOR (OTROS),R,,LG,W2043SV,904NDQAGQ540,NEGRO,1503.020303,1.00,
1760,1290,22,22,952258120045,MONITOR (OTROS),R,,SAMSUNG,S20B300N,ZUPZH4LC401403A,NEGRO,1503.020303,866.40,
1761,1294,22,22,952258120071,MONITOR (OTROS),R,,SAMSUNG,LS2CM2KIVA,CM20H9LSB15591H,BLANCO,1503.020303,1.00,
1762,1289,22,22,952258120044,MONITOR (OTROS),R,,SAMSUNG,S20B300N,ZUP7H4LC402044,NEGRO,1503.020303,866.40,
1764,1286,22,22,952258120041,MONITOR (OTROS),R,,SAMSUNG,S20B300N,ZUP7H4LC301744D,NEGRO,1503.020303,695.29,
1767,1288,22,22,952258120043,MONITOR (OTROS),R,,SAMSUNG,S208300NS/PE,ZUP7H4LC43409,NEGRO,1503.020303,781.93,
1768,1292,22,22,952258120050,MONITOR (OTROS),R,,SAMSUNG,,ZWQ1HTJC700687,NEGRO,1503.020303,1.00,RAEE-BAJA
1795,1293,22,22,952258120051,MONITOR (OTROS),M,,SAMSUNG,LS123B550VS/PE,Z4ZGHCLD200212V,NEGRO,1503.020303,841.80,
1796,1291,22,22,952258120049,MONITOR (OTROS),R,,SAMSUNG,L519B150NS,ZWQ1HTJC700630,NEGRO,1503.020303,692.86,
1895,1284,22,22,952258120020,MONITOR (OTROS),R,,LG,W2043TV,910NU847510,NEGRO,1503.020303,1.00,
1900,1287,22,22,952258120042,MONITOR (OTROS),R,,SAMSUNG,L520B300N,ZUP7H4LC702437W,NEGRO,1503.020303,781.93,
1913,1557,23,23,952258120034,MONITOR (OTROS),R,,LG,,003UXPH4H376,NEGRO,1503.020303,507.60,
1925,1556,23,23,952258120008,MONITOR (OTROS),X,,LG,,904MBRFGQ582,NEGRO,1503.020303,766.15,
1960,1597,24,24,952258120075,MONITOR (OTROS),B,,SAMGUNG,SF350,ZZSXH4ZH800419L,NEGRO,1503.020303,1.00,
2031,1753,27,27,952258120010,MONITOR (OTROS),R,,LG,W20435V,904NDHBGQ561,NEGRO,1503.020303,766.15,
2308,1912,30,30,952258120021,MONITOR (OTROS),M,,SAMSUNG,2033 SWPLUS,CM20H9LSB16596L,NEGRO,1503.020303,1.00,
2309,1914,30,30,952258120072,MONITOR (OTROS),R,,SAMSUNG,L52CM2KIVA,605NTEP742476,NEGRO,1503.020303,614.00,
2486,3048,32,32,952258120067,MONITOR (OTROS),M,,,,,,1503.020303,655.20,
2487,3045,32,32,952258120036,MONITOR (OTROS),M,,LG,,106TPZKOT 757,NEGRO,1503.020303,848.16,
2573,3047,32,32,952258120060,MONITOR (OTROS),R,,SAMSUNG,,ZWQ1HTJC700708J,NEGRO,1503.020303,692.86,
2639,3042,32,32,952258120003,MONITOR (OTROS),M,,LG,L175375,805NDSR6X523,NEGRO,1503.020303,742.80,
2686,3044,32,32,952258120026,MONITOR (OTROS),M,,HYUNDAI,,,,1503.020303,732.55,
2687,3043,32,32,952258120006,MONITOR (OTROS),M,,LG,LCD,805LDJXF116,NEGRO,1503.020303,757.05,
2688,3046,32,32,952258120054,MONITOR (OTROS),B,,LG,22EA53VA,303NDZJ5D579,NEGRO,1503.020303,754.32,
2744,3049,32,32,952258120079,MONITOR (OTROS),M,,,,,,1503.020303,1.00,
2843,3274,33,33,952258120019,MONITOR (OTROS),R,,SAMSUNG,2033SWPLUS,CM20H9LSA02864R,NEGRO,1503.020303,772.80,
2865,3275,33,33,952258120029,MONITOR (OTROS),M,,HYUNDAI,V96W,V960WDCR9800030,NEGRO,1503.020303,662.23,
2867,3276,33,33,952258120033,MONITOR (OTROS),R,,SAMSUNG,LCD,CN20H9LSC10330E,NEGRO,1503.020303,600.00,
2901,3277,33,33,952258120047,MONITOR (OTROS),R,,LG,E1751CR,207RKEL14932,NEGRO,1503.020303,635.04,
2911,3272,33,33,952258120012,MONITOR (OTROS),R,,SAMSUNG,2243SNXPLUS,MY2CHYGS500785R,NEGRO,1503.020303,912.00,
2920,3327,34,34,952258120058,MONITOR (OTROS),R,,AOC,E2060SW,FZQD51A005327,NEGRO,1503.020303,1052.48,
2931,3328,34,34,952258120062,MONITOR (OTROS),R,,AOC,E2060SW,FZQD51A005343,NEGRO,1503.020303,618.63,
2939,475,41,34,952258120016,MONITOR (OTROS),R,,SAMSUNG,2023SWPLUS,CH20H9LSB14316H,NEGRO,1503.020303,772.80,
3276,3674,35,35,952258120022,MONITOR (OTROS),M,,SAMSUNG,L520CHZKFVA/PE,CM20H9LSB162278H,NEGRO,1503.020303,1197.00,
3277,3673,35,35,952258120009,MONITOR (OTROS),M,,LG,LCD,904NDYGGK586,NEGRO,1503.020303,766.15,
3278,477,41,35,952258120056,MONITOR (OTROS),M,,SAMSUNG,LS20B3DOHC/P,ZUP7HTJD400020F,NEGRO,1503.020303,624.43,
3279,3683,35,35,952258120076,MONITOR (OTROS),M,,LG,20M47A,604NTJJGB268,NEGRO,1503.020303,1.00,
3280,3676,35,35,952258120032,MONITOR (OTROS),M,,LG,L177WSBS,711NOQA5U212,NEGRO,1503.020303,590.00,
3281,3680,35,35,952258120059,MONITOR (OTROS),M,,LG,E1960ST,104LTMDOV259,NEGRO,1503.020303,806.40,
3283,3675,35,35,952258120030,MONITOR (OTROS),M,,HYUNDAI,V96W,V96WDSCR9B00552,NEGRO,1503.020303,662.23,
3310,3681,35,35,952258120064,MONITOR (OTROS),R,,SAMSUNG,2233SN,CM22H9L5318897P,NEGRO,1503.020303,720.00,
3320,3678,35,35,952258120052,MONITOR (OTROS),R,,AOC,215LM00032,AXBCCC9A000668,NEGRO,1503.020303,995.57,
3323,3672,35,35,952258120002,MONITOR (OTROS),R,,LG,L 177WSB,807NDYG4H546,NEGRO,1503.020303,742.80,
3326,3677,35,35,952258120037,MONITOR (OTROS),M,,LG,E1941ST,106TPHGOT585,NEGRO,1503.020303,848.16,
3330,3679,35,35,952258120055,MONITOR (OTROS),R,,LG,22EA53VA,303NDSK5F814,NEGRO,1503.020303,754.32,
3343,3682,35,35,952258120074,MONITOR (OTROS),M,,SONY,,,NEGRO,1503.020303,1.00,BAJA
3353,1184,21,35,952258120028,MONITOR (OTROS),R,,HYUNDAI,V96W,V960WDSCR980000,NEGRO,1503.020303,662.23,
3371,1470,2,37,952258120073,MONITOR (OTROS),R,,SAMGUNG,S22F350FHL,ZSXH4ZH800568L,NEGRO,1503.020303,1.00,
3374,1466,2,37,952258120023,MONITOR (OTROS),R,,SAMSUNG,LS20CMZKSVA,,NEGRO,1503.020303,1.00,
3388,1468,2,37,952258120046,MONITOR (OTROS),R,,SAMSUNG,LS200300NS,68OYZVP7H4LC700,NEGRO,1503.020303,1.00,
3389,1469,2,37,952258120053,MONITOR (OTROS),R,,LG,22EA53VA,303NDZJ5D579,NEGRO,1503.020303,754.32,
3461,4082,44,44,952258120031,MONITOR (OTROS),R,,LG,W2043 SV,002INGQ8K607,NEGRO LC,1503.020303,1.00,
3521,1467,2,45,952258120027,MONITOR (OTROS),M,,HYUNDAI,V96W,V960WDSR9B00588,NEGRO,1503.020303,662.23,
3527,483,41,45,952258120078,MONITOR (OTROS),R,,LG,20M47A,507NTCZD6723,NEGRO,1503.020303,1.00,
3535,1913,30,47,952258120025,MONITOR (OTROS),M,,LG,,,NEGRO,1503.020303,1.00,
3555,3684,35,47,952258120077,MONITOR (OTROS),B,,LG,20M47A,507NTCZD6723,NEGRO,1503.020303,1.00,
3703,191,5,5,952258120063,MONITOR (OTROS),R,,LG,E1960ST,104LTWV0T201,NEGRO,1503.020303,845.73,
3768,471,41,58,952258120004,MONITOR (OTROS),R,,LG,L175375,808ndnu1b303,NEGRO,1503.020303,742.80,
240,484,41,,740877000008,MONITOR A COLOR,R,,SAMSUNG,SYNC MASTER 3NC,,BLANCO,1503.020301,1.00,
962,2426,40,,740877000018,MONITOR A COLOR,M,,,,,,1503.020202,1.00,
963,2427,40,,740877000022,MONITOR A COLOR,M,,,,,,1503.020202,1.00,
964,2428,40,,740877000052,MONITOR A COLOR,M,,,,,,1503.020301,1.00,
1469,952,11,11,740877000053,MONITOR A COLOR,M,,LG,,406SPLC34640,BLANCO,1503.020301,1.00,
2647,3077,32,32,740877000042,MONITOR A COLOR,M,,SAMSUNG,SYNG MASTER ANV,AN 15 HX BW 748840,,1503.020202,613.87,
2648,3076,32,32,740877000041,MONITOR A COLOR,M,,SAMSUNG,SAMSUNG SYNC MR,AN15HX6WB09303MPE,BLANCO,1503.020202,613.87,
2661,3053,32,32,740877000006,MONITOR A COLOR,M,,SAMSUNG,CBM4967,H8UBB09103,,1503.020301,1.00,
2662,3072,32,32,740877000037,MONITOR A COLOR,M,,,,,,1503.020202,771.75,
2663,3056,32,32,740877000012,MONITOR A COLOR,M,,SAMSUNG,CQA4147,H8WG103308,,1503.020301,1.00,
2664,3057,32,32,740877000013,MONITOR A COLOR,M,,SAMSUNG,CVM4967P,HBWF602204,,1503.020301,1.00,
2665,3083,32,32,740877000048,MONITOR A COLOR,M,,FLATRON,,,NEGRO,1503.020202,465.36,
2666,3054,32,32,740877000009,MONITOR A COLOR,M,,SAMSUNG,,H82C70567,MARFIL,1503.020301,930.59,
2667,3050,32,32,740877000001,MONITOR A COLOR,M,,SAMSUNG,CVB4587 CQB4147,HCDH700320,BLANCO,1503.020301,1.00,
2668,3058,32,32,740877000014,MONITOR A COLOR,M,,SAMSUNG,CVM49677T,HIEC804862,,1503.020301,475.29,
2669,3061,32,32,740877000017,MONITOR A COLOR,M,,,SYNCMASTER,HA14CEK316934A-PE,,1503.020202,1.00,
2670,3080,32,32,740877000045,MONITOR A COLOR,M,,SAMSUNG,,,BLANCO,1503.020202,683.25,
2671,3065,32,32,740877000024,MONITOR A COLOR,M,,SAMSUNG,450 MB,DP14HCEKC14858Y,BLANCO,1503.020202,565.95,
2672,3070,32,32,740877000032,MONITOR A COLOR,M,,SAMSUNG,,,,1503.020202,737.42,
2673,3060,32,32,740877000016,MONITOR A COLOR,M,,,CVM4967T,H8JD703953,,1503.020301,782.14,
2674,3078,32,32,740877000043,MONITOR A COLOR,M,,,,,,1503.020202,613.87,
2675,3055,32,32,740877000011,MONITOR A COLOR,M,,GOLDSTAR,1460DL,237F470471A,,1503.020301,1.00,
2676,3066,32,32,740877000025,MONITOR A COLOR,M,,SAMSUNG,5505DT15LS7LPES,DT1SHCAR407966J,BLANCO,1503.020202,1.00,
2677,3071,32,32,740877000036,MONITOR A COLOR,M,,SAMSUNG,SYNC MASTER 55V,ANISHCETADO741A,BLANCO,1503.020202,1.00,
2678,3081,32,32,740877000046,MONITOR A COLOR,M,,LG,FLATON,,NEGRO,1503.020202,771.75,
2679,3052,32,32,740877000004,MONITOR A COLOR,M,,SAMTRON,SC-441V,9321423731,,1503.020301,1.00,
2680,3067,32,32,740877000026,MONITOR A COLOR,M,,,,H2KC300826,,1503.020202,1.00,
2681,3062,32,32,740877000019,MONITOR A COLOR,M,,SAMSUNG,CQA 4147,H8JG708651,BLANCO,1503.020202,904.80,
2682,3082,32,32,740877000047,MONITOR A COLOR,M,,SAMSUNG,794 MBPLUS,,NEGRO,1503.020202,477.12,
2742,3085,32,32,740877000050,MONITOR A COLOR,M,,,,7091 NDPOT 930,,1503.020202,465.36,
2743,3084,32,32,740877000049,MONITOR A COLOR,R,,LG,T17PC-0,,NEGRO,1503.020202,1.00,
2745,3086,32,32,740877000051,MONITOR A COLOR,M,,SAMSUNG,550S,DT15HCBR503393E,BLANCO,1503.020202,1.00,
2746,3073,32,32,740877000038,MONITOR A COLOR,M,,,AN15VSPN/PES,AN15HXBW180145R PE,,1503.020202,628.32,
2747,3079,32,32,740877000044,MONITOR A COLOR,M,,SAMSUNG,551V,AN15HCEW802610W,BLANCO,1503.020202,636.30,
2749,3074,32,32,740877000039,MONITOR A COLOR,M,,,,,,1503.020202,1.00,
2750,3069,32,32,740877000030,MONITOR A COLOR,M,,,450NB,DP14HCER507550B,,1503.020202,1.00,
2751,3063,32,32,740877000021,MONITOR A COLOR,M,,SAMSUNG,CQA 4147,H8WFX00660,,1503.020202,669.24,
2752,3051,32,32,740877000003,MONITOR A COLOR,M,,SAMSUNG,CVM4963T,H2JCDAO3292,,1503.020301,1.00,
2753,3064,32,32,740877000023,MONITOR A COLOR,M,,,450 MB,DP14HCEKA03555/ML,,1503.020202,651.20,
2754,3075,32,32,740877000040,MONITOR A COLOR,M,,SAMSUNG,AN15VSPN/PES,AN15HXBN71960M PE,,1503.020202,628.32,
2755,3068,32,32,740877000029,MONITOR A COLOR,M,,,450NB,DP14HCEDR603613Z,,1503.020202,1.00,
2756,3059,32,32,740877000015,MONITOR A COLOR,M,,,CQB4147,H2FA08478,,1503.020301,1430.16,
3907,862,6,6,740877000010,MONITOR A COLOR,M,,SAMSUNG,CQB4147,H2JFA08417,BLANCO,1503.020301,930.59,
4011,868,6,6,740877000034,MONITOR A COLOR,M,,GOLDSTAR,60NDI,237F4664278A,BLANCO,1503.020202,1.00,
4013,869,6,6,740877000035,MONITOR A COLOR,M,,OLIVETTI,DSMCA-146613,9.46197E+11,BLANCO,1503.020202,1.00,
4014,860,6,6,740877000005,MONITOR A COLOR,M,,SAMTRON,SC-441V,9321423731,BLANCO,1503.020301,1.00,
4015,865,6,6,740877000028,MONITOR A COLOR,M,,SAMSUNG,MA2675,4002345,BLANCO,1503.020202,1.00,
4018,866,6,6,740877000031,MONITOR A COLOR,M,,SAMSUNG,450NB,DP14HCER507617V,BLANCO,1503.020202,1.00,
4022,863,6,6,740877000020,MONITOR A COLOR,M,,SAMSUNG,CQA 4147,H8WG903726,BLANCO,1503.020202,1.00,
4024,867,6,6,740877000033,MONITOR A COLOR,M,,SAMSUNG,CV-M4967,H8VBB09103,BLANCO,1503.020202,688.53,
4026,864,6,6,740877000027,MONITOR A COLOR,M,,SAMSUNG,CVM4967T,H8YD701852,BLANCO,1503.020202,1.00,
4027,859,6,6,740877000002,MONITOR A COLOR,M,,SAMSUNG,CVM4967T,H8Z801020,BLANCO,1503.020301,1.00,
4028,861,6,6,740877000007,MONITOR A COLOR,M,,GOLDSTAR,1465DLS,259R6A064781,BLANCO,1503.020301,1.00,
241,485,41,,952258350001,MONITOR LCD,R,,SAMSUNG,,CM20H9LSB13320D,NEGRO,1503.020303,1.00,
542,1670,38,,740880370002,MONITOR LED,B,,,,,,1503.020301,1.00,
2041,1754,27,27,740880370001,MONITOR LED,B,,BENQ,GL-2450-T,ETWSF03680019,NEGRO,1503.020301,1104.06,
2748,3087,32,32,740881500005,MONITOR MONOCROMATICO,M,,,5M-470,9337060039,,1503.020301,1.00,
4016,870,6,6,740881500001,MONITOR MONOCROMATICO,M,,SAMSUNG,MA2561,U10801061,BLANCO,1503.020301,1.00,
4019,872,6,6,740881500003,MONITOR MONOCROMATICO,M,,SAMTRON,SM-470,9343068983,BLANCO,1503.020301,1.00,
4020,871,6,6,740881500002,MONITOR MONOCROMATICO,M,,SUNSHINE,MA-14,C-951200017581,BLANCO,1503.020301,1.00,
4023,873,6,6,740881500004,MONITOR MONOCROMATICO,M,,SAMTRON,SM-470,9345078568,BLANCO,1503.020301,1.00,
242,486,41,,740881870014,MONITOR PLANO,B,,BENQ,GL2250-T,ET57DO1405019,NEGRO,1503.020301,1.00,
965,2429,40,,740881870005,MONITOR PLANO,R,,,,,,1503.020301,1.00,
966,2430,40,,740881870007,MONITOR PLANO,M,,,,,,1503.020301,1.00,
1758,1295,22,22,740881870003,MONITOR PLANO,R,,LG,W2043SV,904NDQAGQ564,NEGRO,1503.020301,1.00,
1763,1297,22,22,740881870008,MONITOR PLANO,R,,SAMSUNG,,Z4ZGHLCD200227,NEGRO,1503.020301,841.80,
1765,1299,22,22,740881870010,MONITOR PLANO,R,,LG,,304NDLSM7888,NEGRO,1503.020301,708.00,
1766,1298,22,22,740881870009,MONITOR PLANO,R,,LG,20EN43SA,304NDFVM8907,NEGRO,1503.020301,708.00,
1880,1296,22,22,740881870006,MONITOR PLANO,R,,SAMSUNG,LS23V5505VS,Z4ZGHCLD200230F,NEGRO,1503.020301,841.80,
2638,3088,32,32,740881870002,MONITOR PLANO,M,,LG,,904NDAGQ568,NEGRO,1503.020301,1.00,
2933,3329,34,34,740881870001,MONITOR PLANO,M,,LG,W20435V,W23435-PF,NEGRO,1503.020301,766.15,
3282,3685,35,35,740881870011,MONITOR PLANO,M,,LG,22EA51UVA,303NDCR5D595,NEGRO,1503.020301,754.32,
3433,4047,43,43,740881870004,MONITOR PLANO,R,,SAMSUNG,520B300N,ZUT7H4LC200764D,NEGRO,1503.020301,1.00,SE APAGA SOLO
3443,4048,43,43,740881870012,MONITOR PLANO,R,,SAMSUNG,ZUP7HTH0400436P,,NEGRO,1503.020301,624.43,
3488,4083,44,44,740881870013,MONITOR PLANO,R,,SANSUNG,S20B300N,ZUP7HTHD400453K,NEGRO,1503.020301,624.43,
2200,108,3,3,678263500001,MONTACARGA,M,,TRUCK,FORKLIFT,,BLANCO/ANARANJ0,1503.0101,1.00,
17,120,3,,672275420029,MOTOBOMBA,R,,HONDA,,1043182,ROJO/BLANCO,1503.020906,2020.00,
18,122,3,,672275420033,MOTOBOMBA,R,,HONDA,GX390,1511180402,ROJO/BLANCO,1503.020906,4695.00,
243,489,41,,672275420019,MOTOBOMBA,R,,HONDA,GX 160TI,GCAAM3169774,BLANCO/PLOMO,1503.020906,1310.00,
244,491,41,,672275420023,MOTOBOMBA,R,,HONDA,GX 160,GCAFH-0296189,BLANCO/ROJO/NEG,1503.020906,2450.00,
245,492,41,,672275420027,MOTOBOMBA,M,,HONDA,HJ/4/3A,324282,BLANCO/PLOMO,1503.020906,3450.00,
246,493,41,,672275420030,MOTOBOMBA,R,,HONDA,G 300,1039184,ROJO/BLANCO,1503.020906,2020.00,
247,495,41,,672275420038,MOTOBOMBA,M,,HONDA(BRIGGS S),205432,051286YE,NEGRO,1503.020906,1600.00,
248,496,41,,672275420039,MOTOBOMBA,R,,HONDA,GX390,,ROJO/BLANCO,1503.020906,1.00,
249,497,41,,672275420040,MOTOBOMBA,M,,BRIGGS STRATION,205432,051206YE,NEGRO,1503.020906,1.00,
250,498,41,,672275420041,MOTOBOMBA,M,,BRIGGS STRATION,205432,030401YD,NEGRO,1503.020906,1.00,
251,499,41,,672275420042,MOTOBOMBA,M,,,,,NEGRO,1503.020906,1.00,
252,500,41,,672275420043,MOTOBOMBA,M,,BRIGGS STRATION,205432,030401YD,NEGRO,1503.020906,1.00,
253,501,41,,672275420044,MOTOBOMBA,M,,KOHLER DYNAMIC,CM421,40954318762 (27015W),NEGRO,1503.020906,1.00,
967,2431,40,,672275420005,MOTOBOMBA,M,,,,,,1503.020906,1.00,
968,2432,40,,672275420007,MOTOBOMBA,M,,,,,ROJO,1503.020906,1.00,
969,2433,40,,672275420010,MOTOBOMBA,M,,,,,,1503.020906,1.00,
970,2434,40,,672275420011,MOTOBOMBA,M,,,,,,1503.020906,1.00,
971,2435,40,,672275420012,MOTOBOMBA,M,,,,,,1503.020906,1.00,
972,2436,40,,672275420013,MOTOBOMBA,M,,,,,,1503.020906,1.00,
973,2437,40,,672275420016,MOTOBOMBA,M,,,,,,1503.020906,1.00,
974,2438,40,,672275420018,MOTOBOMBA,M,,,,,,1503.020906,1.00,
975,2439,40,,672275420028,MOTOBOMBA,M,,,,,,1503.020906,1.00,
976,2440,40,,672275420034,MOTOBOMBA,R,,,,,,1503.020906,1.00,
977,2441,40,,672275420035,MOTOBOMBA,R,,KOHLEMAN,,,,1503.020906,7200.00,
978,2442,40,,672275420036,MOTOBOMBA,R,,,,,,1503.020906,1.00,
979,2443,40,,672275420037,MOTOBOMBA,R,,,,,,1503.020906,1.00,
1605,1136,15,15,672275420047,MOTOBOMBA,M,,,,SC01,ANARNJADO,1503.020906,1.00,
1606,1135,15,15,672275420046,MOTOBOMBA,M,,,KVKI KD-120,SC03,PLOMO,1503.020906,1.00,
1607,1134,15,15,672275420045,MOTOBOMBA,M,,,KD 120,SC02,ROJO,1503.020906,1.00,
1631,488,41,15,672275420006,MOTOBOMBA,M,,,,,ROJO,1503.020906,3748.50,
1646,1133,15,15,672275420009,MOTOBOMBA,M,,,,,AZUL,1503.020906,3250.00,
2183,113,3,3,672275420014,MOTOBOMBA,M,,HONDA,OHV,GCADT1181630,ROJO,1503.020906,2500.00,
2184,112,3,3,672275420008,MOTOBOMBA,M,,HONDA,GX390,GCAET1540460,ROJO/NEGRO/BLAO,1503.020906,3250.00,
2185,111,3,3,672275420003,MOTOBOMBA,M,,KHOLER,MAGNUM 12P,2519101975,ROJO/NEGRO,1503.020906,6595.64,
2186,110,3,3,672275420002,MOTOBOMBA,M,,HONDA,JOPCO,2519101993,ROJO/NEGRO,1503.020906,6595.64,
2187,121,3,3,672275420031,MOTOBOMBA,M,,JOSPAC,H1/4/13A,324363,ROJO/BLANCO/NEG,1503.020906,3100.00,
2211,118,3,3,672275420025,MOTOBOMBA,M,,HONDA,GX 390,GCAFH-0313868,ROJO/NEGRO/PLOO,1503.020906,3450.00,
2224,115,3,3,672275420017,MOTOBOMBA,M,,MEBA,CARACOL,T1010020023285,ROJO,1503.020906,1980.00,
2225,114,3,3,672275420015,MOTOBOMBA,M,,HONDA,GX390,GCAET-1585517,ROJO/BLANCO,1503.020906,2870.00,
2231,109,3,3,672275420001,MOTOBOMBA,M,,HIDROSTAL,,8103766,AZUL,1503.020906,1582.00,
2242,117,3,3,672275420024,MOTOBOMBA,M,,HONDA,GX 390,GCAFH-0296353,ROJO/NEGRO/PLOO,1503.020906,1310.00,
2246,119,3,3,672275420026,MOTOBOMBA,M,,AXEL HONDA,GX 390H1QH2,GCAFH-0313873,ROJO/NEGRO/PLOM,1503.020906,3997.50,
2249,116,3,3,672275420020,MOTOBOMBA,M,,HONDA,GX 390,GCAFH-0304714,BLANCO/ROJO/NEO,1503.020906,3170.00,
2337,487,41,31,672275420004,MOTOBOMBA,M,,HISPANOMOTOR,LOMBARDINI,5LD675-2/U3530022,VERDE,1503.020906,1.00,
3757,494,41,57,672275420032,MOTOBOMBA,M,,HONDA,HJ/4/13A,324365,ROJO/BLANCO/NEG,1503.020906,3100.00,
3763,1411,2,58,672275420021,MOTOBOMBA,M,,HONDA,GX 160T1,G300C1201392,BLANCO/ROJO/NEG,1503.020906,3170.00,
3774,490,41,58,672275420022,MOTOBOMBA,M,,HONDA,GX 390 H1QH3,GCAFH-0296174,BLANCO/ROJO/NEG,1503.020906,2450.00,
254,502,41,,678281500001,MOTOCAR,R,,SONIK,SONIK 250,,ROJO,1503.0101,7650.00,
255,503,41,,678281500003,MOTOCAR,R,,YADE,250 ZH,,ROJO/AZUL,1503.0101,6350.00,
2296,125,3,3,678281500005,MOTOCAR,M,,SUNSHINE,250 ZH,,AZUL,1503.0101,7200.00,
2297,124,3,3,678281500004,MOTOCAR,M,,SUNSHINE,250 ZH,,ANARANJADO,1503.0101,7200.00,
2298,123,3,3,678281500002,MOTOCAR,M,,YADE,250 ZH,,ROJO,1503.0101,6350.00,
3771,504,41,58,678281500006,MOTOCAR,M,,SONIK,SONIK 250,,AZUL,1503.0101,7650.00,
256,505,41,,678268000007,MOTOCICLETA,M,,HONDA,XL200,,ROJO,1503.0101,1.00,
257,506,41,,678268000009,MOTOCICLETA,R,,,,,ROJO,1503.0101,1.00,
258,508,41,,678268000012,MOTOCICLETA,M,,FORTE,FORTE 250,,AMARILLO,1503.0101,4450.00,
259,510,41,,678268000018,MOTOCICLETA,R,,HONDA,XR150L,,ROJO,1503.0101,7850.00,
260,512,41,,678268000022,MOTOCICLETA,R,,HONDA,XR-190L,,NEGRO,1503.0101,12000.00,
261,513,41,,678268000025,MOTOCICLETA,R,,RONCO,X - PLORER 2005,,ROJO/BLANCO,1503.0101,4800.00,
491,1412,2,,678268000016,MOTOCICLETA,R,,HONDA,XL-200,,BLANCO,1503.0101,11200.00,
980,2445,40,,678268000004,MOTOCICLETA,M,,NO,N,,S/C,1503.0101,1.00,
981,2446,40,,678268000005,MOTOCICLETA,M,,NO,N,,S/C,1503.0101,1.00,
982,2447,40,,678268000008,MOTOCICLETA,M,,S-M,XL-125,,S-C,1503.0101,1.00,
983,2448,40,,678268000014,MOTOCICLETA,M,,S/M,,,0,1503.0101,1.00,
984,2449,40,,678268000015,MOTOCICLETA,M,,S/M,,,0,1503.0101,1.00,
985,2450,40,,678268000017,MOTOCICLETA,M,,,,,O,1503.0101,1.00,
986,2451,40,,678268000020,MOTOCICLETA,M,,,,,N,1503.0101,1.00,
2167,2444,40,3,678268000001,MOTOCICLETA,M,,,,,,1503.0101,1.00,
2291,131,3,3,678268000029,MOTOCICLETA,M,,HONDA,XL-200,,ROJO,1503.0101,1.00,
2292,130,3,3,678268000026,MOTOCICLETA,M,,RONCO,X - PLORER 2005,,NEGRO/BLANCO,1503.0101,4800.00,
2293,128,3,3,678268000006,MOTOCICLETA,M,,HONDA,XL-200,,ROJO,1503.0101,11246.00,
2294,127,3,3,678268000003,MOTOCICLETA,M,,HONDA,XL-200,,ROJO,1503.0101,12800.00,
2295,126,3,3,678268000002,MOTOCICLETA,M,,HONDA,XL-125S,,ROJO,1503.0101,1.00,
3715,1517,37,51,678268000024,MOTOCICLETA,R,,RONCO,X - PLORER 2005,,NEGRO/BLANCO,1503.0101,4800.00,
3726,1402,2,55,678268000027,MOTOCICLETA,R,,HERO,XPULSE 200,,BLANCO,1503.0101,16000.00,
3734,511,41,56,678268000021,MOTOCICLETA,R,,HONDA,XR-190L,,ROJO,1503.0101,12000.00,
3735,1534,37,57,678268000019,MOTOCICLETA,R,,HONDA,XR-150,,BLANCO,1503.0101,1.00,
3767,129,3,58,678268000010,MOTOCICLETA,M,,HONDA,XL-250,,ROJO,1503.0101,12316.50,
3777,507,41,58,678268000011,MOTOCICLETA,M,,FORTE,FORTE 250,,ROJO,1503.0101,4450.00,
3778,509,41,58,678268000013,MOTOCICLETA,M,,WANXIN,WX200GY-A,,ROJO,1503.0101,1.00,
3779,1521,37,58,678268000023,MOTOCICLETA,R,,RONCO,X - PLORER 2005,,ROJO/BLANCO,1503.0101,4800.00,
3780,1522,37,58,678268000028,MOTOCICLETA,R,,HERO,XPULSE 200,,BLANCO,1503.0101,16000.00,
262,514,41,,672276900001,MOTOR COLGANTE,M,,,GBBI-1983-5393,,,1503.020906,1.00,
263,515,41,,672276900003,MOTOR COLGANTE,M,,,112M,895,CELESTE,1503.020906,1.00,
264,516,41,,672276900024,MOTOR COLGANTE,M,,,6X390,1025073,,1503.020906,1.00,
987,2452,40,,672276900002,MOTOR COLGANTE,M,,,,,,1503.020906,1.00,
988,2453,40,,672276900004,MOTOR COLGANTE,M,,,,,,1503.020906,1.00,
989,2454,40,,672276900006,MOTOR COLGANTE,M,,,,,,1503.020906,1.00,
990,2455,40,,672276900007,MOTOR COLGANTE,M,,,,,,1503.020906,1.00,
991,2456,40,,672276900008,MOTOR COLGANTE,M,,,,,,1503.020906,1.00,
992,2457,40,,672276900009,MOTOR COLGANTE,M,,,,,,1503.020906,1.00,
993,2458,40,,672276900010,MOTOR COLGANTE,M,,,,,,1503.020906,1.00,
994,2459,40,,672276900011,MOTOR COLGANTE,M,,,,,,1503.020906,1.00,
995,2460,40,,672276900012,MOTOR COLGANTE,M,,,,,,1503.020906,1.00,
996,2461,40,,672276900013,MOTOR COLGANTE,M,,,,,,1503.020906,1.00,
997,2462,40,,672276900014,MOTOR COLGANTE,M,,,,,,1503.020906,1.00,
998,2463,40,,672276900015,MOTOR COLGANTE,M,,,,,,1503.020906,1.00,
999,2464,40,,672276900016,MOTOR COLGANTE,M,,,,,,1503.020906,1.00,
1000,2465,40,,672276900017,MOTOR COLGANTE,M,,,,,,1503.020906,1.00,
1001,2466,40,,672276900018,MOTOR COLGANTE,M,,,,,,1503.020906,1.00,
1002,2467,40,,672276900019,MOTOR COLGANTE,M,,,,,,1503.020906,1.00,
1003,2468,40,,672276900020,MOTOR COLGANTE,M,,,,,,1503.020906,1.00,
1004,2469,40,,672276900021,MOTOR COLGANTE,M,,,,,,1503.020906,1.00,
1005,2470,40,,672276900022,MOTOR COLGANTE,M,,,,,,1503.020906,1.00,
1006,2471,40,,672276900023,MOTOR COLGANTE,M,,,,,,1503.020906,1.00,
1007,2472,40,,672276900025,MOTOR COLGANTE,M,,,,,,1503.020906,1.00,
1008,2473,40,,672276900027,MOTOR COLGANTE,M,,,,,,1503.020906,1.00,
1009,2474,40,,672276900028,MOTOR COLGANTE,M,,,,,,1503.020906,1.00,
1010,2475,40,,672276900029,MOTOR COLGANTE,M,,,,,,1503.020906,1.00,
1011,2476,40,,672276900030,MOTOR COLGANTE,M,,,,,,1503.020906,1.00,
1012,2477,40,,672276900031,MOTOR COLGANTE,M,,,,,,1503.020906,1.00,
1013,2478,40,,672276900032,MOTOR COLGANTE,M,,ONDA,6X390,1025073,,1503.020906,1.00,
2213,517,41,3,672276900026,MOTOR COLGANTE,M,,KOHLER,MAGNUM 12,3720600899,NEGRO,1503.020906,2928.00,
2268,132,3,3,672276900005,MOTOR COLGANTE,M,,FARYMANN,95A430,KII-841122,PLOMO,1503.020906,1.00,
1014,2479,40,,672279880002,MOTORES ESTACIONARIOS Y MARINOS,M,,,,,,1503.020906,1.00,
1015,2480,40,,672279880003,MOTORES ESTACIONARIOS Y MARINOS,M,,,,,,1503.020906,1.00,
1016,2481,40,,672279880004,MOTORES ESTACIONARIOS Y MARINOS,M,,,,,,1503.020906,1.00,
1017,2482,40,,672279880006,MOTORES ESTACIONARIOS Y MARINOS,M,,,,,,1503.020906,1.00,
1018,2483,40,,672279880007,MOTORES ESTACIONARIOS Y MARINOS,M,,,,,,1503.020906,1.00,
1019,2484,40,,672279880008,MOTORES ESTACIONARIOS Y MARINOS,M,,,,,,1503.020906,1.00,
1020,2485,40,,672279880011,MOTORES ESTACIONARIOS Y MARINOS,M,,,,,,1503.020906,1.00,
1021,2486,40,,672279880012,MOTORES ESTACIONARIOS Y MARINOS,M,,,,,,1503.020906,1.00,
1022,2487,40,,672279880013,MOTORES ESTACIONARIOS Y MARINOS,M,,,,,,1503.020906,1.00,
1023,2488,40,,672279880014,MOTORES ESTACIONARIOS Y MARINOS,M,,,,,,1503.020906,1.00,
1024,2489,40,,672279880015,MOTORES ESTACIONARIOS Y MARINOS,M,,,,,,1503.020906,1.00,
1025,2490,40,,672279880016,MOTORES ESTACIONARIOS Y MARINOS,M,,,,,,1503.020906,1.00,
1026,2491,40,,672279880017,MOTORES ESTACIONARIOS Y MARINOS,M,,,,,,1503.020906,1.00,
1027,2492,40,,672279880018,MOTORES ESTACIONARIOS Y MARINOS,M,,,,,,1503.020906,1.00,
1028,2493,40,,672279880019,MOTORES ESTACIONARIOS Y MARINOS,M,,,,,,1503.020906,1.00,
1029,2494,40,,672279880020,MOTORES ESTACIONARIOS Y MARINOS,M,,,,,,1503.020906,1.00,
1030,2495,40,,672279880021,MOTORES ESTACIONARIOS Y MARINOS,M,,,,,,1503.020906,1.00,
1031,2496,40,,672279880022,MOTORES ESTACIONARIOS Y MARINOS,M,,,,,,1503.020906,1.00,
1032,2497,40,,672279880023,MOTORES ESTACIONARIOS Y MARINOS,M,,,,,,1503.020906,1.00,
1394,3089,32,,672279880009,MOTORES ESTACIONARIOS Y MARINOS,M,,,,,,1503.020906,1.00,
1395,3090,32,,672279880010,MOTORES ESTACIONARIOS Y MARINOS,M,,,,,PLOMO,1503.020906,1.00,
2215,518,41,3,672279880005,MOTORES ESTACIONARIOS Y MARINOS,M,,KOHLER,MAGNUM 12,3720600859,NEGRO,1503.020906,1.00,
2272,133,3,3,672279880001,MOTORES ESTACIONARIOS Y MARINOS,M,,DONG FENG,4135AN,8310040,ANARANJADO,1503.020906,1.00,
3792,874,6,6,672279880024,MOTORES ESTACIONARIOS Y MARINOS,M,,,MCDJ27O,551,VERDE OSCURO,1503.020906,1.00,
265,519,41,,740882240048,MOUSE INALAMBRICO,R,,,,,NEGRO,1503.020301,1.00,
266,520,41,,740882240057,MOUSE INALAMBRICO,R,,,,,,1503.020301,1.00,
1033,2498,40,,740882240001,MOUSE INALAMBRICO,M,,,,,,1503.020301,1.00,
1034,2499,40,,740882240002,MOUSE INALAMBRICO,M,,,,,,1503.020301,1.00,
1035,2500,40,,740882240003,MOUSE INALAMBRICO,M,,,,,,1503.020301,1.00,
1036,2501,40,,740882240004,MOUSE INALAMBRICO,M,,,,,,1503.020301,1.00,
1037,2502,40,,740882240005,MOUSE INALAMBRICO,M,,,,,,1503.020301,1.00,
1038,2503,40,,740882240006,MOUSE INALAMBRICO,M,,,,,,1503.020301,1.00,
1039,2504,40,,740882240007,MOUSE INALAMBRICO,M,,,,,,1503.020301,1.00,
1040,2505,40,,740882240008,MOUSE INALAMBRICO,M,,,,,,1503.020301,1.00,
1041,2506,40,,740882240009,MOUSE INALAMBRICO,M,,,,,,1503.020301,1.00,
1042,2507,40,,740882240010,MOUSE INALAMBRICO,M,,,,,,1503.020301,1.00,
1043,2508,40,,740882240012,MOUSE INALAMBRICO,M,,,,,,1503.020301,1.00,
1044,2509,40,,740882240013,MOUSE INALAMBRICO,M,,,,,,1503.020301,1.00,
1045,2510,40,,740882240015,MOUSE INALAMBRICO,M,,,,,,1503.020301,1.00,
1046,2512,40,,740882240019,MOUSE INALAMBRICO,M,,,,,,1503.020301,1.00,
1047,2513,40,,740882240020,MOUSE INALAMBRICO,M,,,,,,1503.020301,1.00,
1048,2514,40,,740882240021,MOUSE INALAMBRICO,M,,,,,,1503.020301,1.00,
1049,2516,40,,740882240023,MOUSE INALAMBRICO,M,,,,,,1503.020301,1.00,
1050,2517,40,,740882240024,MOUSE INALAMBRICO,M,,,,,,1503.020301,1.00,
1051,2518,40,,740882240025,MOUSE INALAMBRICO,M,,,,,,1503.020301,1.00,
1052,2519,40,,740882240026,MOUSE INALAMBRICO,M,,,,,,1503.020301,1.00,
1053,2520,40,,740882240027,MOUSE INALAMBRICO,M,,,,,,1503.020301,1.00,
1054,2521,40,,740882240028,MOUSE INALAMBRICO,M,,,,,,1503.020301,1.00,
1055,2522,40,,740882240029,MOUSE INALAMBRICO,M,,,,,,1503.020301,1.00,
1056,2523,40,,740882240030,MOUSE INALAMBRICO,M,,,,,,1503.020301,1.00,
1057,2525,40,,740882240033,MOUSE INALAMBRICO,R,,,,,,1503.020301,1.00,
1058,2526,40,,740882240035,MOUSE INALAMBRICO,M,,,,,,1503.020301,1.00,
1059,2527,40,,740882240036,MOUSE INALAMBRICO,M,,,,,,1503.020301,1.00,
1060,2528,40,,740882240037,MOUSE INALAMBRICO,M,,,,,,1503.020301,1.00,
1061,2529,40,,740882240038,MOUSE INALAMBRICO,M,,,,,,1503.020301,1.00,
1062,2530,40,,740882240039,MOUSE INALAMBRICO,M,,,,,,1503.020301,1.00,
1063,2531,40,,740882240040,MOUSE INALAMBRICO,M,,,,,,1503.020301,1.00,
1064,2532,40,,740882240041,MOUSE INALAMBRICO,M,,,,,,1503.020301,1.00,
1065,2533,40,,740882240042,MOUSE INALAMBRICO,M,,,,,,1503.020301,1.00,
1066,2534,40,,740882240043,MOUSE INALAMBRICO,M,,,,,,1503.020301,1.00,
1067,2535,40,,740882240045,MOUSE INALAMBRICO,R,,,,,,1503.020301,1.00,
1068,2536,40,,740882240046,MOUSE INALAMBRICO,R,,,,,,1503.020301,1.00,
1069,2538,40,,740882240049,MOUSE INALAMBRICO,M,,,,,,1503.020301,1.00,
1070,2540,40,,740882240051,MOUSE INALAMBRICO,M,,,,,,1503.020301,1.00,
1071,2541,40,,740882240052,MOUSE INALAMBRICO,M,,,,,,1503.020301,1.00,
1072,2542,40,,740882240053,MOUSE INALAMBRICO,M,,,,,,1503.020301,1.00,
1073,2543,40,,740882240054,MOUSE INALAMBRICO,M,,,,,,1503.020301,1.00,
1074,2544,40,,740882240055,MOUSE INALAMBRICO,M,,,,,,1503.020301,1.00,
1075,2545,40,,740882240056,MOUSE INALAMBRICO,M,,,,,,1503.020301,1.00,
1425,3687,35,,740882240016,MOUSE INALAMBRICO,M,,CYBERTEL,,,NEGRO,1503.020301,1.00,
1426,3688,35,,740882240017,MOUSE INALAMBRICO,R,,CYBERTEL,CIB-M203,1944M203P1115,NEGRO,1503.020301,1.00,
1427,3689,35,,740882240044,MOUSE INALAMBRICO,R,,MICROSOFT,,,NEGRO,1503.020301,30.00,
1428,3690,35,,740882240058,MOUSE INALAMBRICO,R,,GENIUS,,WV13SS3B4725,NEGRO,1503.020301,1.00,
2897,2537,40,33,740882240047,MOUSE INALAMBRICO,R,,CYBERTEL,,,NEGRO,1503.020301,1.00,
2913,2511,40,33,740882240018,MOUSE INALAMBRICO,M,,GENIUS,,,NEGRO,1503.020301,1.00,CON CABLE
2935,2539,40,34,740882240050,MOUSE INALAMBRICO,R,,HP,MSU1053,,NEGRO,1503.020301,1.00,CON CABLE
3361,2515,40,37,740882240022,MOUSE INALAMBRICO,M,,GENIUS,,156031601079,NEGRO,1503.020301,1.00,CON CABLE
3427,4050,43,43,740882240034,MOUSE INALAMBRICO,R,,GENIUS,,,NEGRO,1503.020301,1.00,NO ES INALAMBRICO 
3429,4049,43,43,740882240031,MOUSE INALAMBRICO,M,,GENIUS,,,NEGRO,1503.020301,1.00,NO ES INALAMBRICO
3476,2524,40,44,740882240032,MOUSE INALAMBRICO,R,,GENIUS,CROLL,,,1503.020301,1.00,CON CABLE
3479,3686,35,44,740882240011,MOUSE INALAMBRICO,M,,,,,,1503.020301,1.00,
3493,1471,2,45,740882240014,MOUSE INALAMBRICO,M,,,,,,1503.020301,1.00,ELIMINAR
2057,1826,28,28,602263960001,MUESTRADOR DE CAMPO MOTORIZADO,R,,ELE SOILTETS,CONO PECK,1.20218E+12,ANARANJADO,1503.020905,38350.00,
267,521,41,,602264430001,MULTIMETRO-MULTITESTER,M,,SUNWA-SUMA,YX-360TR,,NEGRO,1503.020905,1.00,
268,522,41,,952258500001,NAVEGADOR DE SATELITE,M,,GPS MAP,765,,NEGRO,1503.020303,1.00,
269,523,41,,952258500003,NAVEGADOR DE SATELITE,M,,GPS MAP,765,,NEGRO,1503.020303,1.00,
3626,3691,35,48,952258500002,NAVEGADOR DE SATELITE,M,,GARMIN,COLORADO,18Z036628,NEGRO,1503.020303,2400.00,
270,524,41,,602264990013,NIVEL TOPOGRAFICO,M,,KERN WISS,AT_G6,279060,VERDE/OSCURO,1503.020905,4840.00,
271,525,41,,602264990020,NIVEL TOPOGRAFICO,R,,LEICA,NA720,55945050,ROJO/PLOMO,1503.020905,1.00,
272,526,41,,602264990025,NIVEL TOPOGRAFICO,R,,LEICA,NA 730,5655347,ROJO,1503.020905,1.00,
273,527,41,,602264990031,NIVEL TOPOGRAFICO,M,,PENTAX,AP 281,229290,PLOMO/ROJO,1503.020905,2693.00,
274,528,41,,602264990033,NIVEL TOPOGRAFICO,M,,PENTAX,AP281,610196,PLOMO/ROJO,1503.020905,933.00,
275,529,41,,602264990039,NIVEL TOPOGRAFICO,M,,PENTAX,AP 281,610214 - (610284),PLOMO/ROJO,1503.020905,1.00,
276,530,41,,602264990041,NIVEL TOPOGRAFICO,M,,KERN,GK 0-A,268460,VERDE/OSCURO,1503.020905,1.00,
488,1403,2,,602264990018,NIVEL TOPOGRAFICO,R,,LEICA,NA724,5600575,ROJO/PLOMO,1503.020905,921.14,
1076,2546,40,,602264990007,NIVEL TOPOGRAFICO,M,,,,,,1503.020905,1.00,
1077,2547,40,,602264990045,NIVEL TOPOGRAFICO,B,,,,,,1503.020905,1.00,
2981,3710,35,35,602264990023,NIVEL TOPOGRAFICO,R,,LEICA,,433390,ROJO/MANTECA,1503.020905,1366.67,
2983,3695,35,35,602264990004,NIVEL TOPOGRAFICO,M,,KERN SWISS,GK1-A,269606,VERDE OSCURO,1503.020905,1.00,BAJA
2986,3694,35,35,602264990003,NIVEL TOPOGRAFICO,M,,KERN LEVEL,,360679,AMARILLO,1503.020905,1.00,BAJA
3051,3724,35,35,602264990043,NIVEL TOPOGRAFICO,M,,PENTAX,AP 228,622896,PLOMO/ROJO,1503.020905,11000.00,
3054,3712,35,35,602264990026,NIVEL TOPOGRAFICO,M,,PENTAX,AP 281,603845,ROJO,1503.020905,1399.99,
3055,3717,35,35,602264990034,NIVEL TOPOGRAFICO,R,,PENTAX,AP 282,710105,PLOMO/ROJO,1503.020905,1.00,
3056,3703,35,35,602264990014,NIVEL TOPOGRAFICO,M,,TOPCON,AT_G6,8F 7570,VERDE/AMARILLO,1503.020905,4840.00,
3057,3723,35,35,602264990042,NIVEL TOPOGRAFICO,M,,LEICA,,,ROJO/PLOMO,1503.020905,11000.00,
3058,3715,35,35,602264990029,NIVEL TOPOGRAFICO,M,,PENTAX,AP 283,603871,ROJO,1503.020905,404.80,
3059,3705,35,35,602264990016,NIVEL TOPOGRAFICO,M,,LEICA ,NA721,422327,ROJO/PLOMO,1503.020905,951.73,
3062,3704,35,35,602264990015,NIVEL TOPOGRAFICO,M,,TOPCON,AT_G6,8F 7547,AMARILLO,1503.020905,1553.00,
3063,3709,35,35,602264990022,NIVEL TOPOGRAFICO,M,,LEICA,NA 720,428959,AMARILLO,1503.020905,1.00,
3064,3719,35,35,602264990036,NIVEL TOPOGRAFICO,R,,PENTAX,AP 281,610207,PLOMO/ROJO,1503.020905,985.00,
3065,3716,35,35,602264990030,NIVEL TOPOGRAFICO,M,,PENTAX,AP 281,601010,PLOMO/ROJO,1503.020905,404.80,
3066,3713,35,35,602264990027,NIVEL TOPOGRAFICO,M,,PENTAX,AP 281,603845,ROJO/PLOMO,1503.020905,1399.99,
3067,3711,35,35,602264990024,NIVEL TOPOGRAFICO,R,,LEICA,NA730,5655347,ROJO/MANTEC,1503.020905,1366.67,
3068,3714,35,35,602264990028,NIVEL TOPOGRAFICO,M,,PENTAX,AP 282,603769,ROJO/PLOMO,1503.020905,1399.99,
3069,3708,35,35,602264990021,NIVEL TOPOGRAFICO,R,,LEICA,RUNNER 24,430639,AMARILLO,1503.020905,1644.12,
3070,3706,35,35,602264990017,NIVEL TOPOGRAFICO,R,,LEICA,NA720,5600813,BLANCO/ROJO,1503.020905,951.73,
3071,3707,35,35,602264990019,NIVEL TOPOGRAFICO,R,,LEICA,NA724,5600909,ROJO,1503.020905,727.77,
3139,3699,35,35,602264990009,NIVEL TOPOGRAFICO,M,,KERN,,,VERDE/OSCURO,1503.020905,1.00,BAJA
3140,3697,35,35,602264990006,NIVEL TOPOGRAFICO,M,,WILD HEERBRUGG,,121325,VERDE/OSCURO,1503.020905,1.00,BAJA
3141,3700,35,35,602264990010,NIVEL TOPOGRAFICO,M,,KERN SWISS,GK 1-A,161572,VERDE/OSCURO,1503.020905,1.00,BAJA
3143,3692,35,35,602264990001,NIVEL TOPOGRAFICO,M,,KARL ZEISS,JEAN NI-020A,15856,AMARILLO,1503.020905,5263.99,BAJA
3144,3698,35,35,602264990008,NIVEL TOPOGRAFICO,M,,WILD HEERBRUG,NAK1,344272,VERDE/OSCURO,1503.020905,1.00,BAJA
3146,3722,35,35,602264990040,NIVEL TOPOGRAFICO,M,,KERN,GK 0-A,268460,VERDE/OSCURO,1503.020905,1.00,BAJA
3147,3701,35,35,602264990011,NIVEL TOPOGRAFICO,M,,SECO,,66106,ANARANJADO,1503.020905,3632.00,BAJA
3148,3693,35,35,602264990002,NIVEL TOPOGRAFICO,M,,KARL ZEISS,NI050,547274,AMARILLO,1503.020905,4407.00,BAJA
3149,3696,35,35,602264990005,NIVEL TOPOGRAFICO,M,,WILD NA2,,520961,VERDE/OSCURO,1503.020905,1.00,
3150,3702,35,35,602264990012,NIVEL TOPOGRAFICO,M,,KERNSWISS,4811-32,66106,ANARANJADO,1503.020905,5000.50,BAJA
3614,3720,35,48,602264990037,NIVEL TOPOGRAFICO,R,,PENTAX,AP 281,610231,PLOMO/ROJO,1503.020905,985.00,CAJA ANARANJADA ROTO
3632,3718,35,48,602264990035,NIVEL TOPOGRAFICO,R,,PENTAX,,610207,PLOMO/ROJO,1503.020905,985.00,
3641,3725,35,48,602264990044,NIVEL TOPOGRAFICO,R,,TOPCON,AT -B2,MS 3124,AMARILLO,1503.020905,3180.00,
3717,3721,35,51,602264990038,NIVEL TOPOGRAFICO,R,,PENTAX,AP 281,610214 - (610284),PLOMO/ROJO,1503.020905,985.00,
3750,1535,37,57,602264990032,NIVEL TOPOGRAFICO,R,,LEICA,NA728,5653120,ROJO,1503.020905,933.00,EN CAJA ANARANJADA
277,531,41,,42271890001,NIVELADOR DE SUELOS,B,,"CINEF 8,",,,,1503.020502,1.00,
3048,3726,35,35,602266690001,OSCILOSCOPIO,M,,,ST-16,601391,AZUL,1503.020905,1.00,
581,1876,39,,532288390001,OXIMETRO,,,,,,,,165.00,
582,1877,39,,532288390002,OXIMETRO,,,,,,,,165.00,
278,533,41,,746466270003,PANEL PUBLICITARIO,M,,,,,,1503.020102,1.00,
1647,532,41,16,746466270001,PANEL PUBLICITARIO,M,0.80X1.60,,,,CAFÉ,1503.020102,1.00,
2022,1755,27,27,746466270002,PANEL PUBLICITARIO,M,1.56X1.70,,FRANELOGRAFO,,AZUL,1503.020102,1.00,BAJA
279,534,41,,746466950001,PANTALLA ECRAN,R,2.14X2.14,VIEWSAC,,,BLANCO,1503.020102,1.00,
280,535,41,,746466950003,PANTALLA ECRAN,R,1.40X1.70,,,,BLANCO,1503.020102,1.00,
2037,1756,27,27,746466950002,PANTALLA ECRAN,R,1.50X1.82,,,,BLANCO,1503.020102,1.00,
1660,1149,16,16,742258690001,PANTOGRAFO,M,,,,,COBRE/DORADO,1503.020101,1.00,CONSTRUCCION DE RIEGO TECNIFICADO
3028,3727,35,35,742258690002,PANTOGRAFO,M,,CHINA,9 036,,AMARILLO,1503.020101,1.00,
1078,2548,40,,952260390010,PARLANTE AMPLIFICADOR PORTATIL,R,,,,,,1503.020303,1.00,
1079,2549,40,,952260390011,PARLANTE AMPLIFICADOR PORTATIL,R,,,,,,1503.020303,1.00,
1080,2550,40,,952260390012,PARLANTE AMPLIFICADOR PORTATIL,M,,,,,,1503.020303,38.31,
1081,2551,40,,952260390013,PARLANTE AMPLIFICADOR PORTATIL,M,,,,,,1503.020303,1.00,
1806,1301,22,22,952260390015,PARLANTE AMPLIFICADOR PORTATIL,M,,ALTRON,MIC -5360,1.67554E+11,BLANCO,1503.020303,37.80,NO ES AMPLIFICADOR CORREGIR DENOMINACION
1819,1300,22,22,952260390007,PARLANTE AMPLIFICADOR PORTATIL,M,,MORRO,,,NEGRO,1503.020303,1.00,
3294,3728,35,35,952260390001,PARLANTE AMPLIFICADOR PORTATIL,M,,,,,BLANCO,1503.020303,31.42,ES PARLANTE DE COMPUTADORA - ELIMINAR
3604,3736,35,48,952260390014,PARLANTE AMPLIFICADOR PORTATIL,M,,MICRONICS,MIC -5360,1.67554E+11,NEGRO,1503.020303,80.00,DE ESCRITORIO
3605,3731,35,48,952260390004,PARLANTE AMPLIFICADOR PORTATIL,M,,HALION,,,NEGRO,1503.020303,38.31,DE ESCRITORIO
3610,3729,35,48,952260390002,PARLANTE AMPLIFICADOR PORTATIL,M,,GENIUS,,,NEGRO,1503.020303,38.31,PARLANTES DE ESCRITORIO
3612,3730,35,48,952260390003,PARLANTE AMPLIFICADOR PORTATIL,M,,MICRONICS,,,NEGRO,1503.020303,38.31,PARLANTES DE ESCRITORIO
3825,3735,35,6,952260390009,PARLANTE AMPLIFICADOR PORTATIL,M,,CYBERLINK,,ZCEZA2601414,NEGRO,1503.020303,120.00,
3826,3734,35,6,952260390008,PARLANTE AMPLIFICADOR PORTATIL,M,,DELUX,,22108031136,PLOMO,1503.020303,1.00,
3827,3733,35,6,952260390006,PARLANTE AMPLIFICADOR PORTATIL,M,,FUJIYAMA,,,PLOMO/NEGRO,1503.020303,38.31,
3828,3732,35,6,952260390005,PARLANTE AMPLIFICADOR PORTATIL,M,,SUPER TEC,,,BLANCO,1503.020303,38.31,
281,536,41,,952260580002,PARLANTES EN GENERAL (MAYOR A 1/8 UIT),M,,OMEGA,,,NEGRO,1503.020303,1.00,
282,537,41,,952260580021,PARLANTES EN GENERAL (MAYOR A 1/8 UIT),R,,OMEGA,REVOLUTION SERS,1.0116E+11,NEGRO,1503.020303,1.00,
283,538,41,,952260580026,PARLANTES EN GENERAL (MAYOR A 1/8 UIT),R,,NITRON,,,NEGRO,1503.020303,47.88,
284,539,41,,952260580033,PARLANTES EN GENERAL (MAYOR A 1/8 UIT),R,,GENIUS,,2F1338111425,NEGRO,1503.020303,1.00,
285,541,41,,952260580037,PARLANTES EN GENERAL (MAYOR A 1/8 UIT),M,,GENIUS,,ZC193900619,NEGRO,1503.020303,1.00,
286,542,41,,952260580047,PARLANTES EN GENERAL (MAYOR A 1/8 UIT),M,,OMEGA,,2.11012E+13,NEGRO,1503.020303,1.00,
287,544,41,,952260580085,PARLANTES EN GENERAL (MAYOR A 1/8 UIT),R,,1847,,,NEGRO,1503.020303,42.41,
288,545,41,,952260580096,PARLANTES EN GENERAL (MAYOR A 1/8 UIT),R,,MICRONICS,,2485530H308,,1503.020303,1.00,
543,1671,38,,952260580065,PARLANTES EN GENERAL (MAYOR A 1/8 UIT),R,,,,,,1503.020303,1.00,
544,1672,38,,952260580066,PARLANTES EN GENERAL (MAYOR A 1/8 UIT),R,,,,,,1503.020303,1.00,
545,1673,38,,952260580067,PARLANTES EN GENERAL (MAYOR A 1/8 UIT),R,,,,,,1503.020303,1.00,
546,1674,38,,952260580068,PARLANTES EN GENERAL (MAYOR A 1/8 UIT),R,,,,,,1503.020303,1.00,
547,1675,38,,952260580069,PARLANTES EN GENERAL (MAYOR A 1/8 UIT),R,,,,,,1503.020303,1.00,
548,1676,38,,952260580070,PARLANTES EN GENERAL (MAYOR A 1/8 UIT),R,,,,,,1503.020303,1.00,
549,1677,38,,952260580071,PARLANTES EN GENERAL (MAYOR A 1/8 UIT),R,,,,,,1503.020303,1.00,
550,1678,38,,952260580072,PARLANTES EN GENERAL (MAYOR A 1/8 UIT),R,,,,,,1503.020303,1.00,
597,1915,30,,952260580059,PARLANTES EN GENERAL (MAYOR A 1/8 UIT),R,,CYBERTEL,CYB S213,,NEGRO,1503.020303,37.72,ELIMINAR
1082,2553,40,,952260580012,PARLANTES EN GENERAL (MAYOR A 1/8 UIT),M,,,,,,1503.020303,1.00,
1083,2554,40,,952260580013,PARLANTES EN GENERAL (MAYOR A 1/8 UIT),M,,,,,,1503.020303,1.00,
1084,2555,40,,952260580017,PARLANTES EN GENERAL (MAYOR A 1/8 UIT),M,,,,,,1503.020303,1.00,
1085,2556,40,,952260580018,PARLANTES EN GENERAL (MAYOR A 1/8 UIT),M,,,,,,1503.020303,1.00,
1086,2557,40,,952260580023,PARLANTES EN GENERAL (MAYOR A 1/8 UIT),R,,,,,,1503.020303,1.00,
1087,2558,40,,952260580027,PARLANTES EN GENERAL (MAYOR A 1/8 UIT),R,,,,,,1503.020303,1.00,
1088,2561,40,,952260580045,PARLANTES EN GENERAL (MAYOR A 1/8 UIT),R,,,,,,1503.020303,1.00,
1089,2562,40,,952260580048,PARLANTES EN GENERAL (MAYOR A 1/8 UIT),M,,,,,,1503.020303,1.00,
1090,2564,40,,952260580055,PARLANTES EN GENERAL (MAYOR A 1/8 UIT),N,,,,,,1503.020303,1.00,
1091,2565,40,,952260580061,PARLANTES EN GENERAL (MAYOR A 1/8 UIT),R,,,,,,1503.020303,1.00,
1092,2566,40,,952260580078,PARLANTES EN GENERAL (MAYOR A 1/8 UIT),R,,,,,,1503.020303,1.00,
1429,3737,35,,952260580001,PARLANTES EN GENERAL (MAYOR A 1/8 UIT),M,,MICRONICS,,1.23457E+14,BLANCO,1503.020303,27.72,
1430,3749,35,,952260580024,PARLANTES EN GENERAL (MAYOR A 1/8 UIT),M,,CYBERLINK,MICSIIS5,9.061E+11,NEGRO,1503.020303,38.64,
1431,3767,35,,952260580087,PARLANTES EN GENERAL (MAYOR A 1/8 UIT),R,,RILP EXTREME,,,NEGRO,1503.020303,35.40,
1709,1186,21,21,952260580046,PARLANTES EN GENERAL (MAYOR A 1/8 UIT),R,,MICRONICS,,2531S3202485,NEGRO,1503.020303,33.93,
1864,1302,22,22,952260580064,PARLANTES EN GENERAL (MAYOR A 1/8 UIT),R,,GENIUS,,,NEGRO,1503.020303,23.86,MENOR A 1/8 UIT
1875,3772,35,22,952260580093,PARLANTES EN GENERAL (MAYOR A 1/8 UIT),M,,CYBERLINK,,,NEGRO,1503.020303,45.60,MENOR A 1/8 DE LA UIT
1876,3756,35,22,952260580050,PARLANTES EN GENERAL (MAYOR A 1/8 UIT),R,,GENIUS,,ZEC270501376,NEGRO,1503.020303,43.92,MENOR A 1/8 UIT
1905,1558,23,23,952260580008,PARLANTES EN GENERAL (MAYOR A 1/8 UIT),R,,MICRONICS,CYBS213,,NEGRO,1503.020303,31.42,
1918,1559,23,23,952260580056,PARLANTES EN GENERAL (MAYOR A 1/8 UIT),R,,CYBERTEL,C Y B,2497,NEGRO,1503.020303,37.72,PARA RECLASIFICAR
1959,1598,24,24,952260580007,PARLANTES EN GENERAL (MAYOR A 1/8 UIT),R,,MICRONICS,,,NEGRO,1503.020303,37.80,ES MENOR A 1/8 DE LA UIT
2029,1757,27,27,952260580032,PARLANTES EN GENERAL (MAYOR A 1/8 UIT),R,,GENIUS,,2F1338111425,NEGRO,1503.020303,42.41,MENOR 1/8 UIT
2038,1758,27,27,952260580081,PARLANTES EN GENERAL (MAYOR A 1/8 UIT),R,,LOGITECH,S-00147,1521CP004928,NEGRO,1503.020303,74.80,MENOR A 1/8 UIT
2117,1827,28,28,952260580041,PARLANTES EN GENERAL (MAYOR A 1/8 UIT),M,,MICROSOFT,,90810001050,NEGRO,1503.020303,1.00,ELIMINAR
2119,3740,35,28,952260580005,PARLANTES EN GENERAL (MAYOR A 1/8 UIT),R,,CYBERLINK,,,NEGRO,1503.020303,33.93,ELIMINAR
2331,540,41,30,952260580035,PARLANTES EN GENERAL (MAYOR A 1/8 UIT),R,,GENIUS,KMS-110,2CE0A6500180,NEGRO,1503.020303,42.29,
2846,3282,33,33,952260580073,PARLANTES EN GENERAL (MAYOR A 1/8 UIT),M,,CYBERLINK,MORRO,9.081E+11,NEGRO,1503.020303,23.27,
2847,3281,33,33,952260580044,PARLANTES EN GENERAL (MAYOR A 1/8 UIT),R,,GENIUS,2 UNID,XN120NA03427,NEGRO,1503.020303,31.75,
2849,3279,33,33,952260580028,PARLANTES EN GENERAL (MAYOR A 1/8 UIT),R,,DIVOOM,,,NEGRO,1503.020303,38.64,
2864,3284,33,33,952260580088,PARLANTES EN GENERAL (MAYOR A 1/8 UIT), M,,CYBERLINK,,,NEGRO,1503.020303,43.92,
2883,3278,33,33,952260580020,PARLANTES EN GENERAL (MAYOR A 1/8 UIT),M,,OMEGA,,2.00706E+12,NEGRO,1503.020303,47.88,
2884,3280,33,33,952260580036,PARLANTES EN GENERAL (MAYOR A 1/8 UIT),M,,DIVOOM,,2CE0A6500180,NEGRO,1503.020303,45.78,
2887,3283,33,33,952260580074,PARLANTES EN GENERAL (MAYOR A 1/8 UIT),M,,DIVOOM,MORRO,22109110430,NEGRO,1503.020303,23.27,
2921,3330,34,34,952260580076,PARLANTES EN GENERAL (MAYOR A 1/8 UIT),R,,MICRONICS,,1.67554E+11,NEGRO,1503.020303,35.88,
3075,3738,35,35,952260580003,PARLANTES EN GENERAL (MAYOR A 1/8 UIT),R,,RLIP-EXTREME,K55600,100226631,NEGRO,1503.020303,1.00,
3273,3741,35,35,952260580006,PARLANTES EN GENERAL (MAYOR A 1/8 UIT),M,,OMEGA,,2.00706E+12,NEGRO,1503.020303,1.00,MENOR A 1/8 UIT - ELIMINAR
3274,3750,35,35,952260580029,PARLANTES EN GENERAL (MAYOR A 1/8 UIT),M,,MICRONICS,,,,1503.020303,1.00,
3293,3739,35,35,952260580004,PARLANTES EN GENERAL (MAYOR A 1/8 UIT),M,,,,,BLANCO,1503.020303,40.74,MENOR A 1/8 UIT - ELIMINAR
3307,3744,35,35,952260580014,PARLANTES EN GENERAL (MAYOR A 1/8 UIT),R,,AVATEC,AVS45,705000125,PLOMO,1503.020303,37.14,
3334,543,41,35,952260580052,PARLANTES EN GENERAL (MAYOR A 1/8 UIT),R,,GENIUS,,ZF3438004186,NEGRO,1503.020303,44.16,MENOR A 1/8 DE UIT - ELIMINAR
3341,3748,35,35,952260580022,PARLANTES EN GENERAL (MAYOR A 1/8 UIT),R,,MICRONICS,MIC S11S5,1386S1155095,NEGRO,1503.020303,38.64,MENOR 1/8 UIT - ELIMINAR
3348,1187,21,35,952260580075,PARLANTES EN GENERAL (MAYOR A 1/8 UIT),R,,MICRONICS,,1.67554E+11,NEGRO,1503.020303,32.44,MENOR 1/8 UIT- ELIMINAR
3349,3759,35,35,952260580057,PARLANTES EN GENERAL (MAYOR A 1/8 UIT),R,,CYBERTEL,CYB S213,2497,NEGRO,1503.020303,37.72,MENOR A 1/8 DE UIT - ELIMINAR
3359,1473,2,37,952260580043,PARLANTES EN GENERAL (MAYOR A 1/8 UIT),R,,MICRONICS,,22995402T0501,NEGRO,1503.020303,180.00,ELIMINAR
3360,1472,2,37,952260580034,PARLANTES EN GENERAL (MAYOR A 1/8 UIT),R,,GENIUS,,ZF113B001811,NEGRO,1503.020303,40.32,RECODIFICAR
3430,4051,43,43,952260580079,PARLANTES EN GENERAL (MAYOR A 1/8 UIT),R,,MICRONICS,,,NEGRO,1503.020303,32.44,MENOR NA 1/8 UIT
3454,4052,43,43,952260580080,PARLANTES EN GENERAL (MAYOR A 1/8 UIT),R,,CYBERLING,,9.081E+11,NEGRO,1503.020303,32.44,MENOR A 1/8 UIT
3484,4084,44,44,952260580062,PARLANTES EN GENERAL (MAYOR A 1/8 UIT),R,,CYBERLINK,TECH FOR SENSES,9.081E+11,NEGRO,1503.020303,30.06,
3489,4085,44,44,952260580063,PARLANTES EN GENERAL (MAYOR A 1/8 UIT),R,,RUP-XTREME,KS-600,P100226637,NEGRO,1503.020303,30.06,
3492,3751,35,45,952260580030,PARLANTES EN GENERAL (MAYOR A 1/8 UIT),R,,GENIUS,,,NEGRO,1503.020303,32.44,ELIMINAR
3599,2552,40,48,952260580011,PARLANTES EN GENERAL (MAYOR A 1/8 UIT),M,,,,,NEGRO,1503.020303,1.00,2 COMPONENTES PEQUEÑOS
3600,2559,40,48,952260580031,PARLANTES EN GENERAL (MAYOR A 1/8 UIT),M,,CYBERTEL,NEWTON,,NEGRO,1503.020303,1.00,
3601,3753,35,48,952260580040,PARLANTES EN GENERAL (MAYOR A 1/8 UIT),M,,MICRONICS,,2.48553E+11,NEGRO/PLOMO,1503.020303,43.32,DE ESCRITORIO
3602,3773,35,48,952260580095,PARLANTES EN GENERAL (MAYOR A 1/8 UIT),M,,CYBERTEL,NEWTON,,NEGRO,1503.020303,36.00,DE ESCRITORIO
3603,3745,35,48,952260580015,PARLANTES EN GENERAL (MAYOR A 1/8 UIT),M,,MIC,AVS45,1.67554E+11,NEGRO,1503.020303,37.14,DE ESCRITORIO
3606,3755,35,48,952260580049,PARLANTES EN GENERAL (MAYOR A 1/8 UIT),M,,GENIUS,,ZCE293002878,NEGRO,1503.020303,43.92,DE ESCRITORIO
3607,2563,40,48,952260580054,PARLANTES EN GENERAL (MAYOR A 1/8 UIT),M,,,GENIUS,,NEGRO,1503.020303,1.00,DUPLIC<ADO CON OTRO COD
3608,3752,35,48,952260580039,PARLANTES EN GENERAL (MAYOR A 1/8 UIT),R,,GENIUS,,WK111EC90893,NEGRO,1503.020303,38.30,
3609,2567,40,48,952260580094,PARLANTES EN GENERAL (MAYOR A 1/8 UIT),R,,CYBERLINK,,908100000544,NEGRO,1503.020303,1.00,CUADRADO 
3611,3758,35,48,952260580053,PARLANTES EN GENERAL (MAYOR A 1/8 UIT),R,,HALION,HAS2050,,NEGRO,1503.020303,1.00,
3613,3747,35,48,952260580019,PARLANTES EN GENERAL (MAYOR A 1/8 UIT),R,,GENIUS,,,NEGRO,1503.020303,39.36,
3701,192,5,5,952260580025,PARLANTES EN GENERAL (MAYOR A 1/8 UIT),R,,HALION,2009,9.061E+11,NEGRO,1503.020303,38.64,MENOR A 1/8 DE L uit
3786,2560,40,6,952260580038,PARLANTES EN GENERAL (MAYOR A 1/8 UIT),M,,RLI XTREM,,,NEGRO,1503.020303,1.00,ES MENOR A 1/8 UIT
3812,3771,35,6,952260580092,PARLANTES EN GENERAL (MAYOR A 1/8 UIT),M,,CYBERLINK,,,NEGRO,1503.020303,36.28,
3813,3770,35,6,952260580091,PARLANTES EN GENERAL (MAYOR A 1/8 UIT),M,,,,,BLANCO,1503.020303,32.76,
3814,3769,35,6,952260580090,PARLANTES EN GENERAL (MAYOR A 1/8 UIT),M,,,,,BLANCO,1503.020303,53.24,
3815,3768,35,6,952260580089,PARLANTES EN GENERAL (MAYOR A 1/8 UIT),M,,CREATIVE,,,BLANCO,1503.020303,35.40,
3816,3766,35,6,952260580086,PARLANTES EN GENERAL (MAYOR A 1/8 UIT),R,,CAMBRIDGE,,,,1503.020303,48.77,
3817,3765,35,6,952260580084,PARLANTES EN GENERAL (MAYOR A 1/8 UIT),M,,,,,PLOMO,1503.020303,95.00,
3818,3764,35,6,952260580083,PARLANTES EN GENERAL (MAYOR A 1/8 UIT),M,,OMEGA,,,NEGRO,1503.020303,21.60,
3819,3763,35,6,952260580082,PARLANTES EN GENERAL (MAYOR A 1/8 UIT),R,,,,,BLANCO,1503.020303,33.47,
3820,3761,35,6,952260580060,PARLANTES EN GENERAL (MAYOR A 1/8 UIT),B,,MICRONICS,S317B,2662S317B1447,NEGRO,1503.020303,36.57,
3821,3760,35,6,952260580058,PARLANTES EN GENERAL (MAYOR A 1/8 UIT),M,,CYBERTEL,CYB S213,,NEGRO,1503.020303,37.72,
3822,3746,35,6,952260580016,PARLANTES EN GENERAL (MAYOR A 1/8 UIT),M,,OMEGA,AVS45,2.00706E+12,NEGRO,1503.020303,37.14,
3823,3743,35,6,952260580010,PARLANTES EN GENERAL (MAYOR A 1/8 UIT),R,,OMEGA,MS-898,2.01001E+12,NEGRO,1503.020303,30.06,
3824,3742,35,6,952260580009,PARLANTES EN GENERAL (MAYOR A 1/8 UIT),R,,ALTRON,MS-898,,BLANCO,1503.020303,1.00,
4006,3762,35,6,952260580077,PARLANTES EN GENERAL (MAYOR A 1/8 UIT),M,,MICRONICS,,1.67554E+11,NEGRO,1503.020303,37.08,
4008,3754,35,6,952260580042,PARLANTES EN GENERAL (MAYOR A 1/8 UIT),M,,MICRONICS,,,NEGRO,1503.020303,43.32,
4010,3757,35,6,952260580051,PARLANTES EN GENERAL (MAYOR A 1/8 UIT),M,,GENIUS,,ZEC270501376,NEGRO,1503.020303,1.00,
3060,3774,35,35,602267820001,PEACHIMETRO,R,,PH-009 (III) -C,S10PHMETER,,PLOMO,1503.020905,300.00,
3156,3775,35,35,602268100001,PENETROMETRO,M,,,,,VERDE,1503.020905,1.00,BAJA
1093,2568,40,,532290990004,PERFORADOR MANUAL,B,,,,,,1503.020402,1.00,
3470,4086,44,44,532290990002,PERFORADOR MANUAL,R,,KW TRIO,SUPER COMBI,952,PLOMO/NEGRO,1503.020402,1.00,
3615,546,41,48,532290990001,PERFORADOR MANUAL,M,,2718,KW-TRIO,9576,NEGRO,1503.020402,1.00,
3616,3777,35,48,532290990005,PERFORADOR MANUAL,M,,KW TRIO,POWER PUNCH,,NEGRO,1503.020402,1.00,RECOD
3617,3776,35,48,532290990003,PERFORADOR MANUAL,M,,KW-TRIO,,,PLOMO,1503.020402,1.00,RECOD
588,1883,39,,672282100001,PERFORADORA INDUSTRIAL,,,ARTESCO,,,,1503.020101,280.00,
589,1884,39,,672282100001,PERFORADORA INDUSTRIAL,,,ARTESCO,,,,1503.020101,280.00,
2111,1828,28,28,602268290001,PICNOMETRO,R,,ELEINTERNACIONAL,,,DORADO,1503.020905,1.00,
497,1474,2,,746473050011,PIZARRA ACRILICA,M,0.82X1.20,,,,BLANCO,1503.020102,1.00,
498,1476,2,,746473050015,PIZARRA ACRILICA,M,0.82X1.22,,,,BLANCO,1503.020102,1.00,
568,1734,26,,746473050017,PIZARRA ACRILICA,M,1.10X1.70,,,,,1503.020102,1.00,
1094,2569,40,,746473050002,PIZARRA ACRILICA,R,,,,,,1503.020102,1.00,
1095,2570,40,,746473050004,PIZARRA ACRILICA,R,,,,,,1503.020102,1.00,
1096,2571,40,,746473050006,PIZARRA ACRILICA,R,,,,,,1503.020102,1.00,
1097,2572,40,,746473050007,PIZARRA ACRILICA,R,,,,,,1503.020102,1.00,
1098,2573,40,,746473050008,PIZARRA ACRILICA,R,2.50X1.10,,,,,1503.020102,1.00,
1099,2574,40,,746473050009,PIZARRA ACRILICA,R,1.25X 1.60,,,,,1503.020102,395.00,
1100,2575,40,,746473050010,PIZARRA ACRILICA,R,1.25X 1.60,,,,,1503.020102,395.00,
1608,1137,15,15,746473050013,PIZARRA ACRILICA,M,1.20X0.80,,,,BLANCO,1503.020102,1.00,
1674,547,41,19,746473050012,PIZARRA ACRILICA,M,1.50X1.20,,,,BLANCO,1503.020102,1.00,
1749,1303,22,22,746473050016,PIZARRA ACRILICA,R,1.10X1.70,,,,BLANCO,1503.020102,1.00,
1908,1560,23,23,746473050005,PIZARRA ACRILICA,R,0.80X1.20,,,,BLANCO,1503.020102,1.00,
1971,1599,24,24,746473050001,PIZARRA ACRILICA,R,1.20X2.17,,,,BLANCO,1503.020102,1.00,
2023,1759,27,27,746473050018,PIZARRA ACRILICA,R,1.20X1.56,,,,BLANCO,1503.020102,1.00,
2124,1829,28,28,746473050019,PIZARRA ACRILICA,M,1.20X1.65,,,,BLANCO,1503.020102,1.00,MEJ. SERV. AGUA DEL SIST. RIEGO TREBOL
2475,548,41,32,746473050021,PIZARRA ACRILICA,R,0.92X1.50,,,,BLANCO,1503.020102,1.00,
2944,3778,35,35,746473050020,PIZARRA ACRILICA,R,0.70X1.20,,,,BLANCO,1503.020102,1.00,
3495,1475,2,45,746473050014,PIZARRA ACRILICA,R,0.80X1.20,,,,BLANCO,1503.020102,1.00,
3657,1188,21,48,746473050003,PIZARRA ACRILICA,R,0.97X0.50,,,,BLANCO,1503.020102,240.00,
569,1735,26,,746475090002,PIZARRA MURAL - FRANELOGRAFO,M,,,,,,1503.020102,1.00,
574,1760,27,,746475090003,PIZARRA MURAL - FRANELOGRAFO,R,1.47X2.47,,MADERA,,AZUL,1503.020102,1.00,
1101,2576,40,,746475090001,PIZARRA MURAL - FRANELOGRAFO,M,,,,,,1503.020102,1.00,
2021,1761,27,27,746475090004,PIZARRA MURAL - FRANELOGRAFO,M,0.87X1.23,,,,AZUL,1503.020102,1.00,BAJA
1524,1046,14,14,602269520002,PLANCHETA AUTOREDUCTORA,M,,,,,CAFE,1503.020905,1.00,
3032,3779,35,35,602269520001,PLANCHETA AUTOREDUCTORA,M,,WILD,RK1-86395,RKY-86395,VERDE,1503.020905,1.00,BAJA
3136,3780,35,35,602270080001,PLANCHETA TOPOGRAFICA,M,,KERN,,144543,VERDE,1503.020905,1.00,BAJA
1102,2577,40,,602271210001,PLANIMETRO,M,,,,,,1503.020905,1.00,
1103,2578,40,,602271210002,PLANIMETRO,M,,,,,,1503.020905,1.00,
3158,549,41,35,602271210003,PLANIMETRO,M,,,KP-27,8746,PLOMO,1503.020905,670.00,
289,550,41,,746475770002,PLANOTECA DE MADERA,R,,,,,,1503.020102,1.00,
290,552,41,,746475770005,PLANOTECA DE MADERA,M,,,,,,1503.020102,1.00,
1104,2579,40,,746475770004,PLANOTECA DE MADERA,M,,,,,,1503.020102,1.00,
1105,2580,40,,746475770006,PLANOTECA DE MADERA,M,,,,,,1503.020102,1.00,
1106,2581,40,,746475770007,PLANOTECA DE MADERA,M,,,,,,1503.020102,1.00,
2060,1830,28,28,746475770001,PLANOTECA DE MADERA,M,0.81X1.40X0.90,,5 GAV,,CAFE,1503.020102,1.00,
2134,551,41,29,746475770003,PLANOTECA DE MADERA,M,0.91X1.40X0.66,,3 GAVETAS,,PLOMO,1503.020102,1.00,
4077,939,7,7,746475770008,PLANOTECA DE MADERA,M,,,,,PLOMO,1503.020102,1.00,
2365,3092,32,31,673656910003,PLATAFORMA TIPO CARRETA,M,,,,,VERDE,1503.020999,1.00,
2366,3091,32,31,673656910002,PLATAFORMA TIPO CARRETA,M,,,,,,1503.020999,1.00,
2367,553,41,31,673656910001,PLATAFORMA TIPO CARRETA,M,,,,,,1503.020999,1.00,
291,554,41,,602272490001,PODOMETRO,R,,KOMKA,QLDZ-08,40463006,NEGRO/AMARILLO,1503.020905,1.00,
292,555,41,,675083000002,PRENSA HIDRAULICA,M,,,,,,1503.020999,1.00,
2064,1831,28,28,675083000001,PRENSA HIDRAULICA,M,,,,CT-750-234,PLOMO,1503.020999,1.00,LAB.
293,556,41,,602273050016,PRISMA CIRCULAR,M,,,,,NEGRO,1503.020905,1.00,
294,557,41,,602273050028,PRISMA CIRCULAR,M,,,,,,1503.020905,1.00,
295,558,41,,602273050029,PRISMA CIRCULAR,M,,,,,,1503.020905,1.00,
296,559,41,,602273050030,PRISMA CIRCULAR,B,,LEICA,GLS 111,7309118,ROJO,1503.020905,520.00,
1107,2582,40,,602273050002,PRISMA CIRCULAR,M,,,,,,1503.020905,1.00,
1108,2583,40,,602273050004,PRISMA CIRCULAR,M,,,,,,1503.020905,1.00,
1109,2584,40,,602273050005,PRISMA CIRCULAR,M,,,,,,1503.020905,1.00,
1110,2586,40,,602273050023,PRISMA CIRCULAR,R,,,,,,1503.020905,1.00,
1111,2587,40,,602273050032,PRISMA CIRCULAR,R,,,,,,1503.020905,1.00,
1432,3787,35,,602273050010,PRISMA CIRCULAR,R,,LEICA,GPR111,618198,,1503.020905,1.00,
1433,3793,35,,602273050018,PRISMA CIRCULAR,B,,LEICA,GPR 111,16180908,,1503.020905,520.00,
1434,3813,35,,602273050049,PRISMA CIRCULAR,R,,LEICA,,,ROJO BLANCO,1503.020905,1.00,
1435,3814,35,,602273050050,PRISMA CIRCULAR,R,,LEICA,,,ROJO BLANCO,1503.020905,1.00,
2984,3782,35,35,602273050003,PRISMA CIRCULAR,M,,,,,ROJO,1503.020905,1.00,BAJA
3053,3791,35,35,602273050015,PRISMA CIRCULAR,M,,LEICA,GPR 111,,ROJO,1503.020905,2.00,BAJA
3113,3781,35,35,602273050001,PRISMA CIRCULAR,M,,,,,PLOMO,1503.020905,1.00,BAJA- ES BALIZA O JALON TOPOGRAFICO
3571,3809,35,48,602273050045,PRISMA CIRCULAR,R,,LEICA,,,NEGRO,1503.020905,1.00,
3572,564,41,48,602273050044,PRISMA CIRCULAR,R,,LEICA,,,ROJO BLANCO,1503.020905,1.00,
3573,563,41,48,602273050043,PRISMA CIRCULAR,R,,LEICA,,,ROJO BLANCO,1503.020905,1.00,
3574,3806,35,48,602273050040,PRISMA CIRCULAR,R,,LEICA,,,ROJO BLANCO,1503.020905,1.00,
3575,3805,35,48,602273050039,PRISMA CIRCULAR,R,,LEICA,,,ROJO BLANCO,1503.020905,1.00,
3576,3804,35,48,602273050038,PRISMA CIRCULAR,R,,LEICA,,,ROJO BLANCO,1503.020905,1.00,
3577,3803,35,48,602273050037,PRISMA CIRCULAR,R,,LEICA,,,ROJO BLANCO,1503.020905,1.00,
3578,562,41,48,602273050036,PRISMA CIRCULAR,R,,LEICA,,,ROJO BLANCO,1503.020905,1.00,
3579,561,41,48,602273050035,PRISMA CIRCULAR,R,,,,,ROJO,1503.020905,1.00,
3580,3786,35,48,602273050009,PRISMA CIRCULAR,M,,LEICA,GPR 111,618157,BEIGE/NEGRO,1503.020905,486.00,
3622,3788,35,48,602273050011,PRISMA CIRCULAR,R,,LEICA,GPR 111,618198,AMARILLO/NEGRO,1503.020905,486.00,
3633,3784,35,48,602273050007,PRISMA CIRCULAR,M,,,,4185009,NARANJA/NEGRO,1503.020905,577.00,ROTO
3658,1536,37,48,602273050025,PRISMA CIRCULAR,R,,LEICA,GPR 111,16180902,ROJO,1503.020905,520.00,
3659,3801,35,48,602273050031,PRISMA CIRCULAR,R,,LEICA,GLS 111,7309127,ROJO,1503.020905,520.00,
3660,2585,40,48,602273050013,PRISMA CIRCULAR,R,,,,,,1503.020905,1.00,
3661,3789,35,48,602273050012,PRISMA CIRCULAR,R,,,,,ROJO,1503.020905,450.00,
3662,3783,35,48,602273050006,PRISMA CIRCULAR,M,,,,4185006,AMARILLO/NEGRO,1503.020905,577.00,
3663,3808,35,48,602273050042,PRISMA CIRCULAR,R,,LEICA,,,ROJO BLANCO,1503.020905,1.00,
3681,3790,35,48,602273050014,PRISMA CIRCULAR,B,,LEICA,GPR 111,618200,,1503.020905,486.00,
3687,3812,35,48,602273050048,PRISMA CIRCULAR,R,,LEICA,,,ROJO BLANCO,1503.020905,1.00,
3688,3798,35,48,602273050024,PRISMA CIRCULAR,R,,LEICA,GPR 111,16180903,,1503.020905,520.00,
3689,3811,35,48,602273050047,PRISMA CIRCULAR,R,,LEICA,,,ROJO BLANCO,1503.020905,1.00,
3690,3785,35,48,602273050008,PRISMA CIRCULAR,M,,LEICA,S/M,8742287,ROJO,1503.020905,682.00,
3691,3796,35,48,602273050021,PRISMA CIRCULAR,R,,LEICA,GPR 111,16180905,,1503.020905,520.00,
3692,3810,35,48,602273050046,PRISMA CIRCULAR,R,,LEICA,,,ROJO BLANCO,1503.020905,1.00,
3693,3797,35,48,602273050022,PRISMA CIRCULAR,B,,LEICA,GPR 111,16180904,,1503.020905,520.00,
3694,3800,35,48,602273050027,PRISMA CIRCULAR,R,,LEICA,GPR 111,16180900,,1503.020905,520.00,
3695,3792,35,48,602273050017,PRISMA CIRCULAR,R,,LEICA,GPR 111,16180909,ROJO,1503.020905,520.00,
3696,3799,35,48,602273050026,PRISMA CIRCULAR,B,,LEICA,GPR 111,16180901,,1503.020905,520.00,
3697,3794,35,48,602273050019,PRISMA CIRCULAR,R,,LEICA,GPR 111,16180907,,1503.020905,520.00,
3698,3807,35,48,602273050041,PRISMA CIRCULAR,R,,LEICA,,,ROJO BLANCO,1503.020905,1.00,
3699,3802,35,48,602273050033,PRISMA CIRCULAR,R,,LEICA,GLS 111,7311126,ROJO,1503.020905,486.00,
3700,3795,35,48,602273050020,PRISMA CIRCULAR,R,,LEICA,GPR 111,16180906,,1503.020905,520.00,
3752,560,41,57,602273050034,PRISMA CIRCULAR,M,,LEICA,GLS 111,7312124,ROJO,1503.020905,486.00,LE FALTA SU ESPEJO
1112,2588,40,,672286120001,PRISMA PENTAGONAL TOPOGRAFICO,R,,,,,,1503.020906,1.00,
1113,2589,40,,672286120002,PRISMA PENTAGONAL TOPOGRAFICO,R,,,,,,1503.020906,1.00,
3114,565,41,35,672286120003,PRISMA PENTAGONAL TOPOGRAFICO,M,,LEICA,GPH3,40008001,,1503.020906,605.00,BAJA
297,567,41,,952266440005,PROYECTOR,R,,EPSON,910W,PA7F350048L,BLANCO GRIS,1503.020303,1.00,
484,1189,21,,952266440003,PROYECTOR,R,,EPSON,H369A,NE6F09F09B019L,NEGRO,1503.020303,1900.00,
1883,1304,22,22,952266440006,PROYECTOR,R,,EPSON,H553A - XLP,VA9K5300108,BLANCO,1503.020303,2910.00,
1967,1600,24,24,952266440004,PROYECTOR,M,,EPSON,H369A,NE6F09V013L,NEGRO,1503.020303,1900.00,
2025,1762,27,27,952266440007,PROYECTOR,R,,EPSON,H723A,WFVAF5705441,BLANCO,1503.020303,3024.21,
3046,3815,35,35,952266440001,PROYECTOR,R,,EPSON,H284A,L.5F932351L,BLANCO,1503.020303,4220.00,
3798,566,41,6,952266440002,PROYECTOR,M,,ELMO,S300,446909,BLANCO/PLOMO,1503.020303,1.00,
298,568,41,,952267660001,RADIO FOTOCONTROL,M,,,,,,1503.020303,1.00,
299,569,41,,952267660002,RADIO FOTOCONTROL,M,,MOTOROLA,MC-220,,AZUL,1503.020303,1.00,
300,570,41,,952267660003,RADIO FOTOCONTROL,M,,MOTOROLA TOLKAT,MC-220,,AZUL,1503.020303,1.00,
301,571,41,,952267660004,RADIO FOTOCONTROL,M,,MOTOROLA TOLKAT,MC-220,,AZUL,1503.020303,1.00,
302,572,41,,952267660006,RADIO FOTOCONTROL,M,,MOTOROLA TOLKAT,MC-220,,AZUL,1503.020303,1.00,
303,573,41,,952267660008,RADIO FOTOCONTROL,M,,MOTOROLA TOLKAT,MC-220,,AZUL,1503.020303,1.00,
1114,2590,40,,952267660005,RADIO FOTOCONTROL,M,,,,,,1503.020303,1.00,
1115,2591,40,,952267660007,RADIO FOTOCONTROL,M,,,,,,1503.020303,1.00,
304,574,41,,952267950001,RADIO PUENTE INALAMBRICO - RADIO WIRELESS BRIDGE,M,,,,,,1503.020303,1.00,
305,575,41,,952267950002,RADIO PUENTE INALAMBRICO - RADIO WIRELESS BRIDGE,M,,,,,,1503.020303,1.00,
306,576,41,,952267950003,RADIO PUENTE INALAMBRICO - RADIO WIRELESS BRIDGE,M,,,,,,1503.020303,1.00,
307,577,41,,952268140001,RADIO RECEPTOR,M,,,,,,1503.020303,1.00,
308,578,41,,952268140005,RADIO RECEPTOR,M,,,,,,1503.020303,1.00,
1116,2592,40,,952268140003,RADIO RECEPTOR,M,,,,,,1503.020303,1.00,
1117,2593,40,,952268140004,RADIO RECEPTOR,M,,,,,,1503.020303,1.00,
3193,3816,35,35,952268140002,RADIO RECEPTOR,M,,MOTOROLA,,,NEGRO,1503.020303,139.74,BAJA - SOLO TIENE UN COMPONENTE
309,579,41,,952268890001,RADIO TELEFONO,M,,MOTOROLA TOLKAT,MC-220,,AZUL,1503.020303,492.00,
310,580,41,,952268890008,RADIO TELEFONO,M,,,,,,1503.020303,1.00,
311,581,41,,952268890011,RADIO TELEFONO,M,,,,,,1503.020303,1.00,
312,582,41,,952268890014,RADIO TELEFONO,M,,,,,,1503.020303,1.00,
313,583,41,,952268890019,RADIO TELEFONO,M,,,,,,1503.020303,1.00,
314,584,41,,952268890021,RADIO TELEFONO,M,,,,,,1503.020303,1.00,
315,585,41,,952268890023,RADIO TELEFONO,M,,,,,,1503.020303,1.00,
316,586,41,,952268890024,RADIO TELEFONO,M,,,,,,1503.020303,1.00,
317,587,41,,952268890025,RADIO TELEFONO,M,,,,,,1503.020303,1.00,
487,1393,2,,952268890004,RADIO TELEFONO,M,,MIDLAND,F20VP,S1507003429,,1503.020303,599.00,
1118,2594,40,,952268890005,RADIO TELEFONO,M,,MOTOROLA   ,,,,1503.020303,458.00,
1119,2595,40,,952268890006,RADIO TELEFONO,M,,MOTOROLA   ,,,,1503.020303,458.00,
1120,2596,40,,952268890007,RADIO TELEFONO,M,,,,,,1503.020303,1.00,
1121,2597,40,,952268890009,RADIO TELEFONO,M,,,,,,1503.020303,1.00,
1122,2598,40,,952268890010,RADIO TELEFONO,M,,,,,,1503.020303,1.00,
1123,2599,40,,952268890012,RADIO TELEFONO,M,,,,,,1503.020303,1.00,
1124,2600,40,,952268890013,RADIO TELEFONO,M,,,,,,1503.020303,1.00,
1125,2601,40,,952268890015,RADIO TELEFONO,M,,,,,,1503.020303,1.00,
1126,2602,40,,952268890016,RADIO TELEFONO,M,,,,,,1503.020303,1.00,
1127,2603,40,,952268890017,RADIO TELEFONO,M,,,,,,1503.020303,1.00,
1128,2604,40,,952268890018,RADIO TELEFONO,M,,,,,,1503.020303,1.00,
1129,2605,40,,952268890020,RADIO TELEFONO,M,,,,,,1503.020303,1.00,
1130,2606,40,,952268890022,RADIO TELEFONO,M,,,,,,1503.020303,1.00,
1693,1392,2,2,952268890003,RADIO TELEFONO,M,asd,MIDLAND,F20VP,S1507002437,as,1503.020303,599.00,
1694,1391,2,2,952268890002,RADIO TELEFONO,,,MIDLAND,F20VP,S1507006319,,1503.020303,599.00,
318,588,41,,952269650002,RADIO TRANSMISOR RECEPTOR,M,,ICOM,ICM700,2655,NEGRO,1503.020303,1.00,
319,589,41,,952269650008,RADIO TRANSMISOR RECEPTOR,M,,,,,,1503.020303,492.00,
320,590,41,,952269650039,RADIO TRANSMISOR RECEPTOR,R,,MOTOROLA,,,,1503.020303,1.00,
321,591,41,,952269650040,RADIO TRANSMISOR RECEPTOR,R,,MOTOROLA,,,,1503.020303,1.00,
322,592,41,,952269650041,RADIO TRANSMISOR RECEPTOR,R,,MOTOROLA,,,,1503.020303,1.00,
323,593,41,,952269650042,RADIO TRANSMISOR RECEPTOR,R,,MOTOROLA,,,,1503.020303,1.00,
324,594,41,,952269650049,RADIO TRANSMISOR RECEPTOR,R,,MOTOROLA,FCCIDK7GMDBJJPR,,NEGRO/VERDE,1503.020303,1.00,
472,876,6,,952269650007,RADIO TRANSMISOR RECEPTOR,M,,YAESU,FT180A,3C11098,PLOMO,1503.020303,1.00,
551,1679,38,,952269650010,RADIO TRANSMISOR RECEPTOR,R,,MOTOROLA,,,NEGRO,1503.020303,1.00,
1131,2607,40,,952269650001,RADIO TRANSMISOR RECEPTOR,M,,,,,,1503.020303,1.00,
1132,2608,40,,952269650004,RADIO TRANSMISOR RECEPTOR,M,,,,,,1503.020303,1.00,
1133,2609,40,,952269650005,RADIO TRANSMISOR RECEPTOR,M,,,,,,1503.020303,1.00,
2950,3862,35,35,952269650060,RADIO TRANSMISOR RECEPTOR,M,,MOTOROLA,TALKABDUT,,NEGRO/VERDE,1503.020303,1.00,
2951,3861,35,35,952269650059,RADIO TRANSMISOR RECEPTOR,M,,MOTOROLA,TALKABDUT,,NEGRO/VERDE,1503.020303,1.00,
2952,3860,35,35,952269650058,RADIO TRANSMISOR RECEPTOR,M,,MOTOROLA,,,AZUL,1503.020303,1.00,SIN PAR
2953,3859,35,35,952269650057,RADIO TRANSMISOR RECEPTOR,M,,MOTOROLA,,,AZUL,1503.020303,1.00,
2954,3833,35,35,952269650026,RADIO TRANSMISOR RECEPTOR,R,,MOTOROLA,,,AZUL,1503.020303,1.00,
2955,3817,35,35,952269650009,RADIO TRANSMISOR RECEPTOR,M,,MOTOROLA,,,AZUL,1503.020303,1.00,
2956,3863,35,35,952269650061,RADIO TRANSMISOR RECEPTOR,R,,MOTOROLA,,,AZUL,1503.020303,1.00,
2957,3858,35,35,952269650056,RADIO TRANSMISOR RECEPTOR,M,,MOTOROLA,,,AZUL,1503.020303,1.00,
2958,3857,35,35,952269650055,RADIO TRANSMISOR RECEPTOR,R,,MOTOROLA,,,NEGRO/VERDE,1503.020303,1.00,
2959,3856,35,35,952269650054,RADIO TRANSMISOR RECEPTOR,R,,MOTOROLA,,,NEGRO/VERDE,1503.020303,1.00,
2960,3855,35,35,952269650053,RADIO TRANSMISOR RECEPTOR,R,,MOTOROLA,,,NEGRO/VERDE,1503.020303,1.00,
2961,3854,35,35,952269650052,RADIO TRANSMISOR RECEPTOR,R,,MOTOROLA,,,NEGRO/VERDE,1503.020303,1.00,
2962,3853,35,35,952269650051,RADIO TRANSMISOR RECEPTOR,R,,MOTOROLA,,,NEGRO/VERDE,1503.020303,1.00,
2963,3852,35,35,952269650050,RADIO TRANSMISOR RECEPTOR,R,,MOTOROLA,,,NEGRO/VERDE,1503.020303,1.00,
2966,3846,35,35,952269650043,RADIO TRANSMISOR RECEPTOR,M,,MOTOROLA,,,NEGRO/PLOMO,1503.020303,1.00,
3182,3821,35,35,952269650014,RADIO TRANSMISOR RECEPTOR,M,,MOTOROLA,K7GMRCEJ,,NEGRO,1503.020303,1.00,BAJA - 1 TRASMISOR
3183,3827,35,35,952269650020,RADIO TRANSMISOR RECEPTOR,M,,MOTOROLA,K7GMRCEJ,,NEGRO,1503.020303,1.00,BAJA 1 TRANSMISOR
3184,3820,35,35,952269650013,RADIO TRANSMISOR RECEPTOR,M,,MOTOROLA,,,NEGRO,1503.020303,1.00,BAJA - 1 TRANSMISOR
3185,3823,35,35,952269650016,RADIO TRANSMISOR RECEPTOR,M,,MOTOROLA,,,NEGRO,1503.020303,1.00,BAJA - 1 TRANSMISOR
3186,3819,35,35,952269650012,RADIO TRANSMISOR RECEPTOR,M,,MOTOROLA,,K7GMRCEJ,NEGRO,1503.020303,1.00,BAJA - 1 TRANSMISOR
3187,3849,35,35,952269650046,RADIO TRANSMISOR RECEPTOR,M,,MOTOROLA,,,NEGRO,1503.020303,1.00,BAJA - 1 TRANSMISOR
3188,3825,35,35,952269650018,RADIO TRANSMISOR RECEPTOR,M,,MOTOROLA,K7GMDBJJPR,,NEGRO,1503.020303,1.00,BAJA - SOLO 1 TRANSMISOR
3189,3848,35,35,952269650045,RADIO TRANSMISOR RECEPTOR,M,,MOTOROLA,,,NEGRO,1503.020303,1.00,BAJA- SOLO 1TRANSMISOR 
3190,3850,35,35,952269650047,RADIO TRANSMISOR RECEPTOR,M,,MOTOROLA,,,NEGRO,1503.020303,1.00,BAJA
3191,3824,35,35,952269650017,RADIO TRANSMISOR RECEPTOR,M,,MOTOROLA,K7GMDBJJPR,,NEGRO,1503.020303,1.00,BAJA - SOLO TIENE UN COMPONENTE ( 1 TRANSMISOR)
3192,3822,35,35,952269650015,RADIO TRANSMISOR RECEPTOR,R,,MOTOROLA,KGGMRCEJ,,NEGRO,1503.020303,1.00,BAJA - SOLO TIENE UN COMPONENTE
3194,3818,35,35,952269650011,RADIO TRANSMISOR RECEPTOR,M,,MOTOROLA,EP-450,,NEGRO,1503.020303,1.00,BAJA-SOLO TIENE UN COMPONENTE
3195,3836,35,35,952269650029,RADIO TRANSMISOR RECEPTOR,M,,MOTOROLA,,,NEGRO,1503.020303,1.00,BAJA
3196,3840,35,35,952269650033,RADIO TRANSMISOR RECEPTOR,M,,MOTOROLA,,K7GMJBGJ,NEGRO,1503.020303,1.00,BAJA
3197,3828,35,35,952269650021,RADIO TRANSMISOR RECEPTOR,M,,MOTOROLA,K7GMRCEJ,,NEGRO,1503.020303,1.00,BAJA
3198,3843,35,35,952269650036,RADIO TRANSMISOR RECEPTOR,M,,MOTOROLA,,K7GMRCEJ,NEGRO,1503.020303,1.00,BAJA
3199,3826,35,35,952269650019,RADIO TRANSMISOR RECEPTOR,M,,MOTOROLA,EP450,,NEGRO,1503.020303,1.00,BAJA
3200,3830,35,35,952269650023,RADIO TRANSMISOR RECEPTOR,M,,MOTOROLA,K7GMRCEJ,,NEGRO,1503.020303,1.00,BAJA
3201,3831,35,35,952269650024,RADIO TRANSMISOR RECEPTOR,M,,MOTOROLA,K7GMJBGJ,,NEGRO,1503.020303,1.00,BAJA
3202,3845,35,35,952269650038,RADIO TRANSMISOR RECEPTOR,M,,MOTOROLA TOLKAT,MC-220,,NEGRO,1503.020303,1.00,BAJA
3203,3864,35,35,952269650062,RADIO TRANSMISOR RECEPTOR,M,,MOTOROLA,,,AZUL,1503.020303,1.00,BAJA
3205,3829,35,35,952269650022,RADIO TRANSMISOR RECEPTOR,M,,MOTOROLA,K7GMRCEE,K7GMRCEJ,NEGRO,1503.020303,1.00,BAJA
3206,3832,35,35,952269650025,RADIO TRANSMISOR RECEPTOR,M,,MIDLAND,X-TALKER,,NEGRO,1503.020303,1.00,BAJA
3207,3837,35,35,952269650030,RADIO TRANSMISOR RECEPTOR,M,,MOTOROLA,,K7GMDBJJPR,NEGRO,1503.020303,1.00,BAJA
3208,3842,35,35,952269650035,RADIO TRANSMISOR RECEPTOR,M,,MOTOROLA,,,NEGRO,1503.020303,1.00,BAJA
3209,3838,35,35,952269650031,RADIO TRANSMISOR RECEPTOR,M,,MOTOROLA,,,NEGRO,1503.020303,1.00,BAJA
3210,3847,35,35,952269650044,RADIO TRANSMISOR RECEPTOR,M,,MOTOROLA,,,NEGRO,1503.020303,1.00,BAJA
3211,3844,35,35,952269650037,RADIO TRANSMISOR RECEPTOR,M,,MOTOROLA,,,NEGRO,1503.020303,1.00,BAJA
3212,3851,35,35,952269650048,RADIO TRANSMISOR RECEPTOR,M,,MOTOROLA,,,AZUL,1503.020303,1.00,BAJA
3213,3835,35,35,952269650028,RADIO TRANSMISOR RECEPTOR,M,,MOTOROLA,,,AZUL,1503.020303,1.00,BAJA
3214,3834,35,35,952269650027,RADIO TRANSMISOR RECEPTOR,M,,MOTOROLA,,,NEGRO,1503.020303,1.00,BAJA
3215,3841,35,35,952269650034,RADIO TRANSMISOR RECEPTOR,M,,MOTOROLA,,,NEGRO,1503.020303,1.00,BAJA
3216,3839,35,35,952269650032,RADIO TRANSMISOR RECEPTOR,M,,MOTOROLA,,K7GMDBJJPR,NEGRO,1503.020303,1.00,BAJA
3811,2610,40,6,952269650006,RADIO TRANSMISOR RECEPTOR,M,,,,,,1503.020303,1.00,
3942,875,6,6,952269650003,RADIO TRANSMISOR RECEPTOR,M,,STONER,SSB-112A,CX 639,PLOMO,1503.020303,1.00,
325,595,41,,952270030002,RADIOGRABADORA,M,,MARCA,KW3005,,NEGRO,1503.020303,1.00,
1134,2611,40,,952270030001,RADIOGRABADORA,R,,,,,,1503.020303,1.00,
3290,3865,35,35,952270030003,RADIOGRABADORA,M,,SONY,KW3005,1103350 - CFS,NEGRO,1503.020303,815.10,
326,596,41,,952270970001,RADIOTRANSMISOR,M,,MIDLAND,,S1507003430,NEGRO,1503.020303,1.00,
327,597,41,,952270970002,RADIOTRANSMISOR,R,,MOTOROLA,,,AZUL,1503.020303,1.00,
328,598,41,,952270970003,RADIOTRANSMISOR,R,,MOTOROLA,,,AZUL,1503.020303,1.00,
329,599,41,,952270970004,RADIOTRANSMISOR,R,,MIDLAND,F20VP,S1507003429,NEGRO,1503.020303,599.00,
330,600,41,,952270970005,RADIOTRANSMISOR,R,,MIDLAND X TALKR,F20VP,S1507002437,NEGRO,1503.020303,599.00,
331,601,41,,952270970006,RADIOTRANSMISOR,R,,MIDLAND,,S1507002438,NEGRO,1503.020303,1.00,
332,602,41,,952270970007,RADIOTRANSMISOR,R,,MIDLAND,F20VP,S1507006319,NEGRO,1503.020303,599.00,
333,603,41,,952270970008,RADIOTRANSMISOR,R,,MIDLAND,,S1507006320,NEGRO,1503.020303,1.00,
334,604,41,,952271540002,REBOBINADOR DE CINTA MAGNETICA,B,,LIGH TECH,33-FAL189,,NEGRO,1503.020303,1.00,
3810,3866,35,6,952271540001,REBOBINADOR DE CINTA MAGNETICA,M,,BHC-VIDEO-CASSE,OK303,,NEGRO,1503.020303,1.00,
1135,2612,40,,462282280001,REFLECTOR,B,,,,,,1503.020904,1.00,
2992,3867,35,35,462282280002,REFLECTOR,R,,LIGH TECH,33-FAL189,,NEGRO,1503.020904,1.00,
1136,2613,40,,742280770001,REFRENDADOR,M,,,,,,1503.020101,1.00,
2080,1832,28,28,742280770002,REFRENDADOR,M,,TAMI EQUIPO LTA,,,PLATA/NEGRO,1503.020101,1.00,MEJ. SERV. AGUA DEL SIST. RIEGO TREBOL
3152,3868,35,35,742288800001,RELOJ DE MESA,M,,,,,VERDE/AZUL,1503.020101,1.00,BAJA
3424,4053,43,43,742294150002,RELOJ MARCADOR FECHADOR ELECTRONICO,M,,ZTKETO ZK-IND1A,,20150122034,NEGRO,1503.020101,1430.00,
3833,3869,35,6,742294150001,RELOJ MARCADOR FECHADOR ELECTRONICO,M,,SEMPLEX,,,,1503.020101,1.00,
1436,3871,35,,742296820003,RELOJ MARCADOR FECHADOR MECANICO,M,,,,,,1503.020101,1.00,
3784,2614,40,6,742296820002,RELOJ MARCADOR FECHADOR MECANICO,M,,X628 FINGER PRINT,X628,60919090016,NEGRO,1503.020101,1.00,
3832,3870,35,6,742296820001,RELOJ MARCADOR FECHADOR MECANICO,M,,,LH102331BB,,BLANCO,1503.020101,1.00,
3083,3873,35,35,952274870002,REPRODUCTOR DE DVD/CD/VCD/SVCD/MP3 Y OTROS,R,,SONY,BVTSR370,,NEGRO,1503.020303,1.00,
3161,3872,35,35,952274870001,REPRODUCTOR DE DVD/CD/VCD/SVCD/MP3 Y OTROS,M,,PHILIPS,BP125-N.DPENLLK,302HZGZ028119,NEGRO,1503.020303,199.00,BAJA
489,1404,2,,673660360002,RETROEXCAVADORA,R,,CATERPILLAR,420-E,C4E24447,,1503.020999,1.00,
2438,2036,31,31,673660360001,RETROEXCAVADORA,M,,MASEV FERGUSON,MOD NF - 86,,AMARILLO,1503.020999,1.00,
3745,605,41,57,673660360003,RETROEXCAVADORA,R,,CATERPILLAR,420-F,LTG00614,AMARILLO,1503.020999,346642.00,
3729,606,41,56,673663810001,RODILLO LISO VIBRATORIO AUTOPROPULSADO,R,,INGERSOLL RAND,DX-700H,RJ0630-GCANK-1560859,PLOMO,1503.020999,1.00,
3730,607,41,56,673664970001,RODILLO LISO VIBRATORIO MANUAL,R,,CATERPILLAR,CS533F,MOTOR BZE02942 UNIDE,AMARILLO,1503.020999,53850.00,
335,608,41,,673670720001,RODILLO VIBRATORIO,M,,STONE,WP3100R,,,1503.020999,53850.00,
2685,3093,32,32,746479160001,ROPERO,M,0.60X2.50X1.80,,,,CAFÉ,1503.020102,1.00,
336,609,41,,952275360007,RUTEADOR DE RED - ROUTER,R,,ZYXEL,,5323104875,NEGRO,1503.020303,1.00,
506,1602,24,,952275360006,RUTEADOR DE RED - ROUTER,M,,TP LINK,TL-SC 1016D,2.15709E+12,BLANCO,1503.020303,1.00,
1137,2615,40,,952275360004,RUTEADOR DE RED - ROUTER,R,,,,,,1503.020303,1.00,
1720,1306,22,22,952275360002,RUTEADOR DE RED - ROUTER,M,,ACLINE,,,NEGRO,1503.020303,1.00,
1721,1305,22,22,952275360001,RUTEADOR DE RED - ROUTER,M,,MOVISTAR,DSL-2401HN-T1C,9897B1948058,BLANCO,1503.020303,1.00,
1884,1307,22,22,952275360003,RUTEADOR DE RED - ROUTER,R,,MOVISTAR,,ASKY0048816D,BLANCO,1503.020303,1.00,
1955,1601,24,24,952275360005,RUTEADOR DE RED - ROUTER,R,,TP LINK,TL-SF1016D,,NEGRO,1503.020303,1.00,
3076,610,41,35,952275410001,SCANNER DE COMUNICACIONES,R,,ARGOX,AS-8020CL,C30969418,PLOMO,1503.020303,1200.00,
337,611,41,,42278560001,SEGADORA GIRATORIA,M,,,HEST-121ATH,,,1503.020502,16520.00,
2940,3331,34,34,740892000001,SERVIDOR,B,,HP INTEL-CPU,WINDOWS2012 SER,2M2324037,NEGRO,1503.020301,7167.68,
6,1405,2,,675088500001,SIERRA CIRCULAR,M,,,,,,1503.020999,420.00,
3073,612,41,35,672293920001,SIERRA CIRCULAR PORTATIL,B,,TRUPER,SICI-714A-2,,NARANJA,1503.020906,1.00,
2810,3094,32,32,672294150001,SIERRA ELECTRICA DE ARCO PARA FIERRO,R,,HJ,G72,68025HJR,,1503.020906,1.00,
338,618,41,,746481190036,SILLA FIJA DE MADERA,M,,,,,CAFÉ,1503.020102,1.00,
339,620,41,,746481190141,SILLA FIJA DE MADERA,M,,,,,,1503.020102,1.00,
340,621,41,,746481190142,SILLA FIJA DE MADERA,M,0.42X0.55X0.82,,,,AZUL,1503.020102,97.00,
341,622,41,,746481190143,SILLA FIJA DE MADERA,M,,,,,MADERA,1503.020102,90.00,
342,624,41,,746481190151,SILLA FIJA DE MADERA,M,,,,,CAFÉ,1503.020102,57.00,
570,1737,26,,746481190027,SILLA FIJA DE MADERA,M,,,,,CAFÉ,1503.020102,1.00,
571,1738,26,,746481190029,SILLA FIJA DE MADERA,M,,,,,MADERA,1503.020102,94.00,
1138,2616,40,,746481190015,SILLA FIJA DE MADERA,R,,,,,,1503.020102,1.00,
1139,2617,40,,746481190016,SILLA FIJA DE MADERA,R,,,,,,1503.020102,1.00,
1140,2618,40,,746481190049,SILLA FIJA DE MADERA,R,,,,,,1503.020102,1.00,
1141,2619,40,,746481190050,SILLA FIJA DE MADERA,R,,,,,,1503.020102,1.00,
1142,2620,40,,746481190051,SILLA FIJA DE MADERA,R,,,,,,1503.020102,1.00,
1143,2622,40,,746481190053,SILLA FIJA DE MADERA,R,,,,,,1503.020102,1.00,
1144,2623,40,,746481190054,SILLA FIJA DE MADERA,R,,,,,,1503.020102,1.00,
1145,2624,40,,746481190055,SILLA FIJA DE MADERA,R,,,,,,1503.020102,1.00,
1146,2625,40,,746481190056,SILLA FIJA DE MADERA,R,,,,,,1503.020102,1.00,
1147,2626,40,,746481190057,SILLA FIJA DE MADERA,R,,,,,,1503.020102,1.00,
1148,2627,40,,746481190058,SILLA FIJA DE MADERA,R,,,,,,1503.020102,1.00,
1149,2628,40,,746481190059,SILLA FIJA DE MADERA,R,,,,,,1503.020102,1.00,
1150,2629,40,,746481190060,SILLA FIJA DE MADERA,R,,,,,,1503.020102,1.00,
1151,2630,40,,746481190061,SILLA FIJA DE MADERA,R,,,,,,1503.020102,1.00,
1152,2631,40,,746481190062,SILLA FIJA DE MADERA,R,,,,,,1503.020102,1.00,
1153,2632,40,,746481190063,SILLA FIJA DE MADERA,R,,,,,,1503.020102,1.00,
1154,2633,40,,746481190064,SILLA FIJA DE MADERA,R,,,,,,1503.020102,1.00,
1155,2634,40,,746481190065,SILLA FIJA DE MADERA,R,,,,,,1503.020102,1.00,
1156,2635,40,,746481190066,SILLA FIJA DE MADERA,R,,,,,,1503.020102,1.00,
1157,2636,40,,746481190067,SILLA FIJA DE MADERA,R,,,,,,1503.020102,1.00,
1158,2637,40,,746481190068,SILLA FIJA DE MADERA,R,,,,,,1503.020102,1.00,
1159,2638,40,,746481190069,SILLA FIJA DE MADERA,R,,,,,,1503.020102,1.00,
1160,2639,40,,746481190070,SILLA FIJA DE MADERA,R,,,,,,1503.020102,1.00,
1161,2640,40,,746481190071,SILLA FIJA DE MADERA,R,,,,,,1503.020102,1.00,
1162,2641,40,,746481190072,SILLA FIJA DE MADERA,R,,,,,,1503.020102,1.00,
1163,2642,40,,746481190073,SILLA FIJA DE MADERA,R,,,,,,1503.020102,1.00,
1164,2643,40,,746481190074,SILLA FIJA DE MADERA,R,,,,,,1503.020102,1.00,
1165,2644,40,,746481190075,SILLA FIJA DE MADERA,R,,,,,,1503.020102,1.00,
1166,2645,40,,746481190076,SILLA FIJA DE MADERA,R,,,,,,1503.020102,1.00,
1167,2646,40,,746481190077,SILLA FIJA DE MADERA,R,,,,,,1503.020102,1.00,
1168,2647,40,,746481190078,SILLA FIJA DE MADERA,R,,,,,,1503.020102,1.00,
1169,2648,40,,746481190079,SILLA FIJA DE MADERA,R,,,,,,1503.020102,1.00,
1170,2649,40,,746481190080,SILLA FIJA DE MADERA,R,,,,,,1503.020102,1.00,
1171,2650,40,,746481190081,SILLA FIJA DE MADERA,R,,,,,,1503.020102,1.00,
1172,2651,40,,746481190082,SILLA FIJA DE MADERA,R,,,,,,1503.020102,1.00,
1173,2652,40,,746481190083,SILLA FIJA DE MADERA,R,,,,,,1503.020102,1.00,
1174,2653,40,,746481190084,SILLA FIJA DE MADERA,R,,,,,,1503.020102,1.00,
1175,2654,40,,746481190085,SILLA FIJA DE MADERA,R,,,,,,1503.020102,1.00,
1176,2655,40,,746481190086,SILLA FIJA DE MADERA,R,,,,,,1503.020102,1.00,
1177,2656,40,,746481190087,SILLA FIJA DE MADERA,R,,,,,,1503.020102,1.00,
1178,2657,40,,746481190088,SILLA FIJA DE MADERA,R,,,,,,1503.020102,1.00,
1179,2658,40,,746481190089,SILLA FIJA DE MADERA,R,,,,,,1503.020102,1.00,
1180,2659,40,,746481190090,SILLA FIJA DE MADERA,R,,,,,,1503.020102,1.00,
1181,2660,40,,746481190091,SILLA FIJA DE MADERA,R,,,,,,1503.020102,1.00,
1182,2661,40,,746481190092,SILLA FIJA DE MADERA,R,,,,,,1503.020102,1.00,
1183,2662,40,,746481190093,SILLA FIJA DE MADERA,R,,,,,,1503.020102,1.00,
1184,2663,40,,746481190094,SILLA FIJA DE MADERA,R,,,,,,1503.020102,1.00,
1185,2664,40,,746481190095,SILLA FIJA DE MADERA,R,,,,,,1503.020102,1.00,
1186,2665,40,,746481190096,SILLA FIJA DE MADERA,R,,,,,,1503.020102,1.00,
1187,2666,40,,746481190097,SILLA FIJA DE MADERA,R,,,,,,1503.020102,1.00,
1188,2667,40,,746481190098,SILLA FIJA DE MADERA,R,,,,,,1503.020102,1.00,
1189,2668,40,,746481190099,SILLA FIJA DE MADERA,R,,,,,,1503.020102,1.00,
1190,2669,40,,746481190100,SILLA FIJA DE MADERA,R,,,,,,1503.020102,1.00,
1191,2670,40,,746481190101,SILLA FIJA DE MADERA,R,,,,,,1503.020102,1.00,
1192,2671,40,,746481190102,SILLA FIJA DE MADERA,R,,,,,,1503.020102,1.00,
1193,2672,40,,746481190103,SILLA FIJA DE MADERA,R,,,,,,1503.020102,1.00,
1194,2673,40,,746481190105,SILLA FIJA DE MADERA,R,,,,,,1503.020102,1.00,
1195,2675,40,,746481190110,SILLA FIJA DE MADERA,R,,,,,,1503.020102,1.00,
1196,2676,40,,746481190112,SILLA FIJA DE MADERA,R,,,,,,1503.020102,1.00,
1197,2677,40,,746481190113,SILLA FIJA DE MADERA,R,,,,,,1503.020102,1.00,
1198,2678,40,,746481190115,SILLA FIJA DE MADERA,R,,,,,,1503.020102,1.00,
1199,2679,40,,746481190116,SILLA FIJA DE MADERA,R,,,,,,1503.020102,1.00,
1200,2680,40,,746481190117,SILLA FIJA DE MADERA,R,,,,,,1503.020102,1.00,
1201,2681,40,,746481190118,SILLA FIJA DE MADERA,R,,,,,,1503.020102,1.00,
1202,2682,40,,746481190123,SILLA FIJA DE MADERA,M,,,,,,1503.020102,1.00,
1203,2683,40,,746481190124,SILLA FIJA DE MADERA,M,,,,,,1503.020102,1.00,
1204,2684,40,,746481190132,SILLA FIJA DE MADERA,R,,,,,,1503.020102,1.00,
1205,2685,40,,746481190139,SILLA FIJA DE MADERA,R,,,,,,1503.020102,1.00,
1206,2686,40,,746481190140,SILLA FIJA DE MADERA,R,,,,,,1503.020102,1.00,
1396,3099,32,,746481190127,SILLA FIJA DE MADERA,R,,,,,,1503.020102,1.00,
1448,954,11,11,746481190010,SILLA FIJA DE MADERA,M,,,,,CAFÉ,1503.020102,1.00,
1451,957,11,11,746481190038,SILLA FIJA DE MADERA,M,,,,,CAFÉ,1503.020102,1.00,
1458,956,11,11,746481190035,SILLA FIJA DE MADERA,M,,,,,CAOBA,1503.020102,94.50,
1462,953,11,11,746481190002,SILLA FIJA DE MADERA,M,,,,,CAOBA,1503.020102,1.00,
1463,958,11,11,746481190148,SILLA FIJA DE MADERA,M,,,,,CAFÉ,1503.020102,90.00,
1470,955,11,11,746481190025,SILLA FIJA DE MADERA,M,,,,,CAFÉ,1503.020102,1.00,
1491,1050,14,14,746481190144,SILLA FIJA DE MADERA,M,,,,,CAFÉ,1503.020102,90.00,
1548,1047,14,14,746481190005,SILLA FIJA DE MADERA,M,,,,,CAFÉ,1503.020102,1.00,
1556,1048,14,14,746481190008,SILLA FIJA DE MADERA,M,,,,,CAFÉ,1503.020102,1.00,
1567,1051,14,14,746481190146,SILLA FIJA DE MADERA,M,,,,,MADERA,1503.020102,90.00,
1583,1052,14,14,746481190147,SILLA FIJA DE MADERA,M,,,,,BLANCO,1503.020102,90.00,
1586,1049,14,14,746481190034,SILLA FIJA DE MADERA,M,,,,,CAQUI,1503.020102,94.50,ROTO
1651,1150,16,16,746481190013,SILLA FIJA DE MADERA,M,,,,,MADERA,1503.020102,1.00,CONSTRUCCION DE RIEGO TECNIFICADO
1682,1481,2,2,746481190046,SILLA FIJA DE MADERA,R,0.42X0.42X0.85,,,,CAFÉ,1503.020102,94.50,
1683,1484,2,2,746481190130,SILLA FIJA DE MADERA,R,0.45X0.46X0.86,,,,CAFÉ,1503.020102,90.00,
1707,1190,21,21,746481190111,SILLA FIJA DE MADERA,R,0.44X0.41X0.86,,TAPIZ DE LONA,,CAOBA,1503.020102,1.00,
1717,1191,21,21,746481190114,SILLA FIJA DE MADERA,B,0.44X0.41X0.86,,TAPIZ DE LONA,,CAOBA,1503.020102,90.00,
1733,1314,22,22,746481190136,SILLA FIJA DE MADERA,M,0.43X0.45X0.86,,,,CAFÉ,1503.020102,90.00,BAJA POR VER _ SOLO SE ENCONTRO UNA PARTE
1742,2621,40,22,746481190052,SILLA FIJA DE MADERA,R,,,,,CAFE,1503.020102,1.00,
1743,1313,22,22,746481190135,SILLA FIJA DE MADERA,M,0.47X0.46X0.86,,,,CAFÉ,1503.020102,90.00,BAJA
1744,1316,22,22,746481190153,SILLA FIJA DE MADERA,M,0.46X0.45X0.86,,,,CAFÉ,1503.020102,90.00,BAJA
1750,1312,22,22,746481190134,SILLA FIJA DE MADERA,M,0.40X0.41X0.84,,MADERA,,CAFÉ,1503.020102,90.00,BAJA
1751,1311,22,22,746481190125,SILLA FIJA DE MADERA,R,0.45X0.47X0.85,,,,CAFÉ,1503.020102,80.00,
1798,1309,22,22,746481190043,SILLA FIJA DE MADERA,M,0.40X0.41X0.84,,TAPIZ MARROQUI,,CAFÉ,1503.020102,94.50,
1801,1315,22,22,746481190152,SILLA FIJA DE MADERA,M,0.46X0.45X0.86,,,,CAFÉ,1503.020102,90.00,BAJA
1853,1317,22,22,746481190154,SILLA FIJA DE MADERA,M,1.00X0.90X0.87,TAPIZ DE TELA,,,CAFÉ,1503.020102,90.00,
1869,1308,22,22,746481190024,SILLA FIJA DE MADERA,M,0.40X0.42X0.84,,TAPIZ MARROQUI,,CAFÉ,1503.020102,1.00,
1911,1561,23,23,746481190021,SILLA FIJA DE MADERA,M,0.43X0.43X0.85,,,,CAFÉ,1503.020102,1.00,
1931,1562,23,23,746481190039,SILLA FIJA DE MADERA,M,0.42X0.42X0.85,,MADERA,,CAFÉ,1503.020102,94.50,
1937,1605,24,24,746481190033,SILLA FIJA DE MADERA,R,0.45X0.47X0.85,,,,CAOBA,1503.020102,94.00,
1950,1608,24,24,746481190138,SILLA FIJA DE MADERA,R,0.45X0.47X0.85,,TAPIZ TELA,,CAOBA,1503.020102,97.00,
1970,1607,24,24,746481190137,SILLA FIJA DE MADERA,R,0.45X0.47X0.85,,,,CAOBA,1503.020102,97.00,
1975,1763,27,24,746481190119,SILLA FIJA DE MADERA,R,0.45X0.46X0.87,,TAPIZ DE LONA,,CAOBA,1503.020102,80.00,
1976,1606,24,24,746481190109,SILLA FIJA DE MADERA,R,0.45X0.47X0.85,,,,CAOBA,1503.020102,1.00,
1990,613,41,25,746481190001,SILLA FIJA DE MADERA,M,,,,,CAFÉ,1503.020102,1.00,
1992,2674,40,25,746481190106,SILLA FIJA DE MADERA,M,,,,,,1503.020102,1.00,
2012,1721,25,25,746481190032,SILLA FIJA DE MADERA,M,,,,,,1503.020102,94.00,
2018,193,5,27,746481190041,SILLA FIJA DE MADERA,R,0.40X0.42X0.84,,TAPIZ TELA,,CAFÉ,1503.020102,94.50,
2019,1310,22,27,746481190045,SILLA FIJA DE MADERA,R,0.45X0.46X0.86,,TAPIZ LONA,,CAFÉ,1503.020102,94.50,
2027,1764,27,27,746481190120,SILLA FIJA DE MADERA,R,0.45X0.46X0.87,,TAPIZ DE LONA,,CAOBA,1503.020102,80.00,
2044,1765,27,27,746481190121,SILLA FIJA DE MADERA,R,0.45X0.46X0.87,,TAPIZ DE LONA,,CAOBA,1503.020102,80.00,
2058,1833,28,28,746481190017,SILLA FIJA DE MADERA,M,0.40X0.41X0.90,,,,CAOBA,1503.020102,1.00,MEJ. SERV. AGUA DEL SIST. RIEGO TREBOL
2132,623,41,29,746481190150,SILLA FIJA DE MADERA,M,,,,,CAFÉ,1503.020102,57.00,
2133,619,41,29,746481190037,SILLA FIJA DE MADERA,M,,,,,CAFÉ,1503.020102,94.50,
2148,616,41,29,746481190023,SILLA FIJA DE MADERA,R,0.44X0.41X0.86,,TAPIZ DE LONA,,CAOBA,1503.020102,19.55,
2152,614,41,29,746481190006,SILLA FIJA DE MADERA,M,,,,,CAFÉ,1503.020102,1.00,
2164,1840,29,29,746481190003,SILLA FIJA DE MADERA,M,,,,,MADERA,1503.020102,1.00,
2341,1739,26,31,746481190145,SILLA FIJA DE MADERA,M,,,,,CAFÉ,1503.020102,90.00,
2342,1482,2,31,746481190126,SILLA FIJA DE MADERA,R,,,,,CAFÉ,1503.020102,80.00,
2343,1736,26,31,746481190012,SILLA FIJA DE MADERA,M,,,,,,1503.020102,1.00,
2471,3097,32,32,746481190019,SILLA FIJA DE MADERA,R,0.45X0.47X0.85,,,,CAOBA,1503.020102,1.00,
2525,3096,32,32,746481190014,SILLA FIJA DE MADERA,M,0.45X0.47X0.85,,TAPIZ,,CAOBA,1503.020102,1.00,
2526,3101,32,32,746481190149,SILLA FIJA DE MADERA,M,,,,,CAFÉ,1503.020102,1.00,
2527,3098,32,32,746481190047,SILLA FIJA DE MADERA,R,0.44X0.44X0.76,,,,MADERA,1503.020102,94.50,
2809,615,41,32,746481190011,SILLA FIJA DE MADERA,M,,,,,CAFÉ,1503.020102,1.00,
2822,3100,32,32,746481190129,SILLA FIJA DE MADERA,R,0.43X0.47X0.87,,,,CAFÉ,1503.020102,1.00,
2827,3095,32,32,746481190007,SILLA FIJA DE MADERA,M,,,,,CAFÉ,1503.020102,1.00,
2860,3288,33,33,746481190107,SILLA FIJA DE MADERA,R,,,TAPIZ DE LONA,,CAOBA,1503.020102,90.00,
2872,3289,33,33,746481190108,SILLA FIJA DE MADERA,R,,,TAPIZ DE LONA,,MADERA,1503.020102,90.00,
2899,3285,33,33,746481190022,SILLA FIJA DE MADERA,R,0.44X0.41X0.86,,TAPIZ DE LONA,,CAOBA,1503.020102,1.00,
2908,3287,33,33,746481190104,SILLA FIJA DE MADERA,R,,,TAPIZ DE LONA,,CAFÉ,1503.020102,90.00,
2909,3286,33,33,746481190040,SILLA FIJA DE MADERA,R,,,TAPIZ DE LONA,,CAFÉ,1503.020102,94.50,
2924,3332,34,34,746481190030,SILLA FIJA DE MADERA,R,0.40X0.41X0.80,,TAPIZ DE LONA,,CAFÉ,1503.020102,1.00,
2927,3333,34,34,746481190131,SILLA FIJA DE MADERA,R,0.40X0.45X0.85,,,,CAFÉ,1503.020102,90.00,
2932,3334,34,34,746481190133,SILLA FIJA DE MADERA,R,0.40X0.45X0.85,,,,CAFÉ,1503.020102,90.00,
3368,617,41,37,746481190028,SILLA FIJA DE MADERA,R,,,,,CAFÉ,1503.020102,94.00,
3369,1483,2,37,746481190128,SILLA FIJA DE MADERA,R,,,,,CAFÉ,1503.020102,90.00,
3381,1478,2,37,746481190020,SILLA FIJA DE MADERA,R,0.43X0.42X0.95,,,,CAFÉ,1503.020102,1.00,
3421,184,4,4,746481190048,SILLA FIJA DE MADERA,R,0.42X0.43X0.85,,,,CAFÉ,1503.020102,97.00,
3468,4087,44,44,746481190044,SILLA FIJA DE MADERA,R,0.44X0.45X0.84,,TAPIZ/MARRON,,CAFÉ,1503.020102,94.50,
3502,1603,24,45,746481190004,SILLA FIJA DE MADERA,R,0.45X0.47X0.85,,TAPIZ,,CAOBA,1503.020102,1.00,
3512,1766,27,45,746481190122,SILLA FIJA DE MADERA,R,0.45X0.46X0.87,,TAPIZ DE LONA,,CAOBA,1503.020102,80.00,
3530,1604,24,45,746481190031,SILLA FIJA DE MADERA,R,0.41X0.42X0.84,,,,CAOBA,1503.020102,94.00,
3536,1480,2,47,746481190042,SILLA FIJA DE MADERA,M,0.43X0.45X0.85,,,,CAFÉ,1503.020102,94.50,
3545,1477,2,47,746481190018,SILLA FIJA DE MADERA,R,0.43X0.43X0.83,,,,NARANJA,1503.020102,1.00,
3549,1479,2,47,746481190026,SILLA FIJA DE MADERA,M,0.43X0.43X0.83,,,,MARRON,1503.020102,1.00,
3925,877,6,6,746481190009,SILLA FIJA DE MADERA,M,,,,,CAFÉ,1503.020102,85.00,
343,628,41,,746481870009,SILLA FIJA DE METAL,R,,,,,NEGRO/PLOMO,1503.020102,1.00,
344,631,41,,746481870020,SILLA FIJA DE METAL,M,,,,,NEGRO,1503.020102,1.00,
476,979,12,,746481870003,SILLA FIJA DE METAL,M,,,,,CREMA,1503.020102,1.00,
477,980,12,,746481870101,SILLA FIJA DE METAL,R,,,,,CREMA,1503.020102,1.00,
485,1329,22,,746481870122,SILLA FIJA DE METAL,B,0.42X0.45X0.82,,,,NEGRO,1503.020102,1.00,
486,1331,22,,746481870124,SILLA FIJA DE METAL,B,0.42X0.45X0.82,,,,NEGRO,1503.020102,1.00,
572,1740,26,,746481870008,SILLA FIJA DE METAL,R,,,,,AZUL,1503.020102,1.00,
575,1850,29,,746481870030,SILLA FIJA DE METAL,M,,,,,NEGRO,1503.020102,1.00,
576,1866,29,,746481870111,SILLA FIJA DE METAL,M,,,,,NEGRO,1503.020102,1.00,
1207,2687,40,,746481870024,SILLA FIJA DE METAL,R,,,,,,1503.020102,1.00,
1208,2688,40,,746481870025,SILLA FIJA DE METAL,R,,,,,,1503.020102,1.00,
1209,2689,40,,746481870027,SILLA FIJA DE METAL,M,,,,,,1503.020102,1.00,
1210,2690,40,,746481870036,SILLA FIJA DE METAL,R,,,,,,1503.020102,1.00,
1211,2691,40,,746481870041,SILLA FIJA DE METAL,M,,,,,,1503.020102,1.00,
1212,2692,40,,746481870042,SILLA FIJA DE METAL,M,,,,,,1503.020102,1.00,
1213,2693,40,,746481870046,SILLA FIJA DE METAL,M,,,,,,1503.020102,1.00,
1214,2694,40,,746481870050,SILLA FIJA DE METAL,M,,,,,,1503.020102,1.00,
1215,2695,40,,746481870052,SILLA FIJA DE METAL,M,,,,,,1503.020102,1.00,
1216,2696,40,,746481870053,SILLA FIJA DE METAL,M,,,,,,1503.020102,1.00,
1217,2698,40,,746481870055,SILLA FIJA DE METAL,M,,,,,,1503.020102,1.00,
1218,2699,40,,746481870056,SILLA FIJA DE METAL,M,,,,,,1503.020102,1.00,
1219,2700,40,,746481870058,SILLA FIJA DE METAL,M,,,,,,1503.020102,1.00,
1220,2701,40,,746481870061,SILLA FIJA DE METAL,M,,,,,,1503.020102,1.00,
1221,2702,40,,746481870063,SILLA FIJA DE METAL,M,,,,,,1503.020102,1.00,
1222,2703,40,,746481870065,SILLA FIJA DE METAL,M,,,,,,1503.020102,1.00,
1223,2705,40,,746481870084,SILLA FIJA DE METAL,M,,,,,,1503.020102,1.00,
1224,2706,40,,746481870088,SILLA FIJA DE METAL,R,,,,,,1503.020102,1.00,
1225,2707,40,,746481870106,SILLA FIJA DE METAL,M,,,,,,1503.020102,1.00,
1226,2708,40,,746481870107,SILLA FIJA DE METAL,M,,,,,,1503.020102,1.00,
1227,2709,40,,746481870108,SILLA FIJA DE METAL,M,,,,,,1503.020102,1.00,
1228,2710,40,,746481870109,SILLA FIJA DE METAL,M,,,,,,1503.020102,1.00,
1229,2711,40,,746481870112,SILLA FIJA DE METAL,M,,,,,,1503.020102,1.00,
1230,2712,40,,746481870114,SILLA FIJA DE METAL,M,,,,,,1503.020102,1.00,
1464,960,11,11,746481870078,SILLA FIJA DE METAL,M,,,,,NEGRO,1503.020102,1.00,
1467,961,11,11,746481870091,SILLA FIJA DE METAL,M,,,,,NEGRO,1503.020102,1.00,
1477,959,11,11,746481870004,SILLA FIJA DE METAL,M,,,,,PLOMO/NEGRO,1503.020102,1.00,
1488,2704,40,14,746481870073,SILLA FIJA DE METAL,M,,,,,AMARILLO,1503.020102,1.00,
1489,627,41,14,746481870007,SILLA FIJA DE METAL,M,,,,,NEGRO,1503.020102,1.00,
1492,1070,14,14,746481870105,SILLA FIJA DE METAL,M,,,,,NEGRO,1503.020102,1.00,
1519,1062,14,14,746481870064,SILLA FIJA DE METAL,M,,,,,NEGRO,1503.020102,1.00,
1526,1063,14,14,746481870068,SILLA FIJA DE METAL,M,,,,,NEGRO,1503.020102,1.00,
1528,1068,14,14,746481870097,SILLA FIJA DE METAL,M,,,,,NEGRO,1503.020102,1.00,
1531,1054,14,14,746481870006,SILLA FIJA DE METAL,M,,,,,NEGRO,1503.020102,1.00,
1538,1058,14,14,746481870043,SILLA FIJA DE METAL,M,,,,,NEGRO/PLOMO,1503.020102,1.00,
1539,1067,14,14,746481870096,SILLA FIJA DE METAL,M,,,,,NEGRO,1503.020102,1.00,
1542,1061,14,14,746481870060,SILLA FIJA DE METAL,M,,,,,NEGRO,1503.020102,1.00,
1546,1059,14,14,746481870051,SILLA FIJA DE METAL,M,,,,,NEGRO,1503.020102,1.00,
1547,1069,14,14,746481870102,SILLA FIJA DE METAL,M,,,,,PLOMO,1503.020102,1.00,
1563,1057,14,14,746481870040,SILLA FIJA DE METAL,M,,,,,PLOMO,1503.020102,1.00,
1569,1056,14,14,746481870039,SILLA FIJA DE METAL,M,,,,,NEGRO,1503.020102,1.00,
1570,1065,14,14,746481870072,SILLA FIJA DE METAL,M,,,,,NEGRO,1503.020102,1.00,
1575,1064,14,14,746481870070,SILLA FIJA DE METAL,M,,,,,PLOMO,1503.020102,1.00,
1576,1066,14,14,746481870086,SILLA FIJA DE METAL,M,,,,,NEGRO,1503.020102,1.00,
1577,1055,14,14,746481870026,SILLA FIJA DE METAL,M,,,,,NEGRO,1503.020102,1.00,
1588,1053,14,14,746481870001,SILLA FIJA DE METAL,M,,,,,NEGRO,1503.020102,1.00,
1593,1060,14,14,746481870059,SILLA FIJA DE METAL,M,,,,,NEGRO,1503.020102,1.00,SOLO EL ASIENTO
1633,1138,15,15,746481870069,SILLA FIJA DE METAL,M,,,,,NEGRO,1503.020102,1.00,
1684,1485,2,2,746481870014,SILLA FIJA DE METAL,R,,,,,NEGRO,1503.020102,1.00,
1734,1327,22,22,746481870120,SILLA FIJA DE METAL,R,0.42X0.45X0.82,,,,NEGRO,1503.020102,1.00,
1735,1326,22,22,746481870119,SILLA FIJA DE METAL,R,0.42X0.45X0.82,,,,NEGRO,1503.020102,1.00,
1736,1325,22,22,746481870118,SILLA FIJA DE METAL,R,0.42X0.45X0.82,,,,NEGRO,1503.020102,1.00,
1737,1334,22,22,746481870127,SILLA FIJA DE METAL,R,,,,,NEGRO,1503.020102,1.00,
1738,1321,22,22,746481870087,SILLA FIJA DE METAL,R,0.45X0.47X0.85,,,,NEGRO,1503.020102,1.00,
1739,1336,22,22,746481870129,SILLA FIJA DE METAL,B,,,,,NEGRO,1503.020102,1.00,
1740,1335,22,22,746481870128,SILLA FIJA DE METAL,R,,,,,NEGRO,1503.020102,1.00,
1741,1332,22,22,746481870125,SILLA FIJA DE METAL,R,0.42X0.45X0.82,,,,NEGRO,1503.020102,1.00,
1780,1330,22,22,746481870123,SILLA FIJA DE METAL,R,0.42X0.45X0.82,,,,NEGRO,1503.020102,1.00,
1784,1320,22,22,746481870033,SILLA FIJA DE METAL,R,0.44X0.42X0.87,,,,NEGRO,1503.020102,1.00,
1800,1318,22,22,746481870010,SILLA FIJA DE METAL,R,0.37X0.39X0.82,,,,NEGRO,1503.020102,1.00,
1814,1337,22,22,746481870130,SILLA FIJA DE METAL,R,,,,,NEGRO,1503.020102,1.00,
1842,1339,22,22,746481870132,SILLA FIJA DE METAL,R,,,,,NEGRO,1503.020102,1.00,
1846,1324,22,22,746481870117,SILLA FIJA DE METAL,R,0.42X0.45X0.82,,,,NEGRO,1503.020102,1.00,
1847,1338,22,22,746481870131,SILLA FIJA DE METAL,R,,,,,NEGRO,1503.020102,1.00,
1848,1323,22,22,746481870116,SILLA FIJA DE METAL,R,0.42X0.45X0.82,,,,NEGRO,1503.020102,1.00,
1850,1340,22,22,746481870133,SILLA FIJA DE METAL,B,,,,,NEGRO,1503.020102,1.00,
1877,1322,22,22,746481870099,SILLA FIJA DE METAL,R,0.40X0.42X0.80,,,,MARRON,1503.020102,1.00,
1909,1563,23,23,746481870037,SILLA FIJA DE METAL,R,0.38X0.40X0.84,,,,NEGRO,1503.020102,1.00,
1989,625,41,25,746481870002,SILLA FIJA DE METAL,M,,,,,NEGRO,1503.020102,1.00,
2050,635,41,28,746481870090,SILLA FIJA DE METAL,R,,,CUERINA NEGRA,,PLOMO,1503.020102,1.00,
2061,1835,28,28,746481870035,SILLA FIJA DE METAL,R,0.42X0.42X0.87,,,,NEGRO,1503.020102,1.00,
2118,1834,28,28,746481870032,SILLA FIJA DE METAL,M,0.37X0.37X0.82,,,,NEGRO,1503.020102,1.00,LAB.
2127,2697,40,29,746481870054,SILLA FIJA DE METAL,M,,,,,,1503.020102,1.00,
2128,3102,32,29,746481870049,SILLA FIJA DE METAL,M,,,,,NEGRO,1503.020102,1.00,
2129,1319,22,29,746481870022,SILLA FIJA DE METAL,M,,,,,NEGRO,1503.020102,1.00,
2130,630,41,29,746481870013,SILLA FIJA DE METAL,M,,,,,NEGRO,1503.020102,1.00,
2131,629,41,29,746481870011,SILLA FIJA DE METAL,R,,,,,NEGRO,1503.020102,1.00,
2138,1860,29,29,746481870081,SILLA FIJA DE METAL,M,,,,,NEGRO,1503.020102,1.00,
2139,1858,29,29,746481870074,SILLA FIJA DE METAL,M,,,,,NEGRO,1503.020102,1.00,
2140,1841,29,29,746481870012,SILLA FIJA DE METAL,M,,,,,NEGRO,1503.020102,1.00,
2141,1849,29,29,746481870029,SILLA FIJA DE METAL,M,,,,,NEGRO,1503.020102,1.00,
2142,1845,29,29,746481870019,SILLA FIJA DE METAL,M,,,,,NEGRO,1503.020102,1.00,
2143,1848,29,29,746481870028,SILLA FIJA DE METAL,M,,,,,NEGRO,1503.020102,1.00,
2144,1854,29,29,746481870048,SILLA FIJA DE METAL,M,,,,,NEGRO,1503.020102,1.00,
2145,1855,29,29,746481870066,SILLA FIJA DE METAL,M,,,,,NEGRO,1503.020102,1.00,
2146,1852,29,29,746481870038,SILLA FIJA DE METAL,M,,,,,NEGRO,1503.020102,1.00,
2147,1864,29,29,746481870095,SILLA FIJA DE METAL,M,,,,,NEGRO,1503.020102,1.00,
2149,1863,29,29,746481870093,SILLA FIJA DE METAL,M,,,,,NEGRO,1503.020102,1.00,
2150,1857,29,29,746481870071,SILLA FIJA DE METAL,M,,,,,NEGRO,1503.020102,1.00,
2151,1853,29,29,746481870047,SILLA FIJA DE METAL,M,,,,,NEGRO,1503.020102,1.00,
2153,1847,29,29,746481870023,SILLA FIJA DE METAL,M,,,,,NEGRO,1503.020102,1.00,
2154,1851,29,29,746481870031,SILLA FIJA DE METAL,M,,,,,NEGRO,1503.020102,1.00,
2155,1861,29,29,746481870082,SILLA FIJA DE METAL,M,,,,,NEGRO,1503.020102,1.00,
2156,1842,29,29,746481870016,SILLA FIJA DE METAL,M,,,,,NEGRO,1503.020102,1.00,
2157,1859,29,29,746481870077,SILLA FIJA DE METAL,M,,,,,NEGRO,1503.020102,1.00,
2158,1856,29,29,746481870067,SILLA FIJA DE METAL,M,,,,,NEGRO,1503.020102,1.00,
2159,1844,29,29,746481870018,SILLA FIJA DE METAL,M,,,,,NEGRO,1503.020102,1.00,
2161,1862,29,29,746481870092,SILLA FIJA DE METAL,M,,,,,NEGRO,1503.020102,1.00,
2162,1846,29,29,746481870021,SILLA FIJA DE METAL,M,,,,,NEGRO,1503.020102,1.00,
2163,1865,29,29,746481870103,SILLA FIJA DE METAL,M,,,,,NEGRO,1503.020102,1.00,
2317,1916,30,30,746481870034,SILLA FIJA DE METAL,R,0.44X0.42X0.87,,,,NEGRO,1503.020102,1.00,
2318,1919,30,30,746481870083,SILLA FIJA DE METAL,R,,,,,PLOMO/NEGRO,1503.020102,1.00,
2338,636,41,31,746481870113,SILLA FIJA DE METAL,M,,,,,NEGRO,1503.020102,1.00,
2339,1843,29,31,746481870017,SILLA FIJA DE METAL,M,,,,,NEGRO,1503.020102,1.00,
2340,626,41,31,746481870005,SILLA FIJA DE METAL,M,,,,,NEGRO,1503.020102,1.00,
2369,1741,26,31,746481870089,SILLA FIJA DE METAL,M,,,,,NEGRO,1503.020102,1.00,
2513,1333,22,32,746481870126,SILLA FIJA DE METAL,B,,,,,NEGRO,1503.020102,1.00,
2514,634,41,32,746481870085,SILLA FIJA DE METAL,M,,,,,NEGRO,1503.020102,1.00,
2515,632,41,32,746481870045,SILLA FIJA DE METAL,M,,,,,NEGRO,1503.020102,1.00,
2734,3103,32,32,746481870076,SILLA FIJA DE METAL,M,,,,,NEGRO,1503.020102,1.00,
2825,3104,32,32,746481870115,SILLA FIJA DE METAL,M,,,,,PLOMO/BLANCO,1503.020102,1.00,
2914,3290,33,33,746481870100,SILLA FIJA DE METAL,R,,,TAPIZ MARROQUIN,,NEGRO,1503.020102,1.00,
2942,1328,22,35,746481870121,SILLA FIJA DE METAL,B,0.42X0.45X0.82,,,,NEGRO,1503.020102,1.00,
3298,1192,21,35,746481870104,SILLA FIJA DE METAL,M,0.40X0.38X0.83,,TAPIZ MARROQUI,,NEGRO,1503.020102,1.00,
3467,4089,44,44,746481870110,SILLA FIJA DE METAL,R,0.40X0.40X0.83,,TAPIZ/MARRON,,NEGRO,1503.020102,1.00,
3471,4088,44,44,746481870044,SILLA FIJA DE METAL,R,0.45X0.45X0.90,,TAPIZ/MARRON,,NEGRO,1503.020102,1.00,R
3496,1486,2,45,746481870079,SILLA FIJA DE METAL,R,,,,,CAFÉ,1503.020102,1.00,
3506,1487,2,45,746481870080,SILLA FIJA DE METAL,R,,,,,NEGRO,1503.020102,1.00,
3508,1918,30,45,746481870075,SILLA FIJA DE METAL,M,,,,,NEGRO,1503.020102,1.00,
3519,194,5,45,746481870094,SILLA FIJA DE METAL,R,0.42X0.45X0.82,,TAPIZ MARROQUIN,,NEGRO,1503.020102,1.00,
3540,1917,30,47,746481870057,SILLA FIJA DE METAL,M,0.44X0.44X0.76,,,,NEGRO,1503.020102,1.00,
3548,1488,2,47,746481870098,SILLA FIJA DE METAL,M,,,,,MARRON,1503.020102,1.00,
3915,878,6,6,746481870015,SILLA FIJA DE METAL,M,,,,,NEGRO,1503.020102,1.00,
4092,633,41,9,746481870062,SILLA FIJA DE METAL,M,,,,,NEGRO,1503.020102,1.00,
5,1347,22,,746482550027,SILLA FIJA DE OTRO MATERIAL,M,,,,,AZUL,1503.020102,1.00,
345,638,41,,746482550005,SILLA FIJA DE OTRO MATERIAL,R,,REY,,,AZUL,1503.020102,1.00,
346,639,41,,746482550006,SILLA FIJA DE OTRO MATERIAL,R,,REY,,,AZUL,1503.020102,1.00,
347,640,41,,746482550007,SILLA FIJA DE OTRO MATERIAL,R,,REY,,,AZUL,1503.020102,1.00,
348,642,41,,746482550017,SILLA FIJA DE OTRO MATERIAL,R,,REY,,,AZUL,1503.020102,1.00,
349,643,41,,746482550018,SILLA FIJA DE OTRO MATERIAL,R,,REY,,,AZUL,1503.020102,1.00,
350,644,41,,746482550019,SILLA FIJA DE OTRO MATERIAL,M,,,,,AZUL,1503.020102,1.00,
478,1139,15,,746482550008,SILLA FIJA DE OTRO MATERIAL,R,,,,,AZUL,1503.020102,1.00,
552,1680,38,,746482550021,SILLA FIJA DE OTRO MATERIAL,R,,,,,,1503.020102,1.00,
553,1681,38,,746482550022,SILLA FIJA DE OTRO MATERIAL,R,,,,,,1503.020102,1.00,
1748,1923,30,22,746482550020,SILLA FIJA DE OTRO MATERIAL,R,,,PLASTICO,,BLANCO,1503.020102,1.00,
1776,1343,22,22,746482550023,SILLA FIJA DE OTRO MATERIAL,R,,REY,,,AZUL,1503.020102,1.00,
1777,1341,22,22,746482550011,SILLA FIJA DE OTRO MATERIAL,R,,REY,,,CELESTE,1503.020102,1.00,
1778,1344,22,22,746482550024,SILLA FIJA DE OTRO MATERIAL,R,,,,,AZUL,1503.020102,1.00,
1785,1346,22,22,746482550026,SILLA FIJA DE OTRO MATERIAL,R,,,,,AZUL,1503.020102,1.00,
1786,1342,22,22,746482550014,SILLA FIJA DE OTRO MATERIAL,R,,REY,,,CELESTE,1503.020102,1.00,
1924,1564,23,23,746482550001,SILLA FIJA DE OTRO MATERIAL,R,0.54X0.64X0.84,POLIN PLAST SIN,PLASTICO,,BLANCO,1503.020102,1.00,
2311,641,41,30,746482550010,SILLA FIJA DE OTRO MATERIAL,R,,,PLASTICO,,BLANCO,1503.020102,1.00,
2313,1921,30,30,746482550013,SILLA FIJA DE OTRO MATERIAL,R,,,,,CELESTE,1503.020102,1.00,
2314,1920,30,30,746482550012,SILLA FIJA DE OTRO MATERIAL,R,,,,,CELESTE,1503.020102,1.00,
2327,1922,30,30,746482550015,SILLA FIJA DE OTRO MATERIAL,R,,REY,,,CELESTE,1503.020102,1.00,
2838,646,41,32,746482550029,SILLA FIJA DE OTRO MATERIAL,M,,,,,AZUL,1503.020102,1.00,
2839,645,41,32,746482550028,SILLA FIJA DE OTRO MATERIAL,M,,,,,AZUL,1503.020102,1.00,
2853,3291,33,33,746482550002,SILLA FIJA DE OTRO MATERIAL,R,,,PLASTICO,,CELESTE,1503.020102,1.00,
3422,185,4,4,746482550003,SILLA FIJA DE OTRO MATERIAL,R,0.32X0.37X0.77,REY,CON CODERAS,,CELESTE,1503.020102,1.00,
3446,1345,22,43,746482550025,SILLA FIJA DE OTRO MATERIAL,B,,,,,AZUL,1503.020102,1.00,PERTENECE A ESTUDIOS Y PROYECTOS
3537,1489,2,47,746482550009,SILLA FIJA DE OTRO MATERIAL,R,,,PLASTICO,,BLANCO,1503.020102,1.00,
3558,1490,2,47,746482550016,SILLA FIJA DE OTRO MATERIAL,R,,,,,CELESTE,1503.020102,1.00,
4085,637,41,76,746482550004,SILLA FIJA DE OTRO MATERIAL,R,,REY,,,AZUL,1503.020102,1.00,
351,647,41,,746483230001,SILLA GIRATORIA DE MADERA,M,,,,,,1503.020102,1.00,
9,2749,40,,746483900076,SILLA GIRATORIA DE METAL,M,,,,,NEGRO,1503.020102,1.00,ROTO
19,134,3,,746483900089,SILLA GIRATORIA DE METAL,M,,,FUNDA,,NEGRO,1503.020102,200.00,
352,649,41,,746483900006,SILLA GIRATORIA DE METAL,M,,,,,NEGRO,1503.020102,70.00,
353,650,41,,746483900009,SILLA GIRATORIA DE METAL,R,0.46X0.65X0.98,,,,NEGRO,1503.020102,1.00,
354,651,41,,746483900021,SILLA GIRATORIA DE METAL,M,,,TAPIZ LONA,,NEGRO,1503.020102,180.00,
355,652,41,,746483900022,SILLA GIRATORIA DE METAL,M,,,,,NEGRO,1503.020102,180.00,
356,653,41,,746483900024,SILLA GIRATORIA DE METAL,R,0.68X0.85X1.00,,MONTHI,,NEGRO,1503.020102,180.00,
357,654,41,,746483900068,SILLA GIRATORIA DE METAL,M,,,,,NEGRO,1503.020102,200.00,
358,655,41,,746483900071,SILLA GIRATORIA DE METAL,M,,,,,NEGRO,1503.020102,180.00,
359,656,41,,746483900074,SILLA GIRATORIA DE METAL,M,,,,,NEGRO,1503.020102,200.00,
360,658,41,,746483900079,SILLA GIRATORIA DE METAL,R,,,,,NEGRO,1503.020102,200.00,
361,659,41,,746483900081,SILLA GIRATORIA DE METAL,M,0.40X0.50X0.60,,,,NEGRO,1503.020102,200.00,
362,660,41,,746483900082,SILLA GIRATORIA DE METAL,M,,,,,NEGRO,1503.020102,200.00,
363,661,41,,746483900088,SILLA GIRATORIA DE METAL,M,,,,,NEGRO,1503.020102,200.00,
364,662,41,,746483900094,SILLA GIRATORIA DE METAL,M,0.44X0.62X0.99,,,,NEGRO,1503.020102,179.99,
365,663,41,,746483900107,SILLA GIRATORIA DE METAL,M,,,,,NEGRO,1503.020102,220.00,
366,664,41,,746483900110,SILLA GIRATORIA DE METAL,M,,,,,,1503.020102,1.00,
367,665,41,,746483900114,SILLA GIRATORIA DE METAL,M,,,,,NEGRO,1503.020102,220.00,
368,666,41,,746483900115,SILLA GIRATORIA DE METAL,M,,,,,NEGRO,1503.020102,220.00,
369,667,41,,746483900118,SILLA GIRATORIA DE METAL,M,,,,,NEGRO,1503.020102,1.00,
370,668,41,,746483900119,SILLA GIRATORIA DE METAL,R,,,,,NEGRO,1503.020102,1.00,
371,669,41,,746483900120,SILLA GIRATORIA DE METAL,M,0.43X0.46X0.72,,,,NEGRO,1503.020102,180.00,
372,670,41,,746483900121,SILLA GIRATORIA DE METAL,M,,,,,NEGRO,1503.020102,1.00,
1231,2713,40,,746483900025,SILLA GIRATORIA DE METAL,R,,,,,,1503.020102,1.00,
1232,2714,40,,746483900027,SILLA GIRATORIA DE METAL,R,,,,,,1503.020102,1.00,
1233,2715,40,,746483900028,SILLA GIRATORIA DE METAL,R,,,,,,1503.020102,1.00,
1234,2716,40,,746483900031,SILLA GIRATORIA DE METAL,R,,,,,,1503.020102,1.00,
1235,2717,40,,746483900032,SILLA GIRATORIA DE METAL,R,,,,,,1503.020102,1.00,
1236,2718,40,,746483900033,SILLA GIRATORIA DE METAL,R,,,,,,1503.020102,1.00,
1237,2719,40,,746483900034,SILLA GIRATORIA DE METAL,R,,,,,,1503.020102,1.00,
1238,2720,40,,746483900035,SILLA GIRATORIA DE METAL,R,,,,,,1503.020102,1.00,
1239,2721,40,,746483900036,SILLA GIRATORIA DE METAL,R,,,,,,1503.020102,1.00,
1240,2722,40,,746483900037,SILLA GIRATORIA DE METAL,R,,,,,,1503.020102,1.00,
1241,2723,40,,746483900038,SILLA GIRATORIA DE METAL,R,,,,,,1503.020102,1.00,
1242,2724,40,,746483900039,SILLA GIRATORIA DE METAL,R,,,,,,1503.020102,1.00,
1243,2725,40,,746483900040,SILLA GIRATORIA DE METAL,R,,,,,,1503.020102,1.00,
1244,2726,40,,746483900041,SILLA GIRATORIA DE METAL,R,,,,,,1503.020102,1.00,
1245,2727,40,,746483900042,SILLA GIRATORIA DE METAL,R,,,,,,1503.020102,1.00,
1246,2728,40,,746483900043,SILLA GIRATORIA DE METAL,R,,,,,,1503.020102,1.00,
1247,2729,40,,746483900044,SILLA GIRATORIA DE METAL,R,,,,,,1503.020102,1.00,
1248,2730,40,,746483900045,SILLA GIRATORIA DE METAL,R,,,,,,1503.020102,1.00,
1249,2731,40,,746483900046,SILLA GIRATORIA DE METAL,R,,,,,,1503.020102,1.00,
1250,2732,40,,746483900047,SILLA GIRATORIA DE METAL,R,,,,,,1503.020102,1.00,
1251,2733,40,,746483900048,SILLA GIRATORIA DE METAL,R,,,,,,1503.020102,1.00,
1252,2734,40,,746483900049,SILLA GIRATORIA DE METAL,R,,,,,,1503.020102,1.00,
1253,2735,40,,746483900050,SILLA GIRATORIA DE METAL,R,,,,,,1503.020102,1.00,
1254,2736,40,,746483900051,SILLA GIRATORIA DE METAL,R,,,,,,1503.020102,1.00,
1255,2737,40,,746483900052,SILLA GIRATORIA DE METAL,R,,,,,,1503.020102,1.00,
1256,2738,40,,746483900054,SILLA GIRATORIA DE METAL,R,,,,,,1503.020102,1.00,
1257,2739,40,,746483900056,SILLA GIRATORIA DE METAL,R,,,,,,1503.020102,1.00,
1258,2740,40,,746483900057,SILLA GIRATORIA DE METAL,R,,,,,,1503.020102,1.00,
1259,2741,40,,746483900058,SILLA GIRATORIA DE METAL,R,,,,,,1503.020102,1.00,
1260,2742,40,,746483900059,SILLA GIRATORIA DE METAL,R,,,,,,1503.020102,1.00,
1261,2743,40,,746483900060,SILLA GIRATORIA DE METAL,R,,,,,,1503.020102,1.00,
1262,2744,40,,746483900061,SILLA GIRATORIA DE METAL,R,,,,,,1503.020102,1.00,
1263,2745,40,,746483900062,SILLA GIRATORIA DE METAL,R,,,,,,1503.020102,1.00,
1264,2746,40,,746483900063,SILLA GIRATORIA DE METAL,R,,,,,,1503.020102,1.00,
1265,2747,40,,746483900064,SILLA GIRATORIA DE METAL,R,,,,,,1503.020102,1.00,
1266,2748,40,,746483900069,SILLA GIRATORIA DE METAL,M,,,,,,1503.020102,1.00,
1267,2750,40,,746483900080,SILLA GIRATORIA DE METAL,R,,,,,,1503.020102,1.00,
1268,2751,40,,746483900087,SILLA GIRATORIA DE METAL,R,,,,,,1503.020102,1.00,
1269,2752,40,,746483900090,SILLA GIRATORIA DE METAL,M,,,,,,1503.020102,1.00,
1270,2753,40,,746483900091,SILLA GIRATORIA DE METAL,M,,,,,,1503.020102,1.00,
1271,2754,40,,746483900098,SILLA GIRATORIA DE METAL,M,,,,,,1503.020102,1.00,
1272,2755,40,,746483900099,SILLA GIRATORIA DE METAL,M,,,,,,1503.020102,1.00,
1273,2756,40,,746483900100,SILLA GIRATORIA DE METAL,M,,,,,,1503.020102,1.00,
1274,2757,40,,746483900101,SILLA GIRATORIA DE METAL,M,,,,,,1503.020102,1.00,
1275,2758,40,,746483900122,SILLA GIRATORIA DE METAL,M,,,,,,1503.020102,1.00,
1276,2759,40,,746483900123,SILLA GIRATORIA DE METAL,M,,,,,,1503.020102,1.00,
1277,2761,40,,746483900125,SILLA GIRATORIA DE METAL,M,,,,,,1503.020102,1.00,
1397,3107,32,,746483900072,SILLA GIRATORIA DE METAL,R,0.65X0.46X0.98,,,,NEGRO,1503.020102,180.00,
1398,3109,32,,746483900126,SILLA GIRATORIA DE METAL,M,,,,,NEGRO,1503.020102,200.00,
1449,967,11,11,746483900103,SILLA GIRATORIA DE METAL,M,,,,,NEGRO,1503.020102,180.00,
1459,962,11,11,746483900010,SILLA GIRATORIA DE METAL,M,0.46X0.65X0.98,,,,NEGRO,1503.020102,240.00,
1460,969,11,11,746483900106,SILLA GIRATORIA DE METAL,M,,,,,NEGRO,1503.020102,220.00,
1461,963,11,11,746483900092,SILLA GIRATORIA DE METAL,M,,,,,NEGRO,1503.020102,200.00,
1472,966,11,11,746483900097,SILLA GIRATORIA DE METAL,M,,,,,NEGRO,1503.020102,220.00,
1473,964,11,11,746483900095,SILLA GIRATORIA DE METAL,M,,,,,NEGRO,1503.020102,220.00,
1475,968,11,11,746483900105,SILLA GIRATORIA DE METAL,M,,,,,NEGRO,1503.020102,200.00,
1476,965,11,11,746483900096,SILLA GIRATORIA DE METAL,M,,,,,NEGRO,1503.020102,220.00,
1499,1076,14,14,746483900104,SILLA GIRATORIA DE METAL,M,,,,,NEGRO,1503.020102,180.00,
1523,1073,14,14,746483900004,SILLA GIRATORIA DE METAL,M,,,,,NEGRO,1503.020102,280.00,
1525,1072,14,14,746483900002,SILLA GIRATORIA DE METAL,M,,,,,CAFÉ,1503.020102,280.00,
1537,1074,14,14,746483900007,SILLA GIRATORIA DE METAL,M,,,,,NEGRO,1503.020102,280.00,
1561,1071,14,14,746483900001,SILLA GIRATORIA DE METAL,M,,,,,NEGRO,1503.020102,280.00,
1572,1075,14,14,746483900008,SILLA GIRATORIA DE METAL,M,,,,,CAFÉ,1503.020102,1.00,
1689,1491,2,2,746483900066,SILLA GIRATORIA DE METAL,R,0.60X0.50X0.95,,,,NEGRO,1503.020102,200.00,
1690,1492,2,2,746483900067,SILLA GIRATORIA DE METAL,R,0.55X0.60X1.20,,,,CAFÉ,1503.020102,200.00,
1691,1493,2,2,746483900109,SILLA GIRATORIA DE METAL,R,0.44X0.61X0.98,,,,NEGRO,1503.020102,280.00,
1692,1495,2,2,746483900116,SILLA GIRATORIA DE METAL,R,,,,,NEGRO,1503.020102,220.00,
1837,1349,22,22,746483900065,SILLA GIRATORIA DE METAL,M,,MONTHY,,,NEGRO,1503.020102,1.00,BAJA
1874,1350,22,22,746483900077,SILLA GIRATORIA DE METAL,M,0.58X0.45X0.95,,,,NEGRO,1503.020102,200.00,BAJA
1894,1348,22,22,746483900030,SILLA GIRATORIA DE METAL,R,0.45X0.65X1.00,,,,NEGRO,1503.020102,180.00,
1919,1565,23,23,746483900023,SILLA GIRATORIA DE METAL,R,0.68X0.85X1.00,,,,NEGRO,1503.020102,180.00,
1927,3292,33,23,746483900019,SILLA GIRATORIA DE METAL,M,,,TAPIZ LONA,,NEGRO,1503.020102,315.00,
1932,1611,24,24,746483900013,SILLA GIRATORIA DE METAL,R,0.58X0.55Z0.99,MONTHY,TAPIZ MARROQUIN,,NEGRO,1503.020102,370.00,
1952,1619,24,24,746483900093,SILLA GIRATORIA DE METAL,R,0.44X0.62X0.99,MONTHY,TAPIZ MARROQUIN,,NEGRO,1503.020102,200.00,
1954,1618,24,24,746483900055,SILLA GIRATORIA DE METAL,M,0.57X0.50X0.93,MONTHY,TAPIZ MARROQUIN,,NEGRO,1503.020102,180.00,
1964,1615,24,24,746483900017,SILLA GIRATORIA DE METAL,R,0.57X0.50X0.93,MONTHY,TAPIZ MARROQUIN,,NEGRO,1503.020102,370.00,
1977,1613,24,24,746483900015,SILLA GIRATORIA DE METAL,M,0.57X0.50X0.93,MONTHY,TAPIZ MARROQUIN,,NEGRO,1503.020102,370.00,
1978,1609,24,24,746483900011,SILLA GIRATORIA DE METAL,M,0.60X0.56X0.93,MONTHY,TAPIZ MARROQUIN,,NEGRO,1503.020102,370.00,
1979,1612,24,24,746483900014,SILLA GIRATORIA DE METAL,R,0.57X0.50X0.93,MONTHY,TAPIZ MARROQUIN,,NEGRO,1503.020102,370.00,
1980,1614,24,24,746483900016,SILLA GIRATORIA DE METAL,M,0.57X0.50X0.93,MONTHY,TAPIZ MARROQUIN,,NEGRO,1503.020102,370.00,
1981,1616,24,24,746483900018,SILLA GIRATORIA DE METAL,M,0.60X0.56X0.93,MONTHY,TAPIZ MARROQUIN,,NEGRO,1503.020102,370.00,
1982,1610,24,24,746483900012,SILLA GIRATORIA DE METAL,R,0.60X0.56X0.93,MONTHY,TAPIZ MARROQUIN,,NEGRO,1503.020102,370.00,
2126,648,41,29,746483900005,SILLA GIRATORIA DE METAL,M,,,,,NEGRO,1503.020102,280.00,
2135,1867,29,29,746483900108,SILLA GIRATORIA DE METAL,M,,,,,NEGRO,1503.020102,220.00,
2312,1926,30,30,746483900102,SILLA GIRATORIA DE METAL,M,0.43X0.46X0.72,,,,NEGRO,1503.020102,180.00,BAJA
2316,1925,30,30,746483900085,SILLA GIRATORIA DE METAL,R,0.63X0.46X0.40,,,,NEGRO,1503.020102,200.00,
2820,3106,32,32,746483900070,SILLA GIRATORIA DE METAL,R,0.45X0.50X0.98,,TAPIZ DE LONA,,NEGRO,1503.020102,180.00,
2823,3108,32,32,746483900083,SILLA GIRATORIA DE METAL,M,0.44X0.45X0.72,,,,NEGRO,1503.020102,200.00,
2824,3105,32,32,746483900020,SILLA GIRATORIA DE METAL,R,0.46X0.65X0.98,,,,NEGRO,1503.020102,190.00,
2851,3294,33,33,746483900111,SILLA GIRATORIA DE METAL,M,,,TAPIZ LONA,,NEGRO,1503.020102,220.00,
2856,3293,33,33,746483900029,SILLA GIRATORIA DE METAL,R,,,,,NEGRO,1503.020102,180.00,
2915,3335,34,34,746483900073,SILLA GIRATORIA DE METAL,R,,,,,NEGRO,1503.020102,180.00,
3318,3877,35,35,746483900117,SILLA GIRATORIA DE METAL,R,0.44X0.63X0.95,,,,NEGRO,1503.020102,220.00,
3328,3874,35,35,746483900026,SILLA GIRATORIA DE METAL,R,0.46X0.65X0.88,,,,NEGRO,1503.020102,180.00,
3346,3876,35,35,746483900086,SILLA GIRATORIA DE METAL,R,,,,,NEGRO,1503.020102,200.00,
3357,3875,35,35,746483900078,SILLA GIRATORIA DE METAL,B,,,,,NEGRO,1503.020102,200.00,
3455,4090,44,44,746483900003,SILLA GIRATORIA DE METAL,M,0.45X0.50X0.98,,TAPIZ DE LONA,,NEGRO,1503.020102,280.00,
3503,1924,30,45,746483900084,SILLA GIRATORIA DE METAL,R,0.49X.45X0.87,,,,NEGRO,1503.020102,200.00,
3546,1494,2,47,746483900112,SILLA GIRATORIA DE METAL,M,,,,,NEGRO,1503.020102,220.00,
3563,2760,40,47,746483900124,SILLA GIRATORIA DE METAL,M,,,,,,1503.020102,1.00,
3567,1351,22,48,746483900113,SILLA GIRATORIA DE METAL,M,,,,,NEGRO,1503.020102,220.00,
3568,657,41,48,746483900075,SILLA GIRATORIA DE METAL,M,,,,,NEGRO,1503.020102,200.00,
3708,1617,24,5,746483900053,SILLA GIRATORIA DE METAL,R,0.57X0.50X0.93,MONTHY,TAPIZ MARROQUIN,,NEGRO,1503.020102,180.00,
1490,1078,14,14,746485260006,SILLA PLEGABLE DE METAL,M,,,,,GRANATE,1503.020102,1.00,
1549,1079,14,14,746485260007,SILLA PLEGABLE DE METAL,M,,,,,GRANATE,1503.020102,1.00,
1555,1081,14,14,746485260009,SILLA PLEGABLE DE METAL,M,,,,,GRANATE,1503.020102,1.00,
1560,1077,14,14,746485260005,SILLA PLEGABLE DE METAL,R,,,,,GRANATE,1503.020102,1.00,
1564,1080,14,14,746485260008,SILLA PLEGABLE DE METAL,M,,,,,GRANATE,1503.020102,1.00,
1565,1082,14,14,746485260010,SILLA PLEGABLE DE METAL,M,,,,,GRANATE,1503.020102,1.00,
2035,1767,27,27,746485260002,SILLA PLEGABLE DE METAL,R,0.40X0.42X0.84,,,,ROJO,1503.020102,1.00,
3425,4054,43,43,746485260001,SILLA PLEGABLE DE METAL,R,,,,,ROJO,1503.020102,1.00,
3514,1496,2,45,746485260003,SILLA PLEGABLE DE METAL,R,,ZTKETO ZK-INDIA,,,ROJO,1503.020102,1.00,
3520,1497,2,45,746485260004,SILLA PLEGABLE DE METAL,R,,,,,ROJO,1503.020102,1.00,
3709,195,5,5,746485260011,SILLA PLEGABLE DE METAL,R,0.42X0.45X0.86,,CROMADO,,NEGRO,1503.020102,1.00,
1278,2762,40,,746487970002,SILLON FIJO DE METAL,M,,,,,,1503.020102,1.00,
1279,2763,40,,746487970004,SILLON FIJO DE METAL,M,,,,,,1503.020102,1.00,
1280,2764,40,,746487970008,SILLON FIJO DE METAL,M,,,,,,1503.020102,1.00,
1281,2765,40,,746487970011,SILLON FIJO DE METAL,M,,,,,,1503.020102,1.00,
1568,1083,14,14,746487970001,SILLON FIJO DE METAL,M,,,,,NEGRO,1503.020102,1.00,
1587,1084,14,14,746487970003,SILLON FIJO DE METAL,M,,,,,NEGRO,1503.020102,1.00,
1589,671,41,14,746487970010,SILLON FIJO DE METAL,M,,,,,NEGRO,1503.020102,1.00,
1664,1165,18,18,746487970006,SILLON FIJO DE METAL,M,0.52X0.97X1.51,,,,VERDE/NEGRO,1503.020102,1.00,
1917,1566,23,23,746487970005,SILLON FIJO DE METAL,R,0.64X0.50X1.84,,,,NEGRO,1503.020102,1.00,
1972,1620,24,24,746487970012,SILLON FIJO DE METAL,R,0.47X1.50X0.88,,TAPIZ TELA,,BEIG CLARO,1503.020102,1.00,BANCA DE ASIENTO MULTIPLE RECOD.
1983,1621,24,24,746487970013,SILLON FIJO DE METAL,R,0.47X1.50X0.88,,TAPIZ TELA,,BEIG CLARO,1503.020102,1.00,BANCA DE ASIENTO MULTIPLE - RECODIF
2160,1868,29,29,746487970009,SILLON FIJO DE METAL,M,,,,,NEGRO,1503.020102,1.00,
2817,3110,32,32,746487970007,SILLON FIJO DE METAL,R,,,,,,1503.020102,1.00,
1282,2766,40,,746488310005,SILLON GIRATORIO (OTROS),R,,,,,,1503.020102,1.00,
1283,2767,40,,746488310006,SILLON GIRATORIO (OTROS),R,,,,,,1503.020102,1.00,
1284,2768,40,,746488310008,SILLON GIRATORIO (OTROS),M,,,,,,1503.020102,1.00,
1285,2769,40,,746488310009,SILLON GIRATORIO (OTROS),M,,,,,,1503.020102,1.00,
1988,1622,24,24,746488310012,SILLON GIRATORIO (OTROS),R,0.57X0.67X1.15,,,,CAFÉ,1503.020102,600.00,
2206,135,3,3,746488310010,SILLON GIRATORIO (OTROS),M,,,GRADUABLE,,NEGRO,1503.020102,290.00,
2511,3879,35,32,746488310007,SILLON GIRATORIO (OTROS),M,,PRINCIPE,,,CAFÉ,1503.020102,290.00,
2512,672,41,32,746488310002,SILLON GIRATORIO (OTROS),M,0.43X0.50X0.73,,PRINCIPE,,MARRON,1503.020102,490.00,
3342,3878,35,35,746488310001,SILLON GIRATORIO (OTROS),M,0.70X0.60X1.20,,TAPIZ MARROQUIN,,CAFÉ,1503.020102,280.00,BAJA
3435,4056,43,43,746488310011,SILLON GIRATORIO (OTROS),M,,MONTHY,,,NEGRO,1503.020102,570.00,BAJA
3444,4055,43,43,746488310004,SILLON GIRATORIO (OTROS),M,,MONTHY,,,CROMADO,1503.020102,290.00,BAJA
3728,1406,2,55,746488310003,SILLON GIRATORIO (OTROS),M,,,,,NEGRO/AZUL,1503.020102,290.00,
23,196,5,,746489330012,SILLON GIRATORIO DE METAL,R,0.70X0.70X1.15,,TAPIZ MARROQUIN,,CAFÉ,1503.020102,180.00,
1286,2770,40,,746489330011,SILLON GIRATORIO DE METAL,M,,,,,,1503.020102,1.00,
1287,2771,40,,746489330013,SILLON GIRATORIO DE METAL,R,,,,,,1503.020102,1.00,
1288,2772,40,,746489330020,SILLON GIRATORIO DE METAL,R,,,,,,1503.020102,1.00,
1514,1086,14,14,746489330005,SILLON GIRATORIO DE METAL,M,0.43X0.46X0.72,,,,NEGRO,1503.020102,180.00,
1535,1085,14,14,746489330001,SILLON GIRATORIO DE METAL,M,,,,,NEGRO,1503.020102,250.00,
1536,673,41,14,746489330006,SILLON GIRATORIO DE METAL,M,0.43X0.46X0.72,,TAPIZ TELA,,NEGRO,1503.020102,280.00,
1554,1088,14,14,746489330009,SILLON GIRATORIO DE METAL,M,,,,,NEGRO,1503.020102,1.00,
1591,1087,14,14,746489330008,SILLON GIRATORIO DE METAL,M,,,,,NEGRO,1503.020102,180.00,SOLO EL ASIENTO
1714,1194,21,21,746489330026,SILLON GIRATORIO DE METAL,B,0.50X0.45X1.20,,TAPIZ MARROQUI,,NEGRO,1503.020102,510.00,
1868,1352,22,22,746489330022,SILLON GIRATORIO DE METAL,R,,,CODERAS,,NEGRO,1503.020102,510.00,
1907,1567,23,23,746489330025,SILLON GIRATORIO DE METAL,R,0.58X0.60X1.10,,,,NEGRO,1503.020102,510.00,
2136,1869,29,29,746489330003,SILLON GIRATORIO DE METAL,M,,,,,AMARILLO,1503.020102,180.00,
2303,136,3,3,746489330002,SILLON GIRATORIO DE METAL,M,,PATA ASPA,FUNDA,,CAFÉ,1503.020102,370.00,
2539,3112,32,32,746489330007,SILLON GIRATORIO DE METAL,M,,,TAPIZ MARROQUIN,,CAFE,1503.020102,180.00,
2818,3114,32,32,746489330017,SILLON GIRATORIO DE METAL,M,0.53X0.53X1.05,,,,NEGRO,1503.020102,498.00,
2819,3113,32,32,746489330016,SILLON GIRATORIO DE METAL,R,0.52X0.54X1.05,,,,NEGRO,1503.020102,498.00,
2821,3111,32,32,746489330004,SILLON GIRATORIO DE METAL,M,0.50X0.53X0.82,,,,MARRON,1503.020102,180.00,
2895,3295,33,33,746489330019,SILLON GIRATORIO DE METAL,M,,,TAPIZ MARROQUIN,,NEGRO,1503.020102,498.00,
2945,1193,21,35,746489330010,SILLON GIRATORIO DE METAL,M,0.50X0.45X0.90,,BASE CROMADO,,NEGRO,1503.020102,280.00,BAJA /ROTO
3309,3880,35,35,746489330014,SILLON GIRATORIO DE METAL,R,0.62X0.65X1.14,,,,NEGRO,1503.020102,498.00,
3366,1498,2,37,746489330015,SILLON GIRATORIO DE METAL,B,0.62X0.65X1.14,,RECLINABLE,,NEGRO,1503.020102,498.00,
3390,1927,30,37,746489330024,SILLON GIRATORIO DE METAL,R,0.60X0.50X1.15,,,,NEGRO,1503.020102,510.00,
3451,4057,43,43,746489330021,SILLON GIRATORIO DE METAL,R,,,GRADUABLE,,NEGRO/CROMADO,1503.020102,510.00,
3511,1499,2,45,746489330018,SILLON GIRATORIO DE METAL,M,0.50X0.46X0.95,,,,NEGRO,1503.020102,498.00,
3711,197,5,5,746489330023,SILLON GIRATORIO DE METAL,R,0.60X0.60X1.10,,RECLINABLE,,NEGRO,1503.020102,510.00,
3022,3883,35,35,42289980003,SONDA PARA POZO,M,,CHINA MOD JJW,,807,,1503.020502,1.00,BAJA
3023,3887,35,35,42289980007,SONDA PARA POZO,M,,CHINA MOD. JJY1,JMZ-1,S4S,,1503.020502,1.00,BAJA
3024,3886,35,35,42289980006,SONDA PARA POZO,M,,CHINA MOD. JJY1,,966-5,,1503.020502,1.00,BAJA
3025,3884,35,35,42289980004,SONDA PARA POZO,M,,,JJX-3,4267,,1503.020502,1.00,
3026,3885,35,35,42289980005,SONDA PARA POZO,M,,,JJX-3,5276,,1503.020502,1.00,BAJA
3027,3882,35,35,42289980002,SONDA PARA POZO,M,,,JFS-1,361,,1503.020502,1.00,
3084,3888,35,35,42289980008,SONDA PARA POZO,M,,,JM2-1,964,,1503.020502,1.00,BAJA
3153,3881,35,35,42289980001,SONDA PARA POZO,M,,,DWS-3,87-11021,,1503.020502,1.00,BAJA
1727,1353,22,22,672295040001,SOPLADORA DE AIRE,R,,CROWN,BLOWER CT17002,12111400078,PLOMO,1503.020906,1.00,
1934,1623,24,24,462289810001,SUPRESOR DE VOLTAJE TRANSITORIO - TVSS,R,,OPALUX,6 PUERTOS,,NEGRO/NARANJA,1503.020904,1.00,RECODIFICAR
373,674,41,,42291880001,SURCADOR,M,,,,,,1503.020502,1.00,
1703,1195,21,21,952281170010,SWITCH PARA RED,R,,CAPTOR,BHSVASL,10406100138,BLANCO,1503.020303,1.00,
1808,1354,22,22,952281170012,SWITCH PARA RED,M,,D-LINK,DESK-1008A,QS023BA001842,NEGRO,1503.020303,1.00,
1809,1355,22,22,952281170013,SWITCH PARA RED,M,,D-LINK,DWL-2100AP,DRA127C000731,PLOMO/NEGRO,1503.020303,1.00,
2947,3889,35,35,952281170001,SWITCH PARA RED,M,,D LINK,,,NEGRO,1503.020303,1.00,
3507,1928,30,45,952281170004,SWITCH PARA RED,R,,TP-LINK,TLSF 10080,,BLANCO,1503.020303,1.00,
3619,3897,35,48,952281170011,SWITCH PARA RED,M,,D-LINK,DES-1008A,,NEGRO,1503.020303,1.00,
3805,3894,35,6,952281170007,SWITCH PARA RED,M,,TP-LINK,TD-W89O1G,6470029FC336,BLANCO,1503.020303,1.00,
3806,3893,35,6,952281170006,SWITCH PARA RED,M,,DINAMIC,84399A,7816V6VEC857,NEGRO,1503.020303,1.00,
3807,3892,35,6,952281170005,SWITCH PARA RED,M,,VCTNET,,,BLANCO,1503.020303,1.00,
3808,3891,35,6,952281170003,SWITCH PARA RED,M,,VCTNET,,CXCO2801854,NEGRO,1503.020303,1.00,
3809,3890,35,6,952281170002,SWITCH PARA RED,M,,VCTNET,SOHO-3080FP,CXC02802165,NEGRO,1503.020303,1.00,
3911,3896,35,6,952281170009,SWITCH PARA RED,M,,D-LINK,DES-1024A,QB3T2C9000640,NEGRO,1503.020303,1.00,
4049,3895,35,6,952281170008,SWITCH PARA RED,M,,MULTIMODEM,MT2834ZOXBM,5044952,BLANCO,1503.020303,1.00,
2013,1725,25,25,462290890005,TABLERO DE CONTROL,M,,,12753,SSCI4137,,1503.020904,1.00,
2014,1726,25,25,462290890006,TABLERO DE CONTROL,M,,,,,,1503.020904,1.00,
2015,1724,25,25,462290890004,TABLERO DE CONTROL,M,,,,55C14137,,1503.020904,1.00,
2985,3899,35,35,462290890003,TABLERO DE CONTROL,M,,,JDC-2,516-3-C-4,VERDE,1503.020904,1.00,BAJA
3916,3898,35,6,462290890002,TABLERO DE CONTROL,M,,,JDC-2,516-3-C-3,VERDE,1503.020904,1.00,
3917,1394,2,6,462290890001,TABLERO DE CONTROL,M,,CHINA,,,VERDE,1503.020904,9500.00,
3791,879,6,6,742299910001,TABLERO DIGITALIZADOR ELECTRONICO,M,,,SUMAGRAPHS,010454001E706540001,BLANCO,1503.020101,1816.02,EXISTE SOLO TAPA
374,675,41,,952281740001,TABLERO ELECTRICO DE CONTROL,M,,SQUARE,ATS 46C48N,TELEMECANIQUE,PLOMO,1503.020303,1.00,
2,2774,40,,746494080002,TABURETE FIJO DE MADERA,R,,,,,,1503.020902,1.00,
1289,2773,40,,746494080001,TABURETE FIJO DE MADERA,R,,,,,,1503.020102,1.00,
1290,2775,40,,746494080003,TABURETE FIJO DE MADERA,R,,,,,,1503.020102,1.00,
1291,2776,40,,746494080004,TABURETE FIJO DE MADERA,R,,,,,,1503.020102,1.00,
1650,1151,16,16,746494080005,TABURETE FIJO DE MADERA,M,,,,,CAFÉ,1503.020102,1.00,CONSTRUCCION DE RIEGO TECNIFICADO
3561,1526,37,47,746494080006,TABURETE FIJO DE MADERA,R,0.29X0.30X0.64,,,,MADERA,1503.020102,1.00,
598,1929,30,,746494750004,TABURETE FIJO DE METAL,R,,,,,NEGRO,1503.020102,1.00,
1551,1089,14,14,746494750005,TABURETE FIJO DE METAL,M,,,,,ROJO,1503.020102,1.00,
1552,677,41,14,746494750002,TABURETE FIJO DE METAL,M,,,,,PLOMO,1503.020102,1.00,
1653,1152,16,16,746494750003,TABURETE FIJO DE METAL,M,,,,,PLOMO Y CAFE,1503.020102,1.00,CONSTRUCCION DE RIEGO TECNIFICADO
3300,676,41,35,746494750001,TABURETE FIJO DE METAL,R,,,,,NEGRO/PLOMO,1503.020102,1.00,
375,678,41,,746495430002,TABURETE GIRATORIO DE METAL,M,,,,,,1503.020102,1.00,
376,679,41,,746495430003,TABURETE GIRATORIO DE METAL,M,,,,,,1503.020102,1.00,
1553,1090,14,14,746495430001,TABURETE GIRATORIO DE METAL,M,,,,,CAFE,1503.020102,1.00,
20,137,3,,672295930003,TALADRO ELECTRICO PORTATIL,R,,,2512-1,863980,,1503.020906,1220.00,
21,138,3,,672295930004,TALADRO ELECTRICO PORTATIL,B,,BICK DEKER,ED 121,,,1503.020906,250.00,
2786,3115,32,32,672295930001,TALADRO ELECTRICO PORTATIL,M,,CHINA,Z3025,2041,,1503.020906,1.00,
3052,3900,35,35,672295930002,TALADRO ELECTRICO PORTATIL,R,,BLACK DEEKER,20354,705070,PLOMO/NEGRO,1503.020906,1.00,
2083,1836,28,28,675090150001,TAMIZADOR ELECTRICO,R,,,TAMIZ N° 30,,PLATEADO,1503.020999,206.17,SOLO PLATILLOS
2084,1837,28,28,675090150002,TAMIZADOR ELECTRICO,M,,ELE INTERNACIOL,TAMIZ N° 200,,DORADO,1503.020999,1.00,SOLO PLATILLOS
377,681,41,,673677040002,TANQUE ABLANDADOR DE AGUA,R,,,,,,1503.020999,1.00,
3919,680,41,6,673677040001,TANQUE ABLANDADOR DE AGUA,M,,,,,,1503.020999,1.00,
3933,682,41,6,46482620001,TANQUE DE ACERO INOXIDABLE (MAYOR A 1/8 UIT),M,,,,,,1503.020501,1.00,
2406,2037,31,31,673677470001,TANQUE DE FERMENTACION,M,,,,,,1503.020999,1.00,
605,2038,31,,536498070001,TANQUE DE HIDROTERAPIA,R,,,,,AMARILLO CATERR,1503.020401,1.00,
378,683,41,,673677630001,TANQUE DE METAL - CISTERNA,R,,,,,,1503.020999,1.00,
2374,2039,31,31,673677630004,TANQUE DE METAL - CISTERNA,M,,,,,,1503.020999,1.00,
2407,684,41,31,673677630002,TANQUE DE METAL - CISTERNA,M,,,,,,1503.020999,1.00,OXIDADO
3736,2777,40,57,673677630003,TANQUE DE METAL - CISTERNA,M,,,,,VERDE,1503.020999,1.00,OXIDADO
379,685,41,,676466670005,TANQUE DE POLIETILENO PARA AGUA,R,1000 LTS.,,,,BLANCO,1503.020102,590.00,
380,686,41,,676466670007,TANQUE DE POLIETILENO PARA AGUA,R,,,,,BLANCO,1503.020102,1.00,
381,687,41,,676466670008,TANQUE DE POLIETILENO PARA AGUA,R,,,,,,1503.020102,1.00,
382,688,41,,676466670009,TANQUE DE POLIETILENO PARA AGUA,R,,,,,,1503.020102,1.00,
383,689,41,,676466670010,TANQUE DE POLIETILENO PARA AGUA,R,,,,,,1503.020102,1.00,
384,690,41,,676466670013,TANQUE DE POLIETILENO PARA AGUA,R,,,,,,1503.020102,1.00,
385,691,41,,676466670014,TANQUE DE POLIETILENO PARA AGUA,R,,,,,,1503.020102,1.00,
386,692,41,,676466670016,TANQUE DE POLIETILENO PARA AGUA,R,,,,,AZUL,1503.020102,1.00,
387,693,41,,676466670017,TANQUE DE POLIETILENO PARA AGUA,R,,,,,,1503.020102,1.00,
388,694,41,,676466670018,TANQUE DE POLIETILENO PARA AGUA,R,250 GLS.,,,,BLANCO,1503.020102,1.00,
389,695,41,,676466670019,TANQUE DE POLIETILENO PARA AGUA,R,250 GLS.,,,,BLANCO,1503.020102,1.00,
390,696,41,,676466670020,TANQUE DE POLIETILENO PARA AGUA,R,250 GLS.,,,,BLANCO,1503.020102,1.00,
391,697,41,,676466670021,TANQUE DE POLIETILENO PARA AGUA,R,250 GLS.,,,,BLANCO,1503.020102,1.00,
392,698,41,,676466670023,TANQUE DE POLIETILENO PARA AGUA,M,,PLASTICO,,,AZUL,1503.020102,1.00,
393,699,41,,676466670024,TANQUE DE POLIETILENO PARA AGUA,R,,PLASTICO,,,BLANCO,1503.020102,1.00,
394,700,41,,676466670025,TANQUE DE POLIETILENO PARA AGUA,R,,,,,BLANCO,1503.020102,1.00,
395,701,41,,676466670026,TANQUE DE POLIETILENO PARA AGUA,R,,,,,NEGRO,1503.020102,1.00,
396,702,41,,676466670027,TANQUE DE POLIETILENO PARA AGUA,R,,,,,NEGRO,1503.020102,1.00,
554,1682,38,,676466670001,TANQUE DE POLIETILENO PARA AGUA,R,,,,,,1503.020102,1.00,
555,1683,38,,676466670002,TANQUE DE POLIETILENO PARA AGUA,R,,,,,,1503.020102,1.00,
556,1684,38,,676466670003,TANQUE DE POLIETILENO PARA AGUA,R,,,,,,1503.020102,1.00,
573,1742,26,,676466670022,TANQUE DE POLIETILENO PARA AGUA,M,,PLASTICO,,,AZUL,1503.020102,1.00,
577,1872,39,,676466670011,TANQUE DE POLIETILENO PARA AGUA,R,1000 LTS.,,,,,1503.020102,420.00,
578,1873,39,,676466670012,TANQUE DE POLIETILENO PARA AGUA,R,1000 LTS.,,,,,1503.020102,420.00,
579,1874,39,,676466670015,TANQUE DE POLIETILENO PARA AGUA,R,,,,,,1503.020102,1.00,
2063,1838,28,28,676466670028,TANQUE DE POLIETILENO PARA AGUA,M,1100 LTS.,ROTOPLAS,,,NEGRO,1503.020102,1.00,
2814,3116,32,32,676466670004,TANQUE DE POLIETILENO PARA AGUA,R,1000 LTS.,,,,NEGRO,1503.020102,590.00,
2975,3901,35,35,676466670006,TANQUE DE POLIETILENO PARA AGUA,M,275 GLS.,,,,BLANCO,1503.020102,1.00,
492,1413,2,,673678780001,TANQUE PARA ALMACENAMIENTO DE COMBUSTIBLE,R,,,,,,1503.020999,1.00,
397,703,41,,746495760001,TARIMA,M,,,,,,1503.020102,1.00,
398,704,41,,740895000028,TECLADO - KEYBOARD,M,,,,,,1503.020301,1.00,
399,706,41,,740895000095,TECLADO - KEYBOARD,M,,GENIUS,,XEBCO7006164,NEGRO,1503.020301,51.52,
400,707,41,,740895000106,TECLADO - KEYBOARD,M,,GENIUS,,XEC907012167,NEGRO,1503.020301,49.52,
401,708,41,,740895000110,TECLADO - KEYBOARD,R,,MICROSOFT,1366,66903508287,NEGRO,1503.020301,69.08,
402,709,41,,740895000120,TECLADO - KEYBOARD,R,,GENIUS,,WV1355404505,NEGRO,1503.020301,1.00,
403,710,41,,740895000155,TECLADO - KEYBOARD,M,,BTC,9000A,,NEGRO,1503.020301,47.20,
404,711,41,,740895000164,TECLADO - KEYBOARD,R,,GENIUS,,XEC507004424,NEGRO,1503.020301,1.00,
405,712,41,,740895000167,TECLADO - KEYBOARD,R,,GENIUS,K639,ZM6602042991,NEGRO,1503.020301,57.22,
406,713,41,,740895000178,TECLADO - KEYBOARD,M,,GENIUS,KKB-2050U,,NEGRO,1503.020301,1.00,
407,714,41,,740895000195,TECLADO - KEYBOARD,B,,DATAONE,DAT-425C,,NEGRO,1503.020301,1.00,
408,715,41,,740895000201,TECLADO - KEYBOARD,R,,DATAONE,DAT-425C,,NEGRO,1503.020301,1.00,
599,1932,30,,740895000192,TECLADO - KEYBOARD,R,,GENIUS,,WE27920C686D,NEGRO,1503.020301,1.00,
1292,2778,40,,740895000007,TECLADO - KEYBOARD,M,,,,,,1503.020301,1.00,
1293,2779,40,,740895000056,TECLADO - KEYBOARD,M,,,,,,1503.020301,1.00,
1294,2780,40,,740895000102,TECLADO - KEYBOARD,R,,,,,,1503.020301,1.00,
1295,2781,40,,740895000125,TECLADO - KEYBOARD,R,,,,,,1503.020301,1.00,
1296,2782,40,,740895000126,TECLADO - KEYBOARD,R,,,,,,1503.020301,1.00,
1297,2783,40,,740895000127,TECLADO - KEYBOARD,R,,,,,,1503.020301,1.00,
1298,2784,40,,740895000128,TECLADO - KEYBOARD,R,,,,,,1503.020301,1.00,
1299,2785,40,,740895000129,TECLADO - KEYBOARD,R,,,,,,1503.020301,1.00,
1300,2786,40,,740895000130,TECLADO - KEYBOARD,R,,,,,,1503.020301,1.00,
1301,2787,40,,740895000131,TECLADO - KEYBOARD,R,,,,,,1503.020301,1.00,
1302,2788,40,,740895000132,TECLADO - KEYBOARD,R,,,,,,1503.020301,1.00,
1303,2789,40,,740895000133,TECLADO - KEYBOARD,R,,,,,,1503.020301,1.00,
1304,2790,40,,740895000134,TECLADO - KEYBOARD,R,,,,,,1503.020301,1.00,
1305,2791,40,,740895000135,TECLADO - KEYBOARD,R,,,,,,1503.020301,1.00,
1306,2792,40,,740895000136,TECLADO - KEYBOARD,R,,,,,,1503.020301,1.00,
1307,2793,40,,740895000137,TECLADO - KEYBOARD,R,,,,,,1503.020301,1.00,
1308,2794,40,,740895000139,TECLADO - KEYBOARD,M,,,,,,1503.020301,1.00,
1309,2795,40,,740895000140,TECLADO - KEYBOARD,M,,,,,,1503.020301,1.00,
1310,2796,40,,740895000141,TECLADO - KEYBOARD,M,,,,,,1503.020301,1.00,
1311,2797,40,,740895000152,TECLADO - KEYBOARD,R,,,,,,1503.020301,1.00,
1312,2798,40,,740895000156,TECLADO - KEYBOARD,R,,,,,,1503.020301,1.00,
1313,2799,40,,740895000157,TECLADO - KEYBOARD,R,,,,,,1503.020301,1.00,
1314,2800,40,,740895000158,TECLADO - KEYBOARD,R,,,,,,1503.020301,1.00,
1315,2801,40,,740895000173,TECLADO - KEYBOARD,R,,,,,,1503.020301,1.00,
1316,2802,40,,740895000182,TECLADO - KEYBOARD,M,,,,,,1503.020301,1.00,
1317,2803,40,,740895000188,TECLADO - KEYBOARD,M,,,,,,1503.020301,1.00,
1456,971,11,11,740895000180,TECLADO - KEYBOARD,M,,MICRONICS,MIC K-502,,PLOMO/NEGRO,1503.020301,45.95,
1457,970,11,11,740895000162,TECLADO - KEYBOARD,M,,DELUZ,K5003,K5003080200485,PLOMO/NEGRO,1503.020301,1.00,
1710,1196,21,21,740895000101,TECLADO - KEYBOARD,B,,GENIUS,K369,W27920C6858,NEGRO,1503.020301,45.95,
1788,1366,22,22,740895000183,TECLADO - KEYBOARD,M,,MICROSOFT,1576,666906386836,NEGRO,1503.020301,110.78,RAEE - BAJA
1789,1360,22,22,740895000096,TECLADO - KEYBOARD,M,,GENIUS,KU-0138,ZCE193900619,NEGRO,1503.020301,199.50,RAEE- BAJA
1790,1357,22,22,740895000084,TECLADO - KEYBOARD,M,,CYBERTEL,K238,,PLOMO/NEGRO,1503.020301,51.52,RAEE- BAJA
1791,1356,22,22,740895000083,TECLADO - KEYBOARD,M,,GENIUS,GK-100011,,NEGRO,1503.020301,51.08,RAEE - BAJA
1817,1363,22,22,740895000108,TECLADO - KEYBOARD,M,,CYBERTEL,CYBK238,,PLOMO/NEGRO,1503.020301,1.00,RAEE - BAJA
1820,1365,22,22,740895000112,TECLADO - KEYBOARD,M,,GENIUS,,XED207019095,NEGRO,1503.020301,1.00,
1824,1368,22,22,740895000186,TECLADO - KEYBOARD,M,,GENIUS,KU-0138,ZCE2A2601414,NEGRO,1503.020301,1.00,RAEE - BAJA
1827,1361,22,22,740895000098,TECLADO - KEYBOARD,M,,GENIUS,,ZCE991502946,NEGRO,1503.020301,45.95,RAEE - BAJA
1839,1367,22,22,740895000184,TECLADO - KEYBOARD,M,,GENIUS,YK-1015,XED207019098,NEGRO,1503.020301,1.00,RAEE - BAJA
1840,1359,22,22,740895000092,TECLADO - KEYBOARD,M,,GENIUS,KU-0138,ZCE152000752,NEGRO,1503.020301,56.54,RAEE - BAJA
1841,1364,22,22,740895000109,TECLADO - KEYBOARD,M,,GENIUS,,ZEC293002880,NEGRO,1503.020301,54.90,RAEE-BAJA
1879,1369,22,22,740895000187,TECLADO - KEYBOARD,R,,MICROSOFT,,,NEGRO,1503.020301,62.50,
1892,1370,22,22,740895000194,TECLADO - KEYBOARD,R,,GENIUS,KU-0138,,NEGRO,1503.020301,54.90,
1893,1362,22,22,740895000099,TECLADO - KEYBOARD,R,,GENIUS,K639,WE27920C3073,NEGRO,1503.020301,1.00,
1899,1358,22,22,740895000091,TECLADO - KEYBOARD,R,,GENIUS,KU-0138,ZCE152000755,NEGRO,1503.020301,56.54,
1906,1569,23,23,740895000114,TECLADO - KEYBOARD,R,,CYBERTEL,CBYT100,,PLOMO,1503.020301,47.14,
1922,1568,23,23,740895000081,TECLADO - KEYBOARD,R,,GENIUS,GK-10011,WE150WD37783,NEGRO,1503.020301,51.08,
1962,1624,24,24,740895000160,TECLADO - KEYBOARD,R,,LOGITECH,,,NEGRO,1503.020301,71.00,
2030,1768,27,27,740895000200,TECLADO - KEYBOARD,R,,DATAONE,DAT-425C,,NEGRO,1503.020301,1.00,
2040,1769,27,27,740895000202,TECLADO - KEYBOARD,M,,MICRONICS,FOLIE,S/S,NEGRO/ROJO,1503.020301,86.10,
2328,1930,30,30,740895000105,TECLADO - KEYBOARD,R,,GENIUS,,XEC907012164,NEGRO,1503.020301,20.00,
2579,3153,32,32,740895000094,TECLADO - KEYBOARD,M,,GENIUS,,2CEDA6500180,NEGRO,1503.020301,56.38,
2580,3135,32,32,740895000044,TECLADO - KEYBOARD,M,,BTC,5121,81406671,BLANCO,1503.020301,1.00,
2581,3124,32,32,740895000025,TECLADO - KEYBOARD,M,,ACER,6511TW,K6564031389,BLANCO,1503.020301,1.00,
2582,3147,32,32,740895000079,TECLADO - KEYBOARD,M,,GENIUS,,15003815,NEGRO,1503.020301,49.52,
2583,3139,32,32,740895000065,TECLADO - KEYBOARD,M,,BTC,5199,389 2A 045,BLANCO,1503.020301,43.68,
2584,3119,32,32,740895000009,TECLADO - KEYBOARD,M,,BTC,DK 100,FCCDEXKBM10140,BLANCO,1503.020301,1.00,
2585,3169,32,32,740895000185,TECLADO - KEYBOARD,M,,GENIUS,,XED207011741,NEGRO,1503.020301,1.00,
2586,3146,32,32,740895000075,TECLADO - KEYBOARD,M,,BTC,9000A,,BLANCO/PLOMO,1503.020301,31.81,
2587,3130,32,32,740895000035,TECLADO - KEYBOARD,M,,BTC,5199,Y13300549,BLANCO,1503.020301,1.00,
2588,3167,32,32,740895000179,TECLADO - KEYBOARD,M,,BTC,5199,,PLOMO/BLANCO,1503.020301,1.00,
2589,3125,32,32,740895000027,TECLADO - KEYBOARD,M,,CERTIFIED,5530KPS,K693806861,BLANCO,1503.020301,1.00,
2590,3126,32,32,740895000030,TECLADO - KEYBOARD,M,,BTC,5199,E5XK85199,BLANCO,1503.020301,1.00,
2591,3142,32,32,740895000070,TECLADO - KEYBOARD,M,,BTC,5199,,BLANCO,1503.020301,42.60,
2592,3138,32,32,740895000064,TECLADO - KEYBOARD,M,,BTC,5199,,BLANCO/PLOMO,1503.020301,53.55,
2593,3136,32,32,740895000045,TECLADO - KEYBOARD,M,,BTC,5121W,D 83704607,BLANCO,1503.020301,51.08,
2594,3170,32,32,740895000190,TECLADO - KEYBOARD,M,,BOOMER,,,NEGRO/AZUL,1503.020301,1.00,
2595,3152,32,32,740895000090,TECLADO - KEYBOARD,M,,ALTRON,,,NEGRO,1503.020301,45.95,
2596,3133,32,32,740895000041,TECLADO - KEYBOARD,M,,BTC,5201,1950000146,BLANCO,1503.020301,1.00,
2597,3140,32,32,740895000067,TECLADO - KEYBOARD,M,,BTC,5199,,BLANCO/PLOMO,1503.020301,41.89,
2598,3168,32,32,740895000181,TECLADO - KEYBOARD,M,,TURBO TRAK,,HQK BTTS9001,BLANCO,1503.020301,1.00,
2599,3151,32,32,740895000089,TECLADO - KEYBOARD,M,,MARKVISION,,,NEGRO,1503.020301,52.48,
2600,3117,32,32,740895000002,TECLADO - KEYBOARD,M,,BTC,5199,KA6552011,BLANCO,1503.020301,1.00,
2601,3120,32,32,740895000015,TECLADO - KEYBOARD,M,,ACER,6311-T,K6361241116,BLANCO,1503.020301,53.98,
2602,3132,32,32,740895000039,TECLADO - KEYBOARD,M,,BTC,5121,,BLANCO,1503.020301,1.00,
2603,3164,32,32,740895000174,TECLADO - KEYBOARD,M,,BOMER,,,NEGRO,1503.020301,1.00,
2604,3155,32,32,740895000116,TECLADO - KEYBOARD,M,,CYBERTEL,CYBT100,CYB-K238,NEGRO,1503.020301,47.14,
2605,3149,32,32,740895000082,TECLADO - KEYBOARD,M,,CYBERTEL,,CYBK238,PLOMO/NEGRO,1503.020301,51.08,
2606,3161,32,32,740895000170,TECLADO - KEYBOARD,M,,GENIUS,K7000,H0104284402,BLANCO,1503.020301,1.00,
2607,3123,32,32,740895000024,TECLADO - KEYBOARD,M,,BTC,5199,B10502410,BLANCO,1503.020301,1.00,
2608,3160,32,32,740895000168,TECLADO - KEYBOARD,M,,CYBERTEL,,,NEGRO,1503.020301,1.00,
2609,3165,32,32,740895000175,TECLADO - KEYBOARD,M,,BTC,5199,,BLANCO,1503.020301,1.00,
2610,3144,32,32,740895000072,TECLADO - KEYBOARD,M,,BTC,5199 PS/2,,BLANCO/PLOMO,1503.020301,40.32,
2611,3141,32,32,740895000069,TECLADO - KEYBOARD,M,,BTC,5199,,BLANCO,1503.020301,30.00,
2612,3166,32,32,740895000176,TECLADO - KEYBOARD,M,,OLIVETTI,ANK61-105,,BLANCO,1503.020301,1.00,
2613,3157,32,32,740895000121,TECLADO - KEYBOARD,M,,GENIUS,KU-39,ZM7302059082,NEGRO,1503.020301,39.20,
2614,3150,32,32,740895000085,TECLADO - KEYBOARD,M,,CYBERLINK,,,NEGRO,1503.020301,51.52,
2615,3145,32,32,740895000073,TECLADO - KEYBOARD,M,,BTC,5199,,BLANCO/PLOMO,1503.020301,47.41,
2616,3128,32,32,740895000033,TECLADO - KEYBOARD,M,,BTC,5199,1133005446,BLANCO,1503.020301,46.73,
2617,3134,32,32,740895000042,TECLADO - KEYBOARD,M,,BTC,5199,SC57210790,BLANCO,1503.020301,1.00,
2618,3121,32,32,740895000020,TECLADO - KEYBOARD,M,,BTC,5121,81406677,BLANCO,1503.020301,78.00,
2619,3148,32,32,740895000080,TECLADO - KEYBOARD,R,,MICRONICS,MIC K-502,,PLOMO/NEGRO,1503.020301,63.84,
2620,3131,32,32,740895000036,TECLADO - KEYBOARD,M,,BTC,5199,3892A045,BLANCO,1503.020301,1.00,
2621,3137,32,32,740895000063,TECLADO - KEYBOARD,M,,TURBO PLUS,,9705309795,BLANCO,1503.020301,1.00,
2622,3158,32,32,740895000138,TECLADO - KEYBOARD,M,,BOMER,,,NEGRO/AZUL,1503.020301,58.88,
2623,3154,32,32,740895000097,TECLADO - KEYBOARD,M,,GENIUS,,4B24C1U132338,NEGRO,1503.020301,50.83,
2624,3122,32,32,740895000022,TECLADO - KEYBOARD,M,,SUNSHINE,,V44130731,BLANCO,1503.020301,59.00,
2625,3129,32,32,740895000034,TECLADO - KEYBOARD,M,,BTC,5199,T133000543,BLANCO,1503.020301,39.27,
2626,3118,32,32,740895000003,TECLADO - KEYBOARD,M,,BTC,5201,E5XB512WTH0110,BLANCO,1503.020301,1.00,
2627,3163,32,32,740895000172,TECLADO - KEYBOARD,M,,BTC,,GO9331036545,BLANCO,1503.020301,1.00,
2628,3162,32,32,740895000171,TECLADO - KEYBOARD,M,,BOMER,,,NEGRO/AZUL,1503.020301,1.00,
2629,3127,32,32,740895000031,TECLADO - KEYBOARD,M,,BTC,5199,,BLANCO,1503.020301,1.00,
2630,3143,32,32,740895000071,TECLADO - KEYBOARD,M,,BTC,5199,,BLANCO,1503.020301,42.60,
2631,3156,32,32,740895000118,TECLADO - KEYBOARD,M,,GENIUS,,WV1355384725,NEGRO,1503.020301,39.57,
2632,3159,32,32,740895000143,TECLADO - KEYBOARD,R,,GENIUS,KU-0138,ZCE996900562,NEGRO,1503.020301,29.00,
2844,3299,33,33,740895000145,TECLADO - KEYBOARD,R,,GENIUS,GK-100015,XTE807004171,,1503.020301,1.00,
2848,3304,33,33,740895000197,TECLADO - KEYBOARD,B,,LOGITECH,K120,1833MR1C78F8,NEGRO,1503.020301,1.00,
2862,3920,35,33,740895000193,TECLADO - KEYBOARD,R,,GENIUS,KU-03138,ZCE991502943,NEGRO,1503.020301,1.00,
2870,3305,33,33,740895000198,TECLADO - KEYBOARD,B,,LOGITECH,K120,1833MR1C3F38,NEGRO,1503.020301,1.00,
2876,3297,33,33,740895000088,TECLADO - KEYBOARD,M,,CYBERLINK,,90310000598,NEGRO,1503.020301,60.80,
2877,3301,33,33,740895000147,TECLADO - KEYBOARD,M,,HALION,,K50030910011379,NEGRO,1503.020301,34.00,
2878,3298,33,33,740895000144,TECLADO - KEYBOARD,M,,CYBERLINK,,9.0303E+11,NEGRO,1503.020301,1.00,
2879,3296,33,33,740895000077,TECLADO - KEYBOARD,M,,BENQ,,9J91MD1U8872C207130,NEGRO,1503.020301,31.02,
2880,3300,33,33,740895000146,TECLADO - KEYBOARD,M,,GENIUS,,9.02778E+11,NEGRO,1503.020301,45.34,
2898,3303,33,33,740895000191,TECLADO - KEYBOARD,R,,GENIUS,GK-1000015,XEC507004432,NEGRO,1503.020301,1.00,
2906,3302,33,33,740895000148,TECLADO - KEYBOARD,R,,GENIUS,GK-1000015,ZCCJ21001778,NEGRO,1503.020301,45.00,
2919,3336,34,34,740895000078,TECLADO - KEYBOARD,M,,GENIUS,GK-07000614/U,YBC11001302,NEGRO,1503.020301,49.52,
2929,3338,34,34,740895000154,TECLADO - KEYBOARD,R,,GENIUS,GK-07000614/U,22E350800206,NEGRO,1503.020301,1.00,
2936,3337,34,34,740895000153,TECLADO - KEYBOARD,R,,GENIUS,GK-070008/U,ZCT321001771,NEGRO,1503.020301,62.50,
3238,3913,35,35,740895000124,TECLADO - KEYBOARD,M,,ECOTREND,ECO-581,,NEGRO,1503.020301,53.76,BAJA
3239,3905,35,35,740895000086,TECLADO - KEYBOARD,M,,CYBERTEL,K238,,NEGRO/PLOMO,1503.020301,51.52,BAJA
3240,3912,35,35,740895000123,TECLADO - KEYBOARD,M,,CYBERTEL,K238,,NEGRO,1503.020301,48.75,BAJA
3242,3902,35,35,740895000032,TECLADO - KEYBOARD,M,,GENIUS,K639,ZM6602042991,NEGRO,1503.020301,48.08,BAJA
3243,3916,35,35,740895000159,TECLADO - KEYBOARD,M,,GENIUS,KU0138,ZCE99I502947,NEGRO,1503.020301,29.00,BAJA
3244,3915,35,35,740895000151,TECLADO - KEYBOARD,M,,GENIUS,L645,ZM7607010452,NEGRO,1503.020301,54.26,BAJA
3245,3904,35,35,740895000068,TECLADO - KEYBOARD,M,,BTC,5199,GO9332000238,BLANCO,1503.020301,41.89,BAJA
3246,3917,35,35,740895000161,TECLADO - KEYBOARD,M,,GENIUS,K645,ZM9707004286,NEGRO,1503.020301,1.00,BAJA
3247,3919,35,35,740895000169,TECLADO - KEYBOARD,M,,GENIUS,K639,WE27920CE6860,NEGRO,1503.020301,1.00,BAJA
3248,3906,35,35,740895000087,TECLADO - KEYBOARD,M,,CYBERTEL,CYB K238,WE150WD37783,NEGRO,1503.020301,1.00,BAJA
3249,3909,35,35,740895000113,TECLADO - KEYBOARD,M,,GENIUS,GK-100015,XEC507025760,NEGRO,1503.020301,1.00,BAJA
3250,3903,35,35,740895000049,TECLADO - KEYBOARD,M,,GENIUS,KU-0138,,NEGRO,1503.020301,48.08,BAJA
3251,3907,35,35,740895000100,TECLADO - KEYBOARD,M,,ADVANCE,GTKB08CM,WE27920C6860,NEGRO,1503.020301,57.76,BAJA
3311,3908,35,35,740895000104,TECLADO - KEYBOARD,R,,GENIUS,KU-03138,ZCE99E900567,NEGRO,1503.020301,42.34,
3317,3910,35,35,740895000117,TECLADO - KEYBOARD,R,,CYBERTEL,CYB K238,,NEGRO/PLOMO,1503.020301,47.14,
3322,1197,21,35,740895000150,TECLADO - KEYBOARD,R,,GENIUS,L639,WE2B92022018,NEGRO,1503.020301,99.84,
3329,3911,35,35,740895000122,TECLADO - KEYBOARD,R,,HP,KU0316,BBAVL0MGA4D1IV,NEGRO/PLOMO,1503.020301,1.00,
3340,3921,35,35,740895000196,TECLADO - KEYBOARD,B,,DATAONE,DAT-425C,,NEGRO,1503.020301,1.00,
3347,3914,35,35,740895000142,TECLADO - KEYBOARD,R,,GENIUS,GK-100015,XEC507004421,NEGRO,1503.020301,29.00,
3373,1504,2,37,740895000199,TECLADO - KEYBOARD,R,,DATAONE,DAT-425C,,NEGRO,1503.020301,1.00,
3379,1502,2,37,740895000115,TECLADO - KEYBOARD,R,,CYBERTEL,CYB K201,,NEGRO,1503.020301,47.14,
3391,1501,2,37,740895000107,TECLADO - KEYBOARD,R,,GENIUS,,ZEC293002878,NEGRO,1503.020301,54.90,
3428,4059,43,43,740895000119,TECLADO - KEYBOARD,R,,GENIUS,GK-100012,WV1355385463,NEGRO,1503.020301,39.57,
3431,4058,43,43,740895000111,TECLADO - KEYBOARD,R,,BENQ,100-P,,,1503.020301,1.00,
3459,4092,44,44,740895000149,TECLADO - KEYBOARD,R,,GENIUS,KU-0139,2LE991502942,NEGRO,1503.020301,39.57,
3487,4091,44,44,740895000066,TECLADO - KEYBOARD,R,,BENQ,I100DESKTOP,9JPIMPIU857762430200,NEGRO,1503.020301,1.00,
3523,1503,2,45,740895000189,TECLADO - KEYBOARD,M,,DATAONE,DAT425C,,NEGRO,1503.020301,1.00,
3528,1500,2,45,740895000103,TECLADO - KEYBOARD,R,,GENIUS,K639,,NEGRO,1503.020301,57.76,
3534,1931,30,47,740895000166,TECLADO - KEYBOARD,M,,GENIUS,,,NEGRO,1503.020301,54.26,
3557,3918,35,47,740895000165,TECLADO - KEYBOARD,M,,GENIUS,KU-0138,,NEGRO,1503.020301,29.00,
3704,198,5,5,740895000163,TECLADO - KEYBOARD,R,,GENIUS,KU-0138,ZCE99I502949 - KB-0E,NEGRO,1503.020301,1.00,
3858,705,41,6,740895000074,TECLADO - KEYBOARD,M,,,5530K-SP,K693806705,,1503.020301,42.60,
3961,881,6,6,740895000004,TECLADO - KEYBOARD,M,,LITE-ON-4100,SK4100R- IU,M930619006,BLANCO,1503.020301,1.00,
3967,918,6,6,740895000093,TECLADO - KEYBOARD,M,,LITE,SK4100R-2E,M931101535,BLANCO,1503.020301,1.00,
3968,884,6,6,740895000008,TECLADO - KEYBOARD,M,,ACER,6312-T,K63-61221292,BLANCO,1503.020301,1.00,
3969,907,6,6,740895000052,TECLADO - KEYBOARD,M,,SUNSHINE,F-21,G0GAPC-21,BLANCO,1503.020301,1.00,
3970,896,6,6,740895000026,TECLADO - KEYBOARD,M,,BTC,5121,M73185006,BLANCO,1503.020301,1.00,
3971,880,6,6,740895000001,TECLADO - KEYBOARD,M,,ACER,6511,K6552136504,BLANCO,1503.020301,1.00,
3972,892,6,6,740895000018,TECLADO - KEYBOARD,M,,ACER,6511,K6552011698,BLANCO,1503.020301,86.50,
3973,905,6,6,740895000050,TECLADO - KEYBOARD,M,,SUNSHINE,F-21,112640110,BLANCO,1503.020301,1.00,
3974,895,6,6,740895000023,TECLADO - KEYBOARD,M,,BTC,BTC-53,,BLANCO,1503.020301,47.54,
3975,919,6,6,740895000177,TECLADO - KEYBOARD,M,,BELTRON,TK-501C,210253,BLANCO,1503.020301,1.00,
3976,887,6,6,740895000012,TECLADO - KEYBOARD,M,,SUNSHINE,F-21,628290,BLANCO,1503.020301,58.97,
3977,917,6,6,740895000076,TECLADO - KEYBOARD,M,,,5530KR-SP,K812304823,BLANCO,1503.020301,53.55,
3978,891,6,6,740895000017,TECLADO - KEYBOARD,M,,,1TB101,,BLANCO,1503.020301,90.62,
3979,899,6,6,740895000038,TECLADO - KEYBOARD,M,,BELTRON,TK-M501C,283645,BLANCO,1503.020301,1.00,
3980,888,6,6,740895000013,TECLADO - KEYBOARD,M,,PROFESSIONAL,MCK-701W,6751706,BLANCO,1503.020301,1.00,
3981,912,6,6,740895000058,TECLADO - KEYBOARD,M,,SUNSHINE,F-21,GOGAS-21,BLANCO,1503.020301,1.00,
3982,902,6,6,740895000046,TECLADO - KEYBOARD,M,,LITE,SK4100R- 2E,M931103746LITE-ON/40,BLANCO,1503.020301,1.00,
3983,901,6,6,740895000043,TECLADO - KEYBOARD,M,,PROFESSIONAL,3001-1,628389,BLANCO,1503.020301,1.00,
3984,908,6,6,740895000053,TECLADO - KEYBOARD,M,,SUNSHINE,F-21,1118173434,BLANCO,1503.020301,1.00,
3985,913,6,6,740895000059,TECLADO - KEYBOARD,M,,UASA,901,9.31235E+16,BLANCO,1503.020301,1.00,
3986,914,6,6,740895000060,TECLADO - KEYBOARD,M,,SUNSHINE,DAGD,9293417,BLANCO,1503.020301,1.00,
3987,911,6,6,740895000057,TECLADO - KEYBOARD,M,,SUNSHINE,F-21,H000856618,BLANCO,1503.020301,1.00,
3988,915,6,6,740895000061,TECLADO - KEYBOARD,M,,SUNSHINE,,H00857103,BLANCO,1503.020301,1.00,
3989,909,6,6,740895000054,TECLADO - KEYBOARD,M,,SUNSHINE,F-21,6481137,BLANCO,1503.020301,1.00,
3990,885,6,6,740895000010,TECLADO - KEYBOARD,M,,PROFESSIONAL,DK 100,9.31235E+16,BLANCO,1503.020301,1.00,
3991,900,6,6,740895000040,TECLADO - KEYBOARD,M,,BTC,TK-M501C,E5XKBM10140,BLANCO,1503.020301,1.00,
3992,903,6,6,740895000047,TECLADO - KEYBOARD,M,,TWC,SK-88018V-1V,X901037983,BLANCO,1503.020301,1.00,
3993,889,6,6,740895000014,TECLADO - KEYBOARD,M,,TURBO PLUS,HQK,BITS6001,BLANCO,1503.020301,1.00,
3994,904,6,6,740895000048,TECLADO - KEYBOARD,M,,BELTRON,TK-M501C,256547,BLANCO,1503.020301,1.00,
3995,898,6,6,740895000037,TECLADO - KEYBOARD,M,,PROFESSIONAL,TK-M501C,192982,BLANCO,1503.020301,1.00,
3996,883,6,6,740895000006,TECLADO - KEYBOARD,M,,UASA,901,KSC0102653,BLANCO,1503.020301,1.00,
3997,916,6,6,740895000062,TECLADO - KEYBOARD,M,,BTC,BTC-55XXK,J15013776,BLANCO,1503.020301,1.00,
3998,897,6,6,740895000029,TECLADO - KEYBOARD,M,,PROFESSIONAL,TKN1501C,256675,BLANCO,1503.020301,1.00,
3999,886,6,6,740895000011,TECLADO - KEYBOARD,M,,BTC,BTC-55XXK,BTC-55XXK,BLANCO,1503.020301,1.00,
4000,894,6,6,740895000021,TECLADO - KEYBOARD,M,,PROFESSIONAL,5140,C66263225,BLANCO,1503.020301,49.56,
4001,910,6,6,740895000055,TECLADO - KEYBOARD,M,,SUNSHINE,F-21,1.20141E+16,BLANCO,1503.020301,1.00,
4002,882,6,6,740895000005,TECLADO - KEYBOARD,M,,DVE,DK-100C,,BLANCO,1503.020301,1.00,
4003,893,6,6,740895000019,TECLADO - KEYBOARD,M,,SUNSHINE,F-21,1.28021E+13,BLANCO,1503.020301,58.97,
4004,890,6,6,740895000016,TECLADO - KEYBOARD,M,,ACER,6511,K6553307506,BLANCO,1503.020301,86.50,
4005,906,6,6,740895000051,TECLADO - KEYBOARD,M,,SUNSHINE,F-21,,BLANCO,1503.020301,1.00,
409,716,41,,740895560002,TECLADO INALAMBRICO,M,,CYBERTEL,K238,K238,NEGRO,1503.020301,51.08,
1450,972,11,11,740895560001,TECLADO INALAMBRICO,M,,CYBERTEL,CY-K258,,PLOMO/NEGRO,1503.020301,31.02,
1787,1371,22,22,740895560004,TECLADO INALAMBRICO,M,,GENIUS,GK100015,XEC907012166,NEGRO,1503.020301,1.00,"RAEE - BAJA , NO ES INALAMBRICO"
3241,3922,35,35,740895560003,TECLADO INALAMBRICO,M,,CYBERTEL,K138,1680K8130107,NEGRO/PLOMO,1503.020301,48.00,
410,717,41,,672297720001,TECLE,R,,,,,ANARANJADO,1503.020906,1300.00,
411,718,41,,672297720002,TECLE,M,,,,,,1503.020906,1.00,
412,719,41,,672297720003,TECLE,R,,,,,ANARANJADO,1503.020906,1.00,
413,720,41,,672297720004,TECLE,R,,UYUTOOLS,TEC 205,,AMARILLO,1503.020906,1.00,
414,722,41,,952282870016,TELEFONO,M,,COMMEX,WI-2CN,,BLANCO,1503.020303,1.00,
415,723,41,,952282870019,TELEFONO,M,,PANASONIC,KX T2315,,BLANCO,1503.020303,1.00,
416,724,41,,952282870023,TELEFONO,R,,VISUATEL,INTELBRAS,O8611773068303,NEGRO,1503.020303,1.00,
417,725,41,,952282870031,TELEFONO,M,,FORMA PLUS,,AA072079,BLANCO,1503.020303,1.00,
418,726,41,,952282870037,TELEFONO,R,,MOTOROLA,,,NEGRO,1503.020303,1.00,
1454,973,11,11,952282870035,TELEFONO,M,,KEO,K-302,,NEGRO,1503.020303,1.00,
1856,1373,22,22,952282870036,TELEFONO,M,,MOVISTAR,,,NEGRO,1503.020303,1.00,BAJA
1885,1372,22,22,952282870008,TELEFONO,R,,MOVISTAR,KXT2315,10401500172,NEGRO,1503.020303,1.00,
1912,1570,23,23,952282870015,TELEFONO,X,,CLARO,ITC-6009,TF12092000149,BLANCO,1503.020303,1.00,
1941,1625,24,24,952282870032,TELEFONO,M,,CID,ITCG-009,20150810629,BLANCO,1503.020303,1.00,BAJA
1957,1626,24,24,952282870033,TELEFONO,M,,MOVISTAR,QUALT E429QU CLIP PHONE,10401500172,NEGRO,1503.020303,1.00,BAJA
2477,721,41,32,952282870011,TELEFONO,M,,,,,BLANCO,1503.020303,1.00,
2492,3177,32,32,952282870009,TELEFONO,R,,PANASONIC,KX T2315,3ECDC51713,BLANCO,1503.020303,1.00,
2494,3929,35,32,952282870026,TELEFONO,M,,,HAMBER,BH2010TOO78691,NEGRO,1503.020303,1.00,
2495,3174,32,32,952282870005,TELEFONO,M,,PANASONIC,KX T2315,3ECDC51713,BLANCO,1503.020303,1.00,
2496,3179,32,32,952282870012,TELEFONO,M,,PANAPHONE,,,CAFÉ,1503.020303,1.00,
2497,3181,32,32,952282870014,TELEFONO,M,,PANAPHONE,KX T2315,3DADC121151,BLANCO,1503.020303,1.00,
2498,3176,32,32,952282870007,TELEFONO,M,,PANASONIC,KX T2315,,BLANCO,1503.020303,1.00,
2499,3183,32,32,952282870029,TELEFONO,M,,AKITA,KX-T8811CID,,BLANCO,1503.020303,1.00,
2500,3175,32,32,952282870006,TELEFONO,M,,PANASONIC,KX T2315,3FADAC53069,BLANCO,1503.020303,1.00,
2501,3180,32,32,952282870013,TELEFONO,M,,PANAPHONE,,,CAFÉ,1503.020303,1.00,
2502,3171,32,32,952282870001,TELEFONO,M,,FORMA,,AAA072079,BLANCO,1503.020303,1.00,
2505,3173,32,32,952282870004,TELEFONO,M,,FETSA,29110 ALG,,ANARANJADO,1503.020303,1.00,
2506,3178,32,32,952282870010,TELEFONO,R,,PANASONIC,KX T2315,3FADC536411,BLANCO,1503.020303,1.00,
2689,3172,32,32,952282870003,TELEFONO,M,,FETSA,2991,,ROJO,1503.020303,1.00,TELEVISOR
2885,3307,33,33,952282870034,TELEFONO,M,,CLARO,ITC-G009,TF12042000147,BLANCO,1503.020303,1.00,
2886,3306,33,33,952282870017,TELEFONO,M,,INTELBRAS,TC50 PREMIUM,NSTFI2042000148,NEGRO,1503.020303,1.00,
3473,4093,44,44,952282870018,TELEFONO,M,,AKITA,SUPERTELEPHONE,KX-T2030LMDI,PLOMO,1503.020303,1.00,
3785,3925,35,6,952282870021,TELEFONO,M,,KEO,K 302,ZP12052116968,NEGRO,1503.020303,1.00,
3794,3927,35,6,952282870024,TELEFONO,M,,INTELBRAS,CIP ITC-6009,2015081021,BLANCO,1503.020303,1.00,
3795,3923,35,6,952282870002,TELEFONO,R,,CLARO,ITC-6009,20150810622,BLANCO,1503.020303,1.00,
3796,3924,35,6,952282870020,TELEFONO,M,,CLARO,ITC-6009,20150810620,BLANCO,1503.020303,1.00,
3797,3928,35,6,952282870025,TELEFONO,M,,PHILLIPS,CIP ITC-6009,20150810627,BLANCO,1503.020303,1.00,
3802,3931,35,6,952282870030,TELEFONO,M,,BEETEL,BEETEL-3055,BH2012TO195341,NEGRO,1503.020303,1.00,
3803,3182,32,6,952282870028,TELEFONO,M,,INTELBRAS,,IT12042600276,NEGRO,1503.020303,1.00,
3804,3930,35,6,952282870027,TELEFONO,M,,INTELBRAS,TC.60.IO,ZR12071908850,NEGRO,1503.020303,1.00,
4050,3926,35,6,952282870022,TELEFONO,M,,VISUATEL,,7.61176E+12,BLANCO,1503.020303,1.00,
4052,3932,35,6,952282870038,TELEFONO,M,,CLARO,ITC-6009,2015-08-01,BLANCO,1503.020303,1.00,
4053,3934,35,6,952282870040,TELEFONO,M,,INTELBLAS,TC 50600MS,,NEGRO,1503.020303,1.00,
4054,3933,35,6,952282870039,TELEFONO,M,,TELEFONICA,,,BLANCO,1503.020303,1.00,
1318,2804,40,,952283250001,TELEFONO CELULAR,R,,,,,,1503.020303,1.00,
1319,2805,40,,952283250002,TELEFONO CELULAR,R,,,,,,1503.020303,1.00,
3204,3938,35,35,952283250006,TELEFONO CELULAR,M,,MORLLINEE,187-182-213,AAO72079,NEGRO,1503.020303,1.00,BAJA
3218,3937,35,35,952283250005,TELEFONO CELULAR,M,,ERICSON,AF-738,,NEGRO,1503.020303,1739.32,BAJA
3219,3935,35,35,952283250003,TELEFONO CELULAR,M,,SAMSUNG,OKI-PHONE,17609951093,NEGRO,1503.020303,727.10,BAJA
3221,3936,35,35,952283250004,TELEFONO CELULAR,M,,SAMSUNG,SH770B SAM,M42765,NEGRO,1503.020303,585.50,BAJA
1947,1627,24,24,952285140001,TELEVISOR A COLORES,M,,SONY,K1321R0C,,NEGRO,1503.020303,1.00,
2491,3184,32,32,952285140003,TELEVISOR A COLORES,M,,,,,NEGRO,1503.020303,1.00,
3295,1198,21,35,952285140002,TELEVISOR A COLORES,M,,PHILIPS,14GX1810 STEREO,SV009408-103152,NEGRO,1503.020303,976.74,RAEE - BAJA
3801,3939,35,6,952285140004,TELEVISOR A COLORES,M,,SONY,KV-21R20,8030237,NEGRO,1503.020303,1291.33,
4025,920,6,6,952285520001,TELEVISOR BLANCO Y NEGRO,M,,UHF,,,BLANCO Y NEGRO,1503.020303,1.00,
2997,3940,35,35,952285860001,TELEVISOR LED,M,,LG,32253450,211SRVGC9551,NEGRO,1503.020303,969.00,BAJA
2998,3941,35,35,952285860002,TELEVISOR LED,R,,LG,47LM6200,210KC2P82077,NEGRO,1503.020303,3299.00,
1320,2806,40,,602288190001,TEODOLITO DE MICROMETRO OPTICO,R,,,,,,1503.020905,1.00,
1321,2807,40,,602288190005,TEODOLITO DE MICROMETRO OPTICO,R,,,,,,1503.020905,1.00,
2641,3943,35,32,602288190003,TEODOLITO DE MICROMETRO OPTICO,M,,CARL  ZEISS,,202804,AMARILLO,1503.020905,8475.00,
3040,3942,35,35,602288190002,TEODOLITO DE MICROMETRO OPTICO,M,,KERN SWISS,K1-M,344724,VERDE/CLARO,1503.020905,1.00,BAJA
3137,3945,35,35,602288190006,TEODOLITO DE MICROMETRO OPTICO,M,,KERN SWISS,K1-M,318849,VERDE,1503.020905,1.00,BAJA
3142,3944,35,35,602288190004,TEODOLITO DE MICROMETRO OPTICO,M,,KERN AARAU,DKM1,188277,VERDE,1503.020905,1.00,BAJA
1322,2808,40,,602288750001,TEODOLITO DE VERNIER,R,,,,,,1503.020905,1.00,
1437,3946,35,,602288750002,TEODOLITO DE VERNIER,M,,WILD,T1A,95690,VERDE,1503.020905,1.00,
3145,3947,35,35,602288750003,TEODOLITO DE VERNIER,M,,PAGODA,2T-30,3521,PLOMO/CLARO,1503.020905,1.00,
419,728,41,,602289320013,TEODOLITO ELECTRONICO,R,,CST/BERGER,DGT2,127296,AMARILLO NEGRO,1503.020905,1.00,
420,729,41,,602289320014,TEODOLITO ELECTRONICO,R,,CST/BERGER,DGT2,143220,AMARILLO/NEGRO,1503.020905,1283.33,
490,1407,2,,602289320006,TEODOLITO ELECTRONICO,R,,CTS BERGER,DGT2,127310,AMARILLO/PLOMO,1503.020905,3849.99,
1444,1,1,1,602289320001,TEODOLITO ELECTRONICO,M,dimen,marca,modelo,serie,color,1503.020905,3435.00,obs
1696,2,1,2,602289320010,TEODOLITO ELECTRONICO,R,,CST/BERGER,DGTS,127333,AMARILLO PLOMO,1503.020905,3435.00,
2982,3955,35,35,602289320015,TEODOLITO ELECTRONICO,R,,CARLZEISS,,,AMARILLO,1503.020905,2674.86,
2999,3950,35,35,602289320005,TEODOLITO ELECTRONICO,R,,PENTAX,ETH.332,501531,ROJO/PLOMO,1503.020905,1450.00,
3001,727,41,35,602289320003,TEODOLITO ELECTRONICO,R,,CTS,DT DT610,119205,AMARILLO,1503.020905,1100.00,
3038,3954,35,35,602289320012,TEODOLITO ELECTRONICO,R,,CST/BERGER,DGT2,121960,AMARILLO/PLOMO,1503.020905,3435.00,
3039,3948,35,35,602289320002,TEODOLITO ELECTRONICO,M,,WILD,T1A9569,139687,AMARILLO/NEGRO,1503.020905,2674.86,BAJA
3043,3952,35,35,602289320008,TEODOLITO ELECTRONICO,R,,CTS BERGER,DGT2,128324,AMARILLO/NEGRO,1503.020905,3435.00,
3049,3951,35,35,602289320007,TEODOLITO ELECTRONICO,M,,CTS BERGER,DGT2,127380,AMARILLO/NEGRO,1503.020905,3548.00,
3050,3953,35,35,602289320011,TEODOLITO ELECTRONICO,R,,CST/BERGER,DGT2,122160,AMARILLO/NEGRO,1503.020905,3435.00,
3072,3949,35,35,602289320004,TEODOLITO ELECTRONICO,M,,LEICA,DTS,119275,,1503.020905,1100.00,
3751,1537,37,57,602289320009,TEODOLITO ELECTRONICO,R,,CTS BERGER,,,AMARILLO,1503.020905,3435.00,
557,1685,38,,322292280002,TERMO HERVIDOR ELECTRICO,R,,VISIONEER,VX-ED749,,NEGRO/PLOMO,1503.020902,1.00,
1936,1628,24,24,322292280001,TERMO HERVIDOR ELECTRICO,M,,VISIONEER,3L.,,PLATA NEGRO,1503.020902,1.00,BAJA
504,1542,37,,602292810001,TERMOMETRO INFRARROJO,,,,,,,1503.020402,195.90,
505,1543,37,,602292810004,TERMOMETRO INFRARROJO,,,,,,,1503.020402,138.00,
580,1875,39,,602292810002,TERMOMETRO INFRARROJO,,,,,,,1503.020402,195.90,
584,1879,39,,602292810003,TERMOMETRO INFRARROJO,,,,,,,1503.020402,138.00,
586,1881,39,,602292810005,TERMOMETRO INFRARROJO,,,,,,,,79.90,
421,730,41,,672298610001,TORNILLO DE BANCO,R,,,,,AZUL,1503.020906,1.00,
2540,3185,32,32,672298610002,TORNILLO DE BANCO,R,,,,,,1503.020906,1.00,
2800,3186,32,32,675092900001,TORNO ELECTRICO,M,,,,,,1503.020999,1.00,
2801,3188,32,32,675092900003,TORNO ELECTRICO,M,,,,,,1503.020999,1.00,
2805,3187,32,32,675092900002,TORNO ELECTRICO,M,,,Q1319,82032,,1503.020999,1.00,
2400,2040,31,31,673687990001,TRACTOR AGRICOLA,M,,ZETOR,5511,,,1503.020999,15960.00,
2410,2042,31,31,673687990004,TRACTOR AGRICOLA,M,,,C70280051,,,1503.020999,1.00,
2414,2041,31,31,673687990002,TRACTOR AGRICOLA,M,,S/M,5511,S/M,ROJO,1503.020999,1.00,
2804,3189,32,32,673687990003,TRACTOR AGRICOLA,B,,MEW HOLLAND,TS6020,,,1503.020999,1.00,
2198,139,3,3,673692590001,TRACTOR ORUGA,M,,DONG FENG,6135AK-2,SG08676,,1503.020999,1.00, TRACTOR ORUGA- MOTOR EN ALMACEN GENERAL
422,731,41,,462299500010,TRANSFORMADOR (MAYOR A 1/8 UIT),R,,,,,,1503.020904,1.00,
423,732,41,,462299500011,TRANSFORMADOR (MAYOR A 1/8 UIT),M,,FADEX,,,ROJO,1503.020904,1.00,
424,733,41,,462299500012,TRANSFORMADOR (MAYOR A 1/8 UIT),M,,,,,PLATA,1503.020904,1.00,
1438,3959,35,,462299500004,TRANSFORMADOR (MAYOR A 1/8 UIT),M,,,,,,1503.020904,1.00,
1439,3961,35,,462299500006,TRANSFORMADOR (MAYOR A 1/8 UIT),M,,,,,,1503.020904,1.00,
1440,3963,35,,462299500008,TRANSFORMADOR (MAYOR A 1/8 UIT),M,,,,,,1503.020904,1.00,
2535,3957,35,32,462299500002,TRANSFORMADOR (MAYOR A 1/8 UIT),M,,SQUARE D,ATS40C48N,,PLOMO,1503.020904,1.00,
2900,3308,33,33,462299500009,TRANSFORMADOR (MAYOR A 1/8 UIT),M,,ENERGI,SVC-5000W,GS200809SD00D602,AZUL/BLANCO,1503.020904,1.00,
3384,1505,2,37,462299500013,TRANSFORMADOR (MAYOR A 1/8 UIT),M,,,,,BLANCO,1503.020904,1.00,RECODIFICAR
3783,3958,35,6,462299500003,TRANSFORMADOR (MAYOR A 1/8 UIT),M,,CHINA,,,VERDE,1503.020904,1.00,
3862,3962,35,6,462299500007,TRANSFORMADOR (MAYOR A 1/8 UIT),M,,,KXA26,2KCHA06670,,1503.020904,1.00,
3863,3960,35,6,462299500005,TRANSFORMADOR (MAYOR A 1/8 UIT),M,,,,,NEGRO,1503.020904,1.00,
3864,3956,35,6,462299500001,TRANSFORMADOR (MAYOR A 1/8 UIT),M,,,179228,94KZ07L1,,1503.020904,1.00,
425,734,41,,676473450004,TRIPODE DE MADERA,M,,,,,AMARILLO,1503.020102,1.00,
426,735,41,,676473450007,TRIPODE DE MADERA,M,,,,,,1503.020102,839.50,
427,736,41,,676473450013,TRIPODE DE MADERA,M,,,,,,1503.020102,2.00,
428,737,41,,676473450015,TRIPODE DE MADERA,M,,,,,,1503.020102,277.00,
1323,2809,40,,676473450016,TRIPODE DE MADERA,R,,,,,,1503.020102,1.00,
1324,2810,40,,676473450017,TRIPODE DE MADERA,R,,,,,,1503.020102,1.00,
1325,2811,40,,676473450018,TRIPODE DE MADERA,R,,,,,,1503.020102,1.00,
1326,2812,40,,676473450019,TRIPODE DE MADERA,R,,,,,,1503.020102,1.00,
1327,2813,40,,676473450020,TRIPODE DE MADERA,R,,,,,,1503.020102,1.00,
1328,2814,40,,676473450021,TRIPODE DE MADERA,R,,,,,,1503.020102,1.00,
1329,2815,40,,676473450022,TRIPODE DE MADERA,R,,,,,,1503.020102,1.00,
1330,2816,40,,676473450023,TRIPODE DE MADERA,R,,,,,,1503.020102,1.00,
1331,2817,40,,676473450024,TRIPODE DE MADERA,R,,,,,,1503.020102,1.00,
1332,2818,40,,676473450025,TRIPODE DE MADERA,R,,,,,,1503.020102,1.00,
1333,2819,40,,676473450026,TRIPODE DE MADERA,R,,,,,,1503.020102,1.00,
1334,2820,40,,676473450027,TRIPODE DE MADERA,R,,,,,,1503.020102,1.00,
1335,2822,40,,676473450030,TRIPODE DE MADERA,M,,,,,,1503.020102,1.00,
1336,2823,40,,676473450031,TRIPODE DE MADERA,M,,,,,,1503.020102,1.00,
1562,1092,14,14,676473450009,TRIPODE DE MADERA,M,,,,,AMARILLO,1503.020102,65.00,
1566,1091,14,14,676473450001,TRIPODE DE MADERA,M,,,,,ANARANJADO,1503.020102,1.00,
2481,3193,32,32,676473450014,TRIPODE DE MADERA,M,,,,,ANARANJADO,1503.020102,277.00,
2519,2821,40,32,676473450028,TRIPODE DE MADERA,R,,,,,,1503.020102,1.00,
2640,3191,32,32,676473450011,TRIPODE DE MADERA,M,,,,,ANARANJADO,1503.020102,2.00,
2659,3192,32,32,676473450012,TRIPODE DE MADERA,M,,,,,ANARANJADO,1503.020102,863.00,
2660,3190,32,32,676473450010,TRIPODE DE MADERA,M,,,,,,1503.020102,921.14,
3085,3969,35,35,676473450029,TRIPODE DE MADERA,M,,,,,AMARILLO/NARANA,1503.020102,277.00,
3089,3968,35,35,676473450008,TRIPODE DE MADERA,M,,,,,AMARILLO/NARANJA,1503.020102,694.00,BAJA
3124,3964,35,35,676473450002,TRIPODE DE MADERA,M,,,,,,1503.020102,1.00,
3126,3965,35,35,676473450003,TRIPODE DE MADERA,M,,,,,AMARILLO,1503.020102,1.00,
3664,3966,35,48,676473450005,TRIPODE DE MADERA,M,,,,,AMARILLO/NARANA,1503.020102,1.00,
3682,3970,35,48,676473450032,TRIPODE DE MADERA,M,,LEICA,2771,,AMARILLO/ROJO,1503.020102,1.00,ROTO
3683,3967,35,48,676473450006,TRIPODE DE MADERA,M,,LEICA,,,AMARILLO/ROJO,1503.020102,1.00,
4,2828,40,,676478660031,TRIPODE METALICO,M,,,,,,1503.020102,1.00,
429,738,41,,676478660003,TRIPODE METALICO,B,,,ALUMINIO,,PLOMO/NARANJA,1503.020102,1.00,
430,739,41,,676478660012,TRIPODE METALICO,R,110,QUICK CLAMP,A20 4.50KG.171M,,PLOMO,1503.020102,1100.00,
431,740,41,,676478660024,TRIPODE METALICO,R,,CST/BERGER,,,PLOMO/NARANJA,1503.020102,132.00,
432,741,41,,676478660052,TRIPODE METALICO,R,,,,,MOSTASA,1503.020102,2.00,
433,742,41,,676478660056,TRIPODE METALICO,R,,STANDAR,,,,1503.020102,1.00,
434,743,41,,676478660059,TRIPODE METALICO,B,,PROEL,,,NEGRO,1503.020102,1.00,
435,744,41,,676478660061,TRIPODE METALICO,B,,,,,PLOMO,1503.020102,1.00,
436,745,41,,676478660062,TRIPODE METALICO,M,,,,,AMARILLO,1503.020102,1.00,
437,746,41,,676478660063,TRIPODE METALICO,R,,,,,NARANJA/PLOMO,1503.020102,1.00,
438,747,41,,676478660064,TRIPODE METALICO,R,,,,,,1503.020102,1.00,
439,748,41,,676478660065,TRIPODE METALICO,R,,,,,NARANJA/PLOMO,1503.020102,1.00,
440,749,41,,676478660066,TRIPODE METALICO,R,,,,,NARANJA/PLOMO,1503.020102,1.00,
1337,2824,40,,676478660020,TRIPODE METALICO,R,,,,,,1503.020102,1.00,
1338,2825,40,,676478660021,TRIPODE METALICO,R,,,,,,1503.020102,1.00,
1339,2826,40,,676478660025,TRIPODE METALICO,R,,,,,,1503.020102,1.00,
1340,2827,40,,676478660026,TRIPODE METALICO,R,,,,,,1503.020102,1.00,
1341,2829,40,,676478660032,TRIPODE METALICO,R,,,,,,1503.020102,1.00,
1342,2830,40,,676478660033,TRIPODE METALICO,R,,,,,,1503.020102,1.00,
1343,2831,40,,676478660036,TRIPODE METALICO,R,,,,,,1503.020102,1.00,
1344,2832,40,,676478660038,TRIPODE METALICO,R,,,,,,1503.020102,1.00,
1345,2833,40,,676478660039,TRIPODE METALICO,R,,,,,,1503.020102,1.00,
1346,2834,40,,676478660040,TRIPODE METALICO,R,,,,,,1503.020102,1.00,
1347,2835,40,,676478660041,TRIPODE METALICO,R,,,,,,1503.020102,1.00,
1348,2836,40,,676478660042,TRIPODE METALICO,R,,,,,,1503.020102,1.00,
1349,2837,40,,676478660043,TRIPODE METALICO,R,,,,,,1503.020102,1.00,
1350,2838,40,,676478660044,TRIPODE METALICO,R,,,,,,1503.020102,1.00,
1351,2839,40,,676478660045,TRIPODE METALICO,R,,,,,,1503.020102,1.00,
1352,2840,40,,676478660046,TRIPODE METALICO,R,,,,,,1503.020102,1.00,
1353,2841,40,,676478660047,TRIPODE METALICO,R,,,,,,1503.020102,1.00,
1354,2842,40,,676478660048,TRIPODE METALICO,R,,,,,,1503.020102,1.00,
1355,2843,40,,676478660049,TRIPODE METALICO,R,,,,,,1503.020102,1.00,
1356,2844,40,,676478660050,TRIPODE METALICO,R,,,,,,1503.020102,1.00,
1357,2845,40,,676478660051,TRIPODE METALICO,R,,,,,,1503.020102,1.00,
1441,3975,35,,676478660007,TRIPODE METALICO,R,,CST/BERGER,,,PLOMO/NARANJA,1503.020102,951.73,
1442,3981,35,,676478660016,TRIPODE METALICO,R,,CST BERGER,A204.50HG 171CM,,PLOMO,1503.020102,1366.67,
1687,1408,2,2,676478660005,TRIPODE METALICO,R,,CST/BERGER,,,NARANJA,1503.020102,2.00,
1688,1409,2,2,676478660008,TRIPODE METALICO,R,,LEICA,CTP,,,1503.020102,727.77,
3018,3973,35,35,676478660004,TRIPODE METALICO,R,,CST/BERGER,,,PLOMO/NARANJA,1503.020102,951.73,
3019,3988,35,35,676478660028,TRIPODE METALICO,R,,CST/BERGER,,,PLOMO/NARANJA,1503.020102,277.00,
3020,3974,35,35,676478660006,TRIPODE METALICO,M,,CST/BERGER,,,PLOMO/NARANJA,1503.020102,2674.86,
3086,3984,35,35,676478660019,TRIPODE METALICO,R,,,,,AMARILLO,1503.020102,2674.86,
3087,3998,35,35,676478660058,TRIPODE METALICO,M,,,,,PLOMO,1503.020102,1.00,BAJA
3088,3993,35,35,676478660037,TRIPODE METALICO,M,,QUICK CLAMP,A20 4.50KG 171M,,PLOMO,1503.020102,2.00,BAJA
3090,3999,35,35,676478660060,TRIPODE METALICO,B,,PROEL,B032496333937,,NEGRO,1503.020102,1.00,PARA PARLANTE
3121,3990,35,35,676478660030,TRIPODE METALICO,R,,,,,PLOMO,1503.020102,277.00,
3122,3983,35,35,676478660018,TRIPODE METALICO,R,,,,,,1503.020102,1.00,
3123,3991,35,35,676478660034,TRIPODE METALICO,R,,,,,PLOMO,1503.020102,277.00,
3125,3978,35,35,676478660013,TRIPODE METALICO,M,,GST BERGER,,,PLOMO/NEGRO,1503.020102,1366.67,
3127,3994,35,35,676478660053,TRIPODE METALICO,M,SIN CABEZAL,,,,,1503.020102,1283.33,
3128,3980,35,35,676478660015,TRIPODE METALICO,M,,,A420 4.50 KG 1M,,AMARILLO/PLOMO,1503.020102,1158.19,BAJA
3129,3977,35,35,676478660010,TRIPODE METALICO,M,,LEICA,CTP104,,PLOMO,1503.020102,277.00,BAJA
3130,3976,35,35,676478660009,TRIPODE METALICO,M,388,LEICA,CTP104,,PLOMO/AMARILLO,1503.020102,278.00,
3131,3972,35,35,676478660002,TRIPODE METALICO,M,,,,,PLOMO,1503.020102,1.00,
3132,3971,35,35,676478660001,TRIPODE METALICO,R,,,,,PLOMO/AMARILLO,1503.020102,2.00,
3133,3979,35,35,676478660014,TRIPODE METALICO,R,,CON QUICK CLAMP,420 4.50 KG 17M,,,1503.020102,1100.00,
3134,3986,35,35,676478660023,TRIPODE METALICO,M,,,,,PLOMO/BLANCO,1503.020102,404.80,BAJA
3570,3992,35,48,676478660035,TRIPODE METALICO,R,,,,,NARANJA/PLOMO,1503.020102,277.00,
3665,3982,35,48,676478660017,TRIPODE METALICO,R,,PENTAX,,,PLOMO/ NARANJA,1503.020102,1450.00,
3668,3997,35,48,676478660057,TRIPODE METALICO,R,398,TOPCON,,,PLOMO/NARANJA,1503.020102,2.00,
3677,3995,35,48,676478660054,TRIPODE METALICO,R,,,,,NARANJA/PLOMO,1503.020102,2.00,
3680,4000,35,48,676478660067,TRIPODE METALICO,R,,,2296,,PLOMO/ANARANJAD,1503.020102,1.00,
3684,3989,35,48,676478660029,TRIPODE METALICO,R,,,,,PLOMO/NARANJA,1503.020102,277.00,
3685,3996,35,48,676478660055,TRIPODE METALICO,R,,,,,PLOMO/NARANJA,1503.020102,2.00,
3718,3987,35,51,676478660027,TRIPODE METALICO,R,,,,,NARANJA,1503.020102,2.00,
3743,1538,37,57,676478660011,TRIPODE METALICO,R,,,,,PLOMO/AMARILLO,1503.020102,1074.83,
3753,3985,35,57,676478660022,TRIPODE METALICO,M,,,,,AMARILLO/NARANJ,1503.020102,404.80,
3,4001,35,,746497470001,TRIPODE PARA CAMARA FOTOGRAFICA,M,,,TR-26,,,1503.020102,1.00,
3135,4002,35,35,746497470002,TRIPODE PARA CAMARA FOTOGRAFICA,R,,CANON,,,PLOMO,1503.020102,1.00,
1968,1629,24,24,952291370001,TV LCD DIGITAL PORTATIL,R,7.9x1.36,SAMSUNG,UN60J6300AGXPE,044M3CDH900204V,NEGRO,1503.020303,3500.00,
3304,4003,35,35,952291370002,TV LCD DIGITAL PORTATIL,B,,SAMSUNG,VN60J6300AG,044M3CH800390A,NEGRO,1503.020303,3500.00,
10,752,41,,740899500075,UNIDAD CENTRAL DE PROCESO - CPU,M,,INTEL,CORE 2 DUO,,NEGRO,1503.020301,1.00,
441,751,41,,740899500071,UNIDAD CENTRAL DE PROCESO - CPU,M,,,,,,1503.020301,1.00,
442,753,41,,740899500080,UNIDAD CENTRAL DE PROCESO - CPU,R,,INTEL,CORE I 3,,NEGRO,1503.020301,2140.00,
443,754,41,,740899500081,UNIDAD CENTRAL DE PROCESO - CPU,M,,NEW DESIGN,,,BLANCO,1503.020301,1.00,
444,755,41,,740899500083,UNIDAD CENTRAL DE PROCESO - CPU,R,,INTEL,,,NEGRO,1503.020301,2265.00,
445,756,41,,740899500097,UNIDAD CENTRAL DE PROCESO - CPU,M,,INTEL,CORE I7,,NEGRO,1503.020301,2631.20,
446,757,41,,740899500100,UNIDAD CENTRAL DE PROCESO - CPU,M,,,CORE I7,,NEGRO,1503.020301,2581.15,
447,758,41,,740899500116,UNIDAD CENTRAL DE PROCESO - CPU,B,,INTEL,,,NEGRO,1503.020301,1.00,
448,759,41,,740899500124,UNIDAD CENTRAL DE PROCESO - CPU,R,,,,,,1503.020301,1.00,
449,761,41,,740899500131,UNIDAD CENTRAL DE PROCESO - CPU,M,,,,,,1503.020301,1.00,
450,762,41,,740899500137,UNIDAD CENTRAL DE PROCESO - CPU,M,,MICRONICS,,,NEGRO,1503.020301,1.00,
1358,2846,40,,740899500001,UNIDAD CENTRAL DE PROCESO - CPU,R,,,,,,1503.020301,1.00,
1359,2847,40,,740899500090,UNIDAD CENTRAL DE PROCESO - CPU,R,,,,,,1503.020301,1.00,
1360,2848,40,,740899500110,UNIDAD CENTRAL DE PROCESO - CPU,R,,,,,,1503.020301,1.00,
1361,2849,40,,740899500119,UNIDAD CENTRAL DE PROCESO - CPU,R,,,,,,1503.020301,1.00,
1362,2850,40,,740899500120,UNIDAD CENTRAL DE PROCESO - CPU,R,,,,,,1503.020301,1.00,
1363,2851,40,,740899500121,UNIDAD CENTRAL DE PROCESO - CPU,R,,,,,,1503.020301,1.00,
1364,2852,40,,740899500122,UNIDAD CENTRAL DE PROCESO - CPU,R,,,,,,1503.020301,1.00,
1365,2853,40,,740899500123,UNIDAD CENTRAL DE PROCESO - CPU,R,,,,,,1503.020301,1.00,
1366,2854,40,,740899500126,UNIDAD CENTRAL DE PROCESO - CPU,R,,,,,,1503.020301,1.00,
1367,2855,40,,740899500130,UNIDAD CENTRAL DE PROCESO - CPU,R,,,,,,1503.020301,1.00,
1368,2856,40,,740899500132,UNIDAD CENTRAL DE PROCESO - CPU,R,,,,,,1503.020301,1.00,
1369,2857,40,,740899500135,UNIDAD CENTRAL DE PROCESO - CPU,R,,,,,,1503.020301,1.00,
1370,2858,40,,740899500136,UNIDAD CENTRAL DE PROCESO - CPU,R,,,,,,1503.020301,1.00,
1371,2859,40,,740899500139,UNIDAD CENTRAL DE PROCESO - CPU,R,,,,,,1503.020301,1.00,
1372,2860,40,,740899500140,UNIDAD CENTRAL DE PROCESO - CPU,R,,,,,,1503.020301,1.00,
1468,974,11,11,740899500133,UNIDAD CENTRAL DE PROCESO - CPU,M,,,,,BLANCO/AZUL,1503.020301,1.00,
1705,1200,21,21,740899500112,UNIDAD CENTRAL DE PROCESO - CPU,R,,INTEL,CORE I7,,NEGRO,1503.020301,1809.00,
1719,1381,22,22,740899500102,UNIDAD CENTRAL DE PROCESO - CPU,R,,INTEL I7,,,NEGRO,1503.020301,2598.60,
1726,1377,22,22,740899500089,UNIDAD CENTRAL DE PROCESO - CPU,R,,INTEL,CORE I7,,NEGRO,1503.020301,2146.33,
1792,1382,22,22,740899500105,UNIDAD CENTRAL DE PROCESO - CPU,M,,INTEL,CORE I7,,NEGRO,1503.020301,2109.25,RAEE- BAJA
1828,1374,22,22,740899500056,UNIDAD CENTRAL DE PROCESO - CPU,M,,ALTRON,,,NEGRO/ROJO,1503.020301,2282.50,RAEE - BAJA
1829,1379,22,22,740899500099,UNIDAD CENTRAL DE PROCESO - CPU,M,,MICRONICS,,2.53153E+11,NEGRO,1503.020301,2317.07,RAEE - BAJA
1830,1376,22,22,740899500085,UNIDAD CENTRAL DE PROCESO - CPU,M,,INTEL,CORE I7,2208C3690226,NEGRO,1503.020301,2526.81,RAEE - BAJA
1854,1375,22,22,740899500084,UNIDAD CENTRAL DE PROCESO - CPU,M,,INTEL,CORE I7,2208C371BR0166,NEGRO/ROJO,1503.020301,2526.81,RAEE-BAJA
1878,1378,22,22,740899500092,UNIDAD CENTRAL DE PROCESO - CPU,R,,LG,CORE I7,,NEGRO/PLOMO,1503.020301,1.00,
1901,1380,22,22,740899500101,UNIDAD CENTRAL DE PROCESO - CPU,R,,MICRONICS,,,NEGRO,1503.020301,2598.60,
1904,1571,23,23,740899500094,UNIDAD CENTRAL DE PROCESO - CPU,R,,INTEL THERMALTE,CORE I7,,NEGRO,1503.020301,3339.00,
1921,1572,23,23,740899500107,UNIDAD CENTRAL DE PROCESO - CPU,R,,INTEL CYBERTEL,CORE I7,,NEGRO,1503.020301,2247.25,
1963,1630,24,24,740899500150,UNIDAD CENTRAL DE PROCESO - CPU,B,,HALION,I 5,64 BITS,NEGRO,1503.020301,2800.00,
2032,1770,27,27,740899500069,UNIDAD CENTRAL DE PROCESO - CPU,M,,LG,COREL I7,32 BITS,NEGRO,1503.020301,1.00,RAEE
2042,1771,27,27,740899500128,UNIDAD CENTRAL DE PROCESO - CPU,R,,THERMALTAKE,CORE I7,64 BITS,NEGRO,1503.020301,5064.52,
2330,1934,30,30,740899500145,UNIDAD CENTRAL DE PROCESO - CPU,R,,ADVANCE,I 7,,NEGRO,1503.020301,3175.00,
2478,763,41,32,740899500141,UNIDAD CENTRAL DE PROCESO - CPU,R,,,,,CELESTES/CREMA,1503.020301,1.00,
2490,3217,32,32,740899500036,UNIDAD CENTRAL DE PROCESO - CPU,M,,INTEL,,,PLOMO,1503.020301,1871.87,
2517,4012,35,32,740899500073,UNIDAD CENTRAL DE PROCESO - CPU,R,,ALTRON,,,NEGRO,1503.020301,1.00,
2633,3241,32,32,740899500152,UNIDAD CENTRAL DE PROCESO - CPU,M,,BELL,,,NEGRO,1503.020301,1.00,
2690,3202,32,32,740899500014,UNIDAD CENTRAL DE PROCESO - CPU,M,,,,,BLANCO,1503.020301,1.00,
2691,3194,32,32,740899500003,UNIDAD CENTRAL DE PROCESO - CPU,M,,,,,BLANCO,1503.020301,1.00,
2693,3208,32,32,740899500025,UNIDAD CENTRAL DE PROCESO - CPU,M,,,,,BLANCO,1503.020301,1.00,
2694,3196,32,32,740899500005,UNIDAD CENTRAL DE PROCESO - CPU,M,,,,,BLANCO,1503.020301,1.00,
2695,3195,32,32,740899500004,UNIDAD CENTRAL DE PROCESO - CPU,M,,WIN,,,BLANCO,1503.020301,1.00,
2696,3198,32,32,740899500007,UNIDAD CENTRAL DE PROCESO - CPU,M,,WIN,,,BLANCO,1503.020301,1.00,
2697,3201,32,32,740899500012,UNIDAD CENTRAL DE PROCESO - CPU,M,,,,,BLANCO,1503.020301,1.00,
2698,3207,32,32,740899500022,UNIDAD CENTRAL DE PROCESO - CPU,M,,SP,SUPER POWER,,BLANCO,1503.020301,1.00,
2700,3205,32,32,740899500020,UNIDAD CENTRAL DE PROCESO - CPU,M,,OLIVETTI,M24XS-NP,,BLANCO,1503.020301,4143.22,
2701,3213,32,32,740899500031,UNIDAD CENTRAL DE PROCESO - CPU,M,,SP,SUPER POWER,,BLANCO/CELESTE,1503.020301,1.00,
2702,3221,32,32,740899500040,UNIDAD CENTRAL DE PROCESO - CPU,M,,,,,,1503.020301,1819.07,
2703,3204,32,32,740899500018,UNIDAD CENTRAL DE PROCESO - CPU,M,,SONY,KW3005,,NEGRO,1503.020301,1407.05,
2704,3209,32,32,740899500026,UNIDAD CENTRAL DE PROCESO - CPU,M,,,,,BLANCO,1503.020301,1951.95,
2705,3212,32,32,740899500029,UNIDAD CENTRAL DE PROCESO - CPU,M,,,,,BLANCO,1503.020301,2136.35,
2706,3211,32,32,740899500028,UNIDAD CENTRAL DE PROCESO - CPU,M,,,AN15VSPN/PES,AN15HXBW718045R,BLANCO/CELESTE,1503.020301,1.00,
2707,3199,32,32,740899500008,UNIDAD CENTRAL DE PROCESO - CPU,M,,,,,BLANCO,1503.020301,1.00,
2708,3197,32,32,740899500006,UNIDAD CENTRAL DE PROCESO - CPU,M,,,,,BLANCO,1503.020301,2717.00,
2709,3210,32,32,740899500027,UNIDAD CENTRAL DE PROCESO - CPU,M,,,,,BLANCO/CELESTE,1503.020301,1.00,
2710,3214,32,32,740899500032,UNIDAD CENTRAL DE PROCESO - CPU,M,,,,,BLANCO/AZUL,1503.020301,1986.83,
2711,3200,32,32,740899500009,UNIDAD CENTRAL DE PROCESO - CPU,M,,,,,BLANCO,1503.020301,1.00,
2725,3220,32,32,740899500039,UNIDAD CENTRAL DE PROCESO - CPU,M,,,,,CELESTE,1503.020301,1819.07,
2726,3236,32,32,740899500125,UNIDAD CENTRAL DE PROCESO - CPU,M,,,,,BLANCO/AZUL,1503.020301,2024.67,
2730,3234,32,32,740899500106,UNIDAD CENTRAL DE PROCESO - CPU,M,,INTEL,CORE I7,,NEGRO/PLATA,1503.020301,2109.25,
2731,3206,32,32,740899500021,UNIDAD CENTRAL DE PROCESO - CPU,M,,CREATIVE,,,,1503.020301,1677.06,
2735,3215,32,32,740899500033,UNIDAD CENTRAL DE PROCESO - CPU,M,,INTEL,,,BLANCO/PLATA,1503.020301,1.00,
2736,3235,32,32,740899500117,UNIDAD CENTRAL DE PROCESO - CPU,M,,INTEL,PENTIUM III,,BLANCO PLOMO,1503.020301,2277.00,
2737,3227,32,32,740899500054,UNIDAD CENTRAL DE PROCESO - CPU,M,,INTEL,,W27920C6858,NEGRO,1503.020301,2282.50,
2738,3216,32,32,740899500034,UNIDAD CENTRAL DE PROCESO - CPU,M,,INTEL,,,,1503.020301,2053.13,
2739,3203,32,32,740899500017,UNIDAD CENTRAL DE PROCESO - CPU,M,,PENTIUM II,INTEL INSIDE,,BLANCO,1503.020301,1.00,
2740,3240,32,32,740899500143,UNIDAD CENTRAL DE PROCESO - CPU,M,,,,,NEGRO/PLOMO,1503.020301,3172.45,
2741,3218,32,32,740899500037,UNIDAD CENTRAL DE PROCESO - CPU,M,,INTEL,PENTIUM IV,,PLOMO BLANCO,1503.020301,2286.90,
2757,3232,32,32,740899500078,UNIDAD CENTRAL DE PROCESO - CPU,M,,,,,NEGRO/PLOMO,1503.020301,1962.38,
2758,3239,32,32,740899500138,UNIDAD CENTRAL DE PROCESO - CPU,M,,,,,,1503.020301,1.00,
2759,3237,32,32,740899500129,UNIDAD CENTRAL DE PROCESO - CPU,M,,,,,NEGRO/PLATA,1503.020301,1.00,
2760,3238,32,32,740899500134,UNIDAD CENTRAL DE PROCESO - CPU,M,,,,,CELESTE/BLANCO,1503.020301,2178.60,
2761,3228,32,32,740899500057,UNIDAD CENTRAL DE PROCESO - CPU,M,,ALTRON,,,NEGRO/ROJO,1503.020301,1.00,
2762,3222,32,32,740899500041,UNIDAD CENTRAL DE PROCESO - CPU,M,,INTEL AMEGA,PENTIUM IV,,BLANCO/PLOMO,1503.020301,1843.38,
2763,3219,32,32,740899500038,UNIDAD CENTRAL DE PROCESO - CPU,M,,INTEL,PENTIUM IV,,BLANCO/PLOMO,1503.020301,1819.07,
2764,3230,32,32,740899500061,UNIDAD CENTRAL DE PROCESO - CPU,M,,,,,PLOMO/NEGRO,1503.020301,2145.00,
2765,3233,32,32,740899500091,UNIDAD CENTRAL DE PROCESO - CPU,M,,INTEL,CORE I7,,NEGRO/AZUL,1503.020301,2317.07,
2766,3223,32,32,740899500046,UNIDAD CENTRAL DE PROCESO - CPU,M,,INTEL,PENTIUM DUAL CE,,NEGRO,1503.020301,1386.39,
2767,3231,32,32,740899500062,UNIDAD CENTRAL DE PROCESO - CPU,M,,CYBERLINK,CORE 2 QUAD,,NEGRO,1503.020301,2345.20,
2768,3226,32,32,740899500052,UNIDAD CENTRAL DE PROCESO - CPU,M,,ALTRON,,,NEGRO/ROJO,1503.020301,2282.64,
2769,3229,32,32,740899500059,UNIDAD CENTRAL DE PROCESO - CPU,R,,ALTRON,,,NEGRO/ROJO,1503.020301,1.00,
2770,3225,32,32,740899500049,UNIDAD CENTRAL DE PROCESO - CPU,R,,INTEL,CORE 2 DUO,,NEGRO,1503.020301,2212.93,
2771,3224,32,32,740899500048,UNIDAD CENTRAL DE PROCESO - CPU,M,,INTEL,CORE 2 DUO,,,1503.020301,2212.93,
2861,4027,35,33,740899500151,UNIDAD CENTRAL DE PROCESO - CPU,B,,HALION0,I 5,,NEGRO,1507.0199,2800.00,
2868,3313,33,33,740899500096,UNIDAD CENTRAL DE PROCESO - CPU,R,,INTEL,CORE I7-3770,64BITS,NEGRO,1503.020301,1891.89,
2893,3310,33,33,740899500060,UNIDAD CENTRAL DE PROCESO - CPU,M,,CYBERLINK,,,NEGRO,1503.020301,1.00,
2894,3309,33,33,740899500047,UNIDAD CENTRAL DE PROCESO - CPU,M,,GIGA-X,,,NEGRO,1503.020301,1386.39,
2896,3315,33,33,740899500149,UNIDAD CENTRAL DE PROCESO - CPU,R,,INTEL,CORE I5-6500,64BITS,NEGRO,1503.020301,2800.00,
2904,3312,33,33,740899500067,UNIDAD CENTRAL DE PROCESO - CPU,M,,INTEL,XION CPUE5-2407,64BITS,NEGRO,1503.020301,2302.30,
2907,3314,33,33,740899500098,UNIDAD CENTRAL DE PROCESO - CPU,R,,INTEL,CORE I7-2600,64BITS,NEGRO,1503.020301,2708.65,
2910,3311,33,33,740899500065,UNIDAD CENTRAL DE PROCESO - CPU,R,,INTEL,XION CPUE5-2407,64BITS,NEGRO,1503.020301,2852.85,
2922,3340,34,34,740899500115,UNIDAD CENTRAL DE PROCESO - CPU,R,,INTEL,I7-3770,,NEGRO,1503.020301,1792.18,
2930,750,41,34,740899500055,UNIDAD CENTRAL DE PROCESO - CPU,R,,INTEL,DUAL CORE2,,NEGRO,1503.020301,2282.50,
3252,4010,35,35,740899500064,UNIDAD CENTRAL DE PROCESO - CPU,M,,MICRONICS,,,NEGRO/AZUL,1503.020301,2302.30,
3253,4017,35,35,740899500087,UNIDAD CENTRAL DE PROCESO - CPU,R,,DELUXE,CORE I7,C1103B0328,NEGRO,1503.020301,2519.57,
3254,4006,35,35,740899500050,UNIDAD CENTRAL DE PROCESO - CPU,M,,CIBERLINK,INTEL CORE 2 D2,,NEGRO,1503.020301,2212.93,
3256,4005,35,35,740899500044,UNIDAD CENTRAL DE PROCESO - CPU,M,,CLK,,,NEGRO,1503.020301,1421.42,
3257,4013,35,35,740899500074,UNIDAD CENTRAL DE PROCESO - CPU,M,,ALTRON,,YTD6TLA7769A500434C,NEGRO,1503.020301,2170.74,BAJA
3258,4016,35,35,740899500086,UNIDAD CENTRAL DE PROCESO - CPU,M,,DELUXE,CORE I7,BTB12800LIW,NEGRO,1503.020301,2402.40,BAJA
3284,4015,35,35,740899500082,UNIDAD CENTRAL DE PROCESO - CPU,M,,MEGATECH,,,NEGRO,1503.020301,2248.62,
3285,4023,35,35,740899500118,UNIDAD CENTRAL DE PROCESO - CPU,M,,MICRONICS,INTEL,,NEGRO/ROJO,1503.020301,1.00,
3286,4021,35,35,740899500109,UNIDAD CENTRAL DE PROCESO - CPU,M,,INTEL,CORE I7,,NEGRO,1503.020301,2247.25,BAJA
3287,4019,35,35,740899500103,UNIDAD CENTRAL DE PROCESO - CPU,M,,MICRONICS,CORE I7,,NEGRO,1503.020301,2598.60,
3288,4009,35,35,740899500063,UNIDAD CENTRAL DE PROCESO - CPU,M,,MICRONICS,,,NEGRO,1503.020301,2302.30,
3308,4022,35,35,740899500111,UNIDAD CENTRAL DE PROCESO - CPU,R,,CYBERTEL,CORE I7,,NEGRO,1503.020301,2247.25,
3316,4008,35,35,740899500058,UNIDAD CENTRAL DE PROCESO - CPU,R,,ALTRON,CORE 2QUAD.DE 2,,NEGRO/ROJO,1503.020301,1.00,
3321,1506,2,35,740899500068,UNIDAD CENTRAL DE PROCESO - CPU,R,,ALTRON,,,PLOMO/NEGRO,1503.020301,1.00,
3327,4004,35,35,740899500035,UNIDAD CENTRAL DE PROCESO - CPU,R,,ALTRON,,,NEGRO,1503.020301,1871.87,
3339,4026,35,35,740899500148,UNIDAD CENTRAL DE PROCESO - CPU,B,,HALION,INTEL CORE I 7,,NEGRO/VERDE,1503.020301,3650.00,
3350,4020,35,35,740899500104,UNIDAD CENTRAL DE PROCESO - CPU,R,,THERMALTAKE,CORE I7,,NEGRO,1503.020301,2950.15,
3351,1199,21,35,740899500070,UNIDAD CENTRAL DE PROCESO - CPU,M,,INTEL,CORE I7,,NEGRO,1503.020301,1995.00,BAJA
3354,4007,35,35,740899500053,UNIDAD CENTRAL DE PROCESO - CPU,R,,ALTRON,,,,1503.020301,2282.50,
3372,1509,2,37,740899500147,UNIDAD CENTRAL DE PROCESO - CPU,R,,HALION,I 7,,NEGRO,1503.020301,3650.00,
3387,1508,2,37,740899500108,UNIDAD CENTRAL DE PROCESO - CPU,R,,INTEL,CORE I7,,NEGRO,1503.020301,2247.25,
3394,1507,2,37,740899500095,UNIDAD CENTRAL DE PROCESO - CPU,R,,INTEL THERMALTE,CORE I7,WE27920C6853,NEGRO,1503.020301,3339.00,
3432,4060,43,43,740899500079,UNIDAD CENTRAL DE PROCESO - CPU,M,,INTEL,CORE I 3,,NEGRO,1503.020301,2220.00,
3441,4061,43,43,740899500113,UNIDAD CENTRAL DE PROCESO - CPU,R,,INTEL,CORE I7,,NEGRO,1503.020301,1809.00,PRESENTA DIFICULTADES MEMORIA RAM
3458,4094,44,44,740899500051,UNIDAD CENTRAL DE PROCESO - CPU,R,,INTEL CORE 2 DU,PENTIUM DUAL,200GB DISCO DURO,NEGRO,1503.020301,2243.34,
3460,4095,44,44,740899500114,UNIDAD CENTRAL DE PROCESO - CPU,B,,INTEL,XEONCPUES-2407,159753,NEGRO,1503.020301,1809.00,
3522,4014,35,45,740899500077,UNIDAD CENTRAL DE PROCESO - CPU,R,,INTEL,CORE 2DUD,,NEGRO,1503.020301,1962.38,
3526,1935,30,45,740899500146,UNIDAD CENTRAL DE PROCESO - CPU,R,,HALION,I 7,,NEGRO,1503.020301,3650.00,
3539,1933,30,47,740899500076,UNIDAD CENTRAL DE PROCESO - CPU,M,,,,,NEGRO,1503.020301,1962.38,
3569,760,41,48,740899500127,UNIDAD CENTRAL DE PROCESO - CPU,M,,MICRONICS,,,NEGRO,1503.020301,2286.90,
3643,4024,35,48,740899500142,UNIDAD CENTRAL DE PROCESO - CPU,R,,MICRONICS,,,NEGRO/AZUL,1503.020301,1.00,
3644,4011,35,48,740899500072,UNIDAD CENTRAL DE PROCESO - CPU,M,,,,3B1250X08567,NEGRO,1503.020301,1962.38,
3706,199,5,5,740899500066,UNIDAD CENTRAL DE PROCESO - CPU,R,,MICRONICS,GORETM2,33 BITS,NEGRO,1503.020301,2302.30,
3856,4025,35,6,740899500144,UNIDAD CENTRAL DE PROCESO - CPU,M,,,,,BLANCO,1503.020301,1.00,
3857,4018,35,6,740899500093,UNIDAD CENTRAL DE PROCESO - CPU,M,,INTEL,CORE I7,,NEGRO,1503.020301,2581.15,
3897,924,6,6,740899500015,UNIDAD CENTRAL DE PROCESO - CPU,M,,WIN,,,BLANCO,1503.020301,2695.94,
3906,3339,34,6,740899500002,UNIDAD CENTRAL DE PROCESO - CPU,M,,INTEL,CORE 2DUAL,32 BITS,NEGRO,1503.020301,1.00,
4021,933,6,6,740899500088,UNIDAD CENTRAL DE PROCESO - CPU,M,,SONY,KW3005,,NEGRO,1503.020301,1.00,
4030,928,6,6,740899500024,UNIDAD CENTRAL DE PROCESO - CPU,M,,,,,BLANCO,1503.020301,1.00,
4031,925,6,6,740899500016,UNIDAD CENTRAL DE PROCESO - CPU,M,,,,,BLANCO,1503.020301,2695.94,
4032,922,6,6,740899500011,UNIDAD CENTRAL DE PROCESO - CPU,M,,WIN,,,BLANCO,1503.020301,1.00,
4033,926,6,6,740899500019,UNIDAD CENTRAL DE PROCESO - CPU,M,,,,,BLANCO,1503.020301,2265.67,
4034,923,6,6,740899500013,UNIDAD CENTRAL DE PROCESO - CPU,M,,,,,BLANCO,1503.020301,1.00,
4035,927,6,6,740899500023,UNIDAD CENTRAL DE PROCESO - CPU,M,,MICROSOFT,,,BLANCO,1503.020301,1.00,
4038,930,6,6,740899500042,UNIDAD CENTRAL DE PROCESO - CPU,M,,,,,BLANCO,1503.020301,1.00,
4039,931,6,6,740899500043,UNIDAD CENTRAL DE PROCESO - CPU,M,,,,,BLANCO,1503.020301,1.00,
4040,932,6,6,740899500045,UNIDAD CENTRAL DE PROCESO - CPU,M,,,,,BLANCO,1503.020301,1.00,
4041,929,6,6,740899500030,UNIDAD CENTRAL DE PROCESO - CPU,M,,WIN,,,BLANCO,1503.020301,1.00,
4042,921,6,6,740899500010,UNIDAD CENTRAL DE PROCESO - CPU,M,,WIN,,,BLANCO,1503.020301,1.00,
451,764,41,,396499740001,URNA DE MADERA,R,,,,,,1503.020602,1.00,
3395,1510,2,37,670491990001,VEHICULO AEREO NO TRIPULADO - DRONE,M,,PHANTOM,GL 300F,0AXDDBF-0A20637,,1503.0102,9000.00,
452,765,41,,112279700010,VENTILADOR ELECTRICO PARA MESA O DE PIE,R,,,,,PLOMO,1503.020901,1.00,
453,766,41,,112279700011,VENTILADOR ELECTRICO PARA MESA O DE PIE,M,,,,,,1503.020901,1.00,
1373,2861,40,,112279700004,VENTILADOR ELECTRICO PARA MESA O DE PIE,R,,,,,,1503.020901,1.00,
1374,2862,40,,112279700005,VENTILADOR ELECTRICO PARA MESA O DE PIE,R,,,,,,1503.020901,1.00,
1375,2863,40,,112279700006,VENTILADOR ELECTRICO PARA MESA O DE PIE,R,,,,,,1503.020901,1.00,
1649,1154,16,16,112279700009,VENTILADOR ELECTRICO PARA MESA O DE PIE,M,,,,,VERDE,1503.020901,1.00,CONSTRUCCION DE RIEGO TECNIFICADO
1659,1153,16,16,112279700008,VENTILADOR ELECTRICO PARA MESA O DE PIE,M,,,,,VERDE,1503.020901,1.00,CONSTRUCCION DE RIEGO TECNIFICADO
1700,1201,21,21,112279700001,VENTILADOR ELECTRICO PARA MESA O DE PIE,R,,,,,VERDE,1503.020901,1.00,
2857,3316,33,33,112279700002,VENTILADOR ELECTRICO PARA MESA O DE PIE,R,,SIHSHK21,,,VERDE,1503.020901,1.00,
2941,3341,34,34,112279700007,VENTILADOR ELECTRICO PARA MESA O DE PIE,R,,CONTINENTAL,CE45412,6100310,BLANCO,1503.020901,1.00,
3457,4096,44,44,112279700012,VENTILADOR ELECTRICO PARA MESA O DE PIE,M,,CHRYSANTHEMOM,,,VERDE,1503.020901,1.00,
4045,934,6,6,112279700003,VENTILADOR ELECTRICO PARA MESA O DE PIE,M,,WAHSON,,,VERDE,1503.020901,1.00,
1940,1631,24,24,112283660001,VENTILADOR ELECTRICO PARA PARED,M,,CKRYSANTHEMUN,,,VERDE,1503.020901,1.00,
454,767,41,,112287620010,VENTILADOR ELECTRICO PARA TECHO,R,,,,,VERDE CLARO,1503.020901,1.00,
455,768,41,,112287620011,VENTILADOR ELECTRICO PARA TECHO,R,,,,,VERDE CLARO,1503.020901,1.00,
456,769,41,,112287620013,VENTILADOR ELECTRICO PARA TECHO,R,,,,,VERDE,1503.020901,1.00,
457,770,41,,112287620019,VENTILADOR ELECTRICO PARA TECHO,R,,,,,VERDE,1503.020901,1.00,
458,771,41,,112287620020,VENTILADOR ELECTRICO PARA TECHO,M,,,,,VERDE,1503.020901,1.00,
1376,2864,40,,112287620007,VENTILADOR ELECTRICO PARA TECHO,R,,,,,,1503.020901,1.00,
1377,2865,40,,112287620021,VENTILADOR ELECTRICO PARA TECHO,R,,,,,,1503.020901,1.00,
1378,2866,40,,112287620022,VENTILADOR ELECTRICO PARA TECHO,R,,,,,,1503.020901,1.00,
1379,2867,40,,112287620023,VENTILADOR ELECTRICO PARA TECHO,R,,,,,,1503.020901,1.00,
1380,2868,40,,112287620024,VENTILADOR ELECTRICO PARA TECHO,R,,,,,,1503.020901,1.00,
1452,975,11,11,112287620002,VENTILADOR ELECTRICO PARA TECHO,M,,,,,VERDE,1503.020901,1.00,
1478,2880,40,12,112287620036,VENTILADOR ELECTRICO PARA TECHO,R,,,,,VERDE,1503.020901,1.00,
1723,1387,22,22,112287620008,VENTILADOR ELECTRICO PARA TECHO,R,,,,,VERDE,1503.020901,1.00,
1753,1383,22,22,112287620003,VENTILADOR ELECTRICO PARA TECHO,R,,,,,VERDE,1503.020901,1.00,
1774,1385,22,22,112287620005,VENTILADOR ELECTRICO PARA TECHO,R,,,,,VERDE,1503.020901,1.00,
1775,1386,22,22,112287620006,VENTILADOR ELECTRICO PARA TECHO,R,,,,,VERDE,1503.020901,1.00,
1804,1389,22,22,112287620038,VENTILADOR ELECTRICO PARA TECHO,R,,,,,VERDE,1503.020901,1.00,
1805,1388,22,22,112287620037,VENTILADOR ELECTRICO PARA TECHO,R,,,,,VERDE,1503.020901,1.00,
1852,1384,22,22,112287620004,VENTILADOR ELECTRICO PARA TECHO,M,,,,,VERDE,1503.020901,1.00,
2536,3244,32,32,112287620018,VENTILADOR ELECTRICO PARA TECHO,R,,,,,VERDE,1503.020901,1.00,
2537,3243,32,32,112287620017,VENTILADOR ELECTRICO PARA TECHO,M,,,,,VERDE,1503.020901,1.00,
2538,3242,32,32,112287620016,VENTILADOR ELECTRICO PARA TECHO,M,,,,,VERDE,1503.020901,1.00,
3588,4028,35,48,112287620009,VENTILADOR ELECTRICO PARA TECHO,R,,,,,VERDE,1503.020901,1.00,
3898,937,6,6,112287620015,VENTILADOR ELECTRICO PARA TECHO,M,,,,,VERDE,1503.020901,1.00,
3913,936,6,6,112287620014,VENTILADOR ELECTRICO PARA TECHO,M,,,,,VERDE,1503.020901,1.00,
3914,935,6,6,112287620001,VENTILADOR ELECTRICO PARA TECHO,M,,,,,VERDE/CLARO,1503.020901,1.00,
4078,2879,40,70,112287620035,VENTILADOR ELECTRICO PARA TECHO,R,,,,,,1503.020901,1.00,
4079,2878,40,71,112287620034,VENTILADOR ELECTRICO PARA TECHO,R,,,,,,1503.020901,1.00,
4080,2877,40,72,112287620033,VENTILADOR ELECTRICO PARA TECHO,R,,,,,,1503.020901,1.00,
4081,2875,40,73,112287620031,VENTILADOR ELECTRICO PARA TECHO,R,,,,,,1503.020901,1.00,
4082,2876,40,73,112287620032,VENTILADOR ELECTRICO PARA TECHO,R,,,,,,1503.020901,1.00,
4083,2874,40,74,112287620030,VENTILADOR ELECTRICO PARA TECHO,R,,,,,,1503.020901,1.00,
4084,2873,40,75,112287620029,VENTILADOR ELECTRICO PARA TECHO,R,,,,,,1503.020901,1.00,
4086,2871,40,76,112287620027,VENTILADOR ELECTRICO PARA TECHO,R,,,,,,1503.020901,1.00,
4087,2872,40,76,112287620028,VENTILADOR ELECTRICO PARA TECHO,R,,,,,,1503.020901,1.00,
4088,2869,40,8,112287620025,VENTILADOR ELECTRICO PARA TECHO,R,,,,,,1503.020901,1.00,
4089,941,8,8,112287620012,VENTILADOR ELECTRICO PARA TECHO,M,,,,,VERDE,1503.020901,1.00,
4091,2870,40,9,112287620026,VENTILADOR ELECTRICO PARA TECHO,R,,,,,,1503.020901,1.00,
1722,1390,22,22,112291580002,VENTILADOR ELECTRICO TIPO COLUMNA O TORRE,R,,,,,VERDE,1503.020901,1.00,
2946,2881,40,35,112291580001,VENTILADOR ELECTRICO TIPO COLUMNA O TORRE,R,,,,,VERDE,1503.020901,1.00,
1,154,3,,675099500026,VIBRADOR DE CONCRETO,M,,HONDA DYNAMIC,GX160,GCABT-4464226,,1503.020999,2117.00,
459,772,41,,675099500012,VIBRADOR DE CONCRETO,M,,HONDA,,9328452,,1503.020999,2939.00,
460,776,41,,675099500033,VIBRADOR DE CONCRETO,R,,HONDA DYNAMIC,GX160,GCAAH3638607,,1503.020999,2021.00,
461,777,41,,675099500034,VIBRADOR DE CONCRETO,R,,HONDA DYNAMIC,G200,9328224,,1503.020999,2734.00,
462,778,41,,675099500035,VIBRADOR DE CONCRETO,R,,HONDA DYNAMIC,GX160,KMC168FNA16070730288,,1503.020999,2500.00,
463,779,41,,675099500036,VIBRADOR DE CONCRETO,M,,OHV,CAUTION,,,1503.020999,1.00,
464,780,41,,675099500037,VIBRADOR DE CONCRETO,R,,HONDA DYNAMIC,KMC168FBA,1.60707E+12,,1503.020999,1.00,
465,781,41,,675099500038,VIBRADOR DE CONCRETO,R,,OHV,CAUTION,,,1503.020999,1.00,
1381,2882,40,,675099500003,VIBRADOR DE CONCRETO,R,,,,,,1503.020999,1.00,
1382,2883,40,,675099500004,VIBRADOR DE CONCRETO,R,,,,,,1503.020999,1.00,
1383,2884,40,,675099500005,VIBRADOR DE CONCRETO,R,,,,,,1503.020999,1.00,
1384,2885,40,,675099500007,VIBRADOR DE CONCRETO,R,,,,,,1503.020999,1.00,
1385,2886,40,,675099500009,VIBRADOR DE CONCRETO,R,,,,,,1503.020999,1.00,
1386,2887,40,,675099500015,VIBRADOR DE CONCRETO,R,,,,,,1503.020999,1.00,
1387,2888,40,,675099500022,VIBRADOR DE CONCRETO,R,,,,,,1503.020999,1.00,
1388,2889,40,,675099500030,VIBRADOR DE CONCRETO,R,,,,,,1503.020999,1.00,
1389,2890,40,,675099500031,VIBRADOR DE CONCRETO,R,,,,,,1503.020999,1.00,
2171,775,41,3,675099500023,VIBRADOR DE CONCRETO,M,,HONDA,G 200,9373542,,1503.020999,1950.00,
2178,148,3,3,675099500016,VIBRADOR DE CONCRETO,M,,HONDA DYNAMIC,GX160,GCABT3736629-J308,,1503.020999,2939.00,
2179,145,3,3,675099500011,VIBRADOR DE CONCRETO,M,,HONDA,GX160,,,1503.020999,2939.00,
2222,146,3,3,675099500013,VIBRADOR DE CONCRETO,M,,KOHLER,,3925000059,,1503.020999,3900.00,
2226,147,3,3,675099500014,VIBRADOR DE CONCRETO,M,,HONDA,GX160,,,1503.020999,2709.00,
2227,153,3,3,675099500025,VIBRADOR DE CONCRETO,M,,HONDA DYNAMIC,GX160,CGAAH-3304447/445,NEGRO,1503.020999,2500.00,
2232,140,3,3,675099500001,VIBRADOR DE CONCRETO,M,,RODEO,,18350119,NARANJA,1503.020999,1.00,PERTECE 3
2233,155,3,3,675099500027,VIBRADOR DE CONCRETO,M,,KOHLER,,196CC,,1503.020999,1450.00,
2234,152,3,3,675099500024,VIBRADOR DE CONCRETO,M,,HONDA,GX200,9378186,,1503.020999,1950.00,
2235,158,3,3,675099500032,VIBRADOR DE CONCRETO,M,,HONDA,GCABT 3706448,3706448,,1503.020999,2939.00,
2236,150,3,3,675099500019,VIBRADOR DE CONCRETO,M,,HONDA DYNAMIC,GX160,,,1503.020999,2712.00,
2237,151,3,3,675099500021,VIBRADOR DE CONCRETO,M,,HONDA,GX160,2404331,,1503.020999,1890.00,
2238,143,3,3,675099500008,VIBRADOR DE CONCRETO,M,,,,9314460,,1503.020999,2680.00,
2239,144,3,3,675099500010,VIBRADOR DE CONCRETO,M,,HONDA,GX160,9331933,,1503.020999,2939.00,
2240,142,3,3,675099500006,VIBRADOR DE CONCRETO,M,,BRIGGS STRATTON,,407172439,,1503.020999,2550.00,
2241,156,3,3,675099500028,VIBRADOR DE CONCRETO,M,,KOHLER,SH26500011,4224912408,,1503.020999,1450.00,
2243,149,3,3,675099500018,VIBRADOR DE CONCRETO,M,,HONDA DYNAMIC,V38TBG/GX16 00B,3736675,,1503.020999,2712.00,
2244,141,3,3,675099500002,VIBRADOR DE CONCRETO,M,,HONDA DYNAMIC,G200,9328224,,1503.020999,1.00,
2267,157,3,3,675099500029,VIBRADOR DE CONCRETO,M,,KOHLER,GX270,4236201788/196CC,,1503.020999,1650.00,
3755,773,41,57,675099500017,VIBRADOR DE CONCRETO,R,,HONDA,VC-867-09GCBT,36631167,BLANCO,1503.020999,2939.00,
3764,774,41,58,675099500020,VIBRADOR DE CONCRETO,M,,HONDA,GX160,3758138,ROJO/BLANCO,1503.020999,2712.00,
3228,4029,35,35,952299120002,VIDEOGRABADORA,M,,PANASONIC,AG1970,A5TC00054,NEGRO,1503.020303,1.00,BAJA
3782,938,6,6,952299120001,VIDEOGRABADORA,M,,PHILIPS,VHS HQ,149ES268,NEGRO,1503.020303,1.00,
3800,782,41,6,952299120003,VIDEOGRABADORA,M,,,,MR120Q1869,,1503.020303,852.15,
466,783,41,,746498140002,VITRINA DE MADERA,R,0.10X0.39X0.39,,,,AMARILLO,1503.020102,1.00,
499,1511,2,,746498140001,VITRINA DE MADERA,R,0.20X0.80X0.95,,,,AMARILLO,1503.020102,1.00,
2569,3245,32,32,746498820002,VITRINA DE METAL,R,0.50X1.95X1.60,,,,NEGRO,1503.020102,1.00,
2994,4030,35,35,746498820001,VITRINA DE METAL,R,,,ESTANTE,,PLOMO,1503.020102,1.00,ES ESTANTE - RECODIFICAR
467,784,41,,676499500001,YUNQUE,R,,,,,,1503.020102,1.00,
